batch_size,relative_time_s,power_total_W
8,0.0,2619.6600000000003
8,0.1,2206.6905334718545
8,0.2,1649.893434768436
8,0.30000000000000004,1663.805386904949
8,0.4,1669.4713497819694
8,0.5,1663.3840146736088
8,0.6000000000000001,1672.6565178213152
8,0.7000000000000001,1691.697481729736
8,0.8,1689.6165666364047
8,0.9,1680.7968370834228
8,1.0,1661.763411059405
8,1.1,1698.4323504477243
8,1.2000000000000002,1705.7920103241547
8,1.3,1677.6974488935698
8,1.4000000000000001,1689.7812846390295
8,1.5,1700.8769978531263
8,1.6,1707.3780216883144
8,1.7000000000000002,1686.296156302601
8,1.8,1654.703175185804
8,1.9000000000000001,1660.4482643454558
8,2.0,1682.503370768659
8,2.1,1664.8992688717642
8,2.2,1667.2462639580438
8,2.3000000000000003,1653.0204898869601
8,2.4000000000000004,1595.079141771024
8,2.5,1627.8817077566437
8,2.6,1646.3428761209216
8,2.7,1648.8253734489783
8,2.8000000000000003,1667.1157320777554
8,2.9000000000000004,1667.5736439047635
8,3.0,1666.827246676007
8,3.1,1682.1879921782704
8,3.2,1675.330280431188
8,3.3000000000000003,1683.151755625874
8,3.4000000000000004,1660.591569920749
8,3.5,1684.196988982029
8,3.6,1685.2996604593534
8,3.7,1674.386168616817
8,3.8000000000000003,1666.6859016931548
8,3.9000000000000004,1704.5312563487807
8,4.0,1390.03515504818
8,4.1000000000000005,1375.8025536210391
8,4.2,1868.8912557937044
8,4.3,1658.9614829743227
8,4.4,1652.5610184846116
8,4.5,1681.7824632528325
8,4.6000000000000005,1691.6207558351814
8,4.7,1654.2360041292775
8,4.800000000000001,1664.5386006705255
8,4.9,1902.8729459792812
8,5.0,2033.7621305677999
8,5.1000000000000005,1684.7523506789778
8,5.2,1780.8776197271704
8,5.300000000000001,1866.9807604210882
8,5.4,1708.8348133404813
8,5.5,1650.241210051396
8,5.6000000000000005,1670.0932949472085
8,5.7,1675.6816134247379
8,5.800000000000001,1666.8521450567466
8,5.9,1693.451829066102
8,6.0,1686.4929540743142
8,6.1000000000000005,1652.776308158135
8,6.2,1682.87415396735
8,6.300000000000001,1707.1677013939789
8,6.4,1709.5519353247582
8,6.5,1694.4988892407553
8,6.6000000000000005,1668.150251724713
8,6.7,1643.660123342007
8,6.800000000000001,1645.480833787426
8,6.9,1687.7462406708257
8,7.0,1718.2139695402805
8,7.1000000000000005,1722.8646544150479
8,7.2,1705.5506799333757
8,7.300000000000001,1691.435677663851
8,7.4,1685.4417043429773
8,7.5,1687.381274104998
8,7.6000000000000005,1690.6464696728808
8,7.7,1691.6293103920243
8,7.800000000000001,1665.4278489389167
8,7.9,1594.3198455315555
8,8.0,1669.1145690487936
8,8.1,1662.8262963039392
8,8.200000000000001,1665.506491803443
8,8.3,1677.1086830050565
8,8.4,1665.6939679961492
8,8.5,1667.2122153857517
8,8.6,1684.797627812316
8,8.700000000000001,1675.5597590283585
8,8.8,1662.8516100852587
8,8.9,1648.0194131371452
8,9.0,1652.5438824657763
8,9.1,1663.1963165637271
8,9.200000000000001,1668.9610726079588
8,9.3,1662.9264129740036
8,9.4,1680.9637633946593
8,9.5,1679.2201838231965
8,9.600000000000001,1657.9386969131215
8,9.700000000000001,1674.2113010901298
8,9.8,1695.1316554483285
8,9.9,1676.8725156305547
8,10.0,1669.6801459524245
8,10.100000000000001,1682.3772254681055
8,10.200000000000001,1669.5757929925562
8,10.3,1672.6685838616438
8,10.4,1667.339696512268
8,10.5,1687.0816340804354
8,10.600000000000001,1678.8842482385905
8,10.700000000000001,1683.6162644622157
8,10.8,1707.4817454521192
8,10.9,1691.0344938793696
8,11.0,1685.65116303014
8,11.100000000000001,1688.893633888297
8,11.200000000000001,1680.0609605105954
8,11.3,1676.012697175631
8,11.4,1661.2014873257826
8,11.5,1667.399285229886
8,11.600000000000001,1681.7541963971175
8,11.700000000000001,1673.0925661734955
8,11.8,1670.1021050390193
8,11.9,1679.0259666125762
8,12.0,1693.772440441299
8,12.100000000000001,1690.7556649072142
8,12.200000000000001,1630.7185946719517
8,12.3,1576.101698575065
8,12.4,1670.6115122257038
8,12.5,1667.8584545123108
8,12.600000000000001,1667.6167567042048
8,12.700000000000001,1671.7458086765066
8,12.8,1679.844836235569
8,12.9,1678.3412941195813
8,13.0,1666.6136424164872
8,13.100000000000001,1664.9271381103413
8,13.200000000000001,1680.8333842959705
8,13.3,1670.8629507613273
8,13.4,1685.1045394448893
8,13.5,1669.8019416676198
8,13.600000000000001,1654.4567651645125
8,13.700000000000001,1573.4692919364038
8,13.8,1475.4828652636404
8,13.9,1599.9901728865984
8,14.0,1657.61838928391
8,14.100000000000001,1729.89267362557
8,14.200000000000001,1967.2054389419234
8,14.3,1979.0090414878496
8,14.4,1645.187283303389
8,14.5,1661.202767668175
8,14.600000000000001,1664.9631151499407
8,14.700000000000001,1656.9842074953062
8,14.8,1674.0297227787746
8,14.9,1664.895296074287
8,15.0,1690.605493005235
8,15.100000000000001,1752.6424750388996
8,15.200000000000001,1714.0929704090236
8,15.3,1681.9528186952098
8,15.4,1666.5697603526621
8,15.5,1652.2615573601738
8,15.600000000000001,1655.076334106804
8,15.700000000000001,1665.5312376060963
8,15.8,1659.1332837700727
8,15.9,1660.8653478013468
8,16.0,1654.8261883059945
8,16.1,1576.0616714377932
8,16.2,1502.8190597046844
8,16.3,1669.3420120514309
8,16.400000000000002,1657.6377805888958
8,16.5,1670.1576962210515
8,16.6,1673.2456176541234
8,16.7,1675.319962356552
8,16.8,1673.6865329878212
8,16.900000000000002,1655.632231753573
8,17.0,1638.6366953272811
8,17.1,1656.453037107993
8,17.2,1656.1058875191225
8,17.3,1649.2133054703156
8,17.400000000000002,1633.1202670854086
8,17.5,1610.3443198527395
8,17.6,1677.0832924832544
8,17.7,1674.4861644945374
8,17.8,1672.4898211295597
8,17.900000000000002,1674.1267045810127
8,18.0,1665.9877169204376
8,18.1,1662.0868472182772
8,18.2,1656.2334466090024
8,18.3,1649.2358973343532
8,18.400000000000002,1644.2379288884129
8,18.5,1662.6745933309187
8,18.6,1676.6794300451072
8,18.7,1679.5027250088763
8,18.8,1628.1721980241607
8,18.900000000000002,1553.611630580181
8,19.0,1651.1095426231811
8,19.1,1681.0472262020278
8,19.200000000000003,1699.5658805244193
8,19.3,1689.159762277144
8,19.400000000000002,1676.9828038873677
8,19.5,1680.0176530987665
8,19.6,1680.3353621729557
8,19.700000000000003,1676.7368102085945
8,19.8,1670.3536258461907
8,19.900000000000002,1659.3451104911505
8,20.0,1664.9232220580736
8,20.1,1662.6509728748138
8,20.200000000000003,1688.5888810648523
8,20.3,1689.2041693011527
8,20.400000000000002,1623.0919688389213
8,20.5,1584.7615982138177
8,20.6,1681.9507360358186
8,20.700000000000003,1669.2944724719605
8,20.8,1681.882276490646
8,20.900000000000002,1662.932970375489
8,21.0,1665.9306306697008
8,21.1,1683.2719681202104
8,21.200000000000003,1677.4554453356843
8,21.3,1676.0154727025777
8,21.400000000000002,1673.5376749502577
8,21.5,1666.2489759521902
8,21.6,1875.8933150974563
8,21.700000000000003,2255.341978702525
8,21.8,1901.9702405471012
8,21.900000000000002,1715.4030167800897
8,22.0,1689.337716059561
8,22.1,1686.233298159246
8,22.200000000000003,1686.596997197289
8,22.3,1700.8607361106212
8,22.400000000000002,1688.310978188793
8,22.5,1663.6513199511992
8,22.6,1663.677922518569
8,22.700000000000003,1686.656902178642
8,22.8,1673.5948484641394
8,22.900000000000002,1678.169813857786
8,23.0,1677.9322769124092
8,23.1,1668.8631485213205
8,23.200000000000003,1671.588537943491
8,23.3,1685.0751918049507
8,23.400000000000002,1690.5330258052215
8,23.5,1676.8948970891
8,23.6,1675.8897344858406
8,23.700000000000003,1702.3667451828114
8,23.8,1669.491390650638
8,23.900000000000002,1668.0465754194413
8,24.0,1659.4123139179396
8,24.1,1668.5921095592914
8,24.200000000000003,1680.2680705767698
8,24.3,1683.363040814644
8,24.400000000000002,1682.053330765107
8,24.5,1671.8862726427908
8,24.6,1638.6208720220561
8,24.700000000000003,1698.712645919741
8,24.8,1683.0821637754298
8,24.900000000000002,1662.4822784786002
8,25.0,1682.4100987783172
8,25.1,1684.0495505504405
8,25.200000000000003,1694.2709034041357
8,25.3,1688.3154347510515
8,25.400000000000002,1682.1161311166502
8,25.5,1687.993255562201
8,25.6,1681.5970593609636
8,25.700000000000003,1687.5443384615755
8,25.8,1687.1235169524116
8,25.900000000000002,1657.4915448074057
8,26.0,1658.2412271557519
8,26.1,1675.7547153543899
8,26.200000000000003,1666.542146683061
8,26.3,1669.1547322372182
8,26.400000000000002,1670.7617874337573
8,26.5,1693.9743171148416
8,26.6,1685.0745131836109
8,26.700000000000003,1678.678010161486
8,26.8,1665.3522864919091
8,26.900000000000002,1671.4406594863017
8,27.0,1651.8940563865747
8,27.1,1654.457119732978
8,27.200000000000003,1949.4140261364678
8,27.3,2512.302392055581
8,27.400000000000002,1829.065174771723
8,27.5,1698.8913103029233
8,27.6,1669.5733615059455
8,27.700000000000003,1690.150141494032
8,27.8,1704.255672261923
8,27.900000000000002,1691.172129536232
8,28.0,1698.9137566278268
8,28.1,1715.9208756033395
8,28.200000000000003,1693.4324867413607
8,28.3,1708.197199815092
8,28.400000000000002,1748.126866814719
8,28.5,1680.0186551098022
8,28.6,1698.4254945015666
8,28.700000000000003,1684.4189292916963
8,28.8,1666.8518721821638
8,28.900000000000002,1666.1520797906921
8,29.0,1682.4746414531453
8,29.1,1676.2447200168706
8,29.200000000000003,1673.2567548369418
8,29.3,1678.2946038744913
8,29.400000000000002,1686.3496090137926
8,29.5,1706.100853142804
8,29.6,1882.336980910954
8,29.700000000000003,2285.4271770915348
8,29.8,1758.6119028981805
8,29.900000000000002,1678.9279294639343
8,30.0,1664.5568592465509
8,30.1,1662.4767679414015
8,30.200000000000003,1666.3767264174464
8,30.3,1692.340388804697
8,30.400000000000002,1704.1661902194573
8,30.5,1690.0171253976384
8,30.6,1713.5007424306898
8,30.700000000000003,1681.4677046800955
8,30.8,1702.1250862691368
8,30.900000000000002,1683.9907520348077
8,31.0,1679.992012700425
8,31.1,1717.1737906555145
8,31.200000000000003,1695.7751874816825
8,31.3,1692.063170014225
8,31.400000000000002,1677.491753504676
8,31.5,1695.2864695692372
8,31.6,1689.3603733259629
8,31.700000000000003,1693.4440201429682
8,31.8,1660.167220317247
8,31.900000000000002,1668.6354073810023
8,32.0,1669.6604738241601
8,32.1,1680.7245183884324
8,32.2,1671.7845401009372
8,32.300000000000004,1661.4745845116395
8,32.4,1655.5976385159202
8,32.5,1666.7304400674814
8,32.6,1653.845882120042
8,32.7,1669.0782850608455
8,32.800000000000004,1669.148173386233
8,32.9,1683.256750553889
8,33.0,1672.325745185503
8,33.1,1664.5973142918417
8,33.2,1678.617689684753
8,33.300000000000004,1683.2755898001521
8,33.4,1660.2678334009245
8,33.5,1683.8305202826996
8,33.6,1664.8867042930108
8,33.7,1667.3877725739599
8,33.800000000000004,1673.6233539680807
8,33.9,1698.128451327471
8,34.0,1720.3880655300593
8,34.1,1685.6118895235736
8,34.2,1696.5386748923552
8,34.300000000000004,1691.6206801477347
8,34.4,1707.7714539562041
8,34.5,1691.6897984692662
8,34.6,1688.7707622220423
8,34.7,1698.3669266543236
8,34.800000000000004,1697.9237876561333
8,34.9,1695.3120482963463
8,35.0,1674.247656681476
8,35.1,1666.7441060095414
8,35.2,1696.9035204659829
8,35.300000000000004,1692.213396565421
8,35.4,1685.8084477859613
8,35.5,1693.5345316594744
8,35.6,1688.0412600488473
8,35.7,1688.7388942412167
8,35.800000000000004,1678.987993934801
8,35.9,1675.642710416115
8,36.0,1704.7704030467087
8,36.1,1694.305487361378
8,36.2,1694.118732337929
8,36.300000000000004,1686.8156942902217
8,36.4,1694.1137241814306
8,36.5,1688.5108292205193
8,36.6,1652.7747978964223
8,36.7,1658.9180261605557
8,36.800000000000004,1757.808890649245
8,36.9,1953.0613770834675
8,37.0,1679.0460217791206
8,37.1,1705.7326705256078
8,37.2,1674.2896713370703
8,37.300000000000004,1689.8755794953668
8,37.4,1700.3965387581488
8,37.5,1721.2847480013818
8,37.6,1677.9780953887796
8,37.7,1673.8949685817838
8,37.800000000000004,1674.518240429964
8,37.9,1689.2972346367571
8,38.0,1686.9508985214397
8,38.1,1749.003983806056
8,38.2,1889.245851818847
8,38.300000000000004,1900.8949389820455
8,38.400000000000006,1735.0572035981224
8,38.5,1880.5192009826933
8,38.6,1673.8839774576886
8,38.7,1802.004246864225
8,38.800000000000004,1930.3818970600557
8,38.900000000000006,1670.7515114275575
8,39.0,1791.19324737414
8,39.1,1822.890023550266
8,39.2,1670.314381679672
8,39.300000000000004,1642.682996285654
8,39.400000000000006,1717.1260728577806
8,39.5,1879.0130605341417
8,39.6,1679.9349438458878
8,39.7,1704.047123917712
8,39.800000000000004,1846.0668958266524
8,39.900000000000006,1681.0586472651798
8,40.0,1673.0803881307588
8,40.1,1672.5113223184378
8,40.2,1798.7329652290073
8,40.300000000000004,2087.943988938201
8,40.400000000000006,1799.1803685357697
8,40.5,1644.5585880265833
8,40.6,1666.8844313611303
8,40.7,1679.7560906066815
8,40.800000000000004,1677.7228574653598
8,40.900000000000006,1686.0590352669528
8,41.0,1684.2875034861222
8,41.1,1686.5163474411859
8,41.2,1699.5522984809459
8,41.300000000000004,1700.4952348445202
8,41.400000000000006,1732.6990962980053
8,41.5,1893.7834591528422
8,41.6,1691.6221407431585
8,41.7,1676.8888934800227
8,41.800000000000004,1693.6223790642987
8,41.900000000000006,1698.0942810805652
8,42.0,1684.020418993495
8,42.1,1671.5334572314994
8,42.2,1668.5289486331922
8,42.300000000000004,1660.8604099573956
8,42.400000000000006,1677.6586945857207
8,42.5,1708.1076745657301
8,42.6,1776.540761002121
8,42.7,1660.3614278198213
8,42.800000000000004,1667.7218196683582
8,42.900000000000006,1678.359211912835
8,43.0,1730.6041016672505
8,43.1,1918.2952277119673
8,43.2,1675.8660830460865
8,43.300000000000004,1689.8212370412546
8,43.400000000000006,1671.4916874662827
8,43.5,1667.2001185651513
8,43.6,1661.6929363696797
8,43.7,1655.109728171488
8,43.800000000000004,1666.8375555606387
8,43.900000000000006,1666.156726755134
8,44.0,1725.2581829933447
8,44.1,1887.4654347711262
8,44.2,1682.6362895768843
8,44.300000000000004,1670.4094766884618
8,44.400000000000006,1681.2384601934905
8,44.5,1688.4770714004876
8,44.6,1679.9928795336268
8,44.7,1674.8997849082955
8,44.800000000000004,1684.5842859060047
8,44.900000000000006,1675.7505745308717
8,45.0,1678.3702169661153
8,45.1,1664.0109490109828
8,45.2,1679.440122061379
8,45.300000000000004,1701.0256836669325
8,45.400000000000006,1676.8287174185302
8,45.5,1667.8420463218895
8,45.6,1678.615194490857
8,45.7,1680.2534112186318
8,45.800000000000004,1696.1668268802762
8,45.900000000000006,1834.7363941338251
8,46.0,1663.0445768931993
8,46.1,1664.4713994719536
8,46.2,1672.2122384324489
8,46.300000000000004,1670.5226189446792
8,46.400000000000006,1663.5934387527077
8,46.5,1670.8097278179687
8,46.6,1692.1518137857245
8,46.7,1677.8703792991553
8,46.800000000000004,1719.1064947051366
8,46.900000000000006,1689.9321785903883
8,47.0,1675.4679418330072
8,47.1,1689.8724119199558
8,47.2,1698.2627636342831
8,47.300000000000004,1673.1910840113997
8,47.400000000000006,1676.6865340828283
8,47.5,1671.1073972163047
8,47.6,1691.4775805927684
8,47.7,1690.0854166144024
8,47.800000000000004,1697.0734770418167
8,47.900000000000006,1691.6115732174935
8,48.0,1684.8243758086846
8,48.1,1683.284153839042
8,48.2,1685.4995437219266
8,48.300000000000004,1686.38368275862
8,48.400000000000006,1672.1967824705705
8,48.5,1664.5518114731244
8,48.6,1676.0743207848216
8,48.7,1643.365361714996
8,48.800000000000004,1665.5978351780595
8,48.900000000000006,1679.8538800979825
8,49.0,1674.630161381177
8,49.1,1661.2661280237141
8,49.2,1668.7601045695537
8,49.300000000000004,1669.8699360745159
8,49.400000000000006,1683.5889452779559
8,49.5,1679.8349609071931
8,49.6,1696.9004713994325
8,49.7,1675.6455708882083
8,49.800000000000004,1673.1720078670598
8,49.900000000000006,1693.2924095113267
8,50.0,1673.8370120093216
8,50.1,1671.021203072876
8,50.2,1674.31414823017
8,50.300000000000004,1683.013668365283
8,50.400000000000006,1690.0094027240593
8,50.5,1700.8845588528238
8,50.6,1667.5823790470201
8,50.7,1680.7636951804984
8,50.800000000000004,1663.5242348604968
8,50.900000000000006,1674.7017144984015
8,51.0,1695.0266106812749
8,51.1,1673.094582014354
8,51.2,1685.1264775497982
8,51.300000000000004,1775.246504627258
8,51.400000000000006,1691.1826662482388
8,51.5,1673.9185998284368
8,51.6,1660.9018269710634
8,51.7,1683.181732303623
8,51.800000000000004,1673.4391495204577
8,51.900000000000006,1672.011968201758
8,52.0,1670.1073791407534
8,52.1,1666.0253126305204
8,52.2,1669.6887890446214
8,52.300000000000004,1675.7858348150567
8,52.400000000000006,1676.3819699757908
8,52.5,1679.7320962741799
8,52.6,1672.9916577030303
8,52.7,1669.885770880384
8,52.800000000000004,1660.6911615276845
8,52.900000000000006,1671.5038784117119
8,53.0,1667.0653801819492
8,53.1,1664.0899145747849
8,53.2,1659.425771612393
8,53.300000000000004,1661.0621018855252
8,53.400000000000006,1666.5323862715595
8,53.5,1637.7666970715086
8,53.6,1676.621100517078
8,53.7,1676.961084359466
8,53.800000000000004,1656.4780169468927
8,53.900000000000006,1693.4994811375734
8,54.0,1681.608426821393
8,54.1,1673.2896181268393
8,54.2,1675.2242630982485
8,54.300000000000004,1699.0160634285144
8,54.400000000000006,1726.7014885110727
8,54.5,1703.759068218048
8,54.6,1715.19453239989
8,54.7,1700.6018832696323
8,54.800000000000004,1708.419307443248
8,54.900000000000006,1730.9900406635788
8,55.0,1713.5954273470059
8,55.1,1728.642880406608
8,55.2,1707.187850810512
8,55.300000000000004,1706.8262993647363
8,55.400000000000006,1713.4786152544023
8,55.5,1708.057734174953
8,55.6,1731.0557447950644
8,55.7,1712.2281186451096
8,55.800000000000004,1707.7373369948534
8,55.900000000000006,1712.5906080975592
8,56.0,1707.7456036557035
8,56.1,1724.4150428082266
8,56.2,1720.2868649694647
8,56.300000000000004,1729.911826314774
8,56.400000000000006,1733.6569619920642
8,56.5,1717.2148325029132
8,56.6,1694.6220836922257
8,56.7,1698.4618928783673
8,56.800000000000004,1700.0956694142683
8,56.900000000000006,1709.2969773182615
8,57.0,1718.7611160488766
8,57.1,1726.4691227381902
8,57.2,1720.1108005776036
8,57.300000000000004,1727.4599234108148
8,57.400000000000006,1711.0278221471372
8,57.5,1727.8304769256429
8,57.6,1724.2749659873184
8,57.7,1738.627076472246
8,57.800000000000004,1846.4356036543188
8,57.900000000000006,1698.3426845919064
8,58.0,1723.1975038649232
8,58.1,1708.2640573586743
8,58.2,1723.1598231351197
8,58.300000000000004,1719.5730032911958
8,58.400000000000006,1704.8436725487768
8,58.5,1710.3644108618935
8,58.6,1727.0293087197913
8,58.7,1711.3493675973982
8,58.800000000000004,1719.5935221037175
8,58.900000000000006,1704.6297080356176
8,59.0,1687.4389547360795
8,59.1,1699.5328188178216
8,59.2,1704.6274973561087
8,59.300000000000004,1709.7486268499556
8,59.400000000000006,1716.3881984525876
8,59.5,1736.028415878553
8,59.6,1725.4190182322036
8,59.7,1734.032825168999
8,59.800000000000004,1705.0043166850544
8,59.900000000000006,1709.804537880928
8,60.0,1696.9109835155407
8,60.1,1710.8620804626516
8,60.2,1721.3875887694312
8,60.300000000000004,1697.361524704773
8,60.400000000000006,1714.0595138608896
8,60.5,1700.5488643387673
8,60.6,1723.7131996706928
8,60.7,1713.5872343760725
8,60.800000000000004,1724.0788717892995
8,60.900000000000006,1718.921801218101
8,61.0,1744.9532896379674
8,61.1,1878.197708861907
8,61.2,2306.1541912570065
8,61.300000000000004,1762.8753834518768
8,61.400000000000006,1736.2813375641274
8,61.5,1726.5704011933242
8,61.6,1706.7066386778245
8,61.7,1697.5979447130967
8,61.800000000000004,1736.5222528415172
8,61.900000000000006,1711.2714167503043
8,62.0,1720.4647018919627
8,62.1,1732.8582450813494
8,62.2,1728.9262760199053
8,62.300000000000004,2150.9080745199694
8,62.400000000000006,1714.2279831909184
8,62.5,1652.1783907167367
8,62.6,1718.2635550756063
8,62.7,1718.4567411434484
8,62.800000000000004,1728.8015473428115
8,62.900000000000006,1714.830458134527
8,63.0,1739.4578674746165
8,63.1,1721.5275992146173
8,63.2,1732.820665606793
8,63.300000000000004,1707.1843293855268
8,63.400000000000006,1730.1134490572513
8,63.5,1730.6348981855008
8,63.6,1721.5968138278101
8,63.7,1718.3433251105603
8,63.800000000000004,1712.2678466203465
8,63.900000000000006,1709.7277730755086
8,64.0,1661.8068068830598
8,64.10000000000001,1731.5630045526138
8,64.2,1732.504846544966
8,64.3,1737.4328757954488
8,64.4,1725.2360911988412
8,64.5,1725.3088312916548
8,64.60000000000001,1701.9729811264206
8,64.7,1712.4373332785283
8,64.8,1708.8739302498357
8,64.9,1768.225195261084
8,65.0,2482.5680831587906
8,65.10000000000001,1729.9491884531983
8,65.2,1726.1331692411063
8,65.3,1695.9826605999513
8,65.4,1716.9179052076013
8,65.5,1718.3712458366792
8,65.60000000000001,1736.3135281496461
8,65.7,1832.5949215626513
8,65.8,2258.9467579784214
8,65.9,1799.3122249672338
8,66.0,1745.3315735138883
8,66.10000000000001,1763.7761215571138
8,66.2,2546.0132024619097
8,66.3,1725.0083763619593
8,66.4,1738.6305612747028
8,66.5,1724.9500635564746
8,66.60000000000001,1743.6660109018487
8,66.7,1760.3733006078567
8,66.8,1741.086871374141
8,66.9,1756.7599340202046
8,67.0,1751.781447926322
8,67.10000000000001,2094.508147863441
8,67.2,2036.0636497707624
8,67.3,1742.0125985207535
8,67.4,1736.6055284223723
8,67.5,1745.868449234164
8,67.60000000000001,1730.8381070011806
8,67.7,1717.5990399694058
8,67.8,1748.970743141445
8,67.9,1781.7198522343783
8,68.0,1873.1372413165361
8,68.10000000000001,2534.8528538666687
8,68.2,1752.1041684948818
8,68.3,1737.5200518417385
8,68.4,1723.7712298590334
8,68.5,1732.6007460695682
8,68.60000000000001,1721.115278259773
8,68.7,1741.2585982848304
8,68.8,1742.5558664979615
8,68.9,1743.6130136860563
8,69.0,1737.6981455708267
8,69.10000000000001,1741.9002759627683
8,69.2,1712.4543875943577
8,69.3,1723.2635627331563
8,69.4,1712.1300338855106
8,69.5,1714.1356118833965
8,69.60000000000001,1724.2853309816473
8,69.7,1696.9649589519493
8,69.8,1715.2925767319396
8,69.9,1711.322207689358
8,70.0,1732.4467530446177
8,70.10000000000001,1721.2265856182928
8,70.2,1724.4255388495335
8,70.3,1740.7601657831974
8,70.4,1722.373118204889
8,70.5,1736.0156610893216
8,70.60000000000001,1748.8139833232374
8,70.7,2569.1318832622965
8,70.8,2959.6142066580273
8,70.9,2860.288402652045
8,71.0,2189.301021216468
8,71.10000000000001,1688.4580900844978
8,71.2,1711.3308303899237
8,71.3,1715.1290465524341
8,71.4,1739.4257966640682
8,71.5,1717.9783942741406
8,71.60000000000001,1726.6695272756292
8,71.7,1719.6318549276582
8,71.8,1728.612341781201
8,71.9,1718.9961922143598
8,72.0,1736.4049417836616
8,72.10000000000001,1737.1993306332852
8,72.2,2009.3755315989717
8,72.3,2731.059395230589
8,72.4,1758.1749419025393
8,72.5,1743.8824931982758
8,72.60000000000001,1727.224434197809
8,72.7,1718.6203820488815
8,72.8,1736.560033025556
8,72.9,1714.0706870434847
8,73.0,1728.8406440490571
8,73.10000000000001,1743.1678787302244
8,73.2,1698.856423930843
8,73.3,1738.363078316896
8,73.4,1744.7082571573628
8,73.5,1827.3893854039088
8,73.60000000000001,1970.4693005897334
8,73.7,1740.3120992691963
8,73.8,1731.002670627846
8,73.9,1722.9785378679974
8,74.0,1737.7904409591413
8,74.10000000000001,1743.3432412298164
8,74.2,1728.4846518131087
8,74.3,1742.8782417454584
8,74.4,1739.5291708748734
8,74.5,1741.1349967522178
8,74.60000000000001,1738.2534494188287
8,74.7,2796.101995226699
8,74.8,2146.8994604538966
8,74.9,1713.8924752076957
8,75.0,2097.508601871466
8,75.10000000000001,1701.0813884437157
8,75.2,1697.3756901586726
8,75.3,1725.3174615249336
8,75.4,1538.6574776905554
8,75.5,1697.7436595070901
8,75.60000000000001,1721.2579834902451
8,75.7,1714.5137050247697
8,75.8,1713.0692335523165
8,75.9,1730.9459838181372
8,76.0,1719.8946366103746
8,76.10000000000001,1734.3567121449803
8,76.2,2244.0665684173046
8,76.3,1693.2203120893262
8,76.4,1724.366295713675
8,76.5,1733.6804369258705
8,76.60000000000001,1707.2846258573666
8,76.7,1715.1205550798268
8,76.80000000000001,1723.374536775486
8,76.9,1713.5278531204945
8,77.0,1713.3002986801314
8,77.10000000000001,1734.110346055728
8,77.2,1722.955927355262
8,77.30000000000001,1738.8469530214952
8,77.4,1724.9120887902372
8,77.5,1751.9813233291793
8,77.60000000000001,1715.9911073483265
8,77.7,1726.9688337022858
8,77.80000000000001,1715.2112904637072
8,77.9,1731.7225605650326
8,78.0,1723.5503400078665
8,78.10000000000001,1744.4333475931437
8,78.2,1714.1746309025261
8,78.30000000000001,1723.9674517136625
8,78.4,1743.9950285061382
8,78.5,1725.964136554051
8,78.60000000000001,1738.525381276094
8,78.7,1728.802499712145
8,78.80000000000001,1744.7787030653406
8,78.9,1725.8581369022277
8,79.0,1741.666129390459
8,79.10000000000001,1754.6945366984796
8,79.2,1765.6605367594814
8,79.30000000000001,1753.0851381836537
8,79.4,1758.2455871752716
8,79.5,1754.4867494858897
8,79.60000000000001,1757.9953850458473
8,79.7,1745.675787192336
8,79.80000000000001,1733.5977300757274
8,79.9,1757.339601467775
8,80.0,1685.2784572570959
8,80.10000000000001,1461.3964637377683
8,80.2,1709.038938067377
8,80.30000000000001,1725.6212271402608
8,80.4,1728.4081555508428
8,80.5,1718.7024211139603
8,80.60000000000001,1731.0821943735416
8,80.7,1717.2366229045283
8,80.80000000000001,1737.4213000838806
8,80.9,1723.4811171918964
8,81.0,1718.502251635272
8,81.10000000000001,1717.4297068786473
8,81.2,1727.7226653489179
8,81.30000000000001,1734.2602133795624
8,81.4,1739.5336820770299
8,81.5,1727.7877876469956
8,81.60000000000001,1717.9105470965428
8,81.7,1739.5388072039962
8,81.80000000000001,1720.8696971840163
8,81.9,1738.0571490767516
8,82.0,1733.3122410653436
8,82.10000000000001,1721.3155938965012
8,82.2,1768.0217618546544
8,82.30000000000001,2873.2654729181972
8,82.4,2939.7592469536717
8,82.5,2699.1908832068434
8,82.60000000000001,2415.9462121258666
8,82.7,1745.88787301372
8,82.80000000000001,1718.5460917589648
8,82.9,1740.5621655204966
8,83.0,1750.4110863993367
8,83.10000000000001,1733.2168533790834
8,83.2,1746.2378049202125
8,83.30000000000001,2593.738596512147
8,83.4,1762.8056354537719
8,83.5,1731.7798763975065
8,83.60000000000001,1733.6186746819549
8,83.7,1735.9439494011963
8,83.80000000000001,1746.6052068282233
8,83.9,1746.8708849221648
8,84.0,1748.121983546792
8,84.10000000000001,1716.7476512805333
8,84.2,1742.6193451530971
8,84.30000000000001,1738.818046891128
8,84.4,1749.6134073848857
8,84.5,1710.5924959181825
8,84.60000000000001,1741.9619253371743
8,84.7,1749.6799067589302
8,84.80000000000001,1732.0988664669826
8,84.9,1831.7625036890952
8,85.0,2754.805802992358
8,85.10000000000001,2309.1371111531626
8,85.2,1777.1890845560094
8,85.30000000000001,2393.9401746614963
8,85.4,2752.0758527382486
8,85.5,2059.870349371408
8,85.60000000000001,1735.4886216970226
8,85.7,1738.7475153707865
8,85.80000000000001,1761.4275863962025
8,85.9,1746.858864925285
8,86.0,1951.3207312007055
8,86.10000000000001,1763.9282699179407
8,86.2,1766.7417351126726
8,86.30000000000001,1752.6419130669317
8,86.4,1762.1990711425651
8,86.5,1755.6112434555723
8,86.60000000000001,1742.6325349855827
8,86.7,1760.5607102426454
8,86.80000000000001,1760.2738711419502
8,86.9,1749.7521749258333
8,87.0,1747.4972847461827
8,87.10000000000001,1741.9073559952533
8,87.2,1745.5950031243299
8,87.30000000000001,1739.2321103939946
8,87.4,1749.5677966799074
8,87.5,1743.9138818532524
8,87.60000000000001,1744.9641410358568
8,87.7,1759.210538496437
8,87.80000000000001,1765.9182181374983
8,87.9,1762.4701882279774
8,88.0,1693.1294433494015
8,88.10000000000001,1728.4436437174784
8,88.2,1727.3205008225432
8,88.30000000000001,1745.709811980673
8,88.4,1758.0967935359665
8,88.5,1770.0053255764635
8,88.60000000000001,1765.6861783494367
8,88.7,1764.539952369084
8,88.80000000000001,1763.5657103877504
8,88.9,1792.2342375974874
8,89.0,1910.731348923212
8,89.10000000000001,1746.6470880852312
8,89.2,1738.5205289513192
8,89.30000000000001,1755.9317167161512
8,89.4,1759.7598941375213
8,89.5,1765.5364150209684
8,89.60000000000001,1748.5860754403338
8,89.7,1734.86311381841
8,89.80000000000001,1672.0587704833426
8,89.9,1724.9593183465377
8,90.0,1747.476950318699
8,90.10000000000001,1742.539183941974
8,90.2,1741.1221270471394
8,90.30000000000001,1729.5157110595353
8,90.4,1978.5109702956722
8,90.5,1749.83257389135
8,90.60000000000001,1868.6784857366292
8,90.7,1751.8690766854154
8,90.80000000000001,1847.6654513222304
8,90.9,1732.7296895104719
8,91.0,1743.0212644308094
8,91.10000000000001,1737.8701075458202
8,91.2,1722.2609326577242
8,91.30000000000001,1738.5776627607709
8,91.4,1729.568955409198
8,91.5,1717.584915591626
8,91.60000000000001,2120.557909378009
8,91.7,1778.382189675258
8,91.80000000000001,1721.4271000412202
8,91.9,1728.501002159762
8,92.0,1729.9126438655812
8,92.10000000000001,1744.221244927731
8,92.2,1749.649200627624
8,92.30000000000001,1731.882137364714
8,92.4,1743.2462758336735
8,92.5,1743.536806821404
8,92.60000000000001,1726.3384228933187
8,92.7,1735.2455731944615
8,92.80000000000001,1742.330558997785
8,92.9,1735.476751852284
8,93.0,1763.2554110000979
8,93.10000000000001,1701.2019837514354
8,93.2,1713.9631463624564
8,93.30000000000001,1714.7936121128791
8,93.4,1722.8273721970706
8,93.5,1722.8750924184026
8,93.60000000000001,1721.838178575896
8,93.7,1711.3081163669112
8,93.80000000000001,1719.8638085585694
8,93.9,1721.6672989529868
8,94.0,1744.4275533622927
8,94.10000000000001,1715.3630436430672
8,94.2,1726.499560556823
8,94.30000000000001,1723.4748241594739
8,94.4,1734.5742848194443
8,94.5,1719.7800898355406
8,94.60000000000001,1720.5267285598895
8,94.7,1716.1051420896874
8,94.80000000000001,1703.8167498041387
8,94.9,1738.9381131874625
8,95.0,1731.3422109128342
8,95.10000000000001,1744.020635123596
8,95.2,1735.8521199200327
8,95.30000000000001,1714.696006160911
8,95.4,1723.6677772089774
8,95.5,1740.7541732209916
8,95.60000000000001,1733.1814060050076
8,95.7,1731.8710750462847
8,95.80000000000001,1720.6162382706768
8,95.9,1791.0488348817585
8,96.0,2312.2402399456714
8,96.10000000000001,1815.784436172566
8,96.2,1806.39618464739
8,96.30000000000001,1756.4096192919549
8,96.4,1974.6260314292192
8,96.5,1757.9388696067615
8,96.60000000000001,1733.5937080871274
8,96.7,1721.4652155581605
8,96.80000000000001,1734.750275924304
8,96.9,1727.3714139576327
8,97.0,1731.568185809394
8,97.10000000000001,1786.482847834142
8,97.2,1754.5159136733937
8,97.30000000000001,1758.1693043672421
8,97.4,1771.934581571668
8,97.5,1766.7614336257038
8,97.60000000000001,1734.1896960338138
8,97.7,1759.3804117654638
8,97.80000000000001,1765.624714343651
8,97.9,1746.3800727357198
8,98.0,1753.827996959523
8,98.10000000000001,1750.4816642422447
8,98.2,1746.8080185456563
8,98.30000000000001,1763.5472389429813
8,98.4,1765.247649555004
8,98.5,1748.811317381949
8,98.60000000000001,1760.40948043539
8,98.7,1763.9459506649355
8,98.80000000000001,1753.0377067352908
8,98.9,1771.2509755917758
8,99.0,1742.6242691530529
8,99.10000000000001,1749.3138276678646
8,99.2,1754.5856465769223
8,99.30000000000001,1739.6580700506095
8,99.4,1758.084011791619
8,99.5,1768.598629734386
8,99.60000000000001,1750.2333226792462
8,99.7,1761.1611781095578
8,99.80000000000001,1752.0129106818356
8,99.9,1755.4525767890163
8,100.0,1767.3844033845317
8,100.10000000000001,1749.1094438183993
8,100.2,2012.2921464522215
8,100.30000000000001,1779.5799074844151
8,100.4,1697.7435227263175
8,100.5,1727.0284486364774
8,100.60000000000001,1723.3882370760964
8,100.7,1735.4028199447189
8,100.80000000000001,1755.1761812034183
8,100.9,1740.5935325795726
8,101.0,1728.0710963392926
8,101.10000000000001,1714.7548896178184
8,101.2,2271.677808753024
8,101.30000000000001,1843.3145501308652
8,101.4,1702.643807479171
8,101.5,1717.3875213380927
8,101.60000000000001,1727.3182573338233
8,101.7,1745.1762719800608
8,101.80000000000001,1749.3883505005087
8,101.9,1750.750562592304
8,102.0,1731.4250035289379
8,102.10000000000001,1741.659775619649
8,102.2,1700.5425015807568
8,102.30000000000001,1712.3435581533136
8,102.4,1703.197178088654
8,102.5,1730.548711827332
8,102.60000000000001,1727.5187282545544
8,102.7,1737.876634702422
8,102.80000000000001,1732.5764400705305
8,102.9,1733.6974642879952
8,103.0,1741.7157236638309
8,103.10000000000001,1726.3617524621475
8,103.2,1728.2675725961988
8,103.30000000000001,1723.105491606283
8,103.4,1705.8104343679252
8,103.5,1719.2847557633884
8,103.60000000000001,1717.4970525544518
8,103.7,1722.9343527770434
8,103.80000000000001,1731.470423025235
8,103.9,1722.5405702124508
8,104.0,1718.4347645477746
8,104.10000000000001,1732.078558757808
8,104.2,1748.7646537690423
8,104.30000000000001,1756.322400377442
8,104.4,1730.5630643696218
8,104.5,1717.4132481104111
8,104.60000000000001,1735.9951086859157
8,104.7,1726.3623750076842
8,104.80000000000001,1737.9497296067386
8,104.9,1801.1453334010093
8,105.0,2163.1338097713938
8,105.10000000000001,1803.6898212908175
8,105.2,1729.1247156962177
8,105.30000000000001,1722.535445935943
8,105.4,1732.815453946711
8,105.5,1722.3268359723304
8,105.60000000000001,1745.8853260157534
8,105.7,1734.9489094218952
8,105.80000000000001,1745.770887032609
8,105.9,1737.3887586906942
8,106.0,2459.7989010315273
8,106.10000000000001,1894.5294878436491
8,106.2,1734.0199410445448
8,106.30000000000001,1720.937394690112
8,106.4,1750.5127154116897
8,106.5,1720.4509789169185
8,106.60000000000001,1734.7991142697856
8,106.7,2183.468584294267
8,106.80000000000001,1857.0549398397181
8,106.9,1722.6107696773845
8,107.0,1726.0614203426057
8,107.10000000000001,1741.0355091846864
8,107.2,1734.993889676223
8,107.30000000000001,1757.3098830035585
8,107.4,1731.070335275165
8,107.5,1735.7053065670648
8,107.60000000000001,1712.7550330892507
8,107.7,1729.4860793453895
8,107.80000000000001,1719.0591931828342
8,107.9,1728.6868695757234
8,108.0,1712.927126428784
8,108.10000000000001,1737.0490065946456
8,108.2,1722.804189945933
8,108.30000000000001,1736.0648654152187
8,108.4,1731.715624716209
8,108.5,1738.6417015397665
8,108.60000000000001,1733.9482044158078
8,108.7,1741.6024451990006
8,108.80000000000001,1732.011219412977
8,108.9,1736.8406094129537
8,109.0,1709.2082714353453
8,109.10000000000001,1727.5977060704868
8,109.2,1707.7803143999533
8,109.30000000000001,1721.1996330249199
8,109.4,1713.7568208560385
8,109.5,1710.742448750697
8,109.60000000000001,1704.0448450153563
8,109.7,1710.1864928272219
8,109.80000000000001,1721.694206866448
8,109.9,1733.6391412407363
8,110.0,1730.4989439002482
8,110.10000000000001,1741.6829342270187
8,110.2,1731.7319919117783
8,110.30000000000001,1737.533492167839
8,110.4,1743.9866753068507
8,110.5,1732.0355683656207
8,110.60000000000001,1737.2398367118203
8,110.7,1729.7948519547358
8,110.80000000000001,1745.446624501343
8,110.9,1740.0025728758305
8,111.0,1736.5865052386523
8,111.10000000000001,1726.504917606101
8,111.2,1717.0285904492305
8,111.30000000000001,1747.1038271967868
8,111.4,1777.6662615569394
8,111.5,1745.5741352191142
8,111.60000000000001,1744.0587366616876
8,111.7,1740.3486813343975
8,111.80000000000001,1726.5803161317976
8,111.9,1706.8900904459952
8,112.0,1717.212474611004
8,112.10000000000001,1718.9758984947732
8,112.2,1722.0096351558852
8,112.30000000000001,1731.591796639734
8,112.4,1742.5255767759838
8,112.5,1737.6834705932815
8,112.60000000000001,1764.5586714236388
8,112.7,1753.743317396805
8,112.80000000000001,1739.911104294056
8,112.9,1742.699389207209
8,113.0,1731.3676421084235
8,113.10000000000001,1745.7750042505147
8,113.2,1732.3035348861472
8,113.30000000000001,1732.6046223957994
8,113.4,2508.958843964705
8,113.5,2263.3425684006606
8,113.60000000000001,1809.008218049037
8,113.7,1905.596709473947
8,113.80000000000001,1769.8334809053547
8,113.9,1718.6805521208385
8,114.0,1741.7528836842457
8,114.10000000000001,1732.5731458222813
8,114.2,1743.3590311976673
8,114.30000000000001,1742.135997697232
8,114.4,1729.1491680051843
8,114.5,1740.7721889632066
8,114.60000000000001,1740.779731395606
8,114.7,1744.1250585132568
8,114.80000000000001,1728.3222021378779
8,114.9,1720.4990369730356
8,115.0,1728.797623334104
8,115.10000000000001,1738.578990157982
8,115.2,1723.8024741710108
8,115.30000000000001,1719.8101565830298
8,115.4,2121.8788249259833
8,115.5,1822.7294673670615
8,115.60000000000001,1699.059484503465
8,115.7,1713.9421036550411
8,115.80000000000001,1698.890081803427
8,115.9,1718.555970832521
8,116.0,1710.2532978218444
8,116.10000000000001,1722.1273167128163
8,116.2,1725.0581586693322
8,116.30000000000001,1732.0690339465925
8,116.4,1733.2452165773502
8,116.5,1735.6117724732821
8,116.60000000000001,1725.2379902132147
8,116.7,1746.188644123822
8,116.80000000000001,1736.835051942609
8,116.9,1743.8864149022925
8,117.0,1731.4234561211629
8,117.10000000000001,1731.0269085034297
8,117.2,1729.1877752787354
8,117.30000000000001,1721.25629874638
8,117.4,1695.804427239496
8,117.5,1706.6357315329099
8,117.60000000000001,1706.101805781277
8,117.7,1711.8364378943759
8,117.80000000000001,1722.2125970893567
8,117.9,1721.2229679325937
8,118.0,1721.5347217334117
8,118.10000000000001,1723.490107048761
8,118.2,1729.7563041647406
8,118.30000000000001,1727.321904693812
8,118.4,1721.5397008901048
8,118.5,1724.3726520702078
8,118.60000000000001,1720.2052457353088
8,118.7,1727.193390016871
8,118.80000000000001,1726.566414358016
8,118.9,1733.3411193910504
8,119.0,1735.5902612207747
8,119.10000000000001,1738.5496182167813
8,119.2,1743.9054972387698
8,119.30000000000001,1740.1718973457646
8,119.4,1740.876888110602
8,119.5,1736.0240432936434
8,119.60000000000001,1736.6362959973126
8,119.7,1730.1507995696577
8,119.80000000000001,1733.9780362556303
8,119.9,1718.7308916339016
8,120.0,1726.3872340403225
8,120.10000000000001,1726.958643028395
8,120.2,1710.60737732763
8,120.30000000000001,1716.9753117235548
8,120.4,1700.581143595815
8,120.5,1716.9178690334356
8,120.60000000000001,1718.6991769613664
8,120.7,1734.4694243239321
8,120.80000000000001,1889.2825997016935
8,120.9,1881.9963182955173
8,121.0,2321.9091959096727
8,121.10000000000001,1927.4507518851024
8,121.2,1728.1362533724118
8,121.30000000000001,1727.3483743552104
8,121.4,1736.0522789681497
8,121.5,1733.3291541353922
8,121.60000000000001,1747.9898160459811
8,121.7,1757.8936589855339
8,121.80000000000001,1762.9842631102135
8,121.9,1726.9079109726922
8,122.0,1718.4503696606348
8,122.10000000000001,1719.380234843961
8,122.2,1720.8153080163368
8,122.30000000000001,1723.3183900640508
8,122.4,1700.8951910367223
8,122.5,1723.6572922874932
8,122.60000000000001,1722.8031891486153
8,122.7,1741.262188968979
8,122.80000000000001,1741.2167834326958
8,122.9,1754.7797809308236
8,123.0,1760.8900907474922
8,123.10000000000001,1730.1322853183474
8,123.2,1723.289625560083
8,123.30000000000001,1726.7166254468427
8,123.4,1715.3492931617363
8,123.5,1719.3389155004754
8,123.60000000000001,1732.9277447508769
8,123.7,1736.8041716578662
8,123.80000000000001,1748.7712814080573
8,123.9,1741.6823812858158
8,124.0,1728.0673127076036
8,124.10000000000001,1739.3444672982728
8,124.2,1739.1377096775113
8,124.30000000000001,1728.0315971597122
8,124.4,1715.8567262288045
8,124.5,1729.6400428496202
8,124.60000000000001,1721.473921473996
8,124.7,1715.7634788419473
8,124.80000000000001,1703.3702964538784
8,124.9,1720.580598493591
8,125.0,1722.3037607940412
8,125.10000000000001,1729.0913485088793
8,125.2,2097.7675718872415
8,125.30000000000001,1874.976414473045
8,125.4,1733.5398755756357
8,125.5,1752.8576343096515
8,125.60000000000001,1751.0453712342044
8,125.7,2033.7888809439733
8,125.80000000000001,1994.5076047283844
8,125.9,1772.9848187315806
8,126.0,1707.1574209327373
8,126.10000000000001,1712.1590379999243
8,126.2,1719.8102766746733
8,126.30000000000001,1730.768276307984
8,126.4,2002.0311256915686
8,126.5,1854.0081640472356
8,126.60000000000001,1731.4924403296775
8,126.7,1728.4848934295023
8,126.80000000000001,1725.642364872283
8,126.9,1739.320498819561
8,127.0,1752.792073709769
8,127.10000000000001,1737.1672842129822
8,127.2,1741.7478518601304
8,127.30000000000001,1738.9770500882812
8,127.4,1743.4836380043516
8,127.5,1729.5764185064015
8,127.60000000000001,1729.9782081939607
8,127.7,1721.3598233732682
8,127.80000000000001,1722.5420593005977
8,127.9,1625.466927711846
8,128.0,1671.3290303952383
8,128.1,1722.9002915418275
8,128.20000000000002,1725.3851624750691
8,128.3,1735.233014778245
8,128.4,1723.1610708151334
8,128.5,1727.3850413181785
8,128.6,1726.81457843598
8,128.70000000000002,1735.4232985371764
8,128.8,1733.7378581241621
8,128.9,1743.721508527096
8,129.0,1720.1340489572808
8,129.1,1721.7985295084766
8,129.20000000000002,1721.416123045322
8,129.3,1711.0842591463233
8,129.4,1700.403090773138
8,129.5,1722.028364158861
8,129.6,1718.5076674199508
8,129.70000000000002,1721.058010791364
8,129.8,1717.9253429152147
8,129.9,1738.2294555563783
8,130.0,1735.863930405671
8,130.1,1736.8481032739846
8,130.20000000000002,1735.8296142341414
8,130.3,1743.3615337944852
8,130.4,1740.5429849780892
8,130.5,1678.5997936841152
8,130.6,1651.9695565976367
8,130.70000000000002,1686.504459172638
8,130.8,1706.7935161728306
8,130.9,1699.2297855511997
8,131.0,2294.9988632656223
8,131.1,1975.8892158665763
8,131.20000000000002,1861.6322392104785
8,131.3,2417.312895279522
8,131.4,2659.977918751029
8,131.5,2003.0429647774224
8,131.6,1703.7621019172007
8,131.70000000000002,1710.5571468950966
8,131.8,1738.4806868219134
8,131.9,1726.5332755378038
8,132.0,1732.6470877997288
8,132.1,1717.5796602209846
8,132.20000000000002,1725.6797001115162
8,132.3,1723.411371009055
8,132.4,1726.067344987467
8,132.5,1732.0344240818358
8,132.6,1734.6259498490474
8,132.70000000000002,1746.673652114179
8,132.8,1732.2894845286653
8,132.9,2086.720205823136
8,133.0,1990.5380625726757
8,133.1,1757.0248750106114
8,133.20000000000002,1725.4220324617002
8,133.3,1735.1482575382684
8,133.4,1741.4453287134804
8,133.5,1749.5452595557906
8,133.6,1741.5037919007607
8,133.70000000000002,1741.8268785642815
8,133.8,1747.4609037987539
8,133.9,1751.8157499606841
8,134.0,1747.2946865468564
8,134.1,1848.8441089153716
8,134.20000000000002,2007.2838555646638
8,134.3,1832.6895471211717
8,134.4,1730.2188750605849
8,134.5,1738.894467152763
8,134.6,1748.3928433389162
8,134.70000000000002,1749.3332644647821
8,134.8,1755.6670184751256
8,134.9,1743.4250630851295
8,135.0,1918.0170795907281
8,135.1,2123.3159951457005
8,135.20000000000002,1880.9911046338561
8,135.3,1742.1469093028998
8,135.4,1744.4345534998313
8,135.5,1877.059227370207
8,135.6,2067.7082534391207
8,135.70000000000002,1855.2894448483435
8,135.8,1703.7867914375574
8,135.9,1724.4755703883757
8,136.0,1724.602009436098
8,136.1,1733.2979207814753
8,136.20000000000002,1731.4612292209235
8,136.3,1736.752684256404
8,136.4,1730.7608118434775
8,136.5,1738.8825718207163
8,136.6,1735.8816374476978
8,136.70000000000002,1735.9170323952874
8,136.8,1743.2268012009615
8,136.9,1736.5791526880894
8,137.0,1740.3151653116274
8,137.1,1754.8764684001076
8,137.20000000000002,1749.8224828025934
8,137.3,1748.0135983358282
8,137.4,1755.1558198355383
8,137.5,1895.3001765260947
8,137.6,1803.718065119741
8,137.70000000000002,1731.5496012233627
8,137.8,1749.5279904401086
8,137.9,1742.7715631095853
8,138.0,1748.0316744649317
8,138.1,1741.9276559927764
8,138.20000000000002,1746.3711349811429
8,138.3,1738.1660681956469
8,138.4,1746.440625124207
8,138.5,1743.6203985417112
8,138.6,1755.0899463867593
8,138.70000000000002,1751.4235301829026
8,138.8,1757.1929599251807
8,138.9,1754.066220033025
8,139.0,1759.6825379611405
8,139.1,1749.965418061031
8,139.20000000000002,1788.7563288880865
8,139.3,1774.6545864220552
8,139.4,1735.0266973781831
8,139.5,1735.4884792169048
8,139.6,1744.8871836571589
8,139.70000000000002,1735.0684635053892
8,139.8,1737.1787794171137
8,139.9,1731.4148658692327
8,140.0,1743.430980622778
8,140.1,1759.2976400600467
8,140.20000000000002,1745.4501828234788
8,140.3,1748.1987761714156
8,140.4,1761.4108550184674
8,140.5,1743.2211006371733
8,140.6,1750.9158800095295
8,140.70000000000002,1761.5264003092918
8,140.8,1758.5320941518007
8,140.9,1755.5377879943096
8,141.0,1748.0045773904837
8,141.1,1752.8868629619474
8,141.20000000000002,1761.774305899763
8,141.3,1756.6715578240032
8,141.4,1949.3302360319667
8,141.5,1895.4502947356382
8,141.6,1751.6840530697962
8,141.70000000000002,1725.1752988950698
8,141.8,1836.6466998575268
8,141.9,1780.7115876092414
8,142.0,1711.5505747458114
8,142.1,1717.9543517755574
8,142.20000000000002,1714.865614234142
8,142.3,1712.1442489792025
8,142.4,1722.0881030602625
8,142.5,1738.988948436867
8,142.6,1731.8125775976375
8,142.70000000000002,1733.6531889511375
8,142.8,1740.8510543494137
8,142.9,1741.6900720592178
8,143.0,1743.3004467682556
8,143.1,1934.6832312005827
8,143.20000000000002,1883.9059754912805
8,143.3,1767.5551820107978
8,143.4,1758.9311907185095
8,143.5,1742.8395558650632
8,143.6,1741.4712587666766
8,143.70000000000002,1741.1730665473622
8,143.8,1748.805362704839
8,143.9,1738.4583841777792
8,144.0,1740.6566835207466
8,144.1,1739.7240753651172
8,144.20000000000002,1746.4921885761028
8,144.3,1737.803147872725
8,144.4,1742.6588010236678
8,144.5,1738.1796804445526
8,144.6,1725.4476062680726
8,144.70000000000002,1721.0910585960512
8,144.8,2078.8877321682003
8,144.9,1971.4919546328047
8,145.0,1731.1235338936
8,145.1,1736.8709360649827
8,145.20000000000002,1747.7733019839595
8,145.3,1743.3735241741156
8,145.4,1723.9956891472946
8,145.5,1711.289247018455
8,145.6,1711.8858848775694
8,145.70000000000002,1716.1446496258955
8,145.8,1724.0871553586292
8,145.9,1713.0848361260885
8,146.0,1699.9114791892544
8,146.1,1705.9400962701018
8,146.20000000000002,1708.8246738015462
8,146.3,1708.2394729476637
8,146.4,2279.747609726745
8,146.5,2105.713767891821
8,146.6,1722.7116457203847
8,146.70000000000002,1717.6613923053055
8,146.8,1734.6142198811983
8,146.9,1736.5970700411247
8,147.0,1739.9640909935713
8,147.1,1908.6772498167454
8,147.20000000000002,1862.497399343254
8,147.3,1743.3393625847052
8,147.4,1980.6724552078183
8,147.5,1902.577444978733
8,147.6,1739.9613280677283
8,147.70000000000002,1736.512992954376
8,147.8,1730.6951944103444
8,147.9,1742.7789806305425
8,148.0,2086.4818466459997
8,148.1,1972.2437160902964
8,148.20000000000002,1705.9607188199188
8,148.3,1719.1776582139414
8,148.4,1733.675783904573
8,148.5,1740.8476441615753
8,148.6,1737.7769683659983
8,148.70000000000002,1725.232745214271
8,148.8,1715.466365470752
8,148.9,1712.1043906431469
8,149.0,1706.9665950613696
8,149.1,1716.06378924152
8,149.20000000000002,1717.6730602920863
8,149.3,1723.523123216305
8,149.4,1730.3993228596821
8,149.5,1736.4500158913982
8,149.6,1740.390370492866
8,149.70000000000002,1741.250859728984
8,149.8,1723.6530663448214
8,149.9,1716.9115385420794
8,150.0,1711.02053117926
8,150.1,1719.3416076897033
8,150.20000000000002,1726.4830141331422
8,150.3,1716.1962384252993
8,150.4,1709.105610711724
8,150.5,1705.6174342629483
8,150.6,1707.6145848855908
8,150.70000000000002,1713.1642955244376
8,150.8,1716.7399893737077
8,150.9,1723.9620313891544
8,151.0,1729.612601827163
8,151.1,1735.688583860421
8,151.20000000000002,1732.0185448651664
8,151.3,1738.0479419315047
8,151.4,1738.2611533981776
8,151.5,1728.2032756681535
8,151.6,1724.9122927797862
8,151.70000000000002,1722.9825826601436
8,151.8,1704.6933992231993
8,151.9,1705.8277330666256
8,152.0,1720.5124495744255
8,152.1,1725.857421740995
8,152.20000000000002,1724.4290055482338
8,152.3,1728.689529214553
8,152.4,1732.7560118359663
8,152.5,1741.9485046584443
8,152.6,1737.8247316005818
8,152.70000000000002,1733.3385142220618
8,152.8,1736.2647721670337
8,152.9,1725.130770820346
8,153.0,1707.2867195121953
8,153.1,1717.7450681379937
8,153.20000000000002,1715.656616152609
8,153.3,1713.294422884759
8,153.4,1718.6873461873702
8,153.5,1721.1996492013982
8,153.60000000000002,1724.8989478350584
8,153.70000000000002,1719.885862292487
8,153.8,1832.0287489084521
8,153.9,1803.8573607663036
8,154.0,1706.2702369895917
8,154.10000000000002,1721.966454360248
8,154.20000000000002,1735.1005497181102
8,154.3,1731.0631236481465
8,154.4,1745.0128062277524
8,154.5,1736.7722383598464
8,154.60000000000002,1721.9810959391928
8,154.70000000000002,1716.6582252112341
8,154.8,1719.7840436049653
8,154.9,1718.6470655423168
8,155.0,1719.7699959778975
8,155.10000000000002,1717.3181441409795
8,155.20000000000002,1728.2320564838376
8,155.3,1739.3715293400833
8,155.4,1739.8571834093857
8,155.5,1737.8191760328452
8,155.60000000000002,1747.5428290772772
8,155.70000000000002,1743.7019298766354
8,155.8,1735.7652441499781
8,155.9,1733.572291453461
8,156.0,1718.2231267439506
8,156.10000000000002,1719.866181526353
8,156.20000000000002,1721.3649985631446
8,156.3,1717.0874833185203
8,156.4,1718.985477180458
8,156.5,1713.718110603833
8,156.60000000000002,1715.8362916007065
8,156.70000000000002,1719.5474554248437
8,156.8,1719.018062911132
8,156.9,1712.3681257165724
8,157.0,1720.5476013572602
8,157.10000000000002,1723.6300934331846
8,157.20000000000002,1725.1471575530743
8,157.3,1726.600687833911
8,157.4,1731.234168961476
8,157.5,1735.316463689933
8,157.60000000000002,1737.2454420338063
8,157.70000000000002,1776.797026246472
8,157.8,1765.922803155819
8,157.9,1728.7468261548358
8,158.0,1726.56885773584
8,158.10000000000002,1728.0736768155944
8,158.20000000000002,1738.0744857600391
8,158.3,1739.9644348654053
8,158.4,1734.2480119906259
8,158.5,1732.1227235300635
8,158.60000000000002,1731.2107320307007
8,158.70000000000002,1739.2673693199636
8,158.8,1733.2289718046447
8,158.9,1733.8284942769333
8,159.0,1732.6246762533358
8,159.10000000000002,1719.1142504061431
8,159.20000000000002,1707.5312886659071
8,159.3,1713.198570343439
8,159.4,1718.9921535959197
8,159.5,1720.9859165475239
8,159.60000000000002,1729.2557736405547
8,159.70000000000002,1735.3330310111419
8,159.8,1733.9513718800765
8,159.9,1738.8547241808556
8,160.0,1736.260044688238
8,160.10000000000002,1731.8120348261261
8,160.20000000000002,1735.1344695156106
8,160.3,1722.6188193852443
8,160.4,1710.9262095751876
8,160.5,1715.1601803252518
8,160.60000000000002,1717.7858579837894
8,160.70000000000002,1726.5323803096312
8,160.8,1729.161699574425
8,160.9,1728.5378038539725
8,161.0,1732.061722438534
8,161.10000000000002,1741.2136679826313
8,161.20000000000002,1743.2000957368537
8,161.3,1741.7890444942218
8,161.4,1747.262473972106
8,161.5,1752.1089942001774
8,161.60000000000002,1739.484726535251
8,161.70000000000002,1726.3469254831816
8,161.8,1720.2486934506896
8,161.9,1723.1967876888712
8,162.0,1726.0270227466062
8,162.10000000000002,1728.0758703652157
8,162.20000000000002,1732.2461460335269
8,162.3,1729.436637224377
8,162.4,1736.0577215399678
8,162.5,1726.7092036895613
8,162.60000000000002,1714.8874709578083
8,162.70000000000002,1702.0079847902832
8,162.8,1700.904674553995
8,162.9,1717.5662722696013
8,163.0,1721.9360495596602
8,163.10000000000002,1860.3441789993803
8,163.20000000000002,1860.612632855601
8,163.3,1723.0057359668717
8,163.4,1727.6548098242679
8,163.5,1723.0049188791195
8,163.60000000000002,1728.408313580671
8,163.70000000000002,1735.5474755820653
8,163.8,1739.0627723736625
8,163.9,1740.8793176622535
8,164.0,1745.6237703364104
8,164.10000000000002,1742.118773311823
8,164.20000000000002,1732.6916232522985
8,164.3,1728.5496814261824
8,164.4,1712.8299985769681
8,164.5,1716.1431370497899
8,164.60000000000002,1732.034803098651
8,164.70000000000002,1732.2693141515983
8,164.8,1732.6525357701437
8,164.9,1716.2337769035555
8,165.0,1716.5156995851435
8,165.10000000000002,1736.018916158738
8,165.20000000000002,1738.5669426760423
8,165.3,1732.6836586543213
8,165.4,1737.5390544783465
8,165.5,1766.261844760457
8,165.60000000000002,1760.6608806552522
8,165.70000000000002,1730.2312808287297
8,165.8,1736.785740793267
8,165.9,1739.4354026630517
8,166.0,1745.9420577815267
8,166.10000000000002,1738.6819466741922
8,166.20000000000002,1713.1941598834255
8,166.3,1703.097604941742
8,166.4,1719.2178962105952
8,166.5,1719.59772792108
8,166.60000000000002,1726.0961260837314
8,166.70000000000002,1733.1311165332231
8,166.8,1731.170752827925
8,166.9,1729.4797435683822
8,167.0,1727.962245389753
8,167.10000000000002,1730.2139644614795
8,167.20000000000002,1732.1180795202822
8,167.3,1747.8975447031996
8,167.4,1741.648485374966
8,167.5,1736.0648586031882
8,167.60000000000002,1862.402396458255
8,167.70000000000002,2266.180871999162
8,167.8,2171.8399912943687
8,167.9,1722.1803149512707
8,168.0,1723.8886588747189
8,168.10000000000002,1734.2063124587485
8,168.20000000000002,1729.6439784798213
8,168.3,1733.7220335250781
8,168.4,1738.2342315197252
8,168.5,1732.2881132419416
8,168.60000000000002,1732.463211651333
8,168.70000000000002,1731.5710518182475
8,168.8,1725.4146729331046
8,168.9,1715.0887707769593
8,169.0,1702.3649837582418
8,169.10000000000002,1694.3115317076388
8,169.20000000000002,1813.221226088527
8,169.3,1822.200869531002
8,169.4,1707.4170385313946
8,169.5,1709.8477907370739
8,169.60000000000002,1706.827233962009
8,169.70000000000002,1711.964887198779
8,169.8,1715.8604559141252
8,169.9,1723.7943220514496
8,170.0,1724.4712508286293
8,170.10000000000002,1725.6752774109254
8,170.20000000000002,1727.4158187576897
8,170.3,1736.4190778742825
8,170.4,1859.4051847062017
8,170.5,1882.1731795839003
8,170.60000000000002,1714.7733833894483
8,170.70000000000002,1722.0138991412261
8,170.8,1739.555695192618
8,170.9,1740.2945938679948
8,171.0,1731.8400730242167
8,171.10000000000002,1731.9277778464054
8,171.20000000000002,2146.160384716609
8,171.3,2225.082634943063
8,171.4,1703.3286214769767
8,171.5,1709.0938144977194
8,171.60000000000002,1720.7229238308325
8,171.70000000000002,1718.1049100108773
8,171.8,1720.8690683216505
8,171.9,1866.047919475883
8,172.0,2149.595579861508
8,172.10000000000002,2034.0127901483445
8,172.20000000000002,1721.7413020197314
8,172.3,2161.693809657407
8,172.4,2342.56653474744
8,172.5,1796.9047246182038
8,172.60000000000002,1697.3472136229357
8,172.70000000000002,1717.0294319346604
8,172.8,1728.0013195825277
8,172.9,1729.0660171377115
8,173.0,1726.78011698561
8,173.10000000000002,1719.7658718944547
8,173.20000000000002,1726.4420606873066
8,173.3,1728.4838250770874
8,173.4,1732.5452620369854
8,173.5,1984.6482399032564
8,173.60000000000002,2068.060250383144
8,173.70000000000002,1742.3175136171722
8,173.8,1741.6128766325198
8,173.9,1728.8149996111229
8,174.0,1718.2670101079902
8,174.10000000000002,1721.311844057266
8,174.20000000000002,1717.4113259142732
8,174.3,1715.6599964476454
8,174.4,1943.8306791458251
8,174.5,2026.9871448451372
8,174.60000000000002,1764.1695679473305
8,174.70000000000002,1768.058388177728
8,174.8,1774.0338753896021
8,174.9,1766.1605979821695
8,175.0,1756.821408693725
8,175.10000000000002,1764.3736887058285
8,175.20000000000002,1763.71262649329
8,175.3,1765.430042152017
8,175.4,1755.0396908607395
8,175.5,1756.1228526722632
8,175.60000000000002,1774.2674090037005
8,175.70000000000002,1770.1970937592596
8,175.8,1765.470779101656
8,175.9,1775.162803949359
8,176.0,1769.5797382668038
8,176.10000000000002,1745.416655131845
8,176.20000000000002,1721.1278404146228
8,176.3,1730.8239430171366
8,176.4,1729.7826798830474
8,176.5,1729.8995691423831
8,176.60000000000002,1752.560176779523
8,176.70000000000002,1749.996429650523
8,176.8,1736.7561632345737
8,176.9,1739.6596097695103
8,177.0,1747.7402254485667
8,177.10000000000002,1760.2651894554958
8,177.20000000000002,1749.1295860888702
8,177.3,1760.786684630969
8,177.4,1764.078882873521
8,177.5,1747.1868072029054
8,177.60000000000002,2029.039810456535
8,177.70000000000002,2142.1776617309183
8,177.8,1755.9210818166873
8,177.9,1749.9295319012544
8,178.0,1748.5271974618818
8,178.10000000000002,1754.5022627469814
8,178.20000000000002,1752.1482373292702
8,178.3,1760.4694042977433
8,178.4,1756.8519889244733
8,178.5,1749.3380565911848
8,178.60000000000002,1747.3035488219111
8,178.70000000000002,1764.3266588026988
8,178.8,1756.8267821841905
8,178.9,1761.1629866297812
8,179.0,1765.4448850733572
8,179.10000000000002,1757.2177952532802
8,179.20000000000002,1761.1048917517446
8,179.3,1755.0246983602135
8,179.4,1756.4983963827954
8,179.5,1762.8050721228426
8,179.60000000000002,1756.6790584053733
8,179.70000000000002,1748.3893594750052
8,179.8,1740.166936517958
8,179.9,1740.879040812554
8,180.0,1747.6180450720938
8,180.10000000000002,1738.0088938010376
8,180.20000000000002,1735.8312697986953
8,180.3,1732.6606041270916
8,180.4,1730.5843844056567
8,180.5,1732.8532120321106
8,180.60000000000002,1737.9415553842032
8,180.70000000000002,1741.811896097834
8,180.8,1747.6510641211241
8,180.9,1741.2894773525745
8,181.0,1880.5494884265106
8,181.10000000000002,1980.5903779930147
8,181.20000000000002,1772.7772797877215
8,181.3,1725.444170771536
8,181.4,1748.1322022770526
8,181.5,1719.1449092964847
8,181.60000000000002,1714.7907223738046
8,181.70000000000002,1733.5967577974666
8,181.8,1734.739068861427
8,181.9,1738.602640260781
8,182.0,1742.4338389385844
8,182.10000000000002,1736.5315543084296
8,182.20000000000002,1738.770992781807
8,182.3,1735.9377095247648
8,182.4,1741.231559192153
8,182.5,1730.997154923369
8,182.60000000000002,1734.7205101989182
8,182.70000000000002,1742.867454478132
8,182.8,1748.0159527144735
8,182.9,1733.694690535906
8,183.0,1731.1133972874313
8,183.10000000000002,1734.3847749084944
8,183.20000000000002,1716.1557242610322
8,183.3,1718.0346060418613
8,183.4,1724.371913729902
8,183.5,1733.0631534115687
8,183.60000000000002,1737.0338662638278
8,183.70000000000002,1742.9477211973297
8,183.8,1736.703567647285
8,183.9,1743.5421782988697
8,184.0,1747.017709900254
8,184.10000000000002,1748.769085710466
8,184.20000000000002,1735.8182805303272
8,184.3,1730.1951028808296
8,184.4,1711.92161115358
8,184.5,1730.1002346113796
8,184.60000000000002,1727.2864663734208
8,184.70000000000002,1721.441616435569
8,184.8,1731.2607914900032
8,184.9,1737.061241366984
8,185.0,1731.9525032835636
8,185.10000000000002,1745.2859307287763
8,185.20000000000002,1740.7817215204295
8,185.3,1734.1481359933255
8,185.4,1721.1941117210026
8,185.5,1720.2951097084117
8,185.60000000000002,1727.3402852305805
8,185.70000000000002,1742.7688142723682
8,185.8,1749.9272410511362
8,185.9,1758.547974627144
8,186.0,1728.9712468463015
8,186.10000000000002,1730.0853204986784
8,186.20000000000002,1740.192731150637
8,186.3,1738.164155444671
8,186.4,1733.8613261210535
8,186.5,1749.355186375009
8,186.60000000000002,1738.2365666784237
8,186.70000000000002,1746.6669038375867
8,186.8,1754.923179592304
8,186.9,1753.5495100107698
8,187.0,1759.4726612624204
8,187.10000000000002,1766.1940540072626
8,187.20000000000002,1740.3490230657615
8,187.3,1748.2391602372384
8,187.4,1750.4773945785196
8,187.5,1748.6102898689205
8,187.60000000000002,1752.1844893418256
8,187.70000000000002,1730.695347561853
8,187.8,1706.046744602187
8,187.9,1711.7948596615904
8,188.0,1726.275695568566
8,188.10000000000002,1728.1168057521568
8,188.20000000000002,1741.5381953625804
8,188.3,1743.8426587981876
8,188.4,1739.9611411389606
8,188.5,1736.7338971655963
8,188.60000000000002,1746.4352171571238
8,188.70000000000002,1741.9065675408308
8,188.8,1748.6422156975345
8,188.9,1749.239674182411
8,189.0,1738.7866698072069
8,189.10000000000002,1719.2958605825384
8,189.20000000000002,1721.0669499677113
8,189.3,1723.4904258717597
8,189.4,1736.233366600026
8,189.5,1732.223427659843
8,189.60000000000002,1735.2026145819957
8,189.70000000000002,1719.1861254134242
8,189.8,1733.2568998770487
8,189.9,1738.935942127172
8,190.0,1781.5468714328604
8,190.10000000000002,1832.4897338608657
8,190.20000000000002,1743.178358996907
8,190.3,1745.133392538826
8,190.4,1731.4556812249655
8,190.5,1732.1377931941602
8,190.60000000000002,1739.4084789508092
8,190.70000000000002,1753.207466911306
8,190.8,1744.5815542682822
8,190.9,1734.6805614199811
8,191.0,1744.048098867687
8,191.10000000000002,1731.8346584151461
8,191.20000000000002,1740.204494444802
8,191.3,1749.4966367839675
8,191.4,1749.5680001453477
8,191.5,1720.2654257882498
8,191.60000000000002,1724.1782891995033
8,191.70000000000002,1717.5910205712203
8,191.8,1725.4716314980562
8,191.9,1724.636790090119
8,192.0,1719.5464825906688
8,192.10000000000002,1729.8738163936273
8,192.20000000000002,1724.8945049818324
8,192.3,1749.6655154456032
8,192.4,1816.5539122404584
8,192.5,1836.3299097856159
8,192.60000000000002,1746.0633597155786
8,192.70000000000002,1732.805071061135
8,192.8,1730.873530409938
8,192.9,1731.2077897383733
8,193.0,1741.587645887741
8,193.10000000000002,1740.8393833818695
8,193.20000000000002,1753.4879094885748
8,193.3,1744.5480562017042
8,193.4,1749.491469104937
8,193.5,1740.105030653094
8,193.60000000000002,1740.0582046618172
8,193.70000000000002,1765.3134183236707
8,193.8,1772.1471482889756
8,193.9,1728.873256427732
8,194.0,1745.1318220708322
8,194.10000000000002,1745.409870584535
8,194.20000000000002,1810.4115958672437
8,194.3,1883.398767111749
8,194.4,1749.304049339132
8,194.5,1768.1092573890332
8,194.60000000000002,1782.3965059646507
8,194.70000000000002,1841.826620521455
8,194.8,1927.7371515338925
8,194.9,1849.045169545689
8,195.0,1985.1117109398645
8,195.10000000000002,1730.3726482734
8,195.20000000000002,1740.4497208164555
8,195.3,1856.2977298544467
8,195.4,1992.9339737349899
8,195.5,1747.4334649631141
8,195.60000000000002,1742.810785086739
8,195.70000000000002,1737.990331941907
8,195.8,1841.3548549825791
8,195.9,1903.8761570501176
8,196.0,1747.0806124541007
8,196.10000000000002,1738.9253947187049
8,196.20000000000002,1807.114883312367
8,196.3,1956.6474020300955
8,196.4,1854.9150344623881
8,196.5,1744.519936933631
8,196.60000000000002,1754.9244604985822
8,196.70000000000002,1758.6391635943496
8,196.8,1786.6918352909172
8,196.9,1759.855675688814
8,197.0,1753.3834531484927
8,197.10000000000002,1724.7262305145368
8,197.20000000000002,1740.8200230625544
8,197.3,1744.4095439748935
8,197.4,1747.5801090042619
8,197.5,1754.1869572118226
8,197.60000000000002,1728.5284291541968
8,197.70000000000002,1723.4986930558696
8,197.8,1717.7011580916603
8,197.9,1733.239399247012
8,198.0,2027.5014967140226
8,198.10000000000002,2437.4489298679136
8,198.20000000000002,1703.6530912079124
8,198.3,1734.7689596244556
8,198.4,1726.3350505989256
8,198.5,1737.3558236227639
8,198.60000000000002,1737.5903085954521
8,198.70000000000002,1747.8672971872716
8,198.8,1740.1446114329292
8,198.9,1744.089904712092
8,199.0,1744.4370420096982
8,199.10000000000002,1736.8328742483368
8,199.20000000000002,1722.766219762759
8,199.3,1705.71193525535
8,199.4,1721.7735975342705
8,199.5,1726.4881442361536
8,199.60000000000002,1738.484514774262
8,199.70000000000002,1719.7708497056078
8,199.8,1737.9420737784944
8,199.9,1732.6304736409938
8,200.0,1743.086540132036
8,200.10000000000002,1749.4985530692231
8,200.20000000000002,1750.5781836511655
8,200.3,1803.6719336880906
8,200.4,2213.1540119294523
8,200.5,2645.779629167888
8,200.60000000000002,2066.1554543600687
8,200.70000000000002,1863.413521689612
8,200.8,1705.89235255247
8,200.9,1714.8331567463
8,201.0,1731.3051479155993
8,201.10000000000002,1725.6827921580639
8,201.20000000000002,1717.690049912434
8,201.3,1732.4486689212633
8,201.4,1733.5141819389703
8,201.5,1737.8316345554927
8,201.60000000000002,1747.2543396601607
8,201.70000000000002,1738.8596119616097
8,201.8,1739.916130754272
8,201.9,1724.5069087290212
8,202.0,1723.1456427877008
8,202.10000000000002,1745.6701191650557
8,202.20000000000002,1737.0578239102715
8,202.3,1738.162926104953
8,202.4,1746.4690817540406
8,202.5,1745.1834449856194
8,202.60000000000002,1740.9694455690308
8,202.70000000000002,1745.8293102325388
8,202.8,1740.8734056387555
8,202.9,1734.147150308937
8,203.0,1736.9120035980652
8,203.10000000000002,1739.8203786296708
8,203.20000000000002,1739.1452805322385
8,203.3,1745.9321932146195
8,203.4,1739.3110219712871
8,203.5,1737.488747884062
8,203.60000000000002,1741.9351991169376
8,203.70000000000002,1734.6257851969056
8,203.8,1733.7286323820176
8,203.9,1730.733702399296
8,204.0,1736.4657636763523
8,204.10000000000002,1712.8258956043749
8,204.20000000000002,1718.1285423556492
8,204.3,1716.1072459681368
8,204.4,1748.6058512021352
8,204.5,1750.4887798397301
8,204.60000000000002,1748.9122449272572
8,204.70000000000002,1755.1569394663866
8,204.8,1733.272541100163
8,204.9,1737.6257117172604
8,205.0,1747.6164932779236
8,205.10000000000002,1730.6496315026575
8,205.20000000000002,1752.3363383662195
8,205.3,1736.7655341331576
8,205.4,1749.0771100298318
8,205.5,1734.4974389713873
8,205.60000000000002,1736.1544346634216
8,205.70000000000002,1727.8723328966441
8,205.8,1741.7397052649621
8,205.9,1731.0150963663702
8,206.0,1727.571546911562
8,206.10000000000002,1739.3506811218556
8,206.20000000000002,1790.5676771045612
8,206.3,1734.4723822719147
8,206.4,1752.7604593016908
8,206.5,1750.6128076108325
8,206.60000000000002,1745.0143349440937
8,206.70000000000002,1723.938686499392
8,206.8,1721.3490226036895
8,206.9,1722.8834503732655
8,207.0,1730.1691621786165
8,207.10000000000002,1733.73362597541
8,207.20000000000002,1731.6798848793426
8,207.3,1721.044583990947
8,207.4,1732.8233557077397
8,207.5,1736.1879278741103
8,207.60000000000002,1747.7560717934393
8,207.70000000000002,1737.0079254040595
8,207.8,1733.6129413036028
8,207.9,1741.9333594664406
8,208.0,1746.0222734221977
8,208.10000000000002,1747.616427851607
8,208.20000000000002,1752.0741945294994
8,208.3,1751.174154816923
8,208.4,1740.128693812254
8,208.5,1807.0290265427893
8,208.60000000000002,1882.185756862829
8,208.70000000000002,1725.3362282763637
8,208.8,1731.4118402527731
8,208.9,1740.2617647768907
8,209.0,1729.3304301754251
8,209.10000000000002,1732.0185429444866
8,209.20000000000002,1721.804231545642
8,209.3,1738.6200553338194
8,209.4,1730.4056389766179
8,209.5,1738.146679420399
8,209.60000000000002,1807.913727785498
8,209.70000000000002,1966.3261310727996
8,209.8,1720.8234253382986
8,209.9,1718.8884116028707
8,210.0,1721.502676813359
8,210.10000000000002,1728.850700247816
8,210.20000000000002,1722.9217464371484
8,210.3,1718.8861590497418
8,210.4,1724.4594117321592
8,210.5,1727.4328988090415
8,210.60000000000002,1735.066807364883
8,210.70000000000002,1723.7768084352606
8,210.8,1731.2097815410802
8,210.9,1742.9986529405464
8,211.0,1751.7987833718155
8,211.10000000000002,1740.394135522054
8,211.20000000000002,1735.5719944831988
8,211.3,1756.702425186812
8,211.4,1772.1740124141986
8,211.5,1885.3786778514855
8,211.60000000000002,1754.429084585238
8,211.70000000000002,1767.8300336091804
8,211.8,1752.0335137199033
8,211.9,1756.6269939828621
8,212.0,1748.92338425392
8,212.10000000000002,1743.0164037243605
8,212.20000000000002,1765.5642810548704
8,212.3,1850.1869967254872
8,212.4,1718.843810834073
8,212.5,1739.3618861515658
8,212.60000000000002,1760.508426603913
8,212.70000000000002,1750.233833861298
8,212.8,1763.7808507628677
8,212.9,1750.4067206755892
8,213.0,1764.5364432437457
8,213.10000000000002,1765.9496929125178
8,213.20000000000002,1787.5676370648264
8,213.3,1743.08725962314
8,213.4,1754.4912459425448
8,213.5,1749.7568352745502
8,213.60000000000002,1765.0091435991467
8,213.70000000000002,1748.9866883333295
8,213.8,1770.5824840557207
8,213.9,1773.2301145147323
8,214.0,1751.6828660617484
8,214.10000000000002,1754.679854933802
8,214.20000000000002,1783.270413742458
8,214.3,1905.0649017012884
8,214.4,1736.6968005909332
8,214.5,1735.972768926135
8,214.60000000000002,1972.0978803153557
8,214.70000000000002,2678.927441793307
8,214.8,2008.946586749706
8,214.9,1723.9755798296264
8,215.0,1824.214729431164
8,215.10000000000002,2176.6826427343735
8,215.20000000000002,2019.9623615625471
8,215.3,1859.9422719654385
8,215.4,1723.9826210062297
8,215.5,1738.8672774372956
8,215.60000000000002,1747.9871276054944
8,215.70000000000002,1735.607647949089
8,215.8,1754.2671383382497
8,215.9,1723.1379070541477
8,216.0,1724.6148727532675
8,216.10000000000002,1725.4420013563106
8,216.20000000000002,1722.6752102022358
8,216.3,1750.7173987656943
8,216.4,1726.124211621228
8,216.5,1703.1894975361006
8,216.60000000000002,1713.836521341726
8,216.70000000000002,1738.9601234510667
8,216.8,1747.0876744231887
8,216.9,1850.615530800494
8,217.0,1744.346543464637
8,217.10000000000002,1735.3896435150211
8,217.20000000000002,1746.5925596482994
8,217.3,1762.6456803218703
8,217.4,1748.1840164688113
8,217.5,1750.4001814698497
8,217.60000000000002,1725.2028818320214
8,217.70000000000002,1718.1344363805779
8,217.8,1728.2416867021402
8,217.9,1736.9091527710134
8,218.0,1739.225851448533
8,218.10000000000002,1740.99069529728
8,218.20000000000002,1742.6291593225046
8,218.3,1750.517858413257
8,218.4,1739.9014823953555
8,218.5,1734.5301249904685
8,218.60000000000002,1748.5627830344808
8,218.70000000000002,1744.1593538684815
8,218.8,1752.4957915751847
8,218.9,1751.3250596540058
8,219.0,1755.2805305615723
8,219.10000000000002,1747.8298607717654
8,219.20000000000002,1752.774721812688
8,219.3,1754.5744119013705
8,219.4,1759.8115202746965
8,219.5,1742.0000031739905
8,219.60000000000002,1754.4312739880802
8,219.70000000000002,1753.314991710017
8,219.8,1760.9543116281825
8,219.9,1744.009873408454
8,220.0,1723.990458351304
8,220.10000000000002,1740.784050873435
8,220.20000000000002,1741.2930677129382
8,220.3,1738.0834815406001
8,220.4,1760.4622878491707
8,220.5,1899.5339407085994
8,220.60000000000002,1936.8311008434441
8,220.70000000000002,1707.3228719030692
8,220.8,1728.4072862193798
8,220.9,1743.0591979722208
8,221.0,1735.5897164292198
8,221.10000000000002,1733.9446189608877
8,221.20000000000002,1746.6988535218604
8,221.3,1730.26584572314
8,221.4,1750.891081943085
8,221.5,1720.6613211268009
8,221.60000000000002,1743.238238295398
8,221.70000000000002,1822.507571534181
8,221.8,2154.026360312764
8,221.9,1747.490460205927
8,222.0,1752.175323210107
8,222.10000000000002,1763.513679516753
8,222.20000000000002,1745.893584470507
8,222.3,1741.3770828137683
8,222.4,1734.0007987490444
8,222.5,1734.924505669972
8,222.60000000000002,1710.969781518434
8,222.70000000000002,1744.8897389816987
8,222.8,1733.2090162969278
8,222.9,1754.301960777772
8,223.0,1745.8768140032503
8,223.10000000000002,1743.930734429781
8,223.20000000000002,1757.413887432263
8,223.3,1737.3547158920367
8,223.4,1733.5438292634803
8,223.5,1733.5044245239633
8,223.60000000000002,1748.4594053352293
8,223.70000000000002,1734.4208654490355
8,223.8,1736.7943101982253
8,223.9,1728.0650654923945
8,224.0,1737.821379957157
8,224.10000000000002,1735.5711464754088
8,224.20000000000002,1755.182128921663
8,224.3,1744.7884900529723
8,224.4,1760.9881889468968
8,224.5,1747.5515890154718
8,224.60000000000002,1754.694355332362
8,224.70000000000002,1744.5462563042586
8,224.8,1768.7210157032403
8,224.9,1746.7893567694696
8,225.0,1749.6870064861566
8,225.10000000000002,1756.2829963162144
8,225.20000000000002,1752.3141721358006
8,225.3,1737.9356472311467
8,225.4,1749.5726876432377
8,225.5,1725.620523046092
8,225.60000000000002,1732.46611275082
8,225.70000000000002,1722.3654742241465
8,225.8,1746.6024581271759
8,225.9,1737.0397457183508
8,226.0,1745.3178533204662
8,226.10000000000002,1740.440939569944
8,226.20000000000002,1757.1771571928973
8,226.3,1758.0596715242239
8,226.4,1759.4237186998255
8,226.5,1749.021990502016
8,226.60000000000002,1756.1643985783946
8,226.70000000000002,1748.6122005761752
8,226.8,1808.5871267455577
8,226.9,2162.4050446680994
8,227.0,1960.5668083543821
8,227.10000000000002,1777.8308495871609
8,227.20000000000002,1834.0511305175166
8,227.3,2264.0827251925207
8,227.4,1735.1104881476206
8,227.5,1735.2332627171957
8,227.60000000000002,1726.1286023676112
8,227.70000000000002,1736.6550537921369
8,227.8,1736.1393574849355
8,227.9,1743.5587302693084
8,228.0,1738.9562281845933
8,228.10000000000002,1787.7035781385337
8,228.20000000000002,1772.0882486707249
8,228.3,1767.521556457111
8,228.4,1757.2188350119625
8,228.5,1766.99353853669
8,228.60000000000002,1756.2978093974548
8,228.70000000000002,1768.821091230942
8,228.8,1750.9903573632396
8,228.9,1772.947480344747
8,229.0,1757.0065552749093
8,229.10000000000002,1740.989642341013
8,229.20000000000002,1734.524378031671
8,229.3,1755.8330731308135
8,229.4,1722.9029823615633
8,229.5,1750.2541422852569
8,229.60000000000002,1738.9436039555314
8,229.70000000000002,1755.194493720464
8,229.8,1738.8071712039712
8,229.9,1756.3425595207632
8,230.0,1756.738470737653
8,230.10000000000002,1740.9627910361469
8,230.20000000000002,1762.4303254603658
8,230.3,1750.5538776404217
8,230.4,1757.2926937695534
8,230.5,1743.0122881577254
8,230.60000000000002,1742.3422591203307
8,230.70000000000002,1724.8324317280938
8,230.8,1752.5615862671739
8,230.9,1747.7281810272227
8,231.0,1740.4082088007663
8,231.10000000000002,1765.0558187699485
8,231.20000000000002,1762.822070834986
8,231.3,1759.1725533256115
8,231.4,1748.1912642320335
8,231.5,1766.51954464741
8,231.60000000000002,1745.259940146836
8,231.70000000000002,1764.6869330762995
8,231.8,1747.559333534607
8,231.9,1774.1571866947195
8,232.0,1757.1015338426307
8,232.10000000000002,1749.7696834516735
8,232.20000000000002,1723.084052809367
8,232.3,1739.378251946528
8,232.4,1742.6791332462876
8,232.5,1855.8566919214907
8,232.60000000000002,1850.5819120364808
8,232.70000000000002,1753.989774902601
8,232.8,1747.78680218124
8,232.9,1725.9261120150982
8,233.0,1735.854774334828
8,233.10000000000002,1730.0091980060502
8,233.20000000000002,1788.7675668717877
8,233.3,2338.098358321878
8,233.4,1725.143386542256
8,233.5,1731.7946818221892
8,233.60000000000002,1738.120336268151
8,233.70000000000002,1738.242189028523
8,233.8,1741.8384858442514
8,233.9,1748.3788940074771
8,234.0,1749.6471087166829
8,234.10000000000002,1758.9633962155708
8,234.20000000000002,1759.383185679124
8,234.3,1772.6830801719423
8,234.4,1779.2279771004282
8,234.5,1756.9586028327221
8,234.60000000000002,1759.1836990613986
8,234.70000000000002,1757.9857203403683
8,234.8,1755.3388554753053
8,234.9,1731.040019851694
8,235.0,1734.3273228013993
8,235.10000000000002,1739.496586693573
8,235.20000000000002,1725.9012872329486
8,235.3,1733.2852287687933
8,235.4,1761.5477000936519
8,235.5,1866.3593540991028
8,235.60000000000002,1745.252613023753
8,235.70000000000002,1747.1702063031069
8,235.8,1740.708142201378
8,235.9,1724.5929867709401
8,236.0,1730.7755325832095
8,236.10000000000002,1744.289509547895
8,236.20000000000002,1729.0454628529917
8,236.3,1737.7762385018807
8,236.4,1735.142184675653
8,236.5,1760.659175475677
8,236.60000000000002,1746.372522854886
8,236.70000000000002,1758.3062816323377
8,236.8,1737.0247115265665
8,236.9,1743.1706699986898
8,237.0,1746.3417842045817
8,237.10000000000002,1730.6270144572754
8,237.20000000000002,1734.352348633804
8,237.3,1733.4467611516327
8,237.4,1745.5857931490327
8,237.5,1741.9436189666017
8,237.60000000000002,1784.8853840134616
8,237.70000000000002,2011.0045852651301
8,237.8,1743.2699056842969
8,237.9,1752.1475370390217
8,238.0,1739.17153611264
8,238.10000000000002,1754.5403929715494
8,238.20000000000002,1739.0505461554062
8,238.3,1748.8221511377965
8,238.4,1731.6723380981894
8,238.5,1752.3777592066165
8,238.60000000000002,1740.5199713161055
8,238.70000000000002,1761.082109296007
8,238.8,1753.4806442368704
8,238.9,1732.6536136065024
8,239.0,1733.9906407268102
8,239.10000000000002,1740.6188622506536
8,239.20000000000002,1746.8877753633758
8,239.3,1746.5735110199273
8,239.4,1729.3316062573583
8,239.5,1748.8459762809118
8,239.60000000000002,1723.7757085945511
8,239.70000000000002,1734.392467620427
8,239.8,1734.0441644242414
8,239.9,1756.537288853675
8,240.0,1736.169217060507
8,240.10000000000002,1747.3158299936608
8,240.20000000000002,1744.0950140641414
8,240.3,1740.7135276894944
8,240.4,1727.2671505057363
8,240.5,1724.669315502402
8,240.60000000000002,1741.8002766399572
8,240.70000000000002,1752.8354965836704
8,240.8,1749.4508398065125
8,240.9,1813.343117421177
8,241.0,2928.3517876410897
8,241.10000000000002,2981.9917609446215
8,241.20000000000002,1720.1172947406535
8,241.3,1716.1196401685152
8,241.4,1736.72742036819
8,241.5,1726.9159182826343
8,241.60000000000002,1732.2976822900891
8,241.70000000000002,1726.9992998167618
8,241.8,1740.8207566644178
8,241.9,1733.2086015702964
8,242.0,1733.240845840045
8,242.10000000000002,1752.651510924506
8,242.20000000000002,1735.6964105007578
8,242.3,1742.8002529350792
8,242.4,1744.2720976598227
8,242.5,1753.4127841309025
8,242.60000000000002,1761.3057632548553
8,242.70000000000002,2090.20540464075
8,242.8,1748.8326145714507
8,242.9,1762.0282530428804
8,243.0,1743.1398838078762
8,243.10000000000002,1751.6594767557804
8,243.20000000000002,1740.1493248859895
8,243.3,1750.4025335260085
8,243.4,1715.6675196714573
8,243.5,1746.3791580836098
8,243.60000000000002,1734.2407047787435
8,243.70000000000002,1737.017016625124
8,243.8,1720.5334631533817
8,243.9,1735.6376763045582
8,244.0,1729.1685583874644
8,244.10000000000002,1738.7183613115183
8,244.20000000000002,1722.82868201354
8,244.3,1751.344673886074
8,244.4,1737.6400385813429
8,244.5,1763.283732885036
8,244.60000000000002,1745.2141447499575
8,244.70000000000002,1759.8861536911902
8,244.8,1741.0678821463073
8,244.9,1769.435237296567
8,245.0,1750.685163659109
8,245.10000000000002,1767.88798138363
8,245.20000000000002,1751.0167145788096
8,245.3,1771.2812360290018
8,245.4,1756.8592419270296
8,245.5,1774.2226230356262
8,245.60000000000002,1756.2036965615569
8,245.70000000000002,1778.4881862660673
8,245.8,1752.4494949957718
8,245.9,1763.339623885739
8,246.0,1750.8033041663193
8,246.10000000000002,1763.4116561722824
8,246.20000000000002,1733.3677979183287
8,246.3,1754.2642535852106
8,246.4,1717.632185548441
8,246.5,1754.7085573887682
8,246.60000000000002,1727.405001425903
8,246.70000000000002,1757.4655442426667
8,246.8,1739.3665137746934
8,246.9,1735.461193481936
8,247.0,1731.369707934995
8,247.10000000000002,1718.9578687593917
8,247.20000000000002,1759.3664550697656
8,247.3,1734.7497194395548
8,247.4,1750.8004455151997
8,247.5,1738.2174568522842
8,247.60000000000002,1744.7438866895573
8,247.70000000000002,1742.1446983720327
8,247.8,1751.8933401622724
8,247.9,1753.850555712131
8,248.0,1751.5897588898713
8,248.10000000000002,1752.8193035189356
8,248.20000000000002,1739.7995150170966
8,248.3,1739.9539813941174
8,248.4,1730.2591975499502
8,248.5,1721.8284661465655
8,248.60000000000002,1743.6884394935928
8,248.70000000000002,1739.7842267209612
8,248.8,1722.7983694031434
8,248.9,1736.9633552270384
8,249.0,1734.0437675314122
8,249.10000000000002,1742.8360169574141
8,249.20000000000002,1735.2132526424607
8,249.3,1712.3004370040687
8,249.4,1742.4893717915834
8,249.5,1723.7074047933356
8,249.60000000000002,1731.8621977968012
8,249.70000000000002,1720.7168372854658
8,249.8,1743.1027854559127
8,249.9,1727.0671510903974
8,250.0,1748.0269969214637
8,250.10000000000002,1733.5330493414986
8,250.20000000000002,1747.8943073051905
8,250.3,1727.8684173013612
8,250.4,1741.9964166347365
8,250.5,1743.1567703805904
8,250.60000000000002,1710.6712937418463
8,250.70000000000002,1743.6011322531044
8,250.8,1753.7461936763857
8,250.9,1715.1015899762647
8,251.0,1723.7031690821138
8,251.10000000000002,1739.4495291445792
8,251.20000000000002,1716.148459228949
8,251.3,1755.8032193588251
8,251.4,1741.5988737519085
8,251.5,1760.4519029745297
8,251.60000000000002,1731.3430079868208
8,251.70000000000002,1761.7849422830807
8,251.8,1809.4456774403145
8,251.9,1759.5067932126465
8,252.0,1754.8167730356354
8,252.10000000000002,1733.905526887578
8,252.20000000000002,1748.7375938570076
8,252.3,1737.0352809579963
8,252.4,1774.3385719918147
8,252.5,1725.1074276649535
8,252.60000000000002,1733.2269317759433
8,252.70000000000002,1743.6866432821685
8,252.8,1738.4373328796366
8,252.9,1756.1372402617342
8,253.0,1785.238804476342
8,253.10000000000002,1708.0831368645615
8,253.20000000000002,1745.028176475809
8,253.3,1787.3486006690923
8,253.4,1776.7441805084013
8,253.5,1876.4264753517095
8,253.60000000000002,1742.6980008635167
8,253.70000000000002,2266.7131228267067
8,253.8,1859.737638486162
8,253.9,1844.8150778209333
8,254.0,1853.5236930855854
8,254.10000000000002,1740.800652069
8,254.20000000000002,1731.1405998665587
8,254.3,1713.1031660689798
8,254.4,1739.5830202340858
8,254.5,1727.8918716446292
8,254.60000000000002,1723.4822166491515
8,254.70000000000002,1743.3489627894487
8,254.8,1740.0273291918948
8,254.9,1715.8673633756357
8,255.0,1739.1138795009329
8,255.10000000000002,1743.0103519891923
8,255.20000000000002,1742.5334585586122
8,255.3,1738.5928319637994
8,255.4,1734.5601212314002
8,255.5,1725.675869666852
8,255.60000000000002,1718.0658647797634
8,255.70000000000002,2040.8259147621397
8,255.8,1900.7391426400138
8,255.9,1746.2987099125287
8,256.0,1751.903125843832
8,256.1,1745.9583756495078
8,256.2,1754.4047900601186
8,256.3,1752.82340127244
8,256.40000000000003,1755.823126297456
8,256.5,1752.9207680948762
8,256.6,1732.5825856371791
8,256.7,1732.7872475685308
8,256.8,1727.9200992529677
8,256.90000000000003,1751.5507883874127
8,257.0,1742.7826245439794
8,257.1,1762.7943485376375
8,257.2,1711.5395102306204
8,257.3,1735.6492032159092
8,257.40000000000003,1709.2805550141086
8,257.5,1727.2411624656868
8,257.6,1731.1332352265017
8,257.7,1734.8874090338072
8,257.8,1727.0369727456202
8,257.90000000000003,1705.9796467198605
8,258.0,1702.1732915672815
8,258.1,1734.928190672546
8,258.2,1717.6141044418362
8,258.3,1742.4451730707124
8,258.40000000000003,1726.8653126988456
8,258.5,1747.235286034952
8,258.6,1725.39994113248
8,258.7,1741.8619605329043
8,258.8,1741.794961232042
8,258.90000000000003,1748.9200687492876
8,259.0,1731.5184059485682
8,259.1,2825.635936070699
8,259.2,2841.595285649204
8,259.3,1828.799862462618
8,259.40000000000003,1758.5326634628427
8,259.5,1731.695594539467
8,259.6,1761.6457105072477
8,259.7,1741.5599604760025
8,259.8,1791.8791629463772
8,259.90000000000003,1764.9099504543938
8,260.0,1777.115645969304
8,260.1,1759.7314627335438
8,260.2,1770.390711779366
8,260.3,1764.8054098449243
8,260.40000000000003,1751.828970862469
8,260.5,1736.7855130199398
8,260.6,1737.691094603753
8,260.7,1729.3727185370178
8,260.8,1736.6255092421563
8,260.90000000000003,1751.0054333266662
8,261.0,2218.174687048003
8,261.1,1785.7788171774812
8,261.2,1761.3922388640538
8,261.3,1743.180449811752
8,261.40000000000003,1768.4680912046608
8,261.5,1763.9376538280076
8,261.6,1734.0273587956005
8,261.7,1734.2707227210335
8,261.8,1722.8393068483997
8,261.90000000000003,1743.8892246977439
8,262.0,1732.3354969189493
8,262.1,1730.8375832675265
8,262.2,1740.9934160217113
8,262.3,1748.9994955063846
8,262.40000000000003,1742.32061447719
8,262.5,1874.5599043737268
8,262.6,1738.8180380229685
8,262.7,1720.9292463227737
8,262.8,1745.8291012831758
8,262.90000000000003,1733.6008595792791
8,263.0,1786.209565504785
8,263.1,1756.6936383147467
8,263.2,1731.7486521072788
8,263.3,1744.0425632906345
8,263.40000000000003,1756.6983257806287
8,263.5,1748.655727001737
8,263.6,1746.7823328684422
8,263.7,1745.5215485837036
8,263.8,1759.860644530494
8,263.90000000000003,1759.169147615484
8,264.0,1760.0835683427695
8,264.1,1746.9078131325014
8,264.2,1750.093104867953
8,264.3,1735.0496929110273
8,264.40000000000003,1732.3933601004605
8,264.5,1743.227821047314
8,264.6,1755.9668827369974
8,264.7,1756.6258604062764
8,264.8,1889.6060541478384
8,264.90000000000003,2014.575807105625
8,265.0,1772.7890749138012
8,265.1,1761.2185092806722
8,265.2,1747.7312921320595
8,265.3,1773.0817460996725
8,265.40000000000003,1761.7279696949429
8,265.5,1776.4847842802749
8,265.6,1725.9638902831853
8,265.7,1732.7360034642707
8,265.8,1726.939742753258
8,265.90000000000003,1742.014694947715
8,266.0,1748.4371746171294
8,266.1,1759.4390985034613
8,266.2,1754.0549716082187
8,266.3,1761.9523394688447
8,266.40000000000003,1762.7802658964467
8,266.5,1752.2364941919066
8,266.6,1768.1541934659533
8,266.7,1763.1219646110821
8,266.8,1758.2409423044385
8,266.90000000000003,1766.286713425307
8,267.0,1755.6882076524087
8,267.1,1739.0398117387451
8,267.2,1713.647205965131
8,267.3,1732.849325255772
8,267.40000000000003,1715.6959988124438
8,267.5,1722.9372488313918
8,267.6,1739.124000765234
8,267.7,1754.4909736641205
8,267.8,1740.530638125837
8,267.90000000000003,1759.026448703061
8,268.0,1752.435995468213
8,268.1,1735.2608582674648
8,268.2,1750.9494425988646
8,268.3,1746.0309355504498
8,268.40000000000003,1765.602364948815
8,268.5,1750.490429960255
8,268.6,1797.1047204912413
8,268.7,1754.7817676503798
8,268.8,1773.0438098695276
8,268.90000000000003,1774.4451204494708
8,269.0,1744.6279354320652
8,269.1,1734.2192404073357
8,269.2,1740.6276386398554
8,269.3,1745.332237198187
8,269.40000000000003,1735.8218847382802
8,269.5,1761.7099718888421
8,269.6,1748.5646921965088
8,269.7,2088.884127082192
8,269.8,1809.3423902579257
8,269.90000000000003,1731.1107991288372
8,270.0,1742.3621520848671
8,270.1,1726.0950700521284
8,270.2,1758.2075056413194
8,270.3,1741.0996443290146
8,270.40000000000003,1927.918646389917
8,270.5,1866.3083863087793
8,270.6,1759.637284096538
8,270.7,1759.4482220132318
8,270.8,1747.6300091918185
8,270.90000000000003,1737.7999951804786
8,271.0,1870.1748200696657
8,271.1,2021.5655127080906
8,271.2,2838.916150483462
8,271.3,2675.389027437648
8,271.40000000000003,1837.6302244884157
8,271.5,1727.7408071916525
8,271.6,1710.7454081755925
8,271.7,1720.9432450260167
8,271.8,1722.0714090176043
8,271.90000000000003,1733.7315530290946
8,272.0,1748.1383278742433
8,272.1,1749.2011188890235
8,272.2,1744.5783458770889
8,272.3,1747.0798593891336
8,272.40000000000003,1756.8931235446237
8,272.5,1756.9579155896147
8,272.6,1759.5130259929906
8,272.7,1904.9086363536533
8,272.8,2720.704649624329
8,272.90000000000003,2355.62037475402
8,273.0,1822.2228109190032
8,273.1,1731.4418299847916
8,273.2,1735.258055882534
8,273.3,1729.937310322543
8,273.40000000000003,1740.2374236492874
8,273.5,1759.4761137770067
8,273.6,1751.2560662985923
8,273.7,1744.4900352727288
8,273.8,1756.138075786345
8,273.90000000000003,1755.2434944402867
8,274.0,1753.6242153542614
8,274.1,1749.3550010465553
8,274.2,1745.5183310030623
8,274.3,1760.5835072083362
8,274.40000000000003,1745.0926216598687
8,274.5,1737.2862294067888
8,274.6,1745.313014348624
8,274.7,2468.3906916982833
8,274.8,2832.257326699168
8,274.90000000000003,3085.9438679175905
8,275.0,3138.6665360755464
8,275.1,2225.7667477454697
8,275.2,1765.8250571595097
8,275.3,1744.4856563347298
8,275.40000000000003,1771.4882996737947
8,275.5,1774.7264901921537
8,275.6,1769.1006260412457
8,275.7,1769.5559541908226
8,275.8,1769.3801977000703
8,275.90000000000003,1779.4496954708936
8,276.0,1760.1370120048991
8,276.1,1740.3655288383045
8,276.2,1758.8822322924977
8,276.3,1772.3877536050109
8,276.40000000000003,1783.8782992027031
8,276.5,1788.0113193642546
8,276.6,1775.5698512940112
8,276.7,1775.5440910992443
8,276.8,1754.0610059394965
8,276.90000000000003,1765.407404097064
8,277.0,1796.248778264413
8,277.1,1758.0107963013418
8,277.2,1744.8892264080814
8,277.3,1750.1613461151164
8,277.40000000000003,1744.8945600141988
8,277.5,1771.8005593133505
8,277.6,1820.7617774383677
8,277.7,1773.7644447426248
8,277.8,1787.9823066262566
8,277.90000000000003,1775.4166038273133
8,278.0,1778.3805849985465
8,278.1,1765.5820017680774
8,278.2,1764.4763670479238
8,278.3,1761.2776110965488
8,278.40000000000003,1778.3992801315408
8,278.5,1763.7500558009863
8,278.6,1768.302739367167
8,278.7,1763.2452970924505
8,278.8,2204.858989664674
8,278.90000000000003,2679.589400809377
8,279.0,2161.5861878808096
8,279.1,1806.2941594877182
8,279.2,1772.0099783459566
8,279.3,1779.9557706736828
8,279.40000000000003,1787.7038688846342
8,279.5,1786.294760162558
8,279.6,1783.0026054879415
8,279.7,1774.722846851768
8,279.8,1782.1052497403882
8,279.90000000000003,1785.9703420092608
8,280.0,1800.9097654653117
8,280.1,1796.8635534484713
8,280.2,1800.7290228872478
8,280.3,1798.354298109916
8,280.40000000000003,1799.0231789154636
8,280.5,1793.4246549032316
8,280.6,1788.1964114891903
8,280.7,1800.6293056527866
8,280.8,1791.5359660779372
8,280.90000000000003,1787.2774920252673
8,281.0,1791.205618186497
8,281.1,1795.2558914647784
8,281.2,1796.5616092740418
8,281.3,1792.505983806092
8,281.40000000000003,1795.7724271291952
8,281.5,1791.6109648598995
8,281.6,1778.292444109465
8,281.7,1764.7538294790886
8,281.8,1755.0837778165378
8,281.90000000000003,1774.5821661668322
8,282.0,1778.050390867976
8,282.1,1755.1049487151565
8,282.2,1768.9047275361395
8,282.3,1764.9189055939712
8,282.40000000000003,1757.5790661916835
8,282.5,1766.244969418319
8,282.6,1753.2008936465947
8,282.7,1756.0600590572449
8,282.8,1755.8896459699997
8,282.90000000000003,1762.8745652217044
8,283.0,1749.478617007892
8,283.1,1780.7560130618876
8,283.2,1768.246598711359
8,283.3,1754.5004299012762
8,283.40000000000003,1769.5348049434856
8,283.5,1761.8260487367243
8,283.6,1774.0426758145306
8,283.7,1764.0107012857861
8,283.8,1765.170308312881
8,283.90000000000003,1763.990578272089
8,284.0,1885.1527495538214
8,284.1,1811.1496369131353
8,284.2,1763.0507417483627
8,284.3,1766.9362716567157
8,284.40000000000003,1748.4182021779293
8,284.5,1746.798653449681
8,284.6,1762.4775168346225
8,284.7,1757.3854981551922
8,284.8,1753.8512833195127
8,284.90000000000003,1752.8140686714542
8,285.0,1758.433951875442
8,285.1,1752.0215378329733
8,285.2,1763.6586824610085
8,285.3,1761.6124837445366
8,285.40000000000003,1765.1184007291567
8,285.5,1763.741814431086
8,285.6,1760.5021149061088
8,285.7,1750.6308617181296
8,285.8,1759.6731139561998
8,285.90000000000003,1750.9895410528375
8,286.0,1750.2429917005627
8,286.1,1758.4984687782094
8,286.2,1767.1448941190758
8,286.3,1755.807412160766
8,286.40000000000003,1764.7226927301244
8,286.5,1755.7722955004158
8,286.6,1766.9516955126046
8,286.7,1761.129773422962
8,286.8,1740.4523619398442
8,286.90000000000003,1750.7584381276515
8,287.0,1768.8164340652663
8,287.1,1745.3599826947193
8,287.2,1768.6627768420003
8,287.3,1753.8571605445225
8,287.40000000000003,1769.0028884245583
8,287.5,1759.7267917024096
8,287.6,1769.5923661229024
8,287.7,1779.8116323511952
8,287.8,1769.34575366029
8,287.90000000000003,1772.0747250877507
8,288.0,1765.4215719361202
8,288.1,1764.0678517144754
8,288.2,1769.1088667127349
8,288.3,1771.238801541704
8,288.40000000000003,1772.2752206059354
8,288.5,1767.912704171184
8,288.6,1757.4068271059032
8,288.7,1759.516207387373
8,288.8,1765.5024019458524
8,288.90000000000003,1769.570967152451
8,289.0,1773.1014840110945
8,289.1,1749.864399795543
8,289.2,1752.6137672301372
8,289.3,1757.4513586110847
8,289.40000000000003,1760.1808286828448
8,289.5,1777.808496151665
8,289.6,1775.716412512925
8,289.7,1781.4926733876298
8,289.8,1778.3448781946458
8,289.90000000000003,1787.3008637660832
8,290.0,1800.5185891923577
8,290.1,1780.9138514997646
8,290.2,1787.4139974108025
8,290.3,1797.9841643345806
8,290.40000000000003,1782.3799761418582
8,290.5,1786.2126047738532
8,290.6,1795.197762456068
8,290.7,1752.169937342666
8,290.8,1759.614569239864
8,290.90000000000003,1773.7568082751754
8,291.0,1791.866960325214
8,291.1,1795.2348641582985
8,291.2,1777.5332403791647
8,291.3,1774.783140532864
8,291.40000000000003,1790.0302877570348
8,291.5,1793.316382148729
8,291.6,1782.779391536862
8,291.7,1774.6911247296105
8,291.8,1777.6260781339363
8,291.90000000000003,1797.7901310790094
8,292.0,1774.546533206406
8,292.1,1802.5078676925825
8,292.2,1789.7649275806225
8,292.3,1787.8148535225907
8,292.40000000000003,1778.4435402424417
8,292.5,1772.7366963150935
8,292.6,1772.495554380238
8,292.7,1776.851310952731
8,292.8,1803.5071118708727
8,292.90000000000003,1806.253767465232
8,293.0,1802.0479054600823
8,293.1,1799.9661336923468
8,293.2,1810.3758584978073
8,293.3,1805.536674020944
8,293.40000000000003,1797.999662850428
8,293.5,1802.6281072431927
8,293.6,1794.2920196876987
8,293.7,1786.3853721883597
8,293.8,1777.8225976647752
8,293.90000000000003,1795.606392818039
8,294.0,1798.6734041571651
8,294.1,2348.226675564904
8,294.2,1994.0068453984566
8,294.3,1788.359012742552
8,294.40000000000003,1791.1407098236807
8,294.5,1795.610235056253
8,294.6,1796.138438986288
8,294.7,2079.9708903763285
8,294.8,2391.75877712173
8,294.90000000000003,1982.1799890795633
8,295.0,1782.572882047934
8,295.1,1787.8927005804699
8,295.2,2111.136483064462
8,295.3,1877.9432315659276
8,295.40000000000003,1772.0258837611773
8,295.5,1766.1588486952626
8,295.6,1765.855942961479
8,295.7,1769.861214629569
8,295.8,1773.8664862976614
8,295.90000000000003,1777.8717579657537
8,296.0,1776.3653477312912
8,296.1,1764.917411464801
8,296.2,1756.5629408358081
8,296.3,1762.7003570324666
8,296.40000000000003,1762.7759691956114
8,296.5,1761.5341967707652
8,296.6,1772.3993321765436
8,296.7,1770.4892515717345
8,296.8,1765.5356515304086
8,296.90000000000003,1766.2073685045532
8,297.0,1772.5290866552448
8,297.1,1780.288283702401
8,297.2,1763.4405463295404
8,297.3,1764.5845761005191
8,297.40000000000003,1757.9161432859178
8,297.5,1768.4706611344761
8,297.6,1762.1664211043242
8,297.7,1758.3439143317376
8,297.8,1761.1125793624396
8,297.90000000000003,1776.9937417956253
8,298.0,1772.861341628005
8,298.1,1781.6339295790726
8,298.2,1739.6785777751375
8,298.3,1736.4713451707776
8,298.40000000000003,1753.4859558596095
8,298.5,1757.4221087756337
8,298.6,2092.735874066324
8,298.7,1886.2558827985079
8,298.8,1766.3493485363265
8,298.90000000000003,1756.5113823544916
8,299.0,1763.2191913210902
8,299.1,1758.583664860766
8,299.2,1762.7038461988266
8,299.3,1765.8574014330477
8,299.40000000000003,1777.5165697581208
8,299.5,1767.4024433057
8,299.6,1765.4080026893148
8,299.7,1755.1084294993157
8,299.8,1764.3939285448787
8,299.90000000000003,1756.8927562971446
8,300.0,1761.3829586220538
8,300.1,1774.59247566124
8,300.2,1754.7484867784112
8,300.3,1766.4981817756407
8,300.40000000000003,1767.593582201991
8,300.5,1767.338064061964
8,300.6,1770.939558224914
8,300.7,1788.354062523141
8,300.8,1788.2861535803718
8,300.90000000000003,1774.8433445402568
8,301.0,1768.3952034713318
8,301.1,1774.0738611008933
8,301.2,1755.5796467898972
8,301.3,1763.1340280757966
8,301.40000000000003,1777.2597949073458
8,301.5,1760.0483117272697
8,301.6,1784.4625113981765
8,301.7,1799.1315714229884
8,301.8,1794.0689411733438
8,301.90000000000003,1786.1663330770934
8,302.0,1779.3942177246981
8,302.1,1781.7787826158872
8,302.2,1773.032868629831
8,302.3,1775.569032102388
8,302.40000000000003,1785.3196131808018
8,302.5,1780.45719489186
8,302.6,1769.4952870128068
8,302.7,1783.611895380067
8,302.8,1787.3635078813609
8,302.90000000000003,1766.7311770923443
8,303.0,1781.0481061213693
8,303.1,1793.159820764429
8,303.2,1766.5965603997577
8,303.3,1769.7993484837968
8,303.40000000000003,1779.6510474848824
8,303.5,1770.7338174305698
8,303.6,1770.6436170689353
8,303.7,1785.7097133558414
8,303.8,1788.9550268679402
8,303.90000000000003,1790.4460642019742
8,304.0,1784.7472303471052
8,304.1,1795.6542718171163
8,304.2,1794.3218957789452
8,304.3,1796.1765769427088
8,304.40000000000003,1791.1515565696411
8,304.5,1790.5824724064964
8,304.6,1782.4574954689372
8,304.7,1781.5669330971093
8,304.8,1793.5813466109407
8,304.90000000000003,1784.93997978034
8,305.0,1779.9984170992575
8,305.1,1781.4461194364987
8,305.2,1790.6884386583445
8,305.3,1796.2589980082105
8,305.40000000000003,1771.770369942085
8,305.5,1775.1747361651226
8,305.6,1772.7407676529988
8,305.7,1778.0102228101512
8,305.8,1794.8422967976708
8,305.90000000000003,1785.9855137704674
8,306.0,1786.955003140645
8,306.1,1793.582334216892
8,306.2,1790.83794603683
8,306.3,1788.6777659457655
8,306.40000000000003,1780.9137134845291
8,306.5,1780.7860671800945
8,306.6,1775.6580577794914
8,306.7,1776.9474214697093
8,306.8,1784.7938412411038
8,306.90000000000003,1791.1636112151377
8,307.0,1779.2771731115665
8,307.1,1782.2497649946058
8,307.20000000000005,1795.0017950283616
8,307.3,1788.6352417892433
8,307.40000000000003,1790.1897333587538
8,307.5,1800.8170566908607
8,307.6,1793.2547671620628
8,307.70000000000005,1794.2091194835875
8,307.8,1791.1296080235609
8,307.90000000000003,1800.5433038345388
8,308.0,1806.1302355068924
8,308.1,1807.8041344100657
8,308.20000000000005,1797.1576757887185
8,308.3,1790.2302793831282
8,308.40000000000003,1791.71134878737
8,308.5,1788.329289917268
8,308.6,1791.8170243030804
8,308.70000000000005,1982.392788564816
8,308.8,1873.8409137981473
8,308.90000000000003,1792.5714171942814
8,309.0,1812.4330565241946
8,309.1,1808.5264189858424
8,309.20000000000005,1797.5933953519473
8,309.3,1799.0360588943438
8,309.40000000000003,1801.0439455421479
8,309.5,1797.3529125042296
8,309.6,1802.2252010999273
8,309.70000000000005,1814.378364977452
8,309.8,1809.1190180679582
8,309.90000000000003,1800.1049937054086
8,310.0,1796.275704860805
8,310.1,1801.1386278129935
8,310.20000000000005,1790.853154218604
8,310.3,1792.698243817064
8,310.40000000000003,1819.019906306485
8,310.5,1815.1067351603288
8,310.6,1813.686496360177
8,310.70000000000005,1806.121235244154
8,310.8,1798.6131398439693
8,310.90000000000003,1791.5365397826781
8,311.0,1795.8410823948798
8,311.1,1799.6628066320354
8,311.20000000000005,1805.4434767402222
8,311.3,1809.112328777275
8,311.40000000000003,1799.921156602856
8,311.5,1798.8001678406329
8,311.6,1794.9988744290652
8,311.70000000000005,1793.79493374335
8,311.8,1793.9370653020665
8,311.90000000000003,1807.1397919382814
8,312.0,1806.5296701297466
8,312.1,1897.496619600812
8,312.20000000000005,1991.2955441684323
8,312.3,1875.3431690835932
8,312.40000000000003,1802.3934253007178
8,312.5,1806.0816450270813
8,312.6,1807.5425795952506
8,312.70000000000005,1802.150019492303
8,312.8,1806.3121289563305
8,312.90000000000003,1811.9968785277722
8,313.0,1806.3971365751718
8,313.1,1801.9039059150402
8,313.20000000000005,1799.9836516438336
8,313.3,1787.4666870463857
8,313.40000000000003,1785.51236055369
8,313.5,1796.3420332769385
8,313.6,1790.919843171817
8,313.70000000000005,1794.9739090932987
8,313.8,1792.1946622796113
8,313.90000000000003,1797.6703805142774
8,314.0,1807.6556898709443
8,314.1,1814.534358825157
8,314.20000000000005,1808.1323943383213
8,314.3,1789.502408553507
8,314.40000000000003,1791.950533376866
8,314.5,1804.2753469665922
8,314.6,1811.3005893160887
8,314.70000000000005,1807.669773156901
8,314.8,1813.0330008163708
8,314.90000000000003,1813.0477584621847
8,315.0,1805.671500762522
8,315.1,1807.3092959743808
8,315.20000000000005,1799.6445163856383
8,315.3,1796.9232462748244
8,315.40000000000003,1799.309604170013
8,315.5,1793.9355815900778
8,315.6,1784.249625378698
8,315.70000000000005,1790.5667505408035
8,315.8,1780.3381567562128
8,315.90000000000003,1793.1962701526588
8,316.0,1801.0397281444205
8,316.1,1808.741141327631
8,316.20000000000005,1803.2050756393705
8,316.3,1797.9290032521337
8,316.40000000000003,1796.2435610972625
8,316.5,1798.1784818140225
8,316.6,1800.1408194946896
8,316.70000000000005,1795.653837088627
8,316.8,1785.145207095692
8,316.90000000000003,1785.2277348420068
8,317.0,1792.7423244213146
8,317.1,1797.935306950899
8,317.20000000000005,1792.61825246116
8,317.3,1791.7374912188236
8,317.40000000000003,1798.372395136042
8,317.5,1791.7604728481933
8,317.6,1793.9728868814946
8,317.70000000000005,1790.9493098458452
8,317.8,1792.635345821122
8,317.90000000000003,1791.2906355616421
8,318.0,1793.5107954434434
8,318.1,1798.8053106457614
8,318.20000000000005,1786.9353279181723
8,318.3,1788.01948634112
8,318.40000000000003,1786.168303101785
8,318.5,1784.805083769197
8,318.6,1784.0818632734265
8,318.70000000000005,1790.9052092874363
8,318.8,1793.191026328556
8,318.90000000000003,1783.1345430765004
8,319.0,1784.2013282292135
8,319.1,1805.963000100088
8,319.20000000000005,1820.848571530289
8,319.3,1813.6857685049786
8,319.40000000000003,1795.8351791263792
8,319.5,1802.869731326461
8,319.6,1799.8948719007155
8,319.70000000000005,1798.1702859047846
8,319.8,1797.352667208692
8,319.90000000000003,1800.4556364340863
8,320.0,1807.9445063444066
8,320.1,1793.4800337987833
8,320.20000000000005,1793.3387388678084
8,320.3,1810.8915884297107
8,320.40000000000003,1841.1228463617192
8,320.5,2031.6818026073113
8,320.6,1933.9988980914568
8,320.70000000000005,1793.2895736835815
8,320.8,1796.095051659777
8,320.90000000000003,1801.029183051721
8,321.0,1803.5578046018095
8,321.1,1803.4956447021646
8,321.20000000000005,1782.847610579978
8,321.3,1766.0436424821096
8,321.40000000000003,1764.7977506604177
8,321.5,1771.3153563813564
8,321.6,1776.1808255907777
8,321.70000000000005,1765.5740197458351
8,321.8,1760.9441670266413
8,321.90000000000003,1780.065219218379
8,322.0,1784.696766692084
8,322.1,1774.9985144845118
8,322.20000000000005,1790.5316892725973
8,322.3,1791.3163884097455
8,322.40000000000003,1782.296923059656
8,322.5,1780.8612141142326
8,322.6,1779.913006485188
8,322.70000000000005,1764.164510345095
8,322.8,1761.6910806492826
8,322.90000000000003,1757.5850659422772
8,323.0,1748.1524187022383
8,323.1,1740.5407218160437
8,323.20000000000005,1749.646516122985
8,323.3,1739.9598251822867
8,323.40000000000003,1738.6806192316742
8,323.5,1742.6316641114236
8,323.6,1741.2197495211017
8,323.70000000000005,1743.7968357286438
8,323.8,1744.3366960296619
8,323.90000000000003,1757.516081000818
8,324.0,1755.485538236815
8,324.1,1749.3100784854414
8,324.20000000000005,1747.7355310705361
8,324.3,1747.5903635104612
8,324.40000000000003,1753.6060507190355
8,324.5,1859.423354567832
8,324.6,1826.2603507605745
8,324.70000000000005,1754.342048243573
8,324.8,1757.7609193661574
8,324.90000000000003,1758.6279395835943
8,325.0,1764.8817006624408
8,325.1,1764.0949453632572
8,325.20000000000005,1762.1541099216283
8,325.3,1770.8339940724022
8,325.40000000000003,1774.5270247962626
8,325.5,1753.7564865523052
8,325.6,1740.0296744524194
8,325.70000000000005,1753.0055128756712
8,325.8,1743.4220668236144
8,325.90000000000003,1744.0857168325222
8,326.0,1751.9783154934948
8,326.1,1740.3260202373312
8,326.20000000000005,1739.521468610159
8,326.3,1759.326928921066
8,326.40000000000003,1784.226730965404
8,326.5,1780.1948811826687
8,326.6,1757.5262812758792
8,326.70000000000005,1755.2496411220486
8,326.8,1763.1055779519909
8,326.90000000000003,1795.2588914678176
8,327.0,2114.965647244965
8,327.1,2118.6379988847366
8,327.20000000000005,1848.6546254668972
8,327.3,1761.5513165402533
8,327.40000000000003,1752.085228018461
8,327.5,1750.3536299688797
8,327.6,1786.7631362553818
8,327.70000000000005,1783.0871702007555
8,327.8,1755.4986905711535
8,327.90000000000003,1750.9627448792357
8,328.0,1747.324069613165
8,328.1,1750.2950753408127
8,328.20000000000005,1764.6145422769525
8,328.3,1753.7602448022417
8,328.40000000000003,1747.5556769385341
8,328.5,1762.956709554855
8,328.6,1766.3367251588725
8,328.70000000000005,1761.7096318333115
8,328.8,1756.2094661578412
8,328.90000000000003,1757.9648012891296
8,329.0,1761.8517065135286
8,329.1,1748.9880664607824
8,329.20000000000005,1749.699535822953
8,329.3,1751.6448073435802
8,329.40000000000003,1741.9937610631464
8,329.5,1739.381656930167
8,329.6,1745.2140362059374
8,329.70000000000005,1798.8429031725937
8,329.8,1863.0385564174774
8,329.90000000000003,1826.09434570363
8,330.0,1763.6058215126532
8,330.1,1747.0278842712762
8,330.20000000000005,1752.12120342184
8,330.3,1750.2438689675862
8,330.40000000000003,1742.843389349924
8,330.5,1746.2721193080613
8,330.6,1753.8834255899117
8,330.70000000000005,1750.8808658355201
8,330.8,1730.7917181222863
8,330.90000000000003,1727.2318939658494
8,331.0,1737.6337634320464
8,331.1,1745.2797216521692
8,331.20000000000005,1745.9923538907287
8,331.3,1749.616912202888
8,331.40000000000003,1746.7460518589953
8,331.5,1743.0620923128245
8,331.6,1743.4417944431461
8,331.70000000000005,1744.4304259401727
8,331.8,1751.9369523644093
8,331.90000000000003,1750.5409581173205
8,332.0,1741.5754342702867
8,332.1,1740.3970172516265
8,332.20000000000005,1740.756114885382
8,332.3,1755.0624956073789
8,332.40000000000003,1754.4543693788664
8,332.5,1749.4357093592655
8,332.6,1756.513921283608
8,332.70000000000005,1759.2045434704298
8,332.8,1759.0661876757958
8,332.90000000000003,1763.1430839780621
8,333.0,1767.1175268350105
8,333.1,1753.1629307677404
8,333.20000000000005,2144.3946036056327
8,333.3,2443.995770265178
8,333.40000000000003,2055.242286401152
8,333.5,1848.9017378735168
8,333.6,1830.201038207259
8,333.70000000000005,1757.3285255539777
8,333.8,1760.8278811392086
8,333.90000000000003,1763.974633619925
8,334.0,1756.8767162880251
8,334.1,1758.435235799464
8,334.20000000000005,1759.3868787799524
8,334.3,1748.866648560148
8,334.40000000000003,1758.1237494619552
8,334.5,2080.7355178037405
8,334.6,2233.9115445102625
8,334.70000000000005,1924.1565139641323
8,334.8,1749.4469329889316
8,334.90000000000003,1746.33427047834
8,335.0,1742.798503235953
8,335.1,1751.6264027737045
8,335.20000000000005,1759.3440555679983
8,335.3,1759.714759228238
8,335.40000000000003,1773.0106629813454
8,335.5,1767.7648684285775
8,335.6,1760.8776728351556
8,335.70000000000005,1779.7508239766198
8,335.8,1765.94512520117
8,335.90000000000003,1759.620145744661
8,336.0,1761.5149232329106
8,336.1,1763.6547317307686
8,336.20000000000005,1767.262356112722
8,336.3,1764.9745294028232
8,336.40000000000003,1763.3934106214251
8,336.5,1762.050930229233
8,336.6,1763.772741443885
8,336.70000000000005,1766.7981196020644
8,336.8,1758.5911737784186
8,336.90000000000003,1757.1302061945169
8,337.0,1772.191345381976
8,337.1,2011.3278292715584
8,337.20000000000005,2138.3509454120485
8,337.3,1892.1792526948473
8,337.40000000000003,1743.2840940471701
8,337.5,1738.3554024662822
8,337.6,1742.2133026914871
8,337.70000000000005,1743.1996662485406
8,337.8,1749.61111232373
8,337.90000000000003,1760.1826967559286
8,338.0,1765.546096153113
8,338.1,1760.6003770259945
8,338.20000000000005,1746.3765707252066
8,338.3,1744.2965095254551
8,338.40000000000003,1756.156418228097
8,338.5,1767.8339123762867
8,338.6,1769.7867991159715
8,338.70000000000005,1751.089374475571
8,338.8,1746.522280435786
8,338.90000000000003,1761.0795171164348
8,339.0,1752.9327000347898
8,339.1,1745.8059526744337
8,339.20000000000005,1747.4308747889975
8,339.3,1748.5717448263129
8,339.40000000000003,1756.2195900867418
8,339.5,1823.761985147996
8,339.6,1813.7954956955518
8,339.70000000000005,1740.0308552751692
8,339.8,1745.694261221467
8,339.90000000000003,1763.614334080609
8,340.0,1762.4142612555938
8,340.1,1752.8108939560598
8,340.20000000000005,1756.7110363532418
8,340.3,1751.2097913607056
8,340.40000000000003,1747.2087621697394
8,340.5,1743.6747290349638
8,340.6,1746.8223223199789
8,340.70000000000005,1765.6577992212801
8,340.8,1762.1804774831985
8,340.90000000000003,1761.8505606959102
8,341.0,1759.194033748749
8,341.1,1748.625082422551
8,341.20000000000005,1751.2033773370538
8,341.3,1745.945441128322
8,341.40000000000003,1739.6804431745388
8,341.5,1741.2959611759911
8,341.6,1739.33047460933
8,341.70000000000005,1739.3056679273743
8,341.8,1740.8464738279845
8,341.90000000000003,1734.3165344818774
8,342.0,1735.0461811195678
8,342.1,1742.6804656399693
8,342.20000000000005,1742.8432408343842
8,342.3,1741.1617820465474
8,342.40000000000003,1740.8132858948372
8,342.5,1740.983599043509
8,342.6,1740.9618620747485
8,342.70000000000005,1730.4609921393069
8,342.8,1723.8106945255424
8,342.90000000000003,1726.3878955985497
8,343.0,1735.5629657225782
8,343.1,1750.3278826458404
8,343.20000000000005,1757.5720913878308
8,343.3,1756.9631330330951
8,343.40000000000003,1751.3721489750023
8,343.5,1747.2646421223697
8,343.6,1750.6029866481763
8,343.70000000000005,1770.1018793903777
8,343.8,1756.90146275094
8,343.90000000000003,1725.4955527092006
8,344.0,1731.5692731776362
8,344.1,1742.201202551135
8,344.20000000000005,1745.6608226557914
8,344.3,1740.532401359183
8,344.40000000000003,1747.3513752689717
8,344.5,1751.7887297591617
8,344.6,1743.6631089630093
8,344.70000000000005,1738.8336823810905
8,344.8,1740.905783320783
8,344.90000000000003,1734.460099929463
8,345.0,1732.8740211362083
8,345.1,1740.1518729313775
8,345.20000000000005,1736.4323964186672
8,345.3,1737.1401254854889
8,345.40000000000003,1746.8608704792402
8,345.5,1744.8415426648812
8,345.6,1741.5427417268338
8,345.70000000000005,1727.1977688092466
8,345.8,1718.1782850586558
8,345.90000000000003,1733.4874374859778
8,346.0,1742.2920829028262
8,346.1,1739.0154976175947
8,346.20000000000005,1744.9341298132142
8,346.3,1752.42009322836
8,346.40000000000003,1746.3557056097754
8,346.5,1734.8265167921652
8,346.6,1737.7280462033416
8,346.70000000000005,1746.9942566661412
8,346.8,1741.1426233693933
8,346.90000000000003,1739.4577510089146
8,347.0,1738.8404327963074
8,347.1,1735.6891617179467
8,347.20000000000005,1736.817735527161
8,347.3,1738.9714059162047
8,347.40000000000003,1731.1611108378636
8,347.5,1737.255728798212
8,347.6,1753.543301621535
8,347.70000000000005,1748.4792779938045
8,347.8,1747.6731826014004
8,347.90000000000003,1742.7981648135064
8,348.0,1740.450312013592
8,348.1,1735.5465446735209
8,348.20000000000005,1743.5907335573304
8,348.3,1749.1099311177195
8,348.40000000000003,1750.89409623625
8,348.5,1747.5940936727804
8,348.6,1745.0785844016984
8,348.70000000000005,1749.8371085782892
8,348.8,1739.6605811333864
8,348.90000000000003,1742.5702471470263
8,349.0,1748.534608937669
8,349.1,1743.6471674434817
8,349.20000000000005,1755.3877261408652
8,349.3,1763.3552690602714
8,349.40000000000003,1764.376857754985
8,349.5,1758.3297065063803
8,349.6,1756.069102510348
8,349.70000000000005,1764.7410825983532
8,349.8,1761.8668589865695
8,349.90000000000003,1745.3366516191745
8,350.0,1752.400585702133
8,350.1,1764.9746999015877
8,350.20000000000005,1765.1079112996215
8,350.3,1757.2271268114011
8,350.40000000000003,1751.1260190635285
8,350.5,1753.153868029195
8,350.6,1756.1625506991386
8,350.70000000000005,1760.758042261632
8,350.8,1762.391249051496
8,350.90000000000003,1763.180123731299
8,351.0,1753.3604005013594
8,351.1,1747.8209652216033
8,351.20000000000005,1756.2829454784555
8,351.3,1748.9795232664148
8,351.40000000000003,1751.775199536296
8,351.5,1756.2491246848624
8,351.6,1751.4647966134382
8,351.70000000000005,1757.303989177069
8,351.8,1765.7618549526624
8,351.90000000000003,1762.4178516625022
8,352.0,1758.1243402127445
8,352.1,1744.0939558672933
8,352.20000000000005,1809.1224307391612
8,352.3,1829.5340939374864
8,352.40000000000003,1748.0875266909538
8,352.5,1741.9650497358557
8,352.6,1739.9708703547408
8,352.70000000000005,1742.0166167202826
8,352.8,1747.3245319736654
8,352.90000000000003,1751.3268188008433
8,353.0,1743.4758429967117
8,353.1,1741.8463123288227
8,353.20000000000005,1771.540224933362
8,353.3,1782.095399513885
8,353.40000000000003,1746.3483382378713
8,353.5,1737.3940781634612
8,353.6,1740.7894098098434
8,353.70000000000005,1739.686493388877
8,353.8,1752.6886026487873
8,353.90000000000003,1755.4462845798396
8,354.0,1749.0431470707376
8,354.1,1750.8931739236532
8,354.20000000000005,1749.0688008034997
8,354.3,1743.3804919332506
8,354.40000000000003,1749.7780580223523
8,354.5,1754.0103936369842
8,354.6,1740.6901693694501
8,354.70000000000005,1741.3179169817706
8,354.8,1739.470472699844
8,354.90000000000003,1723.1436469643234
8,355.0,1729.3057815411598
8,355.1,1737.8202767802536
8,355.20000000000005,1742.302440687511
8,355.3,1738.9624241593276
8,355.40000000000003,1733.925086614191
8,355.5,1727.5667089296521
8,355.6,1785.042041545846
8,355.70000000000005,1827.8347019022008
8,355.8,1766.5648411202321
8,355.90000000000003,1754.903278837069
8,356.0,1893.898996759266
8,356.1,1952.1727608369788
8,356.20000000000005,1759.1240514361739
8,356.3,1758.9340488506127
8,356.40000000000003,1752.2965803341285
8,356.5,1751.827374948172
8,356.6,1752.8709330000488
8,356.70000000000005,1756.511814273998
8,356.8,1746.471303908154
8,356.90000000000003,1740.3480267588022
8,357.0,1738.793379128918
8,357.1,1753.2033822943283
8,357.20000000000005,1792.402896887984
8,357.3,1795.884709323297
8,357.40000000000003,1748.953487371682
8,357.5,1752.380236303761
8,357.6,1754.2264446109257
8,357.70000000000005,1749.9458166624163
8,357.8,1744.6052018853436
8,357.90000000000003,1755.0967904331308
8,358.0,1770.4591099371394
8,358.1,1757.0368316089466
8,358.20000000000005,1752.884391668448
8,358.3,1747.67655754829
8,358.40000000000003,1759.6942780069646
8,358.5,1763.3315767011945
8,358.6,1744.7734384511236
8,358.70000000000005,1738.5089244531316
8,358.8,1756.0563492487986
8,358.90000000000003,1767.0178458085034
8,359.0,1752.1523003448021
8,359.1,1751.9534712197283
8,359.20000000000005,1750.4292951543746
8,359.3,1750.2905756829407
8,359.40000000000003,1751.4726172200883
8,359.5,1739.821961636524
8,359.6,1753.8402238619635
8,359.70000000000005,1780.1940319394155
8,359.8,1749.318034523579
8,359.90000000000003,1747.5472565867617
8,360.0,1751.1422160890231
8,360.1,1749.6864646293054
8,360.20000000000005,1745.5209570719178
8,360.3,1750.2594582299962
8,360.40000000000003,1751.324272422091
8,360.5,1756.712341186535
8,360.6,1755.9889106759397
8,360.70000000000005,1731.9696812607333
8,360.8,1737.3403544098724
8,360.90000000000003,1756.618588413029
8,361.0,1759.6732673638912
8,361.1,1753.3829747123202
8,361.20000000000005,1750.6498206240008
8,361.3,1765.659277765994
8,361.40000000000003,1758.7475113850894
8,361.5,1748.8440775437066
8,361.6,1736.5592884364694
8,361.70000000000005,1748.1468467818984
8,361.8,1745.936111451387
8,361.90000000000003,1743.6646892118438
8,362.0,1745.525687106375
8,362.1,1764.1003843758422
8,362.20000000000005,1752.500447131972
8,362.3,1757.219958174533
8,362.40000000000003,1755.2439590316048
8,362.5,1760.3510830809485
8,362.6,1743.7689628155176
8,362.70000000000005,1741.3938026394726
8,362.8,1736.651580238952
8,362.90000000000003,1746.5919521296053
8,363.0,1760.6302263504417
8,363.1,1747.2478305931959
8,363.20000000000005,1751.8951743430312
8,363.3,1738.216686264118
8,363.40000000000003,1749.5615009064618
8,363.5,1769.675675070295
8,363.6,1872.5896880957273
8,363.70000000000005,1957.5479462191884
8,363.8,1762.791801589855
8,363.90000000000003,1744.3598196901319
8,364.0,1746.8578099719057
8,364.1,1751.50688524759
8,364.20000000000005,1759.32207662611
8,364.3,1770.5726217081642
8,364.40000000000003,1765.6246703514862
8,364.5,1753.6208278070737
8,364.6,1758.7635887634744
8,364.70000000000005,1762.4028360543816
8,364.8,1755.8187616945024
8,364.90000000000003,1747.0085637558448
8,365.0,1737.0648781251489
8,365.1,1744.6667616846964
8,365.20000000000005,1747.8646017509484
8,365.3,1753.9670713733553
8,365.40000000000003,1747.7117947681209
8,365.5,1754.029157356705
8,365.6,1754.1366472678076
8,365.70000000000005,1741.6834439387123
8,365.8,1755.2602804541725
8,365.90000000000003,1762.4004225828853
8,366.0,1763.4213695432536
8,366.1,1758.4091728887902
8,366.20000000000005,1759.4128978361018
8,366.3,1751.4890848483562
8,366.40000000000003,1758.203466418848
8,366.5,1763.2041844404093
8,366.6,1759.7203033107164
8,366.70000000000005,1736.5812671051256
8,366.8,1760.730432839857
8,366.90000000000003,1762.4294996497129
8,367.0,1745.4925948921893
8,367.1,1754.5520308872408
8,367.20000000000005,1765.9922781791176
8,367.3,1763.6006811164157
8,367.40000000000003,1773.0278430454423
8,367.5,1753.9249162860076
8,367.6,1763.1958863143545
8,367.70000000000005,1764.1331968632446
8,367.8,1762.4198708457527
8,367.90000000000003,1757.822521513611
8,368.0,1765.7744604029403
8,368.1,1768.788287748356
8,368.20000000000005,1763.8802745402659
8,368.3,1742.5559551011193
8,368.40000000000003,1760.1391372315152
8,368.5,1755.6458742705456
8,368.6,1750.2217004503495
8,368.70000000000005,1770.5244103608188
8,368.8,1766.6872749256568
8,368.90000000000003,2014.7631639926801
8,369.0,2232.5990596597408
8,369.1,1762.101847046213
8,369.20000000000005,1765.2062478169041
8,369.3,1747.2031291051053
8,369.40000000000003,1753.855432063072
8,369.5,1764.4690281561266
8,369.6,1768.4464906695841
8,369.70000000000005,1757.3697754752752
8,369.8,1771.128636091864
8,369.90000000000003,1780.6477436835817
8,370.0,1778.2658901388515
8,370.1,1766.5716164452278
8,370.20000000000005,1768.8714801583014
8,370.3,1754.4140066180744
8,370.40000000000003,1757.8711049200276
8,370.5,1823.3289516005282
8,370.6,1906.2000118063143
8,370.70000000000005,1763.3258213819286
8,370.8,1766.4225708190415
8,370.90000000000003,1766.3200998663183
8,371.0,1764.822564536114
8,371.1,1763.9192512912355
8,371.20000000000005,1754.6176411763938
8,371.3,1758.763464530393
8,371.40000000000003,1752.4219295029384
8,371.5,1764.7478661249584
8,371.6,1754.4392107102906
8,371.70000000000005,1949.3816251159199
8,371.8,2181.0762395868323
8,371.90000000000003,1762.0115688433498
8,372.0,1760.7613329401672
8,372.1,1762.7868894279002
8,372.20000000000005,1773.9200397893485
8,372.3,1761.9428416118785
8,372.40000000000003,1755.9256956380054
8,372.5,1762.2427695266053
8,372.6,1760.0245826087594
8,372.70000000000005,1760.2263102363263
8,372.8,1752.9333731226568
8,372.90000000000003,1756.7029472287065
8,373.0,1752.1525278570084
8,373.1,1753.9098475850758
8,373.20000000000005,1758.9749975475404
8,373.3,1762.9472263736686
8,373.40000000000003,1759.6784416623916
8,373.5,1751.8339342653644
8,373.6,1757.4857456538402
8,373.70000000000005,1753.5580069075143
8,373.8,1753.7985621408702
8,373.90000000000003,1749.4750866267284
8,374.0,1746.1586861840537
8,374.1,1737.0378984292156
8,374.20000000000005,1732.572528137417
8,374.3,1749.4852361485284
8,374.40000000000003,1749.3674599257029
8,374.5,1753.0228501508357
8,374.6,1752.0770355736397
8,374.70000000000005,1741.4533898999005
8,374.8,1743.16404872504
8,374.90000000000003,1735.4465261991875
8,375.0,1750.2910551733669
8,375.1,1744.6765616720108
8,375.20000000000005,1743.8769820809084
8,375.3,1752.3275144470683
8,375.40000000000003,1747.2075199648225
8,375.5,1737.6198262343833
8,375.6,1742.7661403801133
8,375.70000000000005,1735.0994880612468
8,375.8,1743.345830435999
8,375.90000000000003,1758.132925361585
8,376.0,1736.158905936878
8,376.1,1741.2849097155588
8,376.20000000000005,1742.0280980572581
8,376.3,1753.2888699629464
8,376.40000000000003,1760.203603248582
8,376.5,1770.3950255281839
8,376.6,1756.0303819931287
8,376.70000000000005,1771.155417526249
8,376.8,1778.4637812734447
8,376.90000000000003,1796.859885114645
8,377.0,1766.9347708094558
8,377.1,1755.0213211275284
8,377.20000000000005,1760.1444758841658
8,377.3,1815.6542510545157
8,377.40000000000003,1902.5570197517322
8,377.5,1747.427213050753
8,377.6,1755.4051037245622
8,377.70000000000005,1740.3199687936176
8,377.8,1738.8714593271434
8,377.90000000000003,1747.7167237675894
8,378.0,1754.9075665082853
8,378.1,1751.8913770198208
8,378.20000000000005,1749.4404312665113
8,378.3,1743.4026158777897
8,378.40000000000003,1747.9518159494262
8,378.5,1829.8652537672997
8,378.6,1959.1790397674706
8,378.70000000000005,1765.1014658846848
8,378.8,1751.8198471935239
8,378.90000000000003,1741.1621474896451
8,379.0,1742.2197826917852
8,379.1,1745.8044358113805
8,379.20000000000005,1734.654649300871
8,379.3,1748.1753418483015
8,379.40000000000003,1751.612182947668
8,379.5,1753.07499341624
8,379.6,1743.9122895045643
8,379.70000000000005,1752.9074639190737
8,379.8,1748.9592533100783
8,379.90000000000003,1754.9045929471956
8,380.0,1751.186194131033
8,380.1,1756.6621813061765
8,380.20000000000005,1759.1123925917796
8,380.3,1752.4015622627282
8,380.40000000000003,1740.3882885522164
8,380.5,1739.4264215881337
8,380.6,1736.2955680808295
8,380.70000000000005,1741.385215230862
8,380.8,1899.118500432312
8,380.90000000000003,2175.27119793099
8,381.0,1757.7686519771723
8,381.1,1760.4727407043067
8,381.20000000000005,1754.6664489142831
8,381.3,1761.8782377004811
8,381.40000000000003,1740.1509521679445
8,381.5,1872.8648194555644
8,381.6,2398.660832026213
8,381.70000000000005,2665.5193919590934
8,381.8,2082.825079614494
8,381.90000000000003,1742.1357135353098
8,382.0,1754.2547528445443
8,382.1,1760.4723603465557
8,382.20000000000005,1730.97372814374
8,382.3,1737.7145893879026
8,382.40000000000003,1736.219121290046
8,382.5,1744.052278573488
8,382.6,1760.7441455545325
8,382.70000000000005,1745.9898705256603
8,382.8,1743.1085984907306
8,382.90000000000003,1752.630899381905
8,383.0,1750.936971608848
8,383.1,1729.998853536074
8,383.20000000000005,1743.6198896313845
8,383.3,1731.5803922022599
8,383.40000000000003,1737.3863392331891
8,383.5,1744.0019709048797
8,383.6,1803.1528817135704
8,383.70000000000005,1878.9677720188945
8,383.8,1789.7435046728287
8,383.90000000000003,1876.9239769746478
8,384.0,1732.0195506152365
8,384.1,1716.7718889981327
8,384.20000000000005,1729.1923248747833
8,384.3,1740.5059600417515
8,384.40000000000003,1753.3820573176802
8,384.5,1735.1788987609016
8,384.6,1744.320810802701
8,384.70000000000005,1755.7267908087435
8,384.8,1746.0771236633295
8,384.90000000000003,1744.9387659081926
8,385.0,1743.4495463351282
8,385.1,1765.9998881593615
8,385.20000000000005,1758.9746332981554
8,385.3,1768.1458526902447
8,385.40000000000003,1753.6491874440983
8,385.5,1755.2526366710274
8,385.6,1719.6018547615636
8,385.70000000000005,1735.5927218372838
8,385.8,1740.1774023561784
8,385.90000000000003,1750.1748646234141
8,386.0,1741.040993618689
8,386.1,1753.1247468795991
8,386.20000000000005,1749.7345413415155
8,386.3,1760.0047010699052
8,386.40000000000003,1742.0629960454428
8,386.5,1750.4491263671587
8,386.6,1732.8066689237141
8,386.70000000000005,1746.3518284486777
8,386.8,1749.0071591561884
8,386.90000000000003,1750.6292441407122
8,387.0,1748.7553242809179
8,387.1,1741.1351333784514
8,387.20000000000005,1749.4478721288676
8,387.3,1753.688662875689
8,387.40000000000003,1756.8183651300303
8,387.5,1747.7007344034084
8,387.6,1741.9622979435853
8,387.70000000000005,1752.327331443229
8,387.8,1757.78712573577
8,387.90000000000003,1743.9493789292374
8,388.0,1753.5415326187967
8,388.1,1756.9039577173019
8,388.20000000000005,1761.3747345679835
8,388.3,1757.9611960339873
8,388.40000000000003,1747.4047386343861
8,388.5,1742.5795106334308
8,388.6,1738.241960046137
8,388.70000000000005,1803.9263338459
8,388.8,1919.2011162445594
8,388.90000000000003,1780.9926285322035
8,389.0,1759.6494199989038
8,389.1,1762.7082362683652
8,389.20000000000005,1766.2363007681224
8,389.3,1765.6685760444725
8,389.40000000000003,1757.979501681593
8,389.5,1766.817096316295
8,389.6,1754.14476025964
8,389.70000000000005,1754.8987450096374
8,389.8,1752.0551707762033
8,389.90000000000003,1752.3109326270521
8,390.0,1758.6529182193162
8,390.1,1753.3427725803779
8,390.20000000000005,1747.4974823822126
8,390.3,1750.8869107167177
8,390.40000000000003,1739.1693137193433
8,390.5,1745.0174681613578
8,390.6,1753.7934288987035
8,390.70000000000005,1755.6745069586964
8,390.8,1731.9180278938113
8,390.90000000000003,1744.7167079553797
8,391.0,1753.9826370225987
8,391.1,1745.2685633681917
8,391.20000000000005,1761.6724123075758
8,391.3,1858.8317800004388
8,391.40000000000003,2145.748599487984
8,391.5,1738.9406019034138
8,391.6,1737.6658107113537
8,391.70000000000005,1752.7936214401138
8,391.8,1754.4749989534344
8,391.90000000000003,1743.1261038664056
8,392.0,1739.9324332793212
8,392.1,1747.8117969232237
8,392.20000000000005,1751.9526400844582
8,392.3,1763.841057492248
8,392.40000000000003,1754.8183924881748
8,392.5,1764.0228835353998
8,392.6,1748.7092795148474
8,392.70000000000005,1753.6521234427112
8,392.8,1748.3333511523304
8,392.90000000000003,1762.4913078837799
8,393.0,1758.5917067230935
8,393.1,1754.8380814072366
8,393.20000000000005,1744.322218951022
8,393.3,1763.5803313028532
8,393.40000000000003,1763.3744554895836
8,393.5,1771.4656402045423
8,393.6,1796.7692196585008
8,393.70000000000005,1950.0341405900717
8,393.8,1753.6915191517928
8,393.90000000000003,1740.633056396555
8,394.0,1758.6140255103376
8,394.1,1749.196409614204
8,394.20000000000005,1761.7554308182962
8,394.3,1728.0358264306076
8,394.40000000000003,1743.5388198194762
8,394.5,1742.7694508992822
8,394.6,1740.8943771239842
8,394.70000000000005,1739.7973290138223
8,394.8,1749.5522797468968
8,394.90000000000003,1758.6323862848424
8,395.0,1761.8615623056485
8,395.1,1753.4306988219193
8,395.20000000000005,1753.4509901397855
8,395.3,1767.3940546938852
8,395.40000000000003,1763.5698729584433
8,395.5,1746.3962552719993
8,395.6,1748.555313494478
8,395.70000000000005,1772.489818775318
8,395.8,1836.4209857169649
8,395.90000000000003,1760.4426735590928
8,396.0,1743.3099489027093
8,396.1,1740.2819796038355
8,396.20000000000005,1757.6828867047125
8,396.3,1728.3269449090124
8,396.40000000000003,1731.4163245748528
8,396.5,1750.1406931319684
8,396.6,1738.3441310281762
8,396.70000000000005,1753.4221699677616
8,396.8,1756.1121397334568
8,396.90000000000003,1756.9997739264677
8,397.0,1753.1615783407558
8,397.1,1760.2014521235606
8,397.20000000000005,1753.8926690231226
8,397.3,1759.4052003283402
8,397.40000000000003,1729.353994373214
8,397.5,1732.387086877992
8,397.6,1721.9865184824466
8,397.70000000000005,1742.633810254273
8,397.8,1748.6127843081117
8,397.90000000000003,1760.8821485384815
8,398.0,1734.970343218037
8,398.1,1724.4153819190005
8,398.20000000000005,1738.6487788580114
8,398.3,1760.0411133562081
8,398.40000000000003,1760.343165996459
8,398.5,1765.270869269957
8,398.6,1737.7485301775666
8,398.70000000000005,1896.482808035158
8,398.8,2677.4269010782414
8,398.90000000000003,2900.770472805067
8,399.0,3051.0466254002745
8,399.1,2777.62115185273
8,399.20000000000005,1943.3944377109922
8,399.3,1875.5018873289368
8,399.40000000000003,1804.3759499334858
8,399.5,1723.8496295228451
8,399.6,1735.7279154408945
8,399.70000000000005,1763.750540002513
8,399.8,1740.310415513729
8,399.90000000000003,1742.7799911554114
8,400.0,1763.0400163008253
8,400.1,1839.7986515452412
8,400.20000000000005,1766.365916759245
8,400.3,1772.9309985417094
8,400.40000000000003,1756.122291829288
8,400.5,1744.8044079605784
8,400.6,1761.5191818787423
8,400.70000000000005,1743.0659336416863
8,400.8,1765.5518097162503
8,400.90000000000003,1756.7288006843532
8,401.0,1764.7414228925309
8,401.1,1878.4672945327782
8,401.20000000000005,2526.2303180791473
8,401.3,2289.038296270547
8,401.40000000000003,1790.9088915959555
8,401.5,1789.8459881573053
8,401.6,1790.8447004992024
8,401.70000000000005,1795.885299169341
8,401.8,1784.059380650511
8,401.90000000000003,1781.5392740372638
8,402.0,1765.143998722812
8,402.1,1787.1380683927962
8,402.20000000000005,1779.7708622998919
8,402.3,1839.800126248728
8,402.40000000000003,2208.680727592298
8,402.5,1783.7405816915907
8,402.6,1777.6474124124315
8,402.70000000000005,1774.3054962251658
8,402.8,1773.8191547278693
8,402.90000000000003,1764.541246925995
8,403.0,1750.8853687641777
8,403.1,1751.5511940972535
8,403.20000000000005,1753.7160264246345
8,403.3,1753.4231930078229
8,403.40000000000003,1756.3140126929886
8,403.5,1772.3499155050395
8,403.6,1760.4844251364802
8,403.70000000000005,1772.83848182916
8,403.8,1767.1275070765146
8,403.90000000000003,1781.5202603061914
8,404.0,1768.8193789924417
8,404.1,1784.3344250723414
8,404.20000000000005,1853.5880794796558
8,404.3,1764.6849724458846
8,404.40000000000003,1748.4576046421225
8,404.5,1758.026780359713
8,404.6,1765.794409269222
8,404.70000000000005,1770.2803627072342
8,404.8,1772.957004309586
8,404.90000000000003,1768.3765792580944
8,405.0,1783.4317770412272
8,405.1,1762.5326491215685
8,405.20000000000005,1755.9196752041455
8,405.3,1745.2576191370792
8,405.40000000000003,1757.4556568379655
8,405.5,1768.8020264287527
8,405.6,1776.4849154658104
8,405.70000000000005,1760.2923199254585
8,405.8,1748.0799623174469
8,405.90000000000003,1761.5536998253447
8,406.0,1766.7067491558864
8,406.1,1746.5324228476452
8,406.20000000000005,1771.51754700217
8,406.3,1770.5139013665435
8,406.40000000000003,1750.0033828332707
8,406.5,1775.1453572582527
8,406.6,1764.8229222224106
8,406.70000000000005,1777.5109908672457
8,406.8,1825.5691690431884
8,406.90000000000003,2047.1847956756724
8,407.0,1762.8203368884567
8,407.1,1770.2126356369595
8,407.20000000000005,1757.8969834387394
8,407.3,1765.788019716154
8,407.40000000000003,1758.3309555663643
8,407.5,1769.890212192408
8,407.6,1730.327871372921
8,407.70000000000005,1752.205468407068
8,407.8,1750.8308588820908
8,407.90000000000003,1754.6794215234663
8,408.0,1734.2694453117742
8,408.1,1759.851147056341
8,408.20000000000005,1754.8143343892725
8,408.3,1763.9280677344868
8,408.40000000000003,1759.91221472518
8,408.5,1752.5811399010154
8,408.6,1769.8556741277612
8,408.70000000000005,1807.0956912033362
8,408.8,1765.9723168340192
8,408.90000000000003,1736.2307797624878
8,409.0,1759.8436344506476
8,409.1,1740.7157807037036
8,409.20000000000005,1745.1378323828942
8,409.3,1743.9496708645283
8,409.40000000000003,1744.2560417553639
8,409.5,1738.051191359775
8,409.6,1746.9281092992978
8,409.70000000000005,1739.021127453087
8,409.8,1739.2707632599584
8,409.90000000000003,1764.2595417773325
8,410.0,1854.4727224248982
8,410.1,1720.0090050583622
8,410.20000000000005,1741.346032593846
8,410.3,1735.243446998299
8,410.40000000000003,1737.868512395989
8,410.5,1738.577675145652
8,410.6,1745.6714164233038
8,410.70000000000005,1751.019844852591
8,410.8,1739.8661335002917
8,410.90000000000003,1757.7098814131882
8,411.0,1747.7179607853882
8,411.1,1750.6553814501424
8,411.20000000000005,1750.4664880951339
8,411.3,1768.502920407995
8,411.40000000000003,1763.4646963955456
8,411.5,1756.7070314557425
8,411.6,1735.8351857046844
8,411.70000000000005,1729.2252780424358
8,411.8,1734.9655255992304
8,411.90000000000003,1753.355517660959
8,412.0,1742.0680720499824
8,412.1,1750.1842659265512
8,412.20000000000005,1752.6917870112175
8,412.3,1760.6988656830983
8,412.40000000000003,1764.7976548467232
8,412.5,1737.2676207564568
8,412.6,1760.0113534730258
8,412.70000000000005,1731.1749358729694
8,412.8,1737.7207689449015
8,412.90000000000003,1736.2194219371331
8,413.0,1726.2846785276017
8,413.1,1752.3049554286763
8,413.20000000000005,1737.643012417175
8,413.3,1756.3808583599616
8,413.40000000000003,1752.4888639606563
8,413.5,1759.1041397423614
8,413.6,1754.7458508594946
8,413.70000000000005,1757.482312475946
8,413.8,1726.0394775402858
8,413.90000000000003,1750.2328016246397
8,414.0,1746.1711132411322
8,414.1,1734.8515041476012
8,414.20000000000005,1726.501842907601
8,414.3,1743.0899102937997
8,414.40000000000003,1724.7071842690789
8,414.5,1751.0392411024059
8,414.6,1741.460410730044
8,414.70000000000005,1764.3204205724132
8,414.8,1757.604148718854
8,414.90000000000003,1765.7008256391364
8,415.0,1747.2183804481215
8,415.1,1762.048375565383
8,415.20000000000005,1739.0687427635348
8,415.3,1747.2343030743793
8,415.40000000000003,1749.164468087796
8,415.5,1730.4734821882162
8,415.6,1751.4122550295203
8,415.70000000000005,1738.9770951466035
8,415.8,1757.6440565124847
8,415.90000000000003,1759.9649027553924
8,416.0,2065.2636657953303
8,416.1,2040.0938322230882
8,416.20000000000005,1778.6359998184087
8,416.3,1745.1818937402293
8,416.40000000000003,1736.9287169411334
8,416.5,1731.334901179291
8,416.6,1730.663808809937
8,416.70000000000005,1733.4427710169493
8,416.8,1736.4090340551675
8,416.90000000000003,1742.2060967512914
8,417.0,1751.22442404727
8,417.1,1741.181417993268
8,417.20000000000005,1729.147987535618
8,417.3,1717.8382219693776
8,417.40000000000003,1734.2113911829902
8,417.5,1739.8181273790035
8,417.6,1748.8590437077605
8,417.70000000000005,1738.5528071171402
8,417.8,1740.58346141261
8,417.90000000000003,1742.212947065528
8,418.0,1750.9555848802129
8,418.1,1712.7541736262751
8,418.20000000000005,1738.6548846816813
8,418.3,1745.6387100595462
8,418.40000000000003,1915.910737331046
8,418.5,1725.258601199043
8,418.6,1742.6328956985244
8,418.70000000000005,1739.841610473572
8,418.8,1749.2565774234736
8,418.90000000000003,1740.0564186633744
8,419.0,1755.8416012162054
8,419.1,1751.0564332151491
8,419.20000000000005,1773.8314510033524
8,419.3,1766.0908082596527
8,419.40000000000003,1757.6259848297614
8,419.5,1737.878261485745
8,419.6,1736.4790324404307
8,419.70000000000005,1735.819410174788
8,419.8,1750.534399618278
8,419.90000000000003,1810.6280802155434
8,420.0,1941.924429590587
8,420.1,2181.6906204532543
8,420.20000000000005,1741.5924131450636
8,420.3,1750.9359028212625
8,420.40000000000003,1737.8643833750814
8,420.5,1761.6090860452316
8,420.6,1748.062398995866
8,420.70000000000005,1779.7207336469098
8,420.8,1762.3843890512392
8,420.90000000000003,1746.262823953052
8,421.0,1753.7588970486615
8,421.1,1740.4339581119045
8,421.20000000000005,1740.2712455421572
8,421.3,1759.8772163829506
8,421.40000000000003,1761.9970393641477
8,421.5,1745.1581676861451
8,421.6,1733.7607439446267
8,421.70000000000005,1753.2425447626977
8,421.8,1731.2354430403523
8,421.90000000000003,1735.9075946682144
8,422.0,1729.453679260029
8,422.1,1753.7870790228224
8,422.20000000000005,1726.7598244362523
8,422.3,1898.336583621165
8,422.40000000000003,1749.0616995034059
8,422.5,1744.5921260383257
8,422.6,1750.9246723625681
8,422.70000000000005,1741.2472669130598
8,422.8,1756.2190399548203
8,422.90000000000003,1741.1196974291165
8,423.0,1743.971978024963
8,423.1,1727.2025718960174
8,423.20000000000005,1744.3394166429546
8,423.3,1739.3655761153498
8,423.40000000000003,1749.3987472080394
8,423.5,1738.7927402482906
8,423.6,1827.3221677318095
8,423.70000000000005,1915.0302373434142
8,423.8,1967.8391937654014
8,423.90000000000003,1731.9480497694701
8,424.0,1741.1168584244765
8,424.1,1749.6149555361765
8,424.20000000000005,1754.9174289680586
8,424.3,1750.164866434419
8,424.40000000000003,1758.9934283550003
8,424.5,1767.4040865247143
8,424.6,1760.667587324977
8,424.70000000000005,1760.230548180663
8,424.8,1804.677402041128
8,424.90000000000003,1766.083515687587
8,425.0,1752.0847064374082
8,425.1,1770.9473163330626
8,425.20000000000005,1754.4465432024417
8,425.3,1757.490175548697
8,425.40000000000003,1743.8165084761793
8,425.5,1754.2847014530255
8,425.6,1728.001266139137
8,425.70000000000005,1765.668127137026
8,425.8,1743.4643902370733
8,425.90000000000003,1739.1219692038792
8,426.0,1734.9740978502261
8,426.1,1741.0800607826177
8,426.20000000000005,1721.901692988946
8,426.3,1752.808580356928
8,426.40000000000003,1734.838077918666
8,426.5,1764.8903326756783
8,426.6,1750.1243569538735
8,426.70000000000005,1766.7675656208935
8,426.8,1742.868986393651
8,426.90000000000003,1752.8304649945183
8,427.0,1750.036504253281
8,427.1,1805.710903772923
8,427.20000000000005,1859.4118099878626
8,427.3,1736.554666590101
8,427.40000000000003,1756.0832633643154
8,427.5,1750.4087412890515
8,427.6,1755.5610311726168
8,427.70000000000005,1745.9687814006395
8,427.8,1779.0411067463426
8,427.90000000000003,1743.351152329241
8,428.0,1757.4318075231254
8,428.1,1724.8809538246376
8,428.20000000000005,1736.935693043384
8,428.3,1716.8487539759287
8,428.40000000000003,1754.8730026334413
8,428.5,1736.7758952186698
8,428.6,1750.6649176429314
8,428.70000000000005,1722.6046055125632
8,428.8,1763.5294649662537
8,428.90000000000003,1721.047696649076
8,429.0,1727.764249095718
8,429.1,1758.290810769421
8,429.20000000000005,1734.7098980973265
8,429.3,1767.2906918894485
8,429.40000000000003,1750.8262964717374
8,429.5,1742.1567090907793
8,429.6,1758.2750087917152
8,429.70000000000005,1735.567752277867
8,429.8,1789.0391108684887
8,429.90000000000003,1748.8601595351372
8,430.0,1741.0939020248857
8,430.1,1745.74926455959
8,430.20000000000005,1741.2891997212107
8,430.3,1749.6125383564035
8,430.40000000000003,1757.3544554905884
8,430.5,1740.6894877336283
8,430.6,1914.5097899680868
8,430.70000000000005,1728.1071590674824
8,430.8,1743.2166474285339
8,430.90000000000003,1738.3911076515776
8,431.0,1753.592514796988
8,431.1,1741.7001786216185
8,431.20000000000005,1750.3913223512182
8,431.3,1747.6197350601196
8,431.40000000000003,1752.0336633529141
8,431.5,1742.8633075515356
8,431.6,1751.619363739738
8,431.70000000000005,1744.1838571085405
8,431.8,1745.8620024019276
8,431.90000000000003,1716.2816701063844
8,432.0,1752.3701017182589
8,432.1,1731.3890750882795
8,432.20000000000005,1760.0540115183305
8,432.3,1739.1338776188375
8,432.40000000000003,1747.2377198284375
8,432.5,1735.3944821767268
8,432.6,1753.2838800448958
8,432.70000000000005,1740.3121817117742
8,432.8,1748.2440816924372
8,432.90000000000003,1753.0852206388367
8,433.0,1757.849998754974
8,433.1,1744.544912746263
8,433.20000000000005,1740.5970396505857
8,433.3,1718.3070249022594
8,433.40000000000003,1748.7668052344877
8,433.5,1733.591629695553
8,433.6,2031.3120216975647
8,433.70000000000005,1952.420097147364
8,433.8,1748.8259606693389
8,433.90000000000003,1771.6125018698347
8,434.0,1742.0369493897704
8,434.1,1764.5374054685099
8,434.20000000000005,1728.8641177051838
8,434.3,1752.4213796661654
8,434.40000000000003,1736.9109564424984
8,434.5,1743.4852728637431
8,434.6,1739.830090128816
8,434.70000000000005,1761.7173461141012
8,434.8,1739.4566150588644
8,434.90000000000003,1762.4845169035311
8,435.0,1742.6384107127537
8,435.1,1765.4624651647164
8,435.20000000000005,1734.0196700587921
8,435.3,1748.6637377538032
8,435.40000000000003,1765.0614096638121
8,435.5,1746.8332641745023
8,435.6,1765.2666172538075
8,435.70000000000005,1759.3384553339902
8,435.8,1752.4064400448915
8,435.90000000000003,1720.9593356929822
8,436.0,1739.1656633855875
8,436.1,1737.0362552934246
8,436.20000000000005,1754.0872052222562
8,436.3,1739.5623649525198
8,436.40000000000003,1734.1005829338947
8,436.5,1751.563039909929
8,436.6,1736.002852266696
8,436.70000000000005,1750.8896684658314
8,436.8,1743.5407648516812
8,436.90000000000003,1738.9110760536819
8,437.0,1734.4577527380818
8,437.1,1736.2658486432395
8,437.20000000000005,1761.108588804682
8,437.3,1740.1761957700473
8,437.40000000000003,1746.7570788261644
8,437.5,1754.817224640979
8,437.6,1744.5639725118456
8,437.70000000000005,1732.2904449889263
8,437.8,1744.2663881574194
8,437.90000000000003,1740.6198456257134
8,438.0,1744.4575780238422
8,438.1,1743.0663497866192
8,438.20000000000005,1716.3429269956125
8,438.3,1727.166128143543
8,438.40000000000003,1743.2177045516987
8,438.5,1731.8273741031708
8,438.6,1728.5474538426522
8,438.70000000000005,1737.534954842634
8,438.8,1736.9504746699834
8,438.90000000000003,1756.3033887569409
8,439.0,1737.5764020978688
8,439.1,1755.932924131231
8,439.20000000000005,1734.7416541568266
8,439.3,1729.300539200884
8,439.40000000000003,1754.0301423735043
8,439.5,1733.0236470041582
8,439.6,1739.3119993919036
8,439.70000000000005,1739.4504059713015
8,439.8,1755.6514657365706
8,439.90000000000003,1736.3727701624762
8,440.0,1748.1190087068826
8,440.1,1739.1148962413301
8,440.20000000000005,1748.5186467767583
8,440.3,1737.0935913493097
8,440.40000000000003,1736.359905587327
8,440.5,1753.087318683518
8,440.6,1748.416437519359
8,440.70000000000005,1746.3109951590527
8,440.8,1735.420456489134
8,440.90000000000003,1763.382384998736
8,441.0,1745.8746655419657
8,441.1,1747.7882770289855
8,441.20000000000005,1717.8372367378984
8,441.3,1738.1989218372646
8,441.40000000000003,1733.2125073634372
8,441.5,1767.5342484660312
8,441.6,1742.3671226543072
8,441.70000000000005,1755.5674301898737
8,441.8,1746.459123195332
8,441.90000000000003,1744.880864398492
8,442.0,1716.3900614586908
8,442.1,1740.1174948808743
8,442.20000000000005,1733.2468282722045
8,442.3,1748.8425947400674
8,442.40000000000003,1725.331954678127
8,442.5,1748.4111884812885
8,442.6,1731.4595448563566
8,442.70000000000005,1710.5526823689108
8,442.8,1719.8431519723983
8,442.90000000000003,1739.1203720121023
8,443.0,1891.9213144885616
8,443.1,2056.1421574020883
8,443.20000000000005,2220.363000315615
8,443.3,1988.7178776359804
8,443.40000000000003,1722.494832080612
8,443.5,1733.9055683535166
8,443.6,1729.7761340878963
8,443.70000000000005,1739.3420618997743
8,443.8,1725.9530032234986
8,443.90000000000003,1751.9831769424065
8,444.0,1728.8478866099256
8,444.1,1751.2156937020673
8,444.20000000000005,1794.394063289018
8,444.3,1901.9109903552123
8,444.40000000000003,1759.7367136928024
8,444.5,1759.5717415839838
8,444.6,1747.7545509405154
8,444.70000000000005,1755.9875024538842
8,444.8,1751.594276059398
8,444.90000000000003,1730.8494633653665
8,445.0,1740.3152380824163
8,445.1,1731.2218410410962
8,445.20000000000005,1730.7985703143656
8,445.3,1734.9381817455708
8,445.40000000000003,1725.0304875213228
8,445.5,1755.3188760606472
8,445.6,1735.5114669643544
8,445.70000000000005,1736.3574372856008
8,445.8,1732.4713372232054
8,445.90000000000003,1749.228985967076
8,446.0,1733.3256953836476
8,446.1,1728.8715455237707
8,446.20000000000005,1726.1626315491737
8,446.3,1753.8324514937676
8,446.40000000000003,1741.8343989415412
8,446.5,1746.7586244030995
8,446.6,1523.0766634538427
8,446.70000000000005,1889.616545072268
8,446.8,1767.8162375090938
8,446.90000000000003,1718.1406177053282
8,447.0,2323.8727831462816
8,447.1,1814.1744295147762
8,447.20000000000005,1744.7114743845789
8,447.3,1742.4879684153339
8,447.40000000000003,1756.0728899388146
8,447.5,1738.8576311976972
8,447.6,1749.6255729542995
8,447.70000000000005,1756.4384580778399
8,447.8,1762.3412620129516
8,447.90000000000003,1756.3660227910814
8,448.0,1748.9697214837427
8,448.1,1719.015673358076
8,448.20000000000005,1735.2708054661186
8,448.3,1723.9217940642973
8,448.40000000000003,1746.83486648955
8,448.5,1721.1201984992576
8,448.6,1742.072382238919
8,448.70000000000005,1729.2454518488782
8,448.8,1747.5658022136204
8,448.90000000000003,1750.9133846931752
8,449.0,1759.110983374597
8,449.1,1748.3888047881817
8,449.20000000000005,1763.2660955572212
8,449.3,1748.244883216216
8,449.40000000000003,1761.4486349446513
8,449.5,1747.2378432230855
8,449.6,1755.822750813995
8,449.70000000000005,1736.3399037329755
8,449.8,1753.8237102416756
8,449.90000000000003,1743.6027751144338
8,450.0,1738.9472156253946
8,450.1,1730.2834580825618
8,450.20000000000005,1753.3311705551826
8,450.3,1746.532862980657
8,450.40000000000003,1829.8981320015007
8,450.5,1768.6521974922675
8,450.6,1760.8462352265014
8,450.70000000000005,1739.936067939084
8,450.8,1752.8844020783165
8,450.90000000000003,1735.6773624967757
8,451.0,1734.5136236806645
8,451.1,1736.3320783834504
8,451.20000000000005,1756.8348386592174
8,451.3,1745.7277531393179
8,451.40000000000003,1735.9610584535437
8,451.5,1785.9526084965341
8,451.6,1818.0374101028988
8,451.70000000000005,1734.2133615918642
8,451.8,1722.410612772741
8,451.90000000000003,1723.6818714104966
8,452.0,1724.6304994495806
8,452.1,1739.2257504378467
8,452.20000000000005,1732.2652014992436
8,452.3,1747.4268552121855
8,452.40000000000003,1744.5781640878492
8,452.5,1748.5023887641896
8,452.6,1742.6163275069323
8,452.70000000000005,1749.8092944956268
8,452.8,1852.1323005623706
8,452.90000000000003,1751.6451839347976
8,453.0,1759.6628298195785
8,453.1,1745.2940130397644
8,453.20000000000005,1758.2421251212313
8,453.3,1752.117602151664
8,453.40000000000003,1740.5753211983833
8,453.5,1754.3101890293449
8,453.6,1738.5033325622464
8,453.70000000000005,1749.3573181782297
8,453.8,1743.2758294243506
8,453.90000000000003,1757.3314533590099
8,454.0,2184.8061040346174
8,454.1,2326.8840335602777
8,454.20000000000005,1831.493993952498
8,454.3,1733.7055069625123
8,454.40000000000003,1745.1597941287116
8,454.5,1732.716803439821
8,454.6,1736.2603479858383
8,454.70000000000005,1765.6498047933624
8,454.8,1722.2238745449415
8,454.90000000000003,1734.8605075572668
8,455.0,1726.3311423271484
8,455.1,1747.191811010855
8,455.20000000000005,1735.7777175514557
8,455.3,1746.006199430501
8,455.40000000000003,1733.411300096737
8,455.5,1746.6484765867
8,455.6,1709.62292642885
8,455.70000000000005,1720.6350821241192
8,455.8,1731.685622560262
8,455.90000000000003,1741.9709166541206
8,456.0,1741.3379668673765
8,456.1,1734.822038115729
8,456.20000000000005,1728.9092650577347
8,456.3,1740.2559374287234
8,456.40000000000003,1735.122300633364
8,456.5,1741.0353731610026
8,456.6,1733.3248860256845
8,456.70000000000005,1747.3069119937938
8,456.8,2186.338093762375
8,456.90000000000003,1831.8737596511617
8,457.0,1719.9524754992135
8,457.1,1717.9835172572223
8,457.20000000000005,1733.9223667298997
8,457.3,1742.947056319416
8,457.40000000000003,1731.6221777210071
8,457.5,1746.2698294651964
8,457.6,1730.8641853995346
8,457.70000000000005,1752.72058496682
8,457.8,1750.664570564224
8,457.90000000000003,1752.6486048747026
8,458.0,1725.4612738016947
8,458.1,2042.4379934212814
8,458.20000000000005,1857.443279750998
8,458.3,1753.279057716367
8,458.40000000000003,1730.558648945352
8,458.5,1746.7970250556991
8,458.6,1741.118562280298
8,458.70000000000005,1744.8365103298106
8,458.8,1758.6449936140575
8,458.90000000000003,1751.0254810056501
8,459.0,1737.1098843347597
8,459.1,1743.5018334770211
8,459.20000000000005,1743.3747022683262
8,459.3,1741.0295447373594
8,459.40000000000003,1741.2374706822566
8,459.5,1753.8412281712558
8,459.6,1740.0695564334026
8,459.70000000000005,1752.2422466393039
8,459.8,1737.3052800678622
8,459.90000000000003,1740.713869348339
8,460.0,1735.5875708332142
8,460.1,1740.6114307831988
8,460.20000000000005,1734.447316526629
8,460.3,1752.335473226122
8,460.40000000000003,1732.04102322373
8,460.5,1744.8005771416588
8,460.6,1748.5849999795073
8,460.70000000000005,1757.5720433080091
8,460.8,1736.741790444439
8,460.90000000000003,1751.5193169779843
8,461.0,1756.8611932632143
8,461.1,1754.9479371370016
8,461.20000000000005,1753.7760909978622
8,461.3,1763.206793123104
8,461.40000000000003,1754.2861230795947
8,461.5,1751.2038073887684
8,461.6,1742.0963876730518
8,461.70000000000005,1742.1048120180153
8,461.8,1730.9304962229562
8,461.90000000000003,1747.995802070688
8,462.0,1744.032337870134
8,462.1,1749.0850193880146
8,462.20000000000005,1732.7418592598494
8,462.3,1745.0843254070849
8,462.40000000000003,1743.3150364011517
8,462.5,1765.0765977792869
8,462.6,2587.371995762705
8,462.70000000000005,1970.3469260351676
8,462.8,1755.9487901579078
8,462.90000000000003,1744.6701122929896
8,463.0,1755.459869005352
8,463.1,1869.9616912181102
8,463.20000000000005,1775.1677318107807
8,463.3,1745.4334408097907
8,463.40000000000003,1733.4454386431064
8,463.5,1750.331435559008
8,463.6,1746.55994751134
8,463.70000000000005,1760.103347588523
8,463.8,1741.8777527980947
8,463.90000000000003,1747.5302210189263
8,464.0,1734.4357273463768
8,464.1,1743.2330998160558
8,464.20000000000005,1743.5744048789422
8,464.3,1743.2904252312487
8,464.40000000000003,1722.1029490885867
8,464.5,1734.1888712256957
8,464.6,1733.0749290721792
8,464.70000000000005,1751.977499301364
8,464.8,1745.9466990171043
8,464.90000000000003,1741.6032965166228
8,465.0,1739.7473965244867
8,465.1,1749.8465411819118
8,465.20000000000005,1754.3575838319246
8,465.3,1756.6253073161668
8,465.40000000000003,1736.8192334112412
8,465.5,1747.2741218203957
8,465.6,1738.163391907428
8,465.70000000000005,1743.210890271885
8,465.8,1738.9022648259156
8,465.90000000000003,1729.6777291123767
8,466.0,1743.4643003338235
8,466.1,1757.4529460303495
8,466.20000000000005,1747.394466293667
8,466.3,1744.2067402893742
8,466.40000000000003,1758.7592235738227
8,466.5,1745.3713167659091
8,466.6,1931.3135446985286
8,466.70000000000005,1783.6231615752063
8,466.8,1752.4573612917404
8,466.90000000000003,1756.628631911207
8,467.0,1761.9136553549815
8,467.1,1760.0343567162872
8,467.20000000000005,1755.5514977133612
8,467.3,1756.8349700816598
8,467.40000000000003,1764.8643429788747
8,467.5,1735.7862196186636
8,467.6,1736.984406015467
8,467.70000000000005,1727.6567980713855
8,467.8,1749.3576851241007
8,467.90000000000003,1740.6591302170684
8,468.0,1752.5988685003122
8,468.1,1755.2230371049561
8,468.20000000000005,1746.3207812359517
8,468.3,1735.3502430337387
8,468.40000000000003,1738.4007398970646
8,468.5,1718.6815925861501
8,468.6,1736.9489523561103
8,468.70000000000005,1733.4047930145553
8,468.8,1745.2238049905661
8,468.90000000000003,2065.547591284762
8,469.0,2726.0420017918586
8,469.1,2002.961315848003
8,469.20000000000005,1760.241839532364
8,469.3,1747.7684896487278
8,469.40000000000003,1758.6963107198587
8,469.5,1755.2262777302524
8,469.6,1769.4791760106227
8,469.70000000000005,1766.5571545157723
8,469.8,1775.6993246441752
8,469.90000000000003,1758.5002400670903
8,470.0,1749.6972443885284
8,470.1,1733.5540555688417
8,470.20000000000005,1751.6006958626463
8,470.3,1748.6324461864351
8,470.40000000000003,1757.9726241617318
8,470.5,1748.2530127101682
8,470.6,1759.617290793551
8,470.70000000000005,1744.4220548103585
8,470.8,1754.5509806044859
8,470.90000000000003,1747.2900359834575
8,471.0,1756.4333804222467
8,471.1,1755.6818768489136
8,471.20000000000005,1755.9269144949303
8,471.3,1746.1033767750068
8,471.40000000000003,1759.5195314538225
8,471.5,1755.4216904844736
8,471.6,1768.6391785750245
8,471.70000000000005,1756.1624169888498
8,471.8,1765.3734604317701
8,471.90000000000003,1775.789355621482
8,472.0,1735.9845965011355
8,472.1,1760.1152061294433
8,472.20000000000005,2425.3287018530355
8,472.3,2106.1230283007367
8,472.40000000000003,1806.8271350104517
8,472.5,1769.9280807009266
8,472.6,1778.5199167351745
8,472.70000000000005,1786.4235710076377
8,472.8,1789.4533547595734
8,472.90000000000003,1779.8950654333562
8,473.0,2213.270534740258
8,473.1,1945.5236947167016
8,473.20000000000005,1778.9285505751782
8,473.3,1769.5768757067935
8,473.40000000000003,1779.0272613215188
8,473.5,1771.0311767070475
8,473.6,1775.8297630208235
8,473.70000000000005,1781.5760767859033
8,473.8,1774.1201461795415
8,473.90000000000003,1768.9515304244007
8,474.0,1779.9312457335932
8,474.1,1780.4462512646257
8,474.20000000000005,1787.3245874920224
8,474.3,1969.6948720164787
8,474.40000000000003,2545.7018259666065
8,474.5,2013.0561768854661
8,474.6,1757.4067186206094
8,474.70000000000005,1772.7804567422704
8,474.8,1759.8568236111248
8,474.90000000000003,1773.5545685163966
8,475.0,1773.7525729838046
8,475.1,1785.901103349223
8,475.20000000000005,1777.2322837522192
8,475.3,1765.5800851439087
8,475.40000000000003,1759.2319483115207
8,475.5,1753.854994262131
8,475.6,1762.6651347995714
8,475.70000000000005,1776.7700005352056
8,475.8,1773.396658129714
8,475.90000000000003,1773.648195101832
8,476.0,1775.8331700666492
8,476.1,1780.5975667426003
8,476.20000000000005,1779.3028632223056
8,476.3,1772.2809696656166
8,476.40000000000003,1770.5947655389662
8,476.5,1770.1251544171087
8,476.6,1774.0092477777262
8,476.70000000000005,1782.4000379959107
8,476.8,1785.041490726543
8,476.90000000000003,1785.1439333052158
8,477.0,1824.2494794542417
8,477.1,2341.281463087521
8,477.20000000000005,1962.706165911653
8,477.3,2360.8410492085263
8,477.40000000000003,1995.0200476036737
8,477.5,1767.2019124075762
8,477.6,1774.6655071198481
8,477.70000000000005,1781.9566255471577
8,477.8,1795.6355270107867
8,477.90000000000003,1785.8294372911093
8,478.0,1776.8615060679929
8,478.1,1778.1242158421228
8,478.20000000000005,1781.7062037887288
8,478.3,1751.1138062048408
8,478.40000000000003,1763.978498869102
8,478.5,1775.9410975159349
8,478.6,1774.7838639635706
8,478.70000000000005,1772.0554030838725
8,478.8,1765.990365244368
8,478.90000000000003,1770.677545693395
8,479.0,1775.2362037529485
8,479.1,1776.399926770256
8,479.20000000000005,1770.4928491150108
8,479.3,1779.3812770480884
8,479.40000000000003,1771.8233975523508
8,479.5,1764.2804100375538
8,479.6,1765.6784111081465
8,479.70000000000005,1770.0182286090792
8,479.8,1771.5507508492346
8,479.90000000000003,1781.6931110433898
8,480.0,1771.429852361243
8,480.1,1766.4637071471807
8,480.20000000000005,1770.8024825508578
8,480.3,1782.8882886072888
8,480.40000000000003,1780.6591202631541
8,480.5,1777.3357425391985
8,480.6,1779.1832190978873
8,480.70000000000005,1782.0391568614382
8,480.8,1781.8550376592368
8,480.90000000000003,1785.1488082836333
8,481.0,1782.6955542015944
8,481.1,1780.9492338965683
8,481.20000000000005,1773.874526088392
8,481.3,1777.887396512984
8,481.40000000000003,1768.1760081373207
8,481.5,1762.1522724248694
8,481.6,1778.0230218589809
8,481.70000000000005,1794.4211964658007
8,481.8,1780.8730005990378
8,481.90000000000003,1758.9542164951727
8,482.0,1765.7825261521232
8,482.1,1770.5487018765143
8,482.20000000000005,1775.9520896314461
8,482.3,1779.1987156805137
8,482.40000000000003,1756.0733746855717
8,482.5,1760.3275219840446
8,482.6,1788.14435335844
8,482.70000000000005,1772.3343215263546
8,482.8,1772.7584246309523
8,482.90000000000003,1781.936222325958
8,483.0,1777.5604902087405
8,483.1,1780.8518217762019
8,483.20000000000005,1781.2430624194276
8,483.3,1772.8509439987406
8,483.40000000000003,1774.8155577194846
8,483.5,1773.5143520833433
8,483.6,1769.5271206406085
8,483.70000000000005,1779.5169431922393
8,483.8,1770.9384528575492
8,483.90000000000003,1770.456539980463
8,484.0,1772.6748079077738
8,484.1,1751.2076030795997
8,484.20000000000005,1747.5877525435603
8,484.3,1756.543881906837
8,484.40000000000003,1763.4710349045315
8,484.5,1757.8352387647142
8,484.6,1768.2797259146691
8,484.70000000000005,1767.9127741646107
8,484.8,1758.8960583777925
8,484.90000000000003,1740.3373812533878
8,485.0,1743.468280506316
8,485.1,1741.4500823501915
8,485.20000000000005,1748.7293247674968
8,485.3,1749.835928722775
8,485.40000000000003,1746.3718482864774
8,485.5,1732.7198384278852
8,485.6,1739.334181308206
8,485.70000000000005,1735.7330058475147
8,485.8,1740.4219217368113
8,485.90000000000003,1748.700957425334
8,486.0,1753.593685078397
8,486.1,1751.1462043062495
8,486.20000000000005,1745.1017677028076
8,486.3,1750.2796425082636
8,486.40000000000003,1752.6460839569359
8,486.5,1744.7199420200068
8,486.6,1752.3362187309258
8,486.70000000000005,1757.7784439306965
8,486.8,1751.9661588674712
8,486.90000000000003,1729.6303351163456
8,487.0,1739.962185592558
8,487.1,1759.2383817677548
8,487.20000000000005,1760.086201094201
8,487.3,1757.6849451835897
8,487.40000000000003,1758.41858669469
8,487.5,1759.892781464497
8,487.6,1763.8653397136313
8,487.70000000000005,1748.8138540643852
8,487.8,1748.880082477913
8,487.90000000000003,1752.162674182464
8,488.0,1757.0755906230415
8,488.1,1825.2561075842968
8,488.20000000000005,2285.7265892729447
8,488.3,2022.921893105297
8,488.40000000000003,1762.179200359789
8,488.5,1776.162183398424
8,488.6,1753.538034145481
8,488.70000000000005,1752.3399005811918
8,488.8,1763.9888104008012
8,488.90000000000003,1764.1416602588718
8,489.0,1763.0010063740406
8,489.1,1775.9121364607925
8,489.20000000000005,1756.1559310820705
8,489.3,1746.5755789096706
8,489.40000000000003,1761.0801685328265
8,489.5,1769.2870655594343
8,489.6,1764.4885944155183
8,489.70000000000005,1755.7423201128913
8,489.8,1757.0864894281985
8,489.90000000000003,1751.3007646876008
8,490.0,1764.266873804985
8,490.1,1771.9538115907835
8,490.20000000000005,1758.0572039631897
8,490.3,1762.1155924534166
8,490.40000000000003,1770.609094364279
8,490.5,1753.6464115188585
8,490.6,1726.0866920508608
8,490.70000000000005,1736.793973634086
8,490.8,1862.8686263553384
8,490.90000000000003,1811.3561793621147
8,491.0,2041.715909497497
8,491.1,1975.6107398914098
8,491.20000000000005,1818.7585073326716
8,491.3,1779.295315768075
8,491.40000000000003,1750.6867658253002
8,491.5,1728.888540178997
8,491.6,1715.2607320491688
8,491.70000000000005,1735.3540114144278
8,491.8,1727.780811809611
8,491.90000000000003,1737.936178342455
8,492.0,1730.1306530745971
8,492.1,1729.589398681857
8,492.20000000000005,1732.9247799675447
8,492.3,1746.035283345647
8,492.40000000000003,1737.388251056277
8,492.5,1733.8999170176442
8,492.6,1743.4136750764626
8,492.70000000000005,1747.77507244021
8,492.8,1738.5188992377452
8,492.90000000000003,1739.415001353422
8,493.0,1730.811428784857
8,493.1,1738.776528737889
8,493.20000000000005,1744.7706850126624
8,493.3,1749.9247759624104
8,493.40000000000003,1736.0954588495345
8,493.5,1750.3902730879483
8,493.6,1741.107543016714
8,493.70000000000005,1721.1249685472353
8,493.8,2227.006716569696
8,493.90000000000003,2034.8863568522565
8,494.0,1739.7385946757406
8,494.1,1724.8545253183972
8,494.20000000000005,1713.9226504960889
8,494.3,1730.278997011977
8,494.40000000000003,1738.5127844147908
8,494.5,1741.6149450907133
8,494.6,1737.0481120156664
8,494.70000000000005,1752.4050505697314
8,494.8,1748.0104478404637
8,494.90000000000003,1750.914397892682
8,495.0,1733.7930814356619
8,495.1,1734.3441930337954
8,495.20000000000005,1731.90577645533
8,495.3,1742.7242360747175
8,495.40000000000003,1743.1374645172916
8,495.5,1733.266186878543
8,495.6,1741.4685890516362
8,495.70000000000005,1744.0373601883332
8,495.8,1750.0124795625152
8,495.90000000000003,1735.7503011570834
8,496.0,1736.111443773024
8,496.1,1738.283724583787
8,496.20000000000005,1744.5205686072932
8,496.3,1769.2685492031756
8,496.40000000000003,1743.0911211218395
8,496.5,1742.6557680349238
8,496.6,1745.6976937030704
8,496.70000000000005,1810.1553873246512
8,496.8,1836.6760896190817
8,496.90000000000003,1802.5209884382111
8,497.0,1766.0128659894774
8,497.1,1749.154187988333
8,497.20000000000005,1752.00154640564
8,497.3,1736.5108196218468
8,497.40000000000003,1834.9831677886996
8,497.5,1811.9755678366935
8,497.6,1742.251958074466
8,497.70000000000005,1741.7787833634795
8,497.8,1745.9116968949043
8,497.90000000000003,1746.657021046361
8,498.0,1743.55319247495
8,498.1,1732.797596101182
8,498.20000000000005,1748.9183235613584
8,498.3,1738.4984693297447
8,498.40000000000003,1729.5904621519585
8,498.5,1727.4509244257947
8,498.6,1735.5031973688458
8,498.70000000000005,1729.7774091511415
8,498.8,1736.9316755802872
8,498.90000000000003,1742.8658437644879
8,499.0,1742.9567755310177
8,499.1,1737.3630282169236
8,499.20000000000005,1747.179692008237
8,499.3,1738.828178058686
8,499.40000000000003,1744.0685110203617
8,499.5,1753.2722979812422
8,499.6,1752.8812837580367
8,499.70000000000005,1732.955194823047
8,499.8,1732.9888421359922
8,499.90000000000003,1737.813519376643
8,500.0,1745.1023461071054
8,500.1,1737.1055306967676
8,500.20000000000005,1746.1554590652215
8,500.3,1751.4083475180128
8,500.40000000000003,1752.8422644817585
8,500.5,1744.3546465561817
8,500.6,1733.4494746060636
8,500.70000000000005,1730.4857029942204
8,500.8,1743.147013820862
8,500.90000000000003,1751.913375185859
8,501.0,1735.2478393304343
8,501.1,1739.0094705337458
8,501.20000000000005,1730.823899984021
8,501.3,1740.4324539117963
8,501.40000000000003,1746.4398988786477
8,501.5,1749.6124927608755
8,501.6,1753.4877476391873
8,501.70000000000005,1750.326210223625
8,501.8,1733.3427630332083
8,501.90000000000003,1718.2337171400843
8,502.0,1734.4635412805562
8,502.1,1732.8914928090562
8,502.20000000000005,1729.3707813920073
8,502.3,1736.3766686514248
8,502.40000000000003,1739.8112499974993
8,502.5,1758.1628957275955
8,502.6,1756.2955288003072
8,502.70000000000005,1756.7577916692367
8,502.8,1856.938920978594
8,502.90000000000003,1835.778955050189
8,503.0,1746.8021050561035
8,503.1,1728.4019710741456
8,503.20000000000005,1724.934041244687
8,503.3,1735.9537668533221
8,503.40000000000003,1733.8079651531111
8,503.5,1737.4677941029997
8,503.6,1724.9940755822984
8,503.70000000000005,1716.5332912712847
8,503.8,1718.1935954311825
8,503.90000000000003,1737.5639491119516
8,504.0,1733.7239389537792
8,504.1,1722.164177571658
8,504.20000000000005,1725.8957958071924
8,504.3,1759.258899132414
8,504.40000000000003,1773.9806585747567
8,504.5,1756.4521926225457
8,504.6,1731.4300529917841
8,504.70000000000005,1718.8978524555014
8,504.8,1762.5000244704308
8,504.90000000000003,1758.362037539026
8,505.0,1735.594449612551
8,505.1,1731.0088492044886
8,505.20000000000005,1850.4292694292299
8,505.3,1826.2292051559436
8,505.40000000000003,1739.7949279900158
8,505.5,1747.9750061072523
8,505.6,1739.1912036932947
8,505.70000000000005,1740.9251494986738
8,505.8,1956.1008284565507
8,505.90000000000003,1908.451122091862
8,506.0,1744.7505975480442
8,506.1,1733.1982873905358
8,506.20000000000005,1732.4051197068293
8,506.3,1730.9652691057242
8,506.40000000000003,1734.276755088742
8,506.5,1734.8404370597711
8,506.6,1735.6514367648172
8,506.70000000000005,1734.1311877257929
8,506.8,1738.5461004689396
8,506.90000000000003,1742.3871896915446
8,507.0,1744.7714675538784
8,507.1,1737.789003017396
8,507.20000000000005,1734.2577367849224
8,507.3,1731.3269184771793
8,507.40000000000003,1744.8992283492944
8,507.5,1750.3125300548531
8,507.6,1741.4633318706037
8,507.70000000000005,1744.1882947091788
8,507.8,1750.617490670461
8,507.90000000000003,1734.8380816955857
8,508.0,1718.5194060076203
8,508.1,1724.33114729759
8,508.20000000000005,1725.8229020725976
8,508.3,1721.8967281631776
8,508.40000000000003,1723.021371361376
8,508.5,1717.5095611451993
8,508.6,1726.6787536088286
8,508.70000000000005,1743.6305654415692
8,508.8,1751.7305155847755
8,508.90000000000003,1747.7046773890038
8,509.0,1745.2163232149453
8,509.1,1731.7293387403247
8,509.20000000000005,1726.9347430763737
8,509.3,1729.3159156767795
8,509.40000000000003,1729.4763374443933
8,509.5,1731.925494593268
8,509.6,1742.6373507557305
8,509.70000000000005,1751.3439813921666
8,509.8,1752.170763486504
8,509.90000000000003,1742.1809477088848
8,510.0,1728.5892964088193
8,510.1,1734.0010932423452
8,510.20000000000005,1722.314191621476
8,510.3,1722.201301327491
8,510.40000000000003,1734.8734596769305
8,510.5,1743.7977401986832
8,510.6,1738.8897177128201
8,510.70000000000005,1738.885884133984
8,510.8,1746.367428126444
8,510.90000000000003,1744.674108783134
8,511.0,1769.0844260279455
8,511.1,1798.3462292011711
8,511.20000000000005,1772.3860351999829
8,511.3,1741.7614830992995
8,511.40000000000003,1740.108981967904
8,511.5,1754.8756766413132
8,511.6,1768.3935775564375
8,511.70000000000005,1741.3846763181743
8,511.8,1736.6359698097333
8,511.90000000000003,1746.7431422890647
8,512.0,1739.568641875228
8,512.1,1730.8386800620465
8,512.2,1769.524399859928
8,512.3000000000001,1772.0893814242247
8,512.4,1735.7273569226813
8,512.5,1728.7289816065825
8,512.6,1726.759351352641
8,512.7,1729.6310985381472
8,512.8000000000001,1727.554025804912
8,512.9,1722.482264570274
8,513.0,1730.1308347793142
8,513.1,1739.9379817357799
8,513.2,1745.9852988443356
8,513.3000000000001,1742.9266630313919
8,513.4,1734.2532995870556
8,513.5,1722.6803613596558
8,513.6,1722.0093915501122
8,513.7,1728.370826104131
8,513.8000000000001,1735.725845742253
8,513.9,1738.1923229073418
8,514.0,1735.9218317157731
8,514.1,1828.948835000206
8,514.2,1815.286697602769
8,514.3000000000001,1722.695179794933
8,514.4,1735.0561090129193
8,514.5,1728.2902788488802
8,514.6,1709.3864113710279
8,514.7,1729.5202312481279
8,514.8000000000001,1745.4743470026103
8,514.9,1733.9612946696245
8,515.0,1728.5242367002645
8,515.1,1738.7206277609298
8,515.2,1731.261072769716
8,515.3000000000001,1735.5629664194328
8,515.4,1750.8299340086423
8,515.5,1735.7560329719297
8,515.6,1713.699107132912
8,515.7,1714.4098864020539
8,515.8000000000001,1722.7643125371087
8,515.9,1730.8389990230207
8,516.0,1734.3775002323305
8,516.1,1736.888159145329
8,516.2,1737.964004941494
8,516.3000000000001,1748.0628383771195
8,516.4,1754.70471285626
8,516.5,1736.8850692467342
8,516.6,1724.8513287693042
8,516.7,1728.578221611803
8,516.8000000000001,1735.0725419270857
8,516.9,1734.7921856723801
8,517.0,1738.6277367036485
8,517.1,1740.2905091054665
8,517.2,1746.2004978949772
8,517.3000000000001,1734.2183390901512
8,517.4,1741.970105407899
8,517.5,1742.580080017157
8,517.6,1725.5295135952003
8,517.7,1730.095126881071
8,517.8000000000001,1735.4890789177214
8,517.9,1741.3347238813067
8,518.0,1725.050451890931
8,518.1,1803.6678834334145
8,518.2,1861.8215349418729
8,518.3000000000001,1780.1031304695728
8,518.4,1728.1836870100035
8,518.5,1726.2400485628912
8,518.6,1805.183456757081
8,518.7,1955.8748229064188
8,518.8000000000001,1894.3088819548718
8,518.9,1750.019190760271
8,519.0,1747.1264516184376
8,519.1,1738.9395430612458
8,519.2,1724.8762783272284
8,519.3000000000001,1728.7779036243303
8,519.4,1739.0941291403185
8,519.5,1741.1537974994221
8,519.6,1738.0825859619226
8,519.7,1738.8253293997495
8,519.8000000000001,1746.012637511549
8,519.9,1742.2848905586814
8,520.0,1747.8800597646207
8,520.1,1753.4092843136657
8,520.2,1738.2125058891486
8,520.3000000000001,1725.423586645039
8,520.4,1724.651134977986
8,520.5,1736.979861527647
8,520.6,1743.0493698782043
8,520.7,1742.4149789118176
8,520.8000000000001,1740.985204811405
8,520.9,1735.6789297069495
8,521.0,1742.415427992737
8,521.1,1861.9323854934619
8,521.2,1882.1226063972556
8,521.3000000000001,1746.8399575191831
8,521.4,1746.4177335803588
8,521.5,1741.1731973645647
8,521.6,1740.5035327668445
8,521.7,1746.0015381320552
8,521.8000000000001,1755.8861945103843
8,521.9,1754.749985620947
8,522.0,1750.0639742863882
8,522.1,1741.1567130380467
8,522.2,1730.1663776439625
8,522.3000000000001,1733.0028178695447
8,522.4,1739.1945757286214
8,522.5,1736.2515797532783
8,522.6,1737.7062225480392
8,522.7,1745.5760206117825
8,522.8000000000001,1755.6195267951225
8,522.9,1753.6506349948318
8,523.0,1748.6213599585383
8,523.1,1736.9635727498817
8,523.2,1733.3346858408606
8,523.3000000000001,1740.1745668085962
8,523.4,1736.9594554461794
8,523.5,1743.2209673762043
8,523.6,1743.8539561337916
8,523.7,1742.1298441886831
8,523.8000000000001,1738.418019461786
8,523.9,1733.295927143687
8,524.0,1731.3654878356804
8,524.1,1738.6584823252476
8,524.2,1750.0198856475022
8,524.3000000000001,1750.8585835935357
8,524.4,1754.939829533287
8,524.5,1762.1209265031073
8,524.6,1924.4569679193328
8,524.7,1933.8520891250805
8,524.8000000000001,1723.2907698397782
8,524.9,1746.5567181339652
8,525.0,1753.0929687112048
8,525.1,1841.2555048895754
8,525.2,1852.6640688542034
8,525.3000000000001,1738.9667871184456
8,525.4,1731.623821988917
8,525.5,1735.378312996526
8,525.6,1743.0358876941725
8,525.7,1743.6742405847556
8,525.8000000000001,1744.9855002332781
8,525.9,1740.1372851536046
8,526.0,1737.1084972984565
8,526.1,1741.00379016032
8,526.2,1743.884039365778
8,526.3000000000001,1734.866615330262
8,526.4,1734.0700982212065
8,526.5,1741.1323132705531
8,526.6,1735.9690205648235
8,526.7,1735.6952131526616
8,526.8000000000001,1744.1271345723887
8,526.9,1747.1821167224205
8,527.0,1741.8193752731345
8,527.1,1743.1638643208876
8,527.2,1753.8270723694013
8,527.3000000000001,1739.6892287679143
8,527.4,1733.800747654034
8,527.5,1740.436034694257
8,527.6,1746.5727528718696
8,527.7,1732.8576503443276
8,527.8000000000001,1733.5080674266208
8,527.9,1724.0742811416537
8,528.0,1724.593428476114
8,528.1,1734.3892138421156
8,528.2,1743.4748979793414
8,528.3000000000001,1717.018958636139
8,528.4,1714.3996758057317
8,528.5,1728.5701206894908
8,528.6,1716.1724625710601
8,528.7,1707.352988278813
8,528.8000000000001,1731.1295758847295
8,528.9,1740.9187799609713
8,529.0,1728.7602352073545
8,529.1,1727.165200239716
8,529.2,1736.6904255404313
8,529.3000000000001,1736.100024575317
8,529.4,1737.9331368741105
8,529.5,1745.778642153522
8,529.6,1749.6227610705475
8,529.7,1747.0115171339903
8,529.8000000000001,1743.8452331600058
8,529.9,1734.5497765182445
8,530.0,1735.4838454477867
8,530.1,1735.5237068190117
8,530.2,1737.081579093123
8,530.3000000000001,1735.1576297629301
8,530.4,1734.4149465915598
8,530.5,1734.567826745142
8,530.6,1728.6572251820455
8,530.7,1717.498411318131
8,530.8000000000001,1717.0044931560462
8,530.9,1727.1638499491191
8,531.0,1737.8430401392543
8,531.1,1734.7156373179866
8,531.2,1743.9211141765072
8,531.3000000000001,1730.7995625008514
8,531.4,1730.428957091961
8,531.5,1746.7557657989112
8,531.6,1730.1178499993935
8,531.7,1714.7170750140128
8,531.8000000000001,1729.320369226952
8,531.9,1736.395567541479
8,532.0,1746.0096568794486
8,532.1,1738.0371350000598
8,532.2,1736.6911451830717
8,532.3000000000001,1724.9462553089948
8,532.4,1721.2619975566001
8,532.5,1733.0794917040578
8,532.6,1731.5178275659277
8,532.7,1728.541587113913
8,532.8000000000001,1727.4730058461157
8,532.9,1732.4097622254485
8,533.0,1730.2999468339108
8,533.1,1722.820731012791
8,533.2,1725.2689301241712
8,533.3000000000001,1732.4321770252325
8,533.4,1731.9604049601733
8,533.5,1716.411049866321
8,533.6,1708.0610233940668
8,533.7,1846.9441904757969
8,533.8000000000001,1923.6802923550713
8,533.9,1734.764511820624
8,534.0,1731.7971377132071
8,534.1,1744.8501839753117
8,534.2,1744.6332922947934
8,534.3000000000001,1742.8913183726718
8,534.4,1729.281360340847
8,534.5,1730.322296318713
8,534.6,1735.4012793284146
8,534.7,1747.6333856880512
8,534.8000000000001,1746.8903426653983
8,534.9,1729.0416691910823
8,535.0,1734.6618980684545
8,535.1,1736.4677814717588
8,535.2,1753.125170207837
8,535.3000000000001,1759.3899015340742
8,535.4,1744.3452805725567
8,535.5,1739.0005891365734
8,535.6,1740.8652842395697
8,535.7,1741.6206794800755
8,535.8000000000001,1782.6569035890461
8,535.9,1799.9689589266952
8,536.0,1745.1982312227017
8,536.1,1730.1058043443747
8,536.2,1732.1759932045538
8,536.3000000000001,1746.7452621925054
8,536.4,1749.0120012714945
8,536.5,1734.3007113248282
8,536.6,1735.1040683598694
8,536.7,1743.103812508427
8,536.8000000000001,1739.3311995853826
8,536.9,1744.6846048362233
8,537.0,1742.0938008349576
8,537.1,1724.4674030502988
8,537.2,1730.44957130681
8,537.3000000000001,1748.889605817047
8,537.4,1755.6745569388945
8,537.5,1732.5560025305417
8,537.6,1733.5667296662518
8,537.7,1729.9884945527917
8,537.8000000000001,1772.3237684067649
8,537.9,1903.4960201141403
8,538.0,1920.9693664806439
8,538.1,1736.6183223836167
8,538.2,1726.9463480938393
8,538.3000000000001,1739.1743844242217
8,538.4,1751.9115637067669
8,538.5,1746.422334381776
8,538.6,1740.425659331819
8,538.7,1737.4023640943876
8,538.8000000000001,1732.8601792284376
8,538.9,1739.868867595344
8,539.0,1748.4283254549396
8,539.1,1735.298578845912
8,539.2,1737.8111210106927
8,539.3000000000001,1735.2614742090664
8,539.4,1738.8960793815975
8,539.5,1740.7355672589586
8,539.6,1734.2609504819345
8,539.7,1739.9477836135554
8,539.8000000000001,1740.6570949997922
8,539.9,1743.431587622869
8,540.0,1738.8587656881832
8,540.1,1742.0628679322801
8,540.2,1742.9864317559552
8,540.3000000000001,1739.5415842830255
8,540.4,1738.6318625164704
8,540.5,1736.9778459021784
8,540.6,1728.3789387153308
8,540.7,1728.2090335458442
8,540.8000000000001,1735.66856435946
8,540.9,1744.6289401658025
8,541.0,1743.1774648277308
8,541.1,1750.898487790323
8,541.2,1748.15972965625
8,541.3000000000001,1743.264322679059
8,541.4,1737.6063033643438
8,541.5,1747.0972782388642
8,541.6,1745.3566723667366
8,541.7,1750.3680970504597
8,541.8000000000001,1724.4644616183202
8,541.9,1734.9317862021655
8,542.0,1737.2539852501752
8,542.1,1746.7569077843202
8,542.2,1745.7288686012423
8,542.3000000000001,1749.420659901485
8,542.4,1750.3003450965914
8,542.5,1902.4355240489438
8,542.6,1999.8654693827277
8,542.7,1752.812646324311
8,542.8000000000001,1746.9375918822636
8,542.9,1744.0220642119962
8,543.0,1918.266926713148
8,543.1,2057.001565781807
8,543.2,1984.4845718675324
8,543.3000000000001,2346.0898104977273
8,543.4,2031.6484739233993
8,543.5,1746.6535764131474
8,543.6,1751.0424727695606
8,543.7,1754.8720387485023
8,543.8000000000001,1747.1444102915752
8,543.9,1752.2361470958722
8,544.0,1753.727820389645
8,544.1,1756.8839644354357
8,544.2,1743.8955585883907
8,544.3000000000001,1754.3076244086838
8,544.4,1851.6105825821876
8,544.5,1997.4041269477032
8,544.6,1858.124599998068
8,544.7,1771.6632900361556
8,544.8000000000001,1747.3470667081288
8,544.9,1751.8216290835321
8,545.0,1764.0605214094749
8,545.1,1760.1540728833638
8,545.2,1745.9681684887607
8,545.3000000000001,1756.2141246056867
8,545.4,1752.0135812533927
8,545.5,1754.583369908451
8,545.6,1751.2026327835315
8,545.7,1765.7964934913637
8,545.8000000000001,1751.0681486536514
8,545.9,1739.5465945918065
8,546.0,1751.6188803827752
8,546.1,1747.0096069293402
8,546.2,1753.41554225421
8,546.3000000000001,1748.5333491791082
8,546.4,1758.2950154533498
8,546.5,1754.4347746088556
8,546.6,1742.6716099383138
8,546.7,1751.637147025931
8,546.8000000000001,1747.4717459673973
8,546.9,1761.7192111994652
8,547.0,1755.1753528537115
8,547.1,1754.2462024080967
8,547.2,1753.245733596413
8,547.3000000000001,1758.0384447927368
8,547.4,1744.6361811683037
8,547.5,1762.8165319338043
8,547.6,1751.1673447817254
8,547.7,1756.2704344907668
8,547.8000000000001,1742.1362468443713
8,547.9,1749.642059570127
8,548.0,1749.4159071482015
8,548.1,1751.8807715445885
8,548.2,1767.1660262318062
8,548.3000000000001,1754.5147409503193
8,548.4,1755.6792818182203
8,548.5,1762.3135432712127
8,548.6,1752.1988269809206
8,548.7,1766.3411578674206
8,548.8000000000001,1764.6980612308494
8,548.9,1754.4861569443017
8,549.0,1742.9276833936997
8,549.1,1749.1731126789148
8,549.2,1733.2600144001015
8,549.3000000000001,1743.1986176928413
8,549.4,1733.9713639100887
8,549.5,1736.1642870895487
8,549.6,1738.690492756113
8,549.7,1747.198127447413
8,549.8000000000001,1746.0212311051853
8,549.9,1752.4305867907658
8,550.0,1749.456031129814
8,550.1,1737.1912482767173
8,550.2,1742.9358737117066
8,550.3000000000001,1752.248605504949
8,550.4,1756.4803848801403
8,550.5,1752.1151256469525
8,550.6,1739.9497693430224
8,550.7,1775.1704876150473
8,550.8000000000001,1817.6678183657675
8,550.9,1755.8583513519375
8,551.0,1744.0943337574884
8,551.1,1759.9572543042657
8,551.2,1757.733904588954
8,551.3000000000001,1754.595234356292
8,551.4,1749.030893622676
8,551.5,1753.2421476014144
8,551.6,1745.903231022516
8,551.7,1757.8524008421027
8,551.8000000000001,1752.4415363581625
8,551.9,1754.719249636021
8,552.0,1746.4945679287994
8,552.1,1752.0595123924443
8,552.2,1754.3562595491624
8,552.3000000000001,1753.891841785142
8,552.4,1746.5225082966722
8,552.5,1755.225394901074
8,552.6,1750.073498174475
8,552.7,1759.8146526879823
8,552.8000000000001,1756.8418597886616
8,552.9,1772.7010555594254
8,553.0,1762.350901119483
8,553.1,1762.5777688112044
8,553.2,1795.5030598730661
8,553.3000000000001,1870.1540938838157
8,553.4,1774.2183860076375
8,553.5,1751.33066051453
8,553.6,1794.1706650141166
8,553.7,1883.507374498391
8,553.8000000000001,1751.045334140957
8,553.9,1751.0808419082045
8,554.0,1768.5664809061536
8,554.1,1757.852236868931
8,554.2,1746.7180770890907
8,554.3000000000001,1729.9032048367458
8,554.4,1742.951747442847
8,554.5,1734.477729215416
8,554.6,1748.616185271986
8,554.7,1738.0452527161208
8,554.8000000000001,1751.1095384192897
8,554.9,1733.4763318734317
8,555.0,1735.0770233187661
8,555.1,1737.2097333498543
8,555.2,1752.4328373689684
8,555.3000000000001,1787.6789856379537
8,555.4,1765.279167494158
8,555.5,1745.7559294896998
8,555.6,1751.2420235082693
8,555.7,1738.0693287089932
8,555.8000000000001,1742.5605745710152
8,555.9,1738.0252140126674
8,556.0,1749.2472014439918
8,556.1,1744.1315000950794
8,556.2,1816.7143679764647
8,556.3000000000001,2037.4325700828033
8,556.4,2062.870101838716
8,556.5,1844.1704594050725
8,556.6,2227.3840733658353
8,556.7,2412.7862972188204
8,556.8000000000001,2110.495615286293
8,556.9,1892.0348278069248
8,557.0,1734.584688493652
8,557.1,1741.026040721725
8,557.2,1749.0113733854366
8,557.3000000000001,1747.4865607041793
8,557.4,1747.5699259712565
8,557.5,1739.537255461512
8,557.6,1742.0751196372282
8,557.7,1737.0127108465188
8,557.8000000000001,1747.4076954406007
8,557.9,1741.4337500567028
8,558.0,1760.6566296012122
8,558.1,1737.9864919163947
8,558.2,1745.6426720185948
8,558.3000000000001,1734.4321743069572
8,558.4,1747.2514554155
8,558.5,1742.9947752373917
8,558.6,1747.6231061096423
8,558.7,1729.2636198205805
8,558.8000000000001,1742.7418083729046
8,558.9,1741.8498069393413
8,559.0,1746.799429219566
8,559.1,1740.2908325859967
8,559.2,1749.1883294357465
8,559.3000000000001,1730.202000626229
8,559.4,1743.3750974470079
8,559.5,1738.0161437527552
8,559.6,1743.663106914764
8,559.7,1729.0234551624858
8,559.8000000000001,1722.2416616494584
8,559.9,1723.0959687681905
8,560.0,1746.6096591018486
8,560.1,1773.0465800023235
8,560.2,1848.8574918396268
8,560.3000000000001,1731.2040427819572
8,560.4,1745.4501260464253
8,560.5,1748.5352990616348
8,560.6,1740.0020685292748
8,560.7,1742.6930515454987
8,560.8000000000001,1734.320124254788
8,560.9,1749.8494129074709
8,561.0,1741.3052853905597
8,561.1,1740.7687480871186
8,561.2,1749.8424325852607
8,561.3000000000001,1736.8152750907382
8,561.4,1747.4080363680566
8,561.5,1748.3962611881436
8,561.6,1750.0804321081316
8,561.7,1713.8411568067788
8,561.8000000000001,1731.530267020131
8,561.9,1742.6579398986355
8,562.0,1735.9165001560764
8,562.1,1743.7529341287293
8,562.2,1738.6729168633576
8,562.3000000000001,1751.7456204920925
8,562.4,1757.2594973455248
8,562.5,1747.7167944745877
8,562.6,1759.7400904850062
8,562.7,1757.7756845526412
8,562.8000000000001,1752.5968985450093
8,562.9,1745.092904628688
8,563.0,1755.9943493969013
8,563.1,1747.406544647144
8,563.2,1736.355915674989
8,563.3000000000001,1727.3360412472887
8,563.4,1730.8919581749576
8,563.5,1726.690694376732
8,563.6,1737.4183880375194
8,563.7,1745.5521493224287
8,563.8000000000001,1733.789029998355
8,563.9,1732.3796996999977
8,564.0,1728.795342737727
8,564.1,1728.650059384657
8,564.2,1746.587809517176
8,564.3000000000001,1735.8086043854255
8,564.4,1740.435329903921
8,564.5,1745.007648829296
8,564.6,1736.4427771921244
8,564.7,1745.9633691345377
8,564.8000000000001,1744.2296694224658
8,564.9,1742.495969710396
8,565.0,1735.6723696931138
8,565.1,1718.5197541985435
8,565.2,1724.1731123238048
8,565.3000000000001,1730.2498820030696
8,565.4,1738.6004347561257
8,565.5,1741.7402521636357
8,565.6,1729.4487011940257
8,565.7,1743.1099757495572
8,565.8000000000001,1715.8739447739242
8,565.9,1724.6800274760806
8,566.0,1718.1806997502765
8,566.1,1723.3807630787683
8,566.2,1724.6925125733237
8,566.3000000000001,1752.8805729977096
8,566.4,1733.036413474014
8,566.5,1739.787218989999
8,566.6,1733.9851653937426
8,566.7,1736.1863163690787
8,566.8000000000001,1754.1786410108039
8,566.9,1759.2277867769114
8,567.0,1756.2099233340878
8,567.1,1736.4921595124354
8,567.2,1752.6082003426009
8,567.3000000000001,1740.577515946969
8,567.4,1736.5773235652748
8,567.5,1742.3792385244376
8,567.6,1745.8682462181478
8,567.7,1750.6624782943406
8,567.8000000000001,1735.6472483322746
8,567.9,1754.6052058675195
8,568.0,1761.2866061642937
8,568.1,1743.5435070119597
8,568.2,1756.760111393229
8,568.3000000000001,1741.8894430566518
8,568.4,1740.5208205904662
8,568.5,1735.6282453165136
8,568.6,1747.2449085855212
8,568.7,1749.702693152323
8,568.8000000000001,1745.0651093658948
8,568.9,1732.945759840061
8,569.0,1745.2713666499892
8,569.1,1870.237356072885
8,569.2,2522.912031493962
8,569.3000000000001,2896.4914982442365
8,569.4,2347.322975454888
8,569.5,1725.7084400144877
8,569.6,1755.548967620912
8,569.7,1734.8581653507676
8,569.8000000000001,1736.5351090524555
8,569.9,1755.5890261165482
8,570.0,1742.7532055758759
8,570.1,1730.5463770798112
8,570.2,1724.117399983323
8,570.3000000000001,1733.9710080140073
8,570.4,1750.248851542311
8,570.5,1743.4683432443896
8,570.6,1743.0975449826472
8,570.7,1729.5111855008643
8,570.8000000000001,1747.488161324091
8,570.9,1724.9849010181792
8,571.0,1785.8863243896917
8,571.1,1944.0953836402077
8,571.2,1801.474326547633
8,571.3000000000001,1762.5703214911707
8,571.4,1743.0033191688578
8,571.5,1753.1798899145747
8,571.6,1747.089532568762
8,571.7,1745.8179168858906
8,571.8000000000001,1746.7608777784105
8,571.9,1743.2380289178277
8,572.0,1740.78797081993
8,572.1,1747.9206459332854
8,572.2,1786.2510576615462
8,572.3000000000001,1748.2451127343875
8,572.4,1758.1613052274924
8,572.5,1749.3533536773082
8,572.6,1743.5880825473846
8,572.7,1747.5827944393584
8,572.8000000000001,1741.910438307876
8,572.9,1735.4745074281045
8,573.0,1730.4499568918066
8,573.1,1729.17665831393
8,573.2,1720.3945865492433
8,573.3000000000001,1731.9879381621222
8,573.4,1749.9655080885586
8,573.5,1739.7598749401307
8,573.6,1737.4750311173477
8,573.7,1734.3783988204793
8,573.8000000000001,1740.4850336418401
8,573.9,1743.8669815875658
8,574.0,1735.9266909302119
8,574.1,1740.8589615619705
8,574.2,1745.9892518059626
8,574.3000000000001,1755.1345594149736
8,574.4,1770.6856556304886
8,574.5,1749.0457891923836
8,574.6,1735.8294725908013
8,574.7,1750.566029541889
8,574.8000000000001,1777.4069291415128
8,574.9,1740.3506578667393
8,575.0,1754.813526906241
8,575.1,1717.3035229871937
8,575.2,1726.5587682201394
8,575.3000000000001,1727.779116779895
8,575.4,1729.1368608887135
8,575.5,1722.639610088595
8,575.6,1735.7853513070072
8,575.7,1747.8113471247195
8,575.8000000000001,1753.713656250717
8,575.9,1753.7348442487357
8,576.0,1741.3992415853756
8,576.1,1742.4890774417067
8,576.2,1747.9976528172983
8,576.3000000000001,1766.5297131302875
8,576.4,1745.8090117785773
8,576.5,1759.525854816534
8,576.6,1743.6683589567904
8,576.7,1754.259423973153
8,576.8000000000001,1742.3249530349494
8,576.9,1741.8197960696853
8,577.0,1741.85850661723
8,577.1,1750.5856136919665
8,577.2,1734.546783295052
8,577.3000000000001,1743.068230805094
8,577.4,1753.5983199802715
8,577.5,1746.996355552643
8,577.6,1752.9268883798075
8,577.7,1754.28587552917
8,577.8000000000001,1746.0707683117935
8,577.9,1746.1902191238726
8,578.0,1783.019600745833
8,578.1,1984.4540464206307
8,578.2,1754.3489613551505
8,578.3000000000001,1774.4053423990406
8,578.4,2002.3887044905798
8,578.5,1737.417556379762
8,578.6,1757.6188798352987
8,578.7,1763.7401636051677
8,578.8000000000001,1762.3872824608252
8,578.9,1773.3661679233144
8,579.0,1758.3104469202522
8,579.1,1764.0474687688052
8,579.2,1748.3747707345474
8,579.3000000000001,1755.2846523143555
8,579.4,1752.2521082116295
8,579.5,1751.3625279848256
8,579.6,1782.9558115043656
8,579.7,1763.3213206956923
8,579.8000000000001,1746.1906504087883
8,579.9,1754.2145181711023
8,580.0,1730.2665627113313
8,580.1,1741.9432225192868
8,580.2,1730.6326378039353
8,580.3000000000001,1729.7861082395725
8,580.4,1737.491876586435
8,580.5,1737.9077119101328
8,580.6,1742.408399600161
8,580.7,1765.1392207868687
8,580.8000000000001,1751.363490423164
8,580.9,1758.9311565303253
8,581.0,1731.338909666704
8,581.1,1739.5817905404115
8,581.2,1727.7317222465028
8,581.3000000000001,1733.281169138401
8,581.4,1748.6196971094369
8,581.5,1738.5692668496558
8,581.6,1712.5828215322301
8,581.7,1743.5367406327418
8,581.8000000000001,1751.2306921739507
8,581.9,1742.9351368802782
8,582.0,1753.1403435271661
8,582.1,1747.4135535194089
8,582.2,1744.8557063206713
8,582.3000000000001,1759.779025067132
8,582.4,1753.1432183984411
8,582.5,1751.4153275929857
8,582.6,1756.6025761779147
8,582.7,1752.6872040847159
8,582.8000000000001,1735.5359283632104
8,582.9,1747.0407522160144
8,583.0,1751.18740238047
8,583.1,1730.8734809836562
8,583.2,1745.9211192543676
8,583.3000000000001,1774.2192307384498
8,583.4,1744.8822357198326
8,583.5,1747.8518427757178
8,583.6,1720.5870551896542
8,583.7,1727.6705207683328
8,583.8000000000001,1731.846980930552
8,583.9,1735.8162020192376
8,584.0,1741.2408908499956
8,584.1,1735.6880639444894
8,584.2,1736.2505807388739
8,584.3000000000001,1730.0850956882052
8,584.4,1729.8623336083115
8,584.5,1775.667706394386
8,584.6,1977.2685243203484
8,584.7,1743.0791093653706
8,584.8000000000001,1741.5458103940828
8,584.9,1747.6371758878504
8,585.0,1756.4836270054782
8,585.1,1743.9623891780607
8,585.2,1743.5679631305034
8,585.3000000000001,1741.886918323624
8,585.4,1746.8054062563467
8,585.5,1737.865572918156
8,585.6,1736.7677376217616
8,585.7,1737.2328641878487
8,585.8000000000001,1741.9331336068901
8,585.9,1745.6816831984252
8,586.0,1746.6267975184849
8,586.1,1761.8456442466518
8,586.2,1887.4234866217323
8,586.3000000000001,1743.8901188545492
8,586.4,1747.8110271126695
8,586.5,1736.9210352984069
8,586.6,1737.370541348683
8,586.7,1752.5948497408654
8,586.8000000000001,1744.6929572978968
8,586.9,1767.5651648432527
8,587.0,1740.7156467431707
8,587.1,1750.5571710701263
8,587.2,1749.1988848849896
8,587.3000000000001,1742.63620622581
8,587.4,1738.3717763551717
8,587.5,1751.8268802645907
8,587.6,1747.8616801124715
8,587.7,1757.3194261268673
8,587.8000000000001,1765.445700060034
8,587.9,1748.8151086231826
8,588.0,1752.730810912626
8,588.1,1748.6963314723482
8,588.2,1750.4380394287784
8,588.3000000000001,1735.856913701586
8,588.4,1746.1966600046244
8,588.5,1739.9986280005717
8,588.6,1739.8130240019539
8,588.7,1739.771547695332
8,588.8000000000001,1740.5818206957415
8,588.9,1749.7637756270958
8,589.0,1759.2671643803626
8,589.1,1752.0539417631537
8,589.2,1760.3113756703483
8,589.3000000000001,1757.1338260815069
8,589.4,1759.1099181541717
8,589.5,1780.1184534920294
8,589.6,1764.290945103612
8,589.7,1740.5795255321389
8,589.8000000000001,1731.550793995281
8,589.9,1731.6412033568238
8,590.0,1748.9236694053395
8,590.1,1768.767271388025
8,590.2,1752.0611110268133
8,590.3000000000001,1756.8443537123276
8,590.4,1774.090766699159
8,590.5,1748.6454876986388
8,590.6,1764.1684196659714
8,590.7,1750.8212188708862
8,590.8000000000001,1757.6782283285827
8,590.9,1756.0944818152368
8,591.0,1751.4469596585873
8,591.1,1746.895599056402
8,591.2,1757.3516679089178
8,591.3000000000001,1754.0387382200145
8,591.4,1734.0912948814394
8,591.5,1748.6760601037947
8,591.6,1777.555165416151
8,591.7,1738.719666033945
8,591.8000000000001,1729.9504934529034
8,591.9,1755.8416092691648
8,592.0,1758.7251036504001
8,592.1,1755.7519363275226
8,592.2,1740.156682164
8,592.3000000000001,1747.8731454606984
8,592.4,1747.5331414266998
8,592.5,1731.6253223016236
8,592.6,1740.5442499367389
8,592.7,1752.7779216353795
8,592.8000000000001,1743.6360278481939
8,592.9,1746.4155699517005
8,593.0,1745.817052565361
8,593.1,1753.1061682859563
8,593.2,1745.2055533171074
8,593.3000000000001,1762.480368885766
8,593.4,1750.5867666231375
8,593.5,1761.4196011447061
8,593.6,1755.9272582754438
8,593.7,1730.6696731976954
8,593.8000000000001,1755.0491581971244
8,593.9,1843.710907100582
8,594.0,1760.8388190220887
8,594.1,1750.9916674815956
8,594.2,1764.1886596123609
8,594.3000000000001,1765.9245799275143
8,594.4,1766.0992109066913
8,594.5,1761.972044589903
8,594.6,1739.3581335408026
8,594.7,1742.3772405258342
8,594.8000000000001,1737.2501995711168
8,594.9,1769.870170900953
8,595.0,1741.0702495764501
8,595.1,1754.1497082700512
8,595.2,1759.1044661686426
8,595.3000000000001,1732.1285998251208
8,595.4,1769.8075443344198
8,595.5,1948.8369767342667
8,595.6,1801.4556204723929
8,595.7,2597.808001139071
8,595.8000000000001,1770.5031558524518
8,595.9,1772.4098602144609
8,596.0,1746.6090389926346
8,596.1,1759.9458922782155
8,596.2,1747.3227981633054
8,596.3000000000001,1738.499929416432
8,596.4,1757.164396162718
8,596.5,1754.8025767531633
8,596.6,1751.3059578944371
8,596.7,1757.1345329787707
8,596.8000000000001,1761.1012669783427
8,596.9,1763.8457060147307
8,597.0,1744.660498690903
8,597.1,1765.9913831796844
8,597.2,1760.8426467716495
8,597.3000000000001,1792.3078199033155
8,597.4,2573.599856184313
8,597.5,1862.4649709727073
8,597.6,1759.8178121733197
8,597.7,1773.197745426768
8,597.8000000000001,1758.8596382120622
8,597.9,1759.272951601972
8,598.0,1764.5052627022726
8,598.1,1769.383538786954
8,598.2,1755.0614969123533
8,598.3000000000001,1760.8135971053507
8,598.4,1750.928620178176
8,598.5,1778.741378729103
8,598.6,1739.622590080278
8,598.7,1742.2951977082223
8,598.8000000000001,1760.9077681121719
8,598.9,1892.4193176963995
8,599.0,2219.7312167974806
8,599.1,1719.5408264370903
8,599.2,1729.8319799814183
8,599.3000000000001,1739.974188406593
8,599.4,1764.9481580027934
8,599.5,1861.9567209738989
8,599.6,1814.5757125014422
8,599.7,1742.465494747341
8,599.8000000000001,1773.0151548515507
8,599.9,1757.1350694971322
8,600.0,1751.408368187537
8,600.1,1746.2895461077878
8,600.2,1760.4282657198933
8,600.3000000000001,1755.8845005640126
8,600.4,1763.230126259854
8,600.5,1770.96250375655
8,600.6,1769.0852534421163
8,600.7,1764.357630916156
8,600.8000000000001,1752.910274643887
8,600.9,1762.1654380773646
8,601.0,1724.5859187516085
8,601.1,1734.6839634847256
8,601.2,1719.4601932756918
8,601.3000000000001,1769.0492107207501
8,601.4,1764.6231530704913
8,601.5,1781.0497343406348
8,601.6,2160.684060101752
8,601.7,1774.4960959442024
8,601.8000000000001,1770.480942061409
8,601.9,1755.1139965182365
8,602.0,1741.1882938485292
8,602.1,1749.1243402800285
8,602.2,1749.9592809997353
8,602.3000000000001,1759.1693648227395
8,602.4,1739.101471960523
8,602.5,1731.9127775813263
8,602.6,1726.68774728287
8,602.7,1747.527318899611
8,602.8000000000001,1746.3494855748554
8,602.9,1741.8571555307662
8,603.0,1773.413914876177
8,603.1,1746.7836821851904
8,603.2,1760.2489810992877
8,603.3000000000001,1733.2697207354483
8,603.4,1759.6918859830769
8,603.5,1740.2167445248517
8,603.6,1748.2856104202938
8,603.7,1761.9154272686696
8,603.8000000000001,1747.2147555876002
8,603.9,1759.8807214394515
8,604.0,1743.1717727447106
8,604.1,1778.2794133189668
8,604.2,1751.8095613113169
8,604.3000000000001,1774.6848122834217
8,604.4,1760.036441165771
8,604.5,1780.0271186905934
8,604.6,1729.2066039006731
8,604.7,1763.6695121099808
8,604.8000000000001,1764.099262004244
8,604.9,1764.4846741162803
8,605.0,1746.1383541872683
8,605.1,1758.1148972111496
8,605.2,1732.5957299484767
8,605.3000000000001,1769.6191521690873
8,605.4,1742.1355900754472
8,605.5,1765.014028032083
8,605.6,1748.0258777157687
8,605.7,1770.4477197899369
8,605.8000000000001,1868.2207159503425
8,605.9,1946.7492973840676
8,606.0,1752.63728838373
8,606.1,1742.0241186814317
8,606.2,1775.29762447353
8,606.3000000000001,1730.8549083677356
8,606.4,1762.7124399426145
8,606.5,1746.2128429782592
8,606.6,1759.979105457122
8,606.7,1741.50532170827
8,606.8000000000001,1770.1041253075805
8,606.9,1774.6359593840912
8,607.0,1763.1447123787736
8,607.1,1761.135511901352
8,607.2,1759.0598426244421
8,607.3000000000001,1756.9825292915848
8,607.4,1768.496377722069
8,607.5,1762.1991684255674
8,607.6,1773.2908391098513
8,607.7,1755.3504006748235
8,607.8000000000001,1757.1299356082698
8,607.9,1773.0236836977517
8,608.0,1756.106722212294
8,608.1,1778.488709498852
8,608.2,1747.145036028903
8,608.3000000000001,1770.7635467280668
8,608.4,1771.4354467396613
8,608.5,1771.6953013951602
8,608.6,1749.1710778779566
8,608.7,1780.6857097902096
8,608.8000000000001,1743.7814174416292
8,608.9,1758.6918359432934
8,609.0,1770.1239126192309
8,609.1,1760.4710277221898
8,609.2,1755.786622417509
8,609.3000000000001,1773.1325799876693
8,609.4,1744.698497301168
8,609.5,1750.61478706572
8,609.6,1770.4207590998496
8,609.7,1761.981099253208
8,609.8000000000001,1820.7667628481497
8,609.9,1881.281492258738
8,610.0,1793.7034291463824
8,610.1,1745.17289368802
8,610.2,1767.423412101785
8,610.3000000000001,1775.380652166314
8,610.4,1761.2525967036431
8,610.5,1749.130597459939
8,610.6,1754.2210502597256
8,610.7,1756.644044953572
8,610.8000000000001,1730.7218083612736
8,610.9,1759.8049685063504
8,611.0,1751.1525142876885
8,611.1,1745.6321238177377
8,611.2,2349.204864128955
8,611.3000000000001,1760.6265091931562
8,611.4,1745.7858875156658
8,611.5,1726.9583994157356
8,611.6,1739.369933307761
8,611.7,1756.2168974994122
8,611.8000000000001,1733.5713363116745
8,611.9,1769.1161576933896
8,612.0,1760.4369934637407
8,612.1,1757.6418075578965
8,612.2,1746.941133265179
8,612.3000000000001,1752.4493796371528
8,612.4,1742.3784031658006
8,612.5,2069.167301290681
8,612.6,1763.0217236834324
8,612.7,1736.5311519622312
8,612.8000000000001,1764.2451450499532
8,612.9,1761.2412466389478
8,613.0,1756.793340532555
8,613.1,1747.7057458342742
8,613.2,1748.7754714070247
8,613.3000000000001,1755.3858292454224
8,613.4,1740.2849930374398
8,613.5,1760.7824214261034
8,613.6,1758.2086044307184
8,613.7,1774.9176655460826
8,613.8000000000001,1746.1998131086234
8,613.9,1736.1183369336072
8,614.0,1750.8219027214823
8,614.1,1743.933411100837
8,614.2,1754.646610275698
8,614.3000000000001,1758.11222996264
8,614.4000000000001,1747.3593603062282
8,614.5,1757.1450512033553
8,614.6,1724.5004182876971
8,614.7,1755.942931163565
8,614.8000000000001,1781.4908625669743
8,614.9000000000001,1756.153519756541
8,615.0,1757.7163805090643
8,615.1,1742.5491040026268
8,615.2,1756.9555501404773
8,615.3000000000001,1757.811348207507
8,615.4000000000001,1749.0031990792504
8,615.5,1756.4235023030492
8,615.6,1765.257332745246
8,615.7,1764.5657662624528
8,615.8000000000001,1759.7913659580822
8,615.9000000000001,1775.8873430767921
8,616.0,1753.737900274269
8,616.1,1764.0098961627205
8,616.2,1743.879753351655
8,616.3000000000001,1762.166470462943
8,616.4000000000001,1742.4532151740236
8,616.5,1768.6615449625888
8,616.6,1772.2121178953194
8,616.7,1751.5502299204277
8,616.8000000000001,1756.9130936811102
8,616.9000000000001,1772.513522758448
8,617.0,1764.5257432856517
8,617.1,1765.9181509875552
8,617.2,1751.158201591224
8,617.3000000000001,1764.3587616584562
8,617.4000000000001,1743.8839493292205
8,617.5,1993.5078653974454
8,617.6,1769.6327428392467
8,617.7,1764.5491211606575
8,617.8000000000001,1750.7535223431523
8,617.9000000000001,1778.1305005287904
8,618.0,1758.5150428799504
8,618.1,1770.4830487203167
8,618.2,1752.102664851241
8,618.3000000000001,1753.3551949270168
8,618.4000000000001,1752.106986406655
8,618.5,1756.67766685412
8,618.6,1750.4397023256574
8,618.7,1749.1441528044581
8,618.8000000000001,1769.7419083313034
8,618.9000000000001,1762.8274634867976
8,619.0,1762.7037667168652
8,619.1,1754.5047288439935
8,619.2,1781.6931102060114
8,619.3000000000001,1756.6243201064365
8,619.4000000000001,1767.3508618667518
8,619.5,1758.2472533323482
8,619.6,1754.7027259922029
8,619.7,1742.795628433084
8,619.8000000000001,1749.4228027521879
8,619.9000000000001,1745.6003665268713
8,620.0,1761.6817842962978
8,620.1,1745.9483054048217
8,620.2,1753.934172742766
8,620.3000000000001,1751.1389492455914
8,620.4000000000001,1751.258766580089
8,620.5,1748.5047424856193
8,620.6,1753.8566613703094
8,620.7,1771.211289598041
8,620.8000000000001,1773.641849971466
8,620.9000000000001,1774.5423452239947
8,621.0,1752.6166798344377
8,621.1,1749.8224773880552
8,621.2,1747.3687725816856
8,621.3000000000001,1773.9407064119473
8,621.4000000000001,1779.4756654596868
8,621.5,1764.7848156527748
8,621.6,1766.473760712559
8,621.7,1769.375901675361
8,621.8000000000001,1771.8019025330045
8,621.9000000000001,1769.2049932094883
8,622.0,1763.0662809250346
8,622.1,1766.5853362031178
8,622.2,1761.9101972730473
8,622.3000000000001,1758.1239164995866
8,622.4000000000001,1762.2475344477268
8,622.5,1758.3108562666646
8,622.6,1746.0602848229491
8,622.7,1759.8873949387798
8,622.8000000000001,1774.4222594989076
8,622.9000000000001,1764.4348274774704
8,623.0,1755.2597364055518
8,623.1,1774.326622407874
8,623.2,1756.2714252096773
8,623.3000000000001,1773.155986164481
8,623.4000000000001,1751.5577130851636
8,623.5,1761.846859219634
8,623.6,1763.3680951788883
8,623.7,1774.7284654520472
8,623.8000000000001,1741.2225534683964
8,623.9000000000001,1765.9183684882512
8,624.0,1767.164545671387
8,624.1,1760.5783842157293
8,624.2,1765.4336695781913
8,624.3000000000001,1757.3696681001877
8,624.4000000000001,1772.3645072017473
8,624.5,1754.9871496505598
8,624.6,1770.0322068569349
8,624.7,1763.2126843680628
8,624.8000000000001,1777.748032785616
8,624.9000000000001,1758.4895581551177
8,625.0,1771.5281371683736
8,625.1,1776.868116507576
8,625.2,1782.970783251805
8,625.3000000000001,1761.4683027050044
8,625.4000000000001,1790.396177217955
8,625.5,1776.4566594403711
8,625.6,1783.5379829237688
8,625.7,1774.7458934470358
8,625.8000000000001,1790.731379526319
8,625.9000000000001,1741.8343107364783
8,626.0,1757.5516223780057
8,626.1,1774.4332466677663
8,626.2,1757.5626481697602
8,626.3000000000001,1774.86596438833
8,626.4000000000001,1770.641315362631
8,626.5,1787.640604966866
8,626.6,1766.9019370344097
8,626.7,1792.3753097092872
8,626.8000000000001,1768.2730973993882
8,626.9000000000001,1768.234909349642
8,627.0,1766.9106400427
8,627.1,1760.253643707345
8,627.2,1761.060429893943
8,627.3000000000001,1761.6530633949733
8,627.4000000000001,1762.0528345487714
8,627.5,1760.4537056233214
8,627.6,1772.4557222366016
8,627.7,1763.9324969087636
8,627.8000000000001,1788.061336024344
8,627.9000000000001,1749.5758117136686
8,628.0,1764.4242007911166
8,628.1,1758.1941445528628
8,628.2,1935.3979425519565
8,628.3000000000001,1770.9310730656653
8,628.4000000000001,1760.3382228150335
8,628.5,1759.8759864914778
8,628.6,1757.6563672978898
8,628.7,1757.2948584816281
8,628.8000000000001,1756.445287253551
8,628.9000000000001,1750.7394525892842
8,629.0,1749.684960442446
8,629.1,1749.4620861654598
8,629.2,1760.1746619536732
8,629.3000000000001,1763.3181316494317
8,629.4000000000001,1754.5872599990375
8,629.5,1753.2407553810265
8,629.6,1749.995108790197
8,629.7,1846.1739631545095
8,629.8000000000001,1768.5670006585344
8,629.9000000000001,1749.2355710681409
8,630.0,1751.4962541782431
8,630.1,1739.1978516276886
8,630.2,1760.0967855087297
8,630.3000000000001,1744.780075904386
8,630.4000000000001,1770.971052159813
8,630.5,1765.1103927765507
8,630.6,1763.8866507617893
8,630.7,1763.960454424317
8,630.8000000000001,1768.143921087839
8,630.9000000000001,1761.5290158022706
8,631.0,1753.6131657560197
8,631.1,1753.3981730682626
8,631.2,1748.9029649452282
8,631.3000000000001,1743.8674110808452
8,631.4000000000001,1767.480230932499
8,631.5,1760.521897876366
8,631.6,1769.7085130559756
8,631.7,1744.85388346259
8,631.8000000000001,1758.121840312449
8,631.9000000000001,1723.6531198913017
8,632.0,1742.5320381522229
8,632.1,1751.0902502039737
8,632.2,1757.4374099505837
8,632.3000000000001,1750.4860762951091
8,632.4000000000001,1747.9197163646056
8,632.5,1762.0269344681824
8,632.6,1750.5074014196864
8,632.7,1737.9693900649272
8,632.8000000000001,1751.3920227369356
8,632.9000000000001,1753.0018472017944
8,633.0,1759.623025363208
8,633.1,1759.8275686112288
8,633.2,1750.7300353219784
8,633.3000000000001,1741.3132807596564
8,633.4000000000001,1765.3179053338183
8,633.5,1761.7225028272685
8,633.6,1775.9186755761687
8,633.7,1754.3136083681698
8,633.8000000000001,1753.272558218006
8,633.9000000000001,1773.0236551729931
8,634.0,1761.8117616760076
8,634.1,1766.8330787910868
8,634.2,2616.63709178363
8,634.3000000000001,1962.2735680362744
8,634.4000000000001,1764.1046120089477
8,634.5,1732.200730857761
8,634.6,1746.9081473224255
8,634.7,1749.2478639178394
8,634.8000000000001,1751.6261122070962
8,634.9000000000001,1762.1480248086173
8,635.0,1750.005187646396
8,635.1,1768.5391648045656
8,635.2,1757.7524351906663
8,635.3000000000001,1772.3033530120024
8,635.4000000000001,1750.6134168482479
8,635.5,1773.4874536739844
8,635.6,1755.844866434095
8,635.7,1753.7311728223276
8,635.8000000000001,1790.0362742476054
8,635.9000000000001,1772.2196222316197
8,636.0,1740.486787360992
8,636.1,1735.7774307581603
8,636.2,1745.8665762982187
8,636.3000000000001,1928.6534008436633
8,636.4000000000001,1865.8117868554
8,636.5,1757.2016469789287
8,636.6,1739.9654168316765
8,636.7,1742.566376043054
8,636.8000000000001,1745.3532873396823
8,636.9000000000001,1757.5441033882767
8,637.0,1750.4634643936215
8,637.1,1768.00218930057
8,637.2,1759.3033993809395
8,637.3000000000001,1763.5894958270546
8,637.4000000000001,1750.215415928824
8,637.5,1806.6913337860635
8,637.6,1750.4231645726209
8,637.7,1740.1945307757774
8,637.8000000000001,1747.9512379203663
8,637.9000000000001,1743.5145357407796
8,638.0,1741.118138703559
8,638.1,1748.4799340276957
8,638.2,1740.1085403766226
8,638.3000000000001,1742.4298252172005
8,638.4000000000001,1746.9810935819119
8,638.5,1747.5027126819127
8,638.6,1747.153914012474
8,638.7,1744.9797367639478
8,638.8000000000001,1750.4096241723307
8,638.9000000000001,1746.7498872433653
8,639.0,1743.9336172358824
8,639.1,1745.193026772656
8,639.2,1760.5708119199069
8,639.3000000000001,1756.3211079242772
8,639.4000000000001,1759.392522922004
8,639.5,1755.4772812372667
8,639.6,1771.5861848830414
8,639.7,1742.5813524809005
8,639.8000000000001,1733.7181525979295
8,639.9000000000001,1742.3184305514087
8,640.0,1742.849812553019
8,640.1,1746.1762360877003
8,640.2,1752.1991687962895
8,640.3000000000001,1757.7019387445557
8,640.4000000000001,1750.4530886822076
8,640.5,1746.3323578593206
8,640.6,1743.7608299125143
8,640.7,1744.2883610371234
8,640.8000000000001,1765.1340195529997
8,640.9000000000001,1747.335353729884
8,641.0,1755.377812615867
8,641.1,1749.5906229466136
8,641.2,1756.711414123618
8,641.3000000000001,1756.5902484561511
8,641.4000000000001,1761.4900559018706
8,641.5,1741.373339494553
8,641.6,1753.5562576781256
8,641.7,1760.9957721381102
8,641.8000000000001,1758.3822329533457
8,641.9000000000001,1744.7761857005187
8,642.0,1956.8082119256744
8,642.1,1809.2445638571717
8,642.2,1761.2444898269941
8,642.3000000000001,1745.958687763228
8,642.4000000000001,1728.3284068644423
8,642.5,1747.3882210604572
8,642.6,1746.5772684761837
8,642.7,1745.9725417488921
8,642.8000000000001,1748.213747131993
8,642.9000000000001,1741.3408753536078
8,643.0,1831.6988821864277
8,643.1,1771.0431706198879
8,643.2,1751.9612396625
8,643.3000000000001,1751.443899120264
8,643.4000000000001,1753.9679270762526
8,643.5,1763.2484955046837
8,643.6,1741.9642253284592
8,643.7,1747.6989109107963
8,643.8000000000001,1744.295123568849
8,643.9000000000001,1746.8550766310564
8,644.0,1737.388605889978
8,644.1,1753.1140486466575
8,644.2,1737.0526755366707
8,644.3000000000001,1753.0993858046845
8,644.4000000000001,1739.4787991073474
8,644.5,1734.506673066246
8,644.6,1743.0109703274811
8,644.7,1746.2322700120815
8,644.8000000000001,1747.3181522897814
8,644.9000000000001,1745.3301728602141
8,645.0,1754.1545354025218
8,645.1,1750.9824291341888
8,645.2,1746.0195827220134
8,645.3000000000001,1737.3071918663627
8,645.4000000000001,1737.537658953717
8,645.5,1748.3915320685119
8,645.6,1746.1193366067519
8,645.7,1747.559778516455
8,645.8000000000001,1744.1675048631841
8,645.9000000000001,1749.0528136466064
8,646.0,1740.5306136651202
8,646.1,1749.143234741047
8,646.2,1746.6776615501892
8,646.3000000000001,1746.5408630907746
8,646.4000000000001,1747.6307899223907
8,646.5,1746.178151754737
8,646.6,1746.2701741248293
8,646.7,1738.415268423945
8,646.8000000000001,1732.1039464144924
8,646.9000000000001,1743.9304261948432
8,647.0,1757.56646639089
8,647.1,1753.0961016869526
8,647.2,1743.3579672562246
8,647.3000000000001,1759.379058931673
8,647.4000000000001,1719.4162481695657
8,647.5,1722.1468136066967
8,647.6,1736.4310836032746
8,647.7,1762.1700585631704
8,647.8000000000001,1734.18977582825
8,647.9000000000001,1742.9411719498312
8,648.0,1752.9891657429075
8,648.1,1759.5303731401625
8,648.2,1757.9574768453565
8,648.3000000000001,1723.9902951036725
8,648.4000000000001,1726.4336445145163
8,648.5,1734.1522067330375
8,648.6,1758.4598053242917
8,648.7,1745.445740240182
8,648.8000000000001,1745.875235037108
8,648.9000000000001,1762.036366094474
8,649.0,1754.996215506765
8,649.1,1754.193280643671
8,649.2,1758.1556493952207
8,649.3000000000001,1751.911441883046
8,649.4000000000001,1762.7709450159339
8,649.5,1744.8412735687145
8,649.6,1750.5208323228367
8,649.7,1749.1169535602853
8,649.8000000000001,1736.9716874646647
8,649.9000000000001,1740.7187834076872
8,650.0,1738.236644286858
8,650.1,1754.4435361591252
8,650.2,1732.9022353616058
8,650.3000000000001,1746.4850046042243
8,650.4000000000001,1760.1146903019412
8,650.5,1745.2906191598418
8,650.6,1755.3803341287478
8,650.7,1749.6126559926731
8,650.8000000000001,1766.2001437104932
8,650.9000000000001,1765.9574638782165
8,651.0,1787.2894713947687
8,651.1,1764.0055598082174
8,651.2,1757.1617197783003
8,651.3000000000001,1758.239378696149
8,651.4000000000001,1752.666209471425
8,651.5,1746.7808680229898
8,651.6,1800.8399458567026
8,651.7,1751.9269735236649
8,651.8000000000001,1740.5870323241973
8,651.9000000000001,1744.149639196024
8,652.0,1743.3158647012847
8,652.1,1758.1801780751653
8,652.2,1760.6152112933455
8,652.3000000000001,1745.8572243684719
8,652.4000000000001,1738.8411938486918
8,652.5,1736.0042941391628
8,652.6,1733.1413280046127
8,652.7,1741.423808219915
8,652.8000000000001,1748.4547019332215
8,652.9000000000001,1750.7911506942487
8,653.0,1735.195426481311
8,653.1,1745.5029744064404
8,653.2,1806.844379119193
8,653.3000000000001,1788.7231622769284
8,653.4000000000001,1759.0332873331806
8,653.5,1749.6736590256514
8,653.6,1889.4104706438416
8,653.7,1787.573303373785
8,653.8000000000001,1736.0690882755985
8,653.9000000000001,1748.722808203301
8,654.0,1756.9575390493753
8,654.1,1744.2840239516518
8,654.2,1759.175173800419
8,654.3000000000001,1761.2757097648275
8,654.4000000000001,1754.8191748111522
8,654.5,1760.590272841433
8,654.6,1751.87522210011
8,654.7,1742.1254970233294
8,654.8000000000001,1743.4832681626392
8,654.9000000000001,1741.2537042218237
8,655.0,1743.1466421644086
8,655.1,1736.5587858766935
8,655.2,1732.065362425683
8,655.3000000000001,1757.7171038178776
8,655.4000000000001,1742.8623522414416
8,655.5,1739.4318245596478
8,655.6,1750.3117009924752
8,655.7,1767.0193914737042
8,655.8000000000001,1762.880416345925
8,655.9000000000001,1752.44757797703
8,656.0,1733.2557638181975
8,656.1,1750.205507882065
8,656.2,1752.4891458867946
8,656.3000000000001,1757.9195991497959
8,656.4000000000001,1758.2879545316518
8,656.5,1758.9064332401629
8,656.6,1747.7855243196836
8,656.7,1752.5241131417167
8,656.8000000000001,1747.880477119381
8,656.9000000000001,1743.6869110169603
8,657.0,1744.0285392779444
8,657.1,1745.7461891732698
8,657.2,1749.5843100283823
8,657.3000000000001,1762.1805030567418
8,657.4000000000001,1757.5905706578033
8,657.5,1750.801573202116
8,657.6,1740.1279008587833
8,657.7,1742.8791083377064
8,657.8000000000001,1751.1533884835947
8,657.9000000000001,1752.9830755921137
8,658.0,1752.3219398682033
8,658.1,1751.9136195758472
8,658.2,1759.614180439745
8,658.3000000000001,1763.0068975308702
8,658.4000000000001,1744.756033968867
8,658.5,1754.390017863738
8,658.6,1767.4264870036213
8,658.7,1757.456350956957
8,658.8000000000001,1764.0290392809602
8,658.9000000000001,1756.0560506325141
8,659.0,1764.216955487882
8,659.1,1755.663195649351
8,659.2,1756.5246771512154
8,659.3000000000001,1776.7478625840715
8,659.4000000000001,1775.8089585996274
8,659.5,1758.6811296254375
8,659.6,1768.157528478638
8,659.7,1766.29103290457
8,659.8000000000001,1768.7038789689832
8,659.9000000000001,1756.1918873161708
8,660.0,1767.0951628632363
8,660.1,1767.7590275672155
8,660.2,1757.4082307045035
8,660.3000000000001,1793.6984683585047
8,660.4000000000001,1787.4522977824593
8,660.5,1760.4274863496964
8,660.6,1773.6962903707372
8,660.7,1767.0192383901149
8,660.8000000000001,1908.2665751243544
8,660.9000000000001,1935.6629496335802
8,661.0,1808.9579365611894
8,661.1,1768.8647218447256
8,661.2,1769.9465371195708
8,661.3000000000001,1772.6792271132524
8,661.4000000000001,1758.2908103321029
8,661.5,1768.1665565526544
8,661.6,1760.7352560700133
8,661.7,1755.3461627170514
8,661.8000000000001,1734.7343383906168
8,661.9000000000001,1724.293178322451
8,662.0,1738.1511957131966
8,662.1,1749.3867925274817
8,662.2,1745.7865307388545
8,662.3000000000001,1750.8180262234923
8,662.4000000000001,1743.9407455293538
8,662.5,1742.1567519783828
8,662.6,1746.8461737659693
8,662.7,1753.3605424473596
8,662.8000000000001,1749.531146137563
8,662.9000000000001,1758.8037919010792
8,663.0,1751.3626208912974
8,663.1,1750.7639524445883
8,663.2,1743.6360559445957
8,663.3000000000001,1751.943702349767
8,663.4000000000001,1755.7631071072126
8,663.5,1748.3959724442284
8,663.6,1749.888178925046
8,663.7,1750.7592265062815
8,663.8000000000001,1743.1196649427202
8,663.9000000000001,1749.7959443849386
8,664.0,1773.1457326776103
8,664.1,1770.4063718350899
8,664.2,1757.5532092684725
8,664.3000000000001,1757.9284318387088
8,664.4000000000001,1756.4254049042547
8,664.5,1762.9136259328802
8,664.6,2090.212014239529
8,664.7,1932.268845685814
8,664.8000000000001,1766.3508781953851
8,664.9000000000001,1765.0639752774316
8,665.0,1771.6145133477419
8,665.1,1787.784140584325
8,665.2,1789.459845402509
8,665.3000000000001,1764.4623708519662
8,665.4000000000001,1750.339324474031
8,665.5,1760.2708232790665
8,665.6,1767.1095672418974
8,665.7,1770.2508196690155
8,665.8000000000001,1766.3049965428854
8,665.9000000000001,1765.5641744394827
8,666.0,1759.0048101873915
8,666.1,1765.1106412103252
8,666.2,1771.5634093695799
8,666.3000000000001,1766.0815267600533
8,666.4000000000001,1765.325980732455
8,666.5,1757.3809906852946
8,666.6,1984.0730747723367
8,666.7,2521.902289546851
8,666.8000000000001,2124.4450074959223
8,666.9000000000001,1772.4293096466022
8,667.0,1764.9895085891164
8,667.1,1764.2814695343645
8,667.2,1772.3729838841423
8,667.3000000000001,1776.708112026134
8,667.4000000000001,1779.7551838696509
8,667.5,1774.2551621626128
8,667.6,1763.6873098444191
8,667.7,1755.6974867120337
8,667.8000000000001,1752.5471419411558
8,667.9000000000001,1761.8957031742575
8,668.0,1760.54414483918
8,668.1,1750.3582692497748
8,668.2,1768.9388465372124
8,668.3000000000001,1778.314227135059
8,668.4000000000001,1774.188985329787
8,668.5,1766.0839907067184
8,668.6,1776.9946098165233
8,668.7,1756.6946501030397
8,668.8000000000001,1760.3290678053863
8,668.9000000000001,1768.6623814506509
8,669.0,1759.162321195643
8,669.1,1762.5966425399818
8,669.2,1764.2867695114348
8,669.3000000000001,1767.4472560007105
8,669.4000000000001,1764.2425541335565
8,669.5,1764.1587425832465
8,669.6,1761.8617369579604
8,669.7,1782.5041590985288
8,669.8000000000001,1761.5258813959445
8,669.9000000000001,1914.045530407696
8,670.0,2032.421945865443
8,670.1,2091.0892782477285
8,670.2,1931.308089406053
8,670.3000000000001,1798.9126283857404
8,670.4000000000001,1788.9622589917126
8,670.5,1775.2936794916698
8,670.6,1771.9721478393708
8,670.7,1774.8342094881566
8,670.8000000000001,1773.7358107615682
8,670.9000000000001,1769.269582331321
8,671.0,1777.2917642413586
8,671.1,1767.8447998851393
8,671.2,1772.0981494291862
8,671.3000000000001,1777.79498812467
8,671.4000000000001,1783.9314617811233
8,671.5,1777.8604849914575
8,671.6,1784.726285708163
8,671.7,1769.4453317529824
8,671.8000000000001,1778.0718661640617
8,671.9000000000001,1773.8970483898543
8,672.0,1771.599252489533
8,672.1,1775.2378915340585
8,672.2,1780.4069001973078
8,672.3000000000001,1769.947448553576
8,672.4000000000001,1910.9500125628279
8,672.5,1894.4802576199133
8,672.6,1795.2828355450367
8,672.7,1766.8872602091656
8,672.8000000000001,1769.4535983319827
8,672.9000000000001,1772.0003692854634
8,673.0,1770.4096669859744
8,673.1,1761.1077361657885
8,673.2,1755.3703611790495
8,673.3000000000001,1764.9959738888733
8,673.4000000000001,1767.7767891169253
8,673.5,1765.467755802316
8,673.6,1773.1171877414786
8,673.7,1779.4452391909613
8,673.8000000000001,1781.8419386443263
8,673.9000000000001,1773.1395573202672
8,674.0,1771.9621679705092
8,674.1,1779.4918919632003
8,674.2,1763.3149633374496
8,674.3000000000001,1759.9297016925902
8,674.4000000000001,1847.5461899729569
8,674.5,1825.959028125216
8,674.6,1768.0918084649636
8,674.7,1772.7196748507806
8,674.8000000000001,1772.6489474804578
8,674.9000000000001,1772.3439654066822
8,675.0,1772.147714327925
8,675.1,1777.377238116664
8,675.2,1778.1494487386158
8,675.3000000000001,1776.2540538188061
8,675.4000000000001,1780.1492595498335
8,675.5,1775.0166012858058
8,675.6,1780.9905291966354
8,675.7,1778.3720550260973
8,675.8000000000001,1780.251275866548
8,675.9000000000001,1776.7881699861662
8,676.0,1791.7961321358532
8,676.1,1802.6801358225875
8,676.2,1798.3709638807388
8,676.3000000000001,1782.9086767949366
8,676.4000000000001,1787.229367080755
8,676.5,1776.3980798267164
8,676.6,1777.0709994381205
8,676.7,1770.6818729597007
8,676.8000000000001,1763.8662334929911
8,676.9000000000001,1783.1967177006297
8,677.0,1778.6924646523378
8,677.1,1785.0084661799287
8,677.2,1783.8236752781345
8,677.3000000000001,1783.1898693595094
8,677.4000000000001,1779.7418678461852
8,677.5,1782.305565223504
8,677.6,1772.3333827716385
8,677.7,1771.4293294673355
8,677.8000000000001,1923.4736404298508
8,677.9000000000001,1872.2767588657016
8,678.0,1785.8522529756444
8,678.1,1772.74743662228
8,678.2,1763.2194759553688
8,678.3000000000001,1763.1890397237696
8,678.4000000000001,2169.556873195817
8,678.5,2043.4330383599902
8,678.6,1778.3222087223262
8,678.7,1767.736697801293
8,678.8000000000001,1760.4175730872062
8,678.9000000000001,1758.6443331048831
8,679.0,1767.6138885499893
8,679.1,1769.1000100133647
8,679.2,1759.7055461868185
8,679.3000000000001,1750.265813035244
8,679.4000000000001,1767.2940463438513
8,679.5,1770.3037148878982
8,679.6,1901.502724815442
8,679.7,1853.9611157197546
8,679.8000000000001,1752.2118725214366
8,679.9000000000001,1751.6920752954152
8,680.0,1758.415152571129
8,680.1,1764.2828342583723
8,680.2,1760.1503992136459
8,680.3000000000001,1758.71416877949
8,680.4000000000001,1755.5428344842637
8,680.5,1759.297634747496
8,680.6,1756.8654385115399
8,680.7,1762.138100737035
8,680.8000000000001,1766.9077984542232
8,680.9000000000001,1761.9015448906869
8,681.0,1761.642564742887
8,681.1,1763.1277719540296
8,681.2,1788.1313622427608
8,681.3000000000001,1771.0358330296367
8,681.4000000000001,2247.222064683
8,681.5,2847.1507194129576
8,681.6,2960.0699684658525
8,681.7,2955.5137100113725
8,681.8000000000001,2997.746745226629
8,681.9000000000001,2987.123385757961
8,682.0,2429.9334123395424
8,682.1,1865.0302492772048
8,682.2,1760.1812104208045
8,682.3000000000001,1775.141328268737
8,682.4000000000001,1775.501362963348
8,682.5,1777.3462754218913
8,682.6,1769.8698062389008
8,682.7,1766.276076320427
8,682.8000000000001,1764.3994070728795
8,682.9000000000001,1783.5308149426446
8,683.0,1775.9858279420769
8,683.1,1784.1479448337104
8,683.2,1786.2219352951959
8,683.3000000000001,1773.0463935057428
8,683.4000000000001,1770.7554902728577
8,683.5,1765.3662348890296
8,683.6,1786.666696954947
8,683.7,1784.1407249860433
8,683.8000000000001,1768.2454458806935
8,683.9000000000001,1770.2584072501925
8,684.0,1778.3213829618403
8,684.1,1783.3900517026839
8,684.2,1764.5462046589944
8,684.3000000000001,1774.006830026241
8,684.4000000000001,1770.3058626709953
8,684.5,1755.4934455837183
8,684.6,1760.9124404171932
8,684.7,1765.9252541699552
8,684.8000000000001,1771.7935277250938
8,684.9000000000001,1771.6066069384854
8,685.0,1777.4338026011658
8,685.1,1783.2969277117847
8,685.2,1780.7689172829546
8,685.3000000000001,1774.2398106213482
8,685.4000000000001,1767.694366107959
8,685.5,1774.3410719887147
8,685.6,1773.4691620072454
8,685.7,1767.8971673388767
8,685.8000000000001,1841.9524222880805
8,685.9000000000001,1828.300612869345
8,686.0,1760.7656568499663
8,686.1,1781.5427389467777
8,686.2,1779.8703821582667
8,686.3000000000001,1779.1974260875188
8,686.4000000000001,1797.8856023771734
8,686.5,1785.0209572223096
8,686.6,1768.8582293859718
8,686.7,1769.7742782825053
8,686.8000000000001,1779.274121699976
8,686.9000000000001,1779.4520021222058
8,687.0,1782.1926688350834
8,687.1,1794.3340649100007
8,687.2,1783.1239225867655
8,687.3000000000001,1774.2810796224608
8,687.4000000000001,1779.941096817165
8,687.5,1802.631926704777
8,687.6,1784.5705321436249
8,687.7,1767.263102528737
8,687.8000000000001,1808.0087904947234
8,687.9000000000001,1826.0578741743197
8,688.0,1789.9768519719676
8,688.1,1760.9071241765323
8,688.2,1767.5233905675655
8,688.3000000000001,1768.7893334915486
8,688.4000000000001,1763.9055406091181
8,688.5,1769.3486543955926
8,688.6,1769.5110871409559
8,688.7,1763.199055223405
8,688.8000000000001,1758.8421042270213
8,688.9000000000001,1905.4701722262068
8,689.0,1894.4285153709595
8,689.1,1769.1755118664246
8,689.2,1769.5166068769825
8,689.3000000000001,1768.4465073428612
8,689.4000000000001,1765.3533307553744
8,689.5,1782.4498001239099
8,689.6,1788.0998369628637
8,689.7,1774.3560059190581
8,689.8000000000001,1757.0928854851045
8,689.9000000000001,1759.6302023676649
8,690.0,1766.323330237191
8,690.1,1765.9771732924128
8,690.2,1759.9997766533618
8,690.3000000000001,1758.9998061192784
8,690.4000000000001,1774.242976187234
8,690.5,1778.9785180373494
8,690.6,1766.3986006066787
8,690.7,1760.6680443542152
8,690.8000000000001,1757.9810595670685
8,690.9000000000001,1744.9002861265133
8,691.0,1739.3430223704902
8,691.1,1748.1556049814058
8,691.2,1759.3341127485057
8,691.3000000000001,1760.6226234932444
8,691.4000000000001,1768.7385170987038
8,691.5,1775.2064168292977
8,691.6,1769.7630237268818
8,691.7,1763.8675305984111
8,691.8000000000001,1760.0306828358257
8,691.9000000000001,1763.4093927317244
8,692.0,1774.4948728747524
8,692.1,1773.3804588275627
8,692.2,1755.8420875525042
8,692.3000000000001,1840.7909604131273
8,692.4000000000001,1846.7978295585456
8,692.5,1771.2094761984192
8,692.6,1772.0306608768276
8,692.7,1770.9547511221565
8,692.8000000000001,1759.7756816258889
8,692.9000000000001,1763.1853846871516
8,693.0,1793.3460162466015
8,693.1,1784.7642862564821
8,693.2,1769.0986462692579
8,693.3000000000001,1764.6830334665199
8,693.4000000000001,1748.2822017823871
8,693.5,1747.9628400022875
8,693.6,1790.6578469725519
8,693.7,1787.6615725935574
8,693.8000000000001,1741.4546879656957
8,693.9000000000001,1731.6926913679456
8,694.0,1748.962966110661
8,694.1,1761.887969108873
8,694.2,1757.0391036565413
8,694.3000000000001,1752.0633285277115
8,694.4000000000001,1751.1431738917934
8,694.5,1764.942994233427
8,694.6,1762.9799512786494
8,694.7,1762.4035878105885
8,694.8000000000001,1757.7495312713224
8,694.9000000000001,1749.5105580247787
8,695.0,1756.7366460651667
8,695.1,1758.0473037568506
8,695.2,1748.4231958190073
8,695.3000000000001,1747.7355428766264
8,695.4000000000001,1965.0968965370996
8,695.5,1967.8684102487728
8,695.6,1756.67470031311
8,695.7,1750.3266465786571
8,695.8000000000001,1744.4639729523847
8,695.9000000000001,1742.8186230739211
8,696.0,1749.1544094896092
8,696.1,1750.2135937482708
8,696.2,1755.4561828852004
8,696.3000000000001,1754.577581780476
8,696.4000000000001,1754.2524463601828
8,696.5,1766.2841332207017
8,696.6,1765.7107835424292
8,696.7,1750.1658479844334
8,696.8000000000001,1743.7227002842883
8,696.9000000000001,1746.1361440919536
8,697.0,1743.747642941224
8,697.1,1749.1409904650948
8,697.2,1757.5436770413094
8,697.3000000000001,1767.5661237025283
8,697.4000000000001,1756.9722412618607
8,697.5,1750.2343417090817
8,697.6,1757.9243317226592
8,697.7,1757.6351194547992
8,697.8000000000001,1766.417298048905
8,697.9000000000001,1758.134310160676
8,698.0,1751.792496186171
8,698.1,1756.0763963565544
8,698.2,1746.461049868461
8,698.3000000000001,1741.3434812937098
8,698.4000000000001,1754.1061396819148
8,698.5,1756.5647425266704
8,698.6,1740.2783677385673
8,698.7,1742.2304696948304
8,698.8000000000001,1756.8488222421447
8,698.9000000000001,1755.721336528296
8,699.0,1752.9061996482849
8,699.1,1758.911953107529
8,699.2,1748.6839600519404
8,699.3000000000001,1756.686752422459
8,699.4000000000001,1765.6525130848636
8,699.5,1766.5451187898689
8,699.6,1768.6475127852189
8,699.7,1768.421989578263
8,699.8000000000001,1764.4352634448483
8,699.9000000000001,1743.768307939054
8,700.0,1740.4573008742855
8,700.1,1848.3561577552753
8,700.2,1873.0755017684953
8,700.3000000000001,1764.7408645995965
8,700.4000000000001,1758.8126205347578
8,700.5,1799.981843621399
8,700.6,1802.4591307569297
8,700.7,1754.6166928015352
8,700.8000000000001,1752.148538007285
8,700.9000000000001,1759.4595696237807
8,701.0,1784.9232693121542
8,701.1,1782.947590099524
8,701.2,1763.305404631349
8,701.3000000000001,1774.8926814037234
8,701.4000000000001,1776.193191354352
8,701.5,1763.5209177800812
8,701.6,1774.7372226781451
8,701.7,1765.0262876417835
8,701.8000000000001,1752.0099106112605
8,701.9000000000001,1771.0348008206633
8,702.0,1764.215623829994
8,702.1,1760.3930299270849
8,702.2,1762.4740639120423
8,702.3000000000001,1754.3278346165828
8,702.4000000000001,1846.8157138706813
8,702.5,1876.874507396866
8,702.6,1764.3451272555662
8,702.7,1858.7499450171056
8,702.8000000000001,1879.6633527112294
8,702.9000000000001,1763.6087374849665
8,703.0,1771.7871235872324
8,703.1,1773.2734892223875
8,703.2,1768.6593165837005
8,703.3000000000001,1772.0235226287266
8,703.4000000000001,1778.745235875489
8,703.5,1762.6963445686724
8,703.6,1745.2091858785018
8,703.7,1769.5263050975304
8,703.8000000000001,1778.3842615672497
8,703.9000000000001,1756.4488883633246
8,704.0,1760.1358597116218
8,704.1,1758.712674970985
8,704.2,1751.7912657977024
8,704.3000000000001,1760.7318291108813
8,704.4000000000001,1762.6936320783536
8,704.5,1758.5973752457342
8,704.6,1785.617695305735
8,704.7,1793.6471787974274
8,704.8000000000001,1767.160461055692
8,704.9000000000001,1754.3279843478247
8,705.0,1762.5409496922487
8,705.1,1769.94386191003
8,705.2,1757.512766343719
8,705.3000000000001,1787.2489904189872
8,705.4000000000001,1793.9742155431322
8,705.5,1766.0528865324952
8,705.6,1759.2341649943523
8,705.7,1755.0290437153851
8,705.8000000000001,1749.1074257918906
8,705.9000000000001,1741.4341427377824
8,706.0,1778.654719624743
8,706.1,1801.7388904867378
8,706.2,1758.577159788212
8,706.3000000000001,1752.7038476569178
8,706.4000000000001,1751.114563331839
8,706.5,1756.2627125448575
8,706.6,1752.1498140151857
8,706.7,1746.1202213859353
8,706.8000000000001,1741.9904661322607
8,706.9000000000001,1742.3013097326543
8,707.0,1750.2716402516323
8,707.1,1750.2457810889512
8,707.2,1755.3481291953751
8,707.3000000000001,1771.1454965276976
8,707.4000000000001,1769.9779469163948
8,707.5,1752.8570600673877
8,707.6,1756.3284138371785
8,707.7,1759.4556534943833
8,707.8000000000001,1754.2566069956356
8,707.9000000000001,1744.390346554003
8,708.0,1752.861534886658
8,708.1,1762.4400905869245
8,708.2,1748.2328708176249
8,708.3000000000001,1737.3229833136195
8,708.4000000000001,1744.2087222062232
8,708.5,1753.4019431016939
8,708.6,1752.8721413852638
8,708.7,1754.5491862393164
8,708.8000000000001,1756.408819696063
8,708.9000000000001,1737.890190017062
8,709.0,1737.4456917761213
8,709.1,1739.546518250577
8,709.2,1745.7852628225867
8,709.3000000000001,1750.9812110761127
8,709.4000000000001,1750.4631724747221
8,709.5,1755.5434414049469
8,709.6,1818.8338819313092
8,709.7,2194.860837520794
8,709.8000000000001,2256.5098660495537
8,709.9000000000001,1763.602586114985
8,710.0,1755.5819021350617
8,710.1,1754.80279097755
8,710.2,1759.0129340839264
8,710.3000000000001,1753.5819773851515
8,710.4000000000001,1766.585978495869
8,710.5,1761.8409005766573
8,710.6,1758.444606564654
8,710.7,1755.7430628707036
8,710.8000000000001,1753.6197845161466
8,710.9000000000001,1757.1724486795451
8,711.0,1761.4514035323919
8,711.1,1765.927932240712
8,711.2,1767.7555969975892
8,711.3000000000001,1761.6156010541754
8,711.4000000000001,1767.1055299890822
8,711.5,1762.6062426971166
8,711.6,1757.4024024776947
8,711.7,1758.147902158176
8,711.8000000000001,1756.4714440306577
8,711.9000000000001,1747.9435911626733
8,712.0,1749.5941506737358
8,712.1,1753.0075752527605
8,712.2,1909.9205692654612
8,712.3000000000001,1971.8805429768597
8,712.4000000000001,1767.1036448805255
8,712.5,1766.408686943012
8,712.6,1755.806561044633
8,712.7,1758.3914866378616
8,712.8000000000001,1759.4336358892488
8,712.9000000000001,1763.120510649294
8,713.0,1755.5275260235717
8,713.1,1750.7656296706807
8,713.2,1737.1052653637096
8,713.3000000000001,1746.9277642026384
8,713.4000000000001,1762.8780710945261
8,713.5,1761.7902186325693
8,713.6,1759.4125372034223
8,713.7,1750.9157710938723
8,713.8000000000001,1749.7724104122299
8,713.9000000000001,1766.9951514454488
8,714.0,1766.681719874853
8,714.1,1760.2355211085169
8,714.2,1757.2060836257442
8,714.3000000000001,1763.2885201967465
8,714.4000000000001,1776.8377584210473
8,714.5,1763.106001146136
8,714.6,1753.474757780361
8,714.7,1752.524425889621
8,714.8000000000001,1753.6745867658183
8,714.9000000000001,1791.0502851999777
8,715.0,1812.5838677516201
8,715.1,1763.8754868698775
8,715.2,1768.5235521245274
8,715.3000000000001,1759.0950353382887
8,715.4000000000001,1768.073483359965
8,715.5,1762.3123218736448
8,715.6,1766.9420850578636
8,715.7,1763.6704249320921
8,715.8000000000001,1764.471042316925
8,715.9000000000001,1761.3296309093073
8,716.0,1755.4608389483392
8,716.1,1751.4847611852867
8,716.2,1761.2224174693088
8,716.3000000000001,1768.117492152546
8,716.4000000000001,1778.442594409541
8,716.5,1755.7038661414226
8,716.6,1759.8988897166407
8,716.7,1763.0437935278494
8,716.8000000000001,1761.7322310696784
8,716.9000000000001,1764.0192961462908
8,717.0,1768.5712796286678
8,717.1,1770.2936638044234
8,717.2,1776.6544005661424
8,717.3000000000001,1755.5765307865793
8,717.4000000000001,1752.5192195543323
8,717.5,1757.1436986889573
8,717.6,1760.8846060191222
8,717.7,1771.9266898520655
8,717.8000000000001,1761.9935423875152
8,717.9000000000001,1762.29141046746
8,718.0,1755.8817904117848
8,718.1,1758.859195766137
8,718.2,1749.2182382077872
8,718.3000000000001,1735.6485222598267
8,718.4000000000001,1741.3991737562687
8,718.5,1741.0712380674386
8,718.6,1751.2103086435557
8,718.7,1766.3313778048418
8,718.8000000000001,1769.7691936650283
8,718.9000000000001,1758.193328019627
8,719.0,1750.1530645132082
8,719.1,1743.7804930555283
8,719.2,1742.1247659570522
8,719.3000000000001,1748.8948991319335
8,719.4000000000001,1751.076003710586
8,719.5,1743.8280931394627
8,719.6,1750.7145702177222
8,719.7,1751.8020337810851
8,719.8000000000001,1766.4183917223395
8,719.9000000000001,1770.378728519196
8,720.0,1763.155616956382
8,720.1,1747.4470804959249
8,720.2,1746.7973850688613
8,720.3000000000001,1747.7086767955127
8,720.4000000000001,1757.479880766332
8,720.5,1758.6841898746848
8,720.6,1760.109259632415
8,720.7,1754.3947944888741
8,720.8000000000001,1751.2701093452547
8,720.9000000000001,1751.202937868927
8,721.0,1763.0443136811505
8,721.1,1757.0552814608884
8,721.2,1766.4431808282372
8,721.3000000000001,1762.667449263591
8,721.4000000000001,1768.5371927098347
8,721.5,1756.0046597643359
8,721.6,1752.4543705249932
8,721.7,1762.7748908335386
8,721.8000000000001,1767.1791650032544
8,721.9000000000001,1757.0517587166769
8,722.0,1751.2657411089374
8,722.1,1743.7965920630995
8,722.2,1750.9532067120902
8,722.3000000000001,1752.6075513210433
8,722.4000000000001,1748.1144149953868
8,722.5,1758.221490252847
8,722.6,1753.569725038725
8,722.7,1758.907304935645
8,722.8000000000001,1759.1343215593736
8,722.9000000000001,1769.2961987399217
8,723.0,1765.8771308829662
8,723.1,1766.328616798193
8,723.2,1749.4708160501038
8,723.3000000000001,1757.8431426426143
8,723.4000000000001,1759.3834718152857
8,723.5,1760.5813059143115
8,723.6,1785.1598953941386
8,723.7,2020.4066933406818
8,723.8000000000001,2529.6643140241836
8,723.9000000000001,2834.75327601622
8,724.0,2430.580446556482
8,724.1,1764.8240218736391
8,724.2,1763.7411978783045
8,724.3000000000001,1759.0425544518225
8,724.4000000000001,1773.3083427697277
8,724.5,1762.0121925740239
8,724.6,1742.058071021135
8,724.7,1751.3281799572594
8,724.8000000000001,1757.1962176780248
8,724.9000000000001,1756.492806883663
8,725.0,1774.3305696545183
8,725.1,1766.4009198695117
8,725.2,1965.7498709186098
8,725.3000000000001,2176.2022950818337
8,725.4000000000001,1778.9160325435557
8,725.5,1761.4174770411566
8,725.6,1757.248812080054
8,725.7,1760.0198729895208
8,725.8000000000001,1762.2864398154702
8,725.9000000000001,1761.180205969475
8,726.0,1771.0868148904483
8,726.1,1770.5726361923273
8,726.2,1756.9284296391463
8,726.3000000000001,1759.990591348458
8,726.4000000000001,1761.4893958367607
8,726.5,1768.03603201363
8,726.6,1770.82945339885
8,726.7,1779.5117031329205
8,726.8000000000001,1770.2325697675062
8,726.9000000000001,1771.6063436466882
8,727.0,1779.6309003271595
8,727.1,1804.8764370353258
8,727.2,1754.038592865736
8,727.3000000000001,1798.9502421253308
8,727.4000000000001,1855.2309274858453
8,727.5,1759.3830769850308
8,727.6,1757.214773545631
8,727.7,1762.911389059898
8,727.8000000000001,1762.0680651020778
8,727.9000000000001,1755.2485811077795
8,728.0,1755.6675161808403
8,728.1,1764.6438635004486
8,728.2,1760.8654315831986
8,728.3000000000001,1772.2076893705284
8,728.4000000000001,1762.950259144899
8,728.5,1774.4254697040462
8,728.6,1767.688748612344
8,728.7,1760.883566272459
8,728.8000000000001,1758.8004811532155
8,728.9000000000001,1768.7342314071213
8,729.0,1773.7464094241834
8,729.1,1760.114433649538
8,729.2,1766.8263816597914
8,729.3000000000001,1773.7374332976735
8,729.4000000000001,1776.812204112851
8,729.5,1773.4860332287267
8,729.6,1767.503458954109
8,729.7,1754.0068434250384
8,729.8000000000001,1740.1074833190855
8,729.9000000000001,1754.355014247806
8,730.0,1759.2465441366048
8,730.1,1746.3587429110628
8,730.2,1751.6884882740646
8,730.3000000000001,1766.4303428966855
8,730.4000000000001,1754.7356594208245
8,730.5,1789.5937037461547
8,730.6,1825.8009295526115
8,730.7,1747.280433506721
8,730.8000000000001,1734.3168270022652
8,730.9000000000001,1736.1109563199002
8,731.0,1757.0956677389609
8,731.1,1761.7353630925513
8,731.2,1750.2810554535931
8,731.3000000000001,1745.959592316617
8,731.4000000000001,1744.4454031873381
8,731.5,1750.306566294459
8,731.6,1744.5875201412591
8,731.7,1742.6730210205212
8,731.8000000000001,1738.0151708081455
8,731.9000000000001,1746.8033286620368
8,732.0,1757.0969001482144
8,732.1,1760.6171194831018
8,732.2,1744.0988528857652
8,732.3000000000001,1744.4890721760187
8,732.4000000000001,1747.015208451913
8,732.5,1732.7868686498025
8,732.6,1747.5738001877633
8,732.7,1740.5697327338034
8,732.8000000000001,1731.5606232600885
8,732.9000000000001,1750.436256019232
8,733.0,1746.697392980115
8,733.1,1740.4149069629334
8,733.2,1743.4027068316025
8,733.3000000000001,1758.3893095484136
8,733.4000000000001,1751.31701756912
8,733.5,1753.8341246787597
8,733.6,1756.5592882714586
8,733.7,1753.8422708527453
8,733.8000000000001,1750.43278519525
8,733.9000000000001,1766.600989865803
8,734.0,1756.4338791606006
8,734.1,1769.144091342027
8,734.2,1759.6548967357633
8,734.3000000000001,1740.9237521839982
8,734.4000000000001,1748.621222655906
8,734.5,1756.8451865492393
8,734.6,1754.596192096531
8,734.7,1751.6532392553195
8,734.8000000000001,1765.190261497426
8,734.9000000000001,1754.4672530718667
8,735.0,1761.8299155753175
8,735.1,1785.5094718563478
8,735.2,1827.0125342622814
8,735.3000000000001,1744.7125182125637
8,735.4000000000001,1750.5917616664735
8,735.5,1748.4472201017477
8,735.6,1752.9330890819576
8,735.7,1756.7566079939807
8,735.8000000000001,1740.7633009643623
8,735.9000000000001,1753.9174110344727
8,736.0,1748.3017134272022
8,736.1,1764.0539723011707
8,736.2,1754.1301820836802
8,736.3000000000001,1759.3730226082484
8,736.4000000000001,1753.7669782038158
8,736.5,1744.6419443074292
8,736.6,1754.893357286946
8,736.7,1743.1226166133881
8,736.8000000000001,1762.7952245732013
8,736.9000000000001,1742.0159461650098
8,737.0,1749.9372611321996
8,737.1,1737.2131252682582
8,737.2,1750.682266519235
8,737.3000000000001,1740.9813797631107
8,737.4000000000001,1751.3298616216132
8,737.5,1733.0453730192394
8,737.6,1746.5342033450843
8,737.7,1744.931082818849
8,737.8000000000001,1748.5465814488925
8,737.9000000000001,1753.2589258895
8,738.0,1731.1474582651235
8,738.1,1738.5250728430385
8,738.2,1743.9936301955825
8,738.3000000000001,1740.2250005337633
8,738.4000000000001,1744.1154627341587
8,738.5,1750.460433552953
8,738.6,1736.2484717960294
8,738.7,1725.082151973597
8,738.8000000000001,1724.343726402076
8,738.9000000000001,1732.5170431098502
8,739.0,1745.1449555999827
8,739.1,1737.1516525559362
8,739.2,1753.4625070104346
8,739.3000000000001,1757.5458779248474
8,739.4000000000001,1769.6848830855936
8,739.5,1742.2992322583414
8,739.6,1826.5421367042109
8,739.7,1991.9724543415011
8,739.8000000000001,1849.2935478077036
8,739.9000000000001,1738.2942277918073
8,740.0,1737.0930381787073
8,740.1,1767.7759533334245
8,740.2,1759.5043156142062
8,740.3000000000001,1772.7360588922013
8,740.4000000000001,1761.876268486883
8,740.5,1769.989197573343
8,740.6,1754.8135635670387
8,740.7,1738.7089579155074
8,740.8000000000001,1743.5391986360746
8,740.9000000000001,1745.5418443927579
8,741.0,1738.638196363853
8,741.1,1732.4828777119055
8,741.2,1733.70160460935
8,741.3000000000001,1738.2075066363232
8,741.4000000000001,1734.3652473337668
8,741.5,1731.1527160728285
8,741.6,1734.6907504362994
8,741.7,1749.428201910101
8,741.8000000000001,1749.3582118856355
8,741.9000000000001,1743.5046304688865
8,742.0,1752.0007704200048
8,742.1,1756.0556998452307
8,742.2,1748.7187424011938
8,742.3000000000001,1741.9074983148307
8,742.4000000000001,1741.3210850629562
8,742.5,1749.902833321419
8,742.6,1746.0972134547037
8,742.7,1756.4875936696644
8,742.8000000000001,1766.318177162315
8,742.9000000000001,1767.7466821063333
8,743.0,1750.4258829912715
8,743.1,1752.1531081521919
8,743.2,1749.5725007375265
8,743.3000000000001,1789.7466846024874
8,743.4000000000001,1755.0852429939812
8,743.5,1754.7472610472391
8,743.6,1785.7455141020541
8,743.7,1828.0053394640242
8,743.8000000000001,1759.8344098311784
8,743.9000000000001,1759.3161153185558
8,744.0,1744.2411634272398
8,744.1,1751.7432341950257
8,744.2,1769.3494377157
8,744.3000000000001,1759.0520506966125
8,744.4000000000001,1764.566189372098
8,744.5,1758.0218031572049
8,744.6,1739.0154126805567
8,744.7,1734.4678068786714
8,744.8000000000001,1757.184052918263
8,744.9000000000001,1750.829654467709
8,745.0,1691.516855418041
8,745.1,1457.6050124211044
8,745.2,1603.6109291447522
8,745.3000000000001,1718.3796857701166
8,745.4000000000001,1728.192038509693
8,745.5,1745.1947184897479
8,745.6,1738.9784936017984
8,745.7,1731.2857506296614
8,745.8000000000001,1739.1531743845744
8,745.9000000000001,1776.723293256762
8,746.0,1898.9167150226965
8,746.1,1831.0923586681538
8,746.2,1731.6200355209621
8,746.3000000000001,1728.6493212761552
8,746.4000000000001,1739.377161122095
8,746.5,1720.024906151335
8,746.6,1742.749922107579
8,746.7,1737.4354053685413
8,746.8000000000001,1739.4713062028443
8,746.9000000000001,1746.800660450479
8,747.0,1731.2000257558284
8,747.1,1738.7096468094585
8,747.2,1752.257674299078
8,747.3000000000001,1744.550017828184
8,747.4000000000001,1764.22428816588
8,747.5,1759.4212797537064
8,747.6,1751.3907701688695
8,747.7,1746.429603619521
8,747.8000000000001,1751.7905540632578
8,747.9000000000001,1758.7710804201868
8,748.0,1752.1023025178445
8,748.1,1738.3107506179747
8,748.2,1714.514201037032
8,748.3000000000001,1745.0709506534808
8,748.4000000000001,1733.242528064358
8,748.5,1738.8845680666823
8,748.6,1753.6589904353407
8,748.7,1750.0263907746144
8,748.8000000000001,1753.299976960835
8,748.9000000000001,1755.4148696156635
8,749.0,1759.1774977494167
8,749.1,1730.779736113596
8,749.2,1739.9688791498058
8,749.3000000000001,1735.4255241277747
8,749.4000000000001,1737.0199540878957
8,749.5,1745.11221350992
8,749.6,1736.3891524671646
8,749.7,1738.4987617954291
8,749.8000000000001,1750.9423349797075
8,749.9000000000001,1757.9359807592875
8,750.0,1741.6997429076578
8,750.1,1739.639370711889
8,750.2,1734.957300510163
8,750.3000000000001,1766.2116193763834
8,750.4000000000001,1962.290731503353
8,750.5,2181.876677195675
8,750.6,2950.7407703150066
8,750.7,2582.5288798551255
8,750.8000000000001,1738.5005555416726
8,750.9000000000001,1728.8518363697524
8,751.0,1742.376471266915
8,751.1,1767.5768029856524
8,751.2,1753.515749202352
8,751.3000000000001,1766.2599767295578
8,751.4000000000001,1726.0499013505932
8,751.5,1719.8181402189841
8,751.6,1740.6447559738892
8,751.7,1752.4812892318928
8,751.8000000000001,1728.6027377985592
8,751.9000000000001,1775.1694790472334
8,752.0,1742.1183223057787
8,752.1,1740.5970649636295
8,752.2,1746.397453980064
8,752.3000000000001,1739.5664039983926
8,752.4000000000001,1751.7728195756451
8,752.5,1740.8447717732674
8,752.6,1751.764458915196
8,752.7,1747.7415464463006
8,752.8000000000001,1755.1803322836206
8,752.9000000000001,1747.9575022830188
8,753.0,1760.733847523054
8,753.1,1746.4216119354019
8,753.2,1756.7208729944032
8,753.3000000000001,1745.1554871179917
8,753.4000000000001,1762.5375701720413
8,753.5,1744.7056078091232
8,753.6,1762.1868539831876
8,753.7,1761.3264048914991
8,753.8000000000001,1747.0548050183268
8,753.9000000000001,1761.6509970485517
8,754.0,1750.4191920033359
8,754.1,1761.893440282214
8,754.2,1757.9941457280966
8,754.3000000000001,1762.7756023646311
8,754.4000000000001,1749.8917006607576
8,754.5,1747.7571617561207
8,754.6,1737.1409970948635
8,754.7,1769.1310079891955
8,754.8000000000001,1745.8694386486775
8,754.9000000000001,1757.3469342047383
8,755.0,1726.6228233729903
8,755.1,1741.21968630916
8,755.2,1718.9660255223416
8,755.3000000000001,1754.1929309765571
8,755.4000000000001,1751.9257364762777
8,755.5,1728.9745246780171
16,0.0,2663.696
16,0.1,1890.8654199816533
16,0.2,1736.0155972664757
16,0.30000000000000004,1827.816489423572
16,0.4,1771.7488748056824
16,0.5,1841.776298166941
16,0.6000000000000001,1724.6970378938638
16,0.7000000000000001,1736.527946054105
16,0.8,1722.3052596083235
16,0.9,1731.0172271718075
16,1.0,1739.0780134670829
16,1.1,1734.8486459633014
16,1.2000000000000002,1736.7929450151546
16,1.3,1735.5010717864284
16,1.4000000000000001,1736.8718504667822
16,1.5,1735.1219985274286
16,1.6,1733.5771517054538
16,1.7000000000000002,1706.4421718043725
16,1.8,1714.2501517638398
16,1.9000000000000001,1771.1273611873582
16,2.0,1734.4666057101872
16,2.1,1733.5274864052155
16,2.2,1735.9708767903353
16,2.3000000000000003,1721.648890045844
16,2.4000000000000004,2664.065565334443
16,2.5,2976.3853672633104
16,2.6,2904.1235633878323
16,2.7,2032.857453566883
16,2.8000000000000003,1743.5946200267326
16,2.9000000000000004,1730.4812568166387
16,3.0,1598.801353480626
16,3.1,1953.8429613050953
16,3.2,1628.5912043444687
16,3.3000000000000003,1607.2321448157718
16,3.4000000000000004,1736.0135952827766
16,3.5,1733.1528250840495
16,3.6,1747.3059347332257
16,3.7,1759.5220362837995
16,3.8000000000000003,1763.8329266447463
16,3.9000000000000004,1758.9388625651682
16,4.0,1772.534745391252
16,4.1000000000000005,1754.162374478376
16,4.2,1733.1149312067844
16,4.3,1777.015664296947
16,4.4,1770.5476221318086
16,4.5,1744.089146592673
16,4.6000000000000005,1733.746886303289
16,4.7,1762.419978184487
16,4.800000000000001,1752.1434618662279
16,4.9,1776.2984630777114
16,5.0,1753.3971085542462
16,5.1000000000000005,1947.7167854462894
16,5.2,1943.7509397870267
16,5.300000000000001,1809.301123640435
16,5.4,1753.4766636174309
16,5.5,1768.967657811465
16,5.6000000000000005,1751.7762460453769
16,5.7,1772.4426701896684
16,5.800000000000001,1755.4166042885665
16,5.9,1743.565595197259
16,6.0,1897.307960807955
16,6.1000000000000005,2256.6734411794864
16,6.2,1869.658384876904
16,6.300000000000001,1727.6547509520553
16,6.4,1764.2774162949515
16,6.5,1814.5366044772738
16,6.6000000000000005,1782.2457423603612
16,6.7,1773.1004789480455
16,6.800000000000001,1835.6947814957257
16,6.9,1780.4721795208795
16,7.0,1734.4024908774647
16,7.1000000000000005,1723.911449261694
16,7.2,1726.4396182929445
16,7.300000000000001,1764.587359760672
16,7.4,1752.6572509614696
16,7.5,1723.2528386911526
16,7.6000000000000005,1738.3921958481965
16,7.7,1720.8596643894534
16,7.800000000000001,1755.701950760125
16,7.9,1683.3327665947877
16,8.0,1749.0074831598286
16,8.1,1794.4798122182694
16,8.200000000000001,1750.3127849799484
16,8.3,1746.185267940012
16,8.4,1728.9433546248001
16,8.5,1752.3653440304233
16,8.6,1761.60150286858
16,8.700000000000001,1652.2179813800976
16,8.8,1668.7428402996568
16,8.9,1708.2747527481981
16,9.0,1724.3208971337754
16,9.1,1720.28230047942
16,9.200000000000001,1747.442038261351
16,9.3,1774.3819061583076
16,9.4,1732.1913921609273
16,9.5,1750.8880207849827
16,9.600000000000001,1768.9259621668764
16,9.700000000000001,1763.3875799595387
16,9.8,1769.2013766752373
16,9.9,1772.8656227033364
16,10.0,1779.697038558592
16,10.100000000000001,1760.9969068746047
16,10.200000000000001,1729.9527236400286
16,10.3,1772.9000214087775
16,10.4,1743.8992018390682
16,10.5,1767.3386881643567
16,10.600000000000001,1751.6832028631673
16,10.700000000000001,2307.4627193999136
16,10.8,1973.6098815134949
16,10.9,1781.4673785630546
16,11.0,1768.0152163839816
16,11.100000000000001,1766.0195193003944
16,11.200000000000001,1765.022563494431
16,11.3,1757.6702801134238
16,11.4,1740.555974282283
16,11.5,1747.1637829276895
16,11.600000000000001,1792.205235163621
16,11.700000000000001,1894.8195237550588
16,11.8,2396.2159936862918
16,11.9,2711.4128676744476
16,12.0,2041.312472349835
16,12.100000000000001,1771.0103496685458
16,12.200000000000001,1757.3077103908572
16,12.3,1753.2449130913008
16,12.4,1759.9634366335927
16,12.5,1768.0827972582765
16,12.600000000000001,1755.9909608533935
16,12.700000000000001,1749.639938815131
16,12.8,1769.0616454431497
16,12.9,1766.3877223382403
16,13.0,1707.5441995687033
16,13.100000000000001,1890.7744856283027
16,13.200000000000001,1892.9021518876152
16,13.3,1787.8265511608531
16,13.4,1755.826579390095
16,13.5,1753.5797579992566
16,13.600000000000001,1719.5151802375228
16,13.700000000000001,1766.6502098533163
16,13.8,1730.075830335884
16,13.9,1736.3244340296858
16,14.0,1717.6690015441034
16,14.100000000000001,1756.3681101611526
16,14.200000000000001,1728.2532197218263
16,14.3,1764.2773790975646
16,14.4,1762.3320184466181
16,14.5,1751.3546493864228
16,14.600000000000001,1907.745213037461
16,14.700000000000001,2054.488889708533
16,14.8,1804.4011187455592
16,14.9,1661.707141010873
16,15.0,1717.6897530958922
16,15.100000000000001,1836.8561465946748
16,15.200000000000001,2273.8132209843625
16,15.3,1956.976755442657
16,15.4,1738.0994832391318
16,15.5,1736.4962501084194
16,15.600000000000001,1776.7483261184934
16,15.700000000000001,1775.405375289932
16,15.8,1793.7260116558807
16,15.9,1766.2565929991945
16,16.0,1774.7198879299253
16,16.1,1805.5969501569098
16,16.2,1758.908616697922
16,16.3,1819.7656833124445
16,16.400000000000002,1822.1361351533337
16,16.5,1786.8489637500031
16,16.6,1762.5078465640613
16,16.7,1780.7980095057223
16,16.8,1770.579145370712
16,16.900000000000002,1785.9140787522376
16,17.0,1794.222904660916
16,17.1,1849.3604411345198
16,17.2,1818.8564026645322
16,17.3,1776.8287088085174
16,17.400000000000002,1647.5932625613839
16,17.5,1718.7493693908575
16,17.6,1788.9635055641472
16,17.7,1769.5485254640034
16,17.8,1789.016929227837
16,17.900000000000002,1762.7078305289258
16,18.0,1755.4321696019445
16,18.1,1772.704200987457
16,18.2,1770.7187291800435
16,18.3,1752.961234804551
16,18.400000000000002,1769.0056718987398
16,18.5,1709.7954531313296
16,18.6,1692.5841668211553
16,18.7,1755.173239818329
16,18.8,1747.9243741266287
16,18.900000000000002,1741.2309280959441
16,19.0,1762.341474483219
16,19.1,1762.2409209466575
16,19.200000000000003,1762.6492131039497
16,19.3,1749.1686265209007
16,19.400000000000002,1767.0269478101745
16,19.5,1737.6372464412518
16,19.6,1731.5347719480844
16,19.700000000000003,1743.4934380080497
16,19.8,1717.3111398591266
16,19.900000000000002,1727.3625052989767
16,20.0,1739.195057823113
16,20.1,1752.6035949017453
16,20.200000000000003,1720.023712797074
16,20.3,1708.729736825275
16,20.400000000000002,1693.4948151251087
16,20.5,1807.6322933048352
16,20.6,1761.5566215897156
16,20.700000000000003,1758.5690776454796
16,20.8,1745.5725010036501
16,20.900000000000002,1696.6782722974926
16,21.0,1709.854703006865
16,21.1,1740.9928826507373
16,21.200000000000003,1726.1742707199899
16,21.3,1725.7536270597682
16,21.400000000000002,1732.1708744728
16,21.5,1747.27088817934
16,21.6,1749.8197066468733
16,21.700000000000003,1750.4190192118074
16,21.8,1747.0216597760143
16,21.900000000000002,1740.0741285595823
16,22.0,1761.1582559511612
16,22.1,1751.3342586999872
16,22.200000000000003,1839.1180564608483
16,22.3,1824.8995539317511
16,22.400000000000002,1745.5199023370617
16,22.5,1734.5769192317773
16,22.6,2127.076843276662
16,22.700000000000003,2075.3313216854967
16,22.8,1819.4107185240061
16,22.900000000000002,1764.1430826682556
16,23.0,1793.4157270582741
16,23.1,1792.5141411247776
16,23.200000000000003,1746.097326860371
16,23.3,1739.634353969109
16,23.400000000000002,1798.3529611485096
16,23.5,1796.5979811610782
16,23.6,1728.1775514891415
16,23.700000000000003,1751.2676219811872
16,23.8,1747.472909459031
16,23.900000000000002,1723.0963885835192
16,24.0,1741.374915884911
16,24.1,1735.624876274623
16,24.200000000000003,1747.9047250765489
16,24.3,1743.6181543437594
16,24.400000000000002,1742.391299083098
16,24.5,1762.8741840114374
16,24.6,1722.1180113269938
16,24.700000000000003,1754.0440234885984
16,24.8,1759.7057763682112
16,24.900000000000002,1736.8524654288626
16,25.0,1744.4772739936238
16,25.1,1739.4031804791337
16,25.200000000000003,1740.9694528265204
16,25.3,1792.9105969583568
16,25.400000000000002,1757.4158536126674
16,25.5,1757.6777627171953
16,25.6,1743.4577679849397
16,25.700000000000003,1772.5096195027472
16,25.8,1734.26695276162
16,25.900000000000002,1783.0377324945698
16,26.0,1779.7893569580199
16,26.1,1727.828364018909
16,26.200000000000003,1762.1878696828267
16,26.3,1746.7674860073719
16,26.400000000000002,1758.5522311973746
16,26.5,1737.8492520688037
16,26.6,1748.3263184721518
16,26.700000000000003,1770.8064018242646
16,26.8,1748.2728961942069
16,26.900000000000002,1772.8912066367077
16,27.0,1774.0163602655414
16,27.1,1726.0215773349496
16,27.200000000000003,1729.6645147512477
16,27.3,1761.6509099592538
16,27.400000000000002,2425.9772530822347
16,27.5,2118.0271868758473
16,27.6,1773.1062428299451
16,27.700000000000003,1756.0083976715134
16,27.8,1760.3170538737213
16,27.900000000000002,1786.1002190865165
16,28.0,1761.0749017084852
16,28.1,1930.7875495420187
16,28.200000000000003,1812.2490373308706
16,28.3,1715.066124177995
16,28.400000000000002,1740.8289421960858
16,28.5,1740.6271164410734
16,28.6,1732.5617526315223
16,28.700000000000003,1782.725186848052
16,28.8,1802.6885848421803
16,28.900000000000002,1830.6704876113965
16,29.0,1819.879707725008
16,29.1,1812.8338608643026
16,29.200000000000003,1807.9760633651754
16,29.3,1784.1949166014977
16,29.400000000000002,1775.1226248230737
16,29.5,1739.2309817878547
16,29.6,1713.7919176958655
16,29.700000000000003,1742.7468752965076
16,29.8,1786.5136564542186
16,29.900000000000002,2213.0143616687055
16,30.0,2148.7930057921913
16,30.1,1833.1697590115625
16,30.200000000000003,1778.8045150462858
16,30.3,1794.842050175013
16,30.400000000000002,1780.777915390975
16,30.5,1768.4313311380884
16,30.6,1781.917311741034
16,30.700000000000003,1795.0904100875898
16,30.8,1754.0160954849464
16,30.900000000000002,1758.180483840717
16,31.0,1797.2009254400282
16,31.1,1826.39562453006
16,31.200000000000003,1757.0069387971753
16,31.3,1723.6880047530435
16,31.400000000000002,1781.5240897179265
16,31.5,1762.9457706135208
16,31.6,1737.3131027885597
16,31.700000000000003,1748.2299274410384
16,31.8,1768.698430023733
16,31.900000000000002,1806.851925301068
16,32.0,1796.1313405039614
16,32.1,1755.422741196261
16,32.2,1778.4654959988197
16,32.300000000000004,1784.2430708409768
16,32.4,1779.8645455667095
16,32.5,1751.7801349278968
16,32.6,1802.0238382374823
16,32.7,1804.1689334618416
16,32.800000000000004,1791.7261580197387
16,32.9,1806.7766003068975
16,33.0,1780.557330216621
16,33.1,1756.221961037364
16,33.2,1772.9350232856384
16,33.300000000000004,1760.2682431019223
16,33.4,1741.2499281032422
16,33.5,1763.0458853422292
16,33.6,1750.7258761848022
16,33.7,1746.2045804936638
16,33.800000000000004,1793.0914653418283
16,33.9,1804.8017318624322
16,34.0,1757.0297010172203
16,34.1,1729.4351863756153
16,34.2,1763.1702608843611
16,34.300000000000004,1750.1740482466253
16,34.4,1764.1790691219105
16,34.5,1786.4280614919044
16,34.6,1751.0215347406186
16,34.7,1837.7302280224321
16,34.800000000000004,1815.6444466195912
16,34.9,1768.4031391109158
16,35.0,1769.8771449117892
16,35.1,1786.2083276678286
16,35.2,1755.6955033595023
16,35.300000000000004,1776.0495326826747
16,35.4,1758.809587019004
16,35.5,1745.8658464856055
16,35.6,1821.848006552785
16,35.7,1804.7408952498984
16,35.800000000000004,1761.9753636638745
16,35.9,1762.2949024204847
16,36.0,1800.297810097958
16,36.1,1833.0713568259098
16,36.2,1757.8324131403206
16,36.300000000000004,1769.1565650970106
16,36.4,1791.2228230881412
16,36.5,1780.2155558009865
16,36.6,1795.3028922193075
16,36.7,1771.655019024289
16,36.800000000000004,1788.9554550479338
16,36.9,1795.699928263978
16,37.0,1760.6641095712844
16,37.1,1735.6096882383774
16,37.2,1721.137602805544
16,37.300000000000004,1759.7939915181817
16,37.4,1754.1618931647872
16,37.5,1749.895615780266
16,37.6,1754.54193508677
16,37.7,1747.0055244646073
16,37.800000000000004,1754.045093520816
16,37.9,1963.2479132424482
16,38.0,1888.8301118206298
16,38.1,1780.0877225051659
16,38.2,1773.107818271538
16,38.300000000000004,1783.0438387218558
16,38.400000000000006,1761.1611888790615
16,38.5,1727.0477221483548
16,38.6,1696.7647450371594
16,38.7,1745.7659000509962
16,38.800000000000004,1778.7316168018874
16,38.900000000000006,1759.8906202634917
16,39.0,1817.0812436575318
16,39.1,1855.6551874932686
16,39.2,1812.4419301355808
16,39.300000000000004,2415.992156007275
16,39.400000000000006,2913.242720503445
16,39.5,2417.6398882021026
16,39.6,1886.3764407791894
16,39.7,1793.9052009779236
16,39.800000000000004,1750.6519650337011
16,39.900000000000006,1743.3559750213299
16,40.0,1752.092805380418
16,40.1,1745.1526908832698
16,40.2,1740.8590074568076
16,40.300000000000004,1722.8454501410629
16,40.400000000000006,1692.9955518731185
16,40.5,1734.7410187049504
16,40.6,1754.6983877927598
16,40.7,1816.6648522427895
16,40.800000000000004,1847.8970580634991
16,40.900000000000006,1849.083676353735
16,41.0,1844.1026854418253
16,41.1,1808.4282345921974
16,41.2,1782.9428676201248
16,41.300000000000004,1819.4164981440433
16,41.400000000000006,1833.3100090160867
16,41.5,1776.7106858299537
16,41.6,1755.2125319451097
16,41.7,2083.318434597447
16,41.800000000000004,2026.955960687277
16,41.900000000000006,1736.4450810323372
16,42.0,1764.1048518025177
16,42.1,1800.3559645939167
16,42.2,1834.5618649716703
16,42.300000000000004,1924.14804557889
16,42.400000000000006,2432.861819701765
16,42.5,2225.371304764197
16,42.6,1788.7647090216774
16,42.7,1839.9257936998736
16,42.800000000000004,1913.698898869597
16,42.900000000000006,1952.292442186301
16,43.0,1911.4132594603868
16,43.1,1809.2364837472282
16,43.2,1747.0736734681523
16,43.300000000000004,1822.568602622029
16,43.400000000000006,1873.9985489884896
16,43.5,1800.50928100107
16,43.6,1983.4663527368793
16,43.7,1997.4078926464786
16,43.800000000000004,1793.3137993442451
16,43.900000000000006,1763.0053597948875
16,44.0,1772.1627689301697
16,44.1,1733.4143741861376
16,44.2,1748.333825753509
16,44.300000000000004,1811.539234704909
16,44.400000000000006,1830.522651421477
16,44.5,1803.1687152994382
16,44.6,1789.7839543559744
16,44.7,1770.8360672124884
16,44.800000000000004,1801.2052202593454
16,44.900000000000006,1824.2731041518907
16,45.0,2234.4284309978366
16,45.1,2705.6827082946947
16,45.2,2690.449662713733
16,45.300000000000004,2402.290445909093
16,45.400000000000006,2068.6567536597217
16,45.5,1850.4976931794354
16,45.6,1777.6050989084201
16,45.7,2176.047463840009
16,45.800000000000004,2170.5211956107883
16,45.900000000000006,1792.44069499027
16,46.0,1741.120316695082
16,46.1,1767.0542801359657
16,46.2,1779.7644847388888
16,46.300000000000004,1798.3476241551712
16,46.400000000000006,1796.0342772311794
16,46.5,1786.0292143367742
16,46.6,1770.1531950961464
16,46.7,1783.3222269012024
16,46.800000000000004,2023.2100797013074
16,46.900000000000006,2060.3895273717485
16,47.0,1846.9366551330563
16,47.1,1782.3674372566263
16,47.2,2162.068333701259
16,47.300000000000004,2222.440284975042
16,47.400000000000006,1901.6720141120652
16,47.5,1772.090449699052
16,47.6,1743.864113549553
16,47.7,1797.2717622217476
16,47.800000000000004,1791.0099492902677
16,47.900000000000006,1800.9510306943407
16,48.0,1827.3865312018224
16,48.1,1783.101364718076
16,48.2,1746.554497363191
16,48.300000000000004,1975.6650974864074
16,48.400000000000006,1970.2380815069807
16,48.5,1765.8330442819904
16,48.6,1776.6109947826671
16,48.7,1805.6734973248354
16,48.800000000000004,1802.7836654076166
16,48.900000000000006,1790.125136457497
16,49.0,1787.5501162277567
16,49.1,1772.4850553719457
16,49.2,1767.791611223024
16,49.300000000000004,1770.3508530029187
16,49.400000000000006,1758.1504856621361
16,49.5,1778.326216744226
16,49.6,1799.6093380671662
16,49.7,1764.8298031481263
16,49.800000000000004,1762.8428160225149
16,49.900000000000006,1774.782072717697
16,50.0,1772.6104657376918
16,50.1,1764.256668578182
16,50.2,1764.5458868169742
16,50.300000000000004,1770.179042920252
16,50.400000000000006,1768.8998459859902
16,50.5,1779.0522391112172
16,50.6,1787.3199475865292
16,50.7,1803.1251971878112
16,50.800000000000004,1797.0278619480487
16,50.900000000000006,1746.2010396374335
16,51.0,1758.6660834763009
16,51.1,1793.5296999606837
16,51.2,1780.8293202749746
16,51.300000000000004,2177.4312628815765
16,51.400000000000006,2141.4298272089727
16,51.5,1760.08213167426
16,51.6,1800.0225581875459
16,51.7,1812.2723914562666
16,51.800000000000004,1804.3597471767428
16,51.900000000000006,1763.4402014482569
16,52.0,1765.3879011830866
16,52.1,1784.6007479291914
16,52.2,1781.285483457599
16,52.300000000000004,2305.4125878295
16,52.400000000000006,2657.605462072891
16,52.5,2129.8393456461235
16,52.6,1780.681903817267
16,52.7,1782.7342788093665
16,52.800000000000004,1768.760851951877
16,52.900000000000006,1764.5125021783363
16,53.0,1787.9540099385956
16,53.1,1810.7468380434289
16,53.2,1777.9569926424529
16,53.300000000000004,1769.633701199952
16,53.400000000000006,1794.1214926869957
16,53.5,1795.039117667523
16,53.6,1784.7355633542384
16,53.7,1758.672977095976
16,53.800000000000004,1767.9321379645608
16,53.900000000000006,1821.4956286237841
16,54.0,1804.3447259946577
16,54.1,1770.784578305812
16,54.2,1774.4676520214546
16,54.300000000000004,2010.1682340436694
16,54.400000000000006,2036.4723749617892
16,54.5,1800.9272752490322
16,54.6,1801.6238698450823
16,54.7,1784.5011558550477
16,54.800000000000004,1785.0224377174898
16,54.900000000000006,1796.1704427257466
16,55.0,2240.4978900797773
16,55.1,2395.9228637769606
16,55.2,1898.4213653912961
16,55.300000000000004,1754.5940083328385
16,55.400000000000006,1777.0848781950629
16,55.5,1791.3504223874802
16,55.6,1809.5698496409157
16,55.7,1802.842457143265
16,55.800000000000004,1797.7146266063035
16,55.900000000000006,1804.8592109103727
16,56.0,1786.8040454866043
16,56.1,1890.8075196885252
16,56.2,1909.564874247678
16,56.300000000000004,1790.4978777395465
16,56.400000000000006,1787.1869671224972
16,56.5,1793.4922679055649
16,56.6,1788.370053588482
16,56.7,1779.343196433397
16,56.800000000000004,1784.509425733341
16,56.900000000000006,1779.5600774014304
16,57.0,1795.340576507088
16,57.1,1817.5067002323262
16,57.2,1810.020117770544
16,57.300000000000004,1809.2804603392706
16,57.400000000000006,1799.1053150234318
16,57.5,1789.4511764589543
16,57.6,1788.9450053393944
16,57.7,1782.1372349217254
16,57.800000000000004,1795.836381086245
16,57.900000000000006,1782.3619603033785
16,58.0,1791.571451806913
16,58.1,1806.9670448551367
16,58.2,1801.8172418285012
16,58.300000000000004,1790.287403947873
16,58.400000000000006,1796.6969469731282
16,58.5,1799.5121418549902
16,58.6,1797.8790340470139
16,58.7,1793.444290867763
16,58.800000000000004,1757.3989801764174
16,58.900000000000006,1773.3124667070201
16,59.0,1802.8473218357667
16,59.1,1790.679060512872
16,59.2,1823.247600516593
16,59.300000000000004,1861.6561704242038
16,59.400000000000006,1829.2764940815914
16,59.5,1783.3886512396498
16,59.6,1795.1082696927028
16,59.7,1793.3227440734663
16,59.800000000000004,1782.060589437516
16,59.900000000000006,1796.2747718261546
16,60.0,1785.1241960655361
16,60.1,1785.1586200744866
16,60.2,1811.1473426503171
16,60.300000000000004,1778.7004569682308
16,60.400000000000006,1774.8485406468797
16,60.5,1793.307019372087
16,60.6,1785.68999971454
16,60.7,1795.3699516668855
16,60.800000000000004,1789.354802808819
16,60.900000000000006,1787.19759545041
16,61.0,1783.6381183139536
16,61.1,1779.397328901005
16,61.2,1783.933102383033
16,61.300000000000004,1772.165063450703
16,61.400000000000006,1792.1171065643966
16,61.5,1786.3654340545177
16,61.6,1785.6425377739865
16,61.7,1857.6754320739653
16,61.800000000000004,1877.4317450547505
16,61.900000000000006,1785.7693111476453
16,62.0,1783.5929028946
16,62.1,1793.603840447012
16,62.2,1877.7205757287861
16,62.300000000000004,1883.3239401607789
16,62.400000000000006,1771.68010871361
16,62.5,1800.906672269428
16,62.6,1785.036533000057
16,62.7,1784.1536623303157
16,62.800000000000004,1762.7244286773587
16,62.900000000000006,1763.8765557101772
16,63.0,1787.1908903540332
16,63.1,1774.4273418563673
16,63.2,1781.0569835391477
16,63.300000000000004,1762.9473818433503
16,63.400000000000006,1751.7750268153518
16,63.5,1772.47705003598
16,63.6,1776.8447764398932
16,63.7,1779.6916876962812
16,63.800000000000004,2103.225616021801
16,63.900000000000006,2225.242787461805
16,64.0,1813.247900229702
16,64.10000000000001,1788.6821765179886
16,64.2,1781.3476376614346
16,64.3,1797.4902165191738
16,64.4,1804.4534634391132
16,64.5,1790.9228500953107
16,64.60000000000001,1761.2300448364335
16,64.7,1888.043279317675
16,64.8,1936.9330910696121
16,64.9,1772.5092500954322
16,65.0,1793.6361116570322
16,65.10000000000001,1802.522565300065
16,65.2,1806.2242637869979
16,65.3,1793.8477976010122
16,65.4,1803.859066141186
16,65.5,1808.1895734226412
16,65.60000000000001,1798.3089898207204
16,65.7,1806.687062327698
16,65.8,1792.9915872707784
16,65.9,1781.1365496074363
16,66.0,1784.0390437979684
16,66.10000000000001,1771.7844638796198
16,66.2,1762.7282150329543
16,66.3,1783.2665248608457
16,66.4,1784.344336148817
16,66.5,1782.8011452252795
16,66.60000000000001,1807.9549882438735
16,66.7,1802.7333120559658
16,66.8,1760.708594584395
16,66.9,1747.091359226838
16,67.0,1782.902386680328
16,67.10000000000001,1776.2684130356402
16,67.2,1761.3856779941639
16,67.3,1802.7180895093627
16,67.4,1784.7111020732575
16,67.5,1767.5976536963126
16,67.60000000000001,1826.977921845222
16,67.7,2337.7552439700376
16,67.8,2880.5629534844907
16,67.9,2318.341066537944
16,68.0,1761.3385863199555
16,68.10000000000001,1779.4986528475656
16,68.2,1816.7992727203846
16,68.3,1814.7921594792176
16,68.4,1814.1930668706348
16,68.5,1797.9469304824174
16,68.60000000000001,1868.2464492351555
16,68.7,2171.865387583462
16,68.8,2131.565174609303
16,68.9,1774.3703792689168
16,69.0,1752.6275339921947
16,69.10000000000001,1753.7964751479158
16,69.2,1786.0837908969172
16,69.3,1786.2683953030878
16,69.4,1773.1428011666035
16,69.5,1804.8774950605223
16,69.60000000000001,1845.6203248744168
16,69.7,1777.1551698786225
16,69.8,1765.3686888414022
16,69.9,1754.3955398526068
16,70.0,1763.7319389602005
16,70.10000000000001,1755.7817211748204
16,70.2,1785.2671723425412
16,70.3,1812.7297379757306
16,70.4,1787.227997003913
16,70.5,1769.7744731424405
16,70.60000000000001,1807.9919774939738
16,70.7,1866.8451269223713
16,70.8,1816.0449337125167
16,70.9,1749.642932406752
16,71.0,1780.1617745599592
16,71.10000000000001,1779.2410458456213
16,71.2,1771.8396442960768
16,71.3,1779.9978127856698
16,71.4,1774.7480648338267
16,71.5,1796.1980341550009
16,71.60000000000001,1758.5029139220294
16,71.7,1726.2455642999696
16,71.8,1762.9164602903409
16,71.9,1780.809141361907
16,72.0,1768.7784890261366
16,72.10000000000001,1769.727182011101
16,72.2,1882.300172237969
16,72.3,2046.807254756004
16,72.4,2307.3778257429985
16,72.5,2742.037300373379
16,72.60000000000001,2749.837253070076
16,72.7,2340.507135576604
16,72.8,1770.034221443958
16,72.9,1773.3539898141223
16,73.0,1781.346310277372
16,73.10000000000001,1768.5705401528346
16,73.2,1799.6943113268335
16,73.3,1794.3044892582195
16,73.4,1778.3648277860652
16,73.5,1798.6976735862904
16,73.60000000000001,1795.8813062469121
16,73.7,1764.3534466205047
16,73.8,1776.3021445038003
16,73.9,1958.3731317321365
16,74.0,2098.053804532078
16,74.10000000000001,1828.3497728433997
16,74.2,1811.8517965478125
16,74.3,1792.7999835592616
16,74.4,1784.6617448933011
16,74.5,1798.5171504956159
16,74.60000000000001,1790.821836548753
16,74.7,1766.6056989487138
16,74.8,1788.25244790303
16,74.9,1781.0482924915698
16,75.0,1774.573967908577
16,75.10000000000001,1779.4561917270491
16,75.2,1785.3743294053181
16,75.3,1792.5747808443168
16,75.4,1769.4797997469514
16,75.5,1779.2362282321208
16,75.60000000000001,1797.6814896570934
16,75.7,1794.3020524914227
16,75.8,1802.9163359890208
16,75.9,1779.593538791167
16,76.0,1777.1420323345446
16,76.10000000000001,1791.980308743368
16,76.2,1782.2211370071202
16,76.3,1778.6468722067882
16,76.4,1758.0163818033875
16,76.5,1769.1483368793145
16,76.60000000000001,1781.8330036180218
16,76.7,1780.0084756250853
16,76.80000000000001,1775.5643884910996
16,76.9,1802.7200201463013
16,77.0,1811.896032200878
16,77.10000000000001,1836.0251920343119
16,77.2,1782.9226659078254
16,77.30000000000001,1718.550780756546
16,77.4,1771.4710157260545
16,77.5,1764.805869016474
16,77.60000000000001,1736.0021142295504
16,77.7,2066.2471220520897
16,77.80000000000001,2392.7012185320873
16,77.9,2121.8277647255945
16,78.0,2567.4541371210444
16,78.10000000000001,2400.865270680197
16,78.2,1822.077822621365
16,78.30000000000001,1764.2726254768017
16,78.4,1789.8422802981338
16,78.5,1789.440868137812
16,78.60000000000001,1802.9737906798857
16,78.7,1784.8712253775504
16,78.80000000000001,1768.589801998672
16,78.9,1791.8250145603165
16,79.0,1772.5649009952658
16,79.10000000000001,2036.2983252742824
16,79.2,2768.9090899493954
16,79.30000000000001,2872.9724785977487
16,79.4,2806.338074229996
16,79.5,2786.797831745192
16,79.60000000000001,2443.0730421692124
16,79.7,1777.0086964534544
16,79.80000000000001,1779.5467927929467
16,79.9,1796.7054441311864
16,80.0,1791.6009268721584
16,80.10000000000001,1792.3051577105082
16,80.2,1779.1427130835702
16,80.30000000000001,1774.8576610966609
16,80.4,1799.1941276181024
16,80.5,1788.7122398603206
16,80.60000000000001,1795.41532282037
16,80.7,1784.8369022488764
16,80.80000000000001,1767.3703740726046
16,80.9,1792.654279727698
16,81.0,1793.6510393042233
16,81.10000000000001,1801.59075205147
16,81.2,1801.8793341671521
16,81.30000000000001,1788.8503124867802
16,81.4,1803.633313501301
16,81.5,1783.8676586938495
16,81.60000000000001,1790.9620462863973
16,81.7,1774.8876708551657
16,81.80000000000001,1778.9884477095286
16,81.9,1785.7342099496025
16,82.0,1958.2605161932902
16,82.10000000000001,2191.755741080782
16,82.2,1839.6193338461073
16,82.30000000000001,1772.152085465793
16,82.4,1757.885654085405
16,82.5,1769.4415624910646
16,82.60000000000001,1778.1313140861073
16,82.7,1785.3935092562308
16,82.80000000000001,1773.673810230781
16,82.9,1797.237531367556
16,83.0,1785.542699981176
16,83.10000000000001,1869.0869741830697
16,83.2,1871.7330612536239
16,83.30000000000001,1785.1215298928948
16,83.4,1792.972435500243
16,83.5,1791.3750526867602
16,83.60000000000001,1786.9420470770433
16,83.7,1780.821923738539
16,83.80000000000001,1796.08981978121
16,83.9,1799.3532061709216
16,84.0,1794.2930560791087
16,84.10000000000001,1744.593531302531
16,84.2,1698.300730694488
16,84.30000000000001,1785.2579031838727
16,84.4,1796.9130851582756
16,84.5,1793.6867572044016
16,84.60000000000001,1829.756126926487
16,84.7,1908.0872752512118
16,84.80000000000001,1977.451044310761
16,84.9,1773.4817699753385
16,85.0,2040.6784897098455
16,85.10000000000001,2362.295825002132
16,85.2,1773.1024516592518
16,85.30000000000001,1694.533754967879
16,85.4,1617.7267430413815
16,85.5,1774.6531558761226
16,85.60000000000001,1793.1777840485815
16,85.7,1853.2818045854506
16,85.80000000000001,1772.5933159317299
16,85.9,1740.3509442210716
16,86.0,1782.115549057359
16,86.10000000000001,1779.4847213234887
16,86.2,1768.4604928873368
16,86.30000000000001,1783.616103060456
16,86.4,1781.8744151602664
16,86.5,1785.092569426342
16,86.60000000000001,1804.4652945793778
16,86.7,1809.3039310057898
16,86.80000000000001,1786.642927663838
16,86.9,1767.6099659858198
16,87.0,1787.5710771279953
16,87.10000000000001,1778.3515999199458
16,87.2,1801.7853484831153
16,87.30000000000001,1802.4661206656579
16,87.4,1810.8171516300727
16,87.5,1787.461119492749
16,87.60000000000001,1797.582432688074
16,87.7,1872.8305054377342
16,87.80000000000001,2298.377431128217
16,87.9,2894.2174054727384
16,88.0,2870.6347713688656
16,88.10000000000001,2915.890992074884
16,88.2,2939.391735253215
16,88.30000000000001,2716.705962137495
16,88.4,2205.388352158794
16,88.5,1781.0608202518133
16,88.60000000000001,1796.3314482659036
16,88.7,1799.9959961665484
16,88.80000000000001,1807.1086855967808
16,88.9,1804.6717134604467
16,89.0,1795.3090199057847
16,89.10000000000001,1806.9471822609917
16,89.2,1892.8507974332738
16,89.30000000000001,2041.0547504042042
16,89.4,1793.152497878591
16,89.5,1783.43264305032
16,89.60000000000001,1777.0548308883347
16,89.7,1780.3106608829298
16,89.80000000000001,1786.784240734564
16,89.9,1794.629452748688
16,90.0,1798.8456858166794
16,90.10000000000001,1794.6860746432396
16,90.2,1798.8685117696116
16,90.30000000000001,1875.987205267918
16,90.4,2014.4434551556062
16,90.5,1835.6231171546622
16,90.60000000000001,1800.1884576478017
16,90.7,1778.6524629071805
16,90.80000000000001,1788.3076582871306
16,90.9,1803.808757570298
16,91.0,1800.0501010079347
16,91.10000000000001,1796.7503180246556
16,91.2,1757.4893424997215
16,91.30000000000001,1788.0570918737283
16,91.4,1803.2351820346341
16,91.5,1907.5418158464724
16,91.60000000000001,1894.0989008811493
16,91.7,1770.9036850488717
16,91.80000000000001,1783.6321094078235
16,91.9,1787.250154058189
16,92.0,1794.1081069761458
16,92.10000000000001,1794.5364406526849
16,92.2,1840.1745168673024
16,92.30000000000001,1997.593915968875
16,92.4,2004.8187274807055
16,92.5,1779.8256340395212
16,92.60000000000001,1781.4590889692681
16,92.7,1779.197516438595
16,92.80000000000001,1793.3173997269296
16,92.9,1794.9340479171924
16,93.0,1794.0504486562093
16,93.10000000000001,1804.0447099827231
16,93.2,1792.9682636838684
16,93.30000000000001,1794.9746832247556
16,93.4,1781.528264707663
16,93.5,1786.207172524799
16,93.60000000000001,1778.9432506513417
16,93.7,1787.12979231726
16,93.80000000000001,1789.5234168006166
16,93.9,1817.9040419960295
16,94.0,1805.3411227333597
16,94.10000000000001,1798.8917574380189
16,94.2,1810.23209852028
16,94.30000000000001,1810.3382147437544
16,94.4,1805.2178122538253
16,94.5,1797.1209410304186
16,94.60000000000001,1803.085899061882
16,94.7,1790.5624710094032
16,94.80000000000001,1807.4425712604805
16,94.9,1800.3864320068242
16,95.0,1802.4094850279141
16,95.10000000000001,1797.5762621596382
16,95.2,1760.252668149403
16,95.30000000000001,1787.032949400247
16,95.4,1760.733630849115
16,95.5,1823.2695315494134
16,95.60000000000001,1787.0547489003318
16,95.7,1755.5026805631094
16,95.80000000000001,1795.1061477442001
16,95.9,1774.2167434641372
16,96.0,1745.7350191505332
16,96.10000000000001,1876.2332787043533
16,96.2,2068.8892115709855
16,96.30000000000001,1792.023557655607
16,96.4,1802.5322273665415
16,96.5,1759.578332534289
16,96.60000000000001,1764.132824955738
16,96.7,1751.6548344328235
16,96.80000000000001,1762.6224827569413
16,96.9,1747.9280913395826
16,97.0,1774.015649920415
16,97.10000000000001,1775.8049854090887
16,97.2,1828.5465486415296
16,97.30000000000001,2016.2275972995185
16,97.4,1818.0260783731094
16,97.5,1870.190361075837
16,97.60000000000001,1809.8837805883434
16,97.7,1788.8769418082165
16,97.80000000000001,1753.7497236248907
16,97.9,1762.4957180614758
16,98.0,1797.75171567248
16,98.10000000000001,1764.782953050346
16,98.2,1748.5467934817946
16,98.30000000000001,1786.3886363976037
16,98.4,1804.2299269501923
16,98.5,1787.404545729855
16,98.60000000000001,1795.9557667733227
16,98.7,1749.5712345287552
16,98.80000000000001,1784.9307521176886
16,98.9,1773.042294492999
16,99.0,1770.0783709505247
16,99.10000000000001,1791.044223794446
16,99.2,1794.6067752973577
16,99.30000000000001,1793.7500484910508
16,99.4,1844.9817506593154
16,99.5,1822.724529818918
16,99.60000000000001,1742.0661125458425
16,99.7,1773.2848431013351
16,99.80000000000001,1746.8176898026438
16,99.9,1786.3191557559912
16,100.0,1786.0386950596253
16,100.10000000000001,1750.5297994948637
16,100.2,1764.6665164090061
16,100.30000000000001,1794.8942440674937
16,100.4,1810.6230278740138
16,100.5,1770.5212721391554
16,100.60000000000001,1760.3047532162109
16,100.7,1771.3338900452732
16,100.80000000000001,1785.482928798577
16,100.9,1827.2321595716787
16,101.0,1910.222489273843
16,101.10000000000001,1754.2235154137454
16,101.2,1829.9721468402977
16,101.30000000000001,1917.1746864064419
16,101.4,1774.1790391073
16,101.5,1794.9418281117455
16,101.60000000000001,1983.6124614543203
16,101.7,2147.886767805398
16,101.80000000000001,1788.1151208320784
16,101.9,1766.4273941840588
16,102.0,1790.030746775481
16,102.10000000000001,1791.3588363979466
16,102.2,1770.4719041054898
16,102.30000000000001,1770.7775688159402
16,102.4,1758.7758345862906
16,102.5,1805.9736736991595
16,102.60000000000001,1789.4089377229373
16,102.7,1753.9007552056012
16,102.80000000000001,1785.4438120216935
16,102.9,1831.48326470132
16,103.0,1736.5970676949178
16,103.10000000000001,1733.7349871199374
16,103.2,1714.0731636616674
16,103.30000000000001,1772.5606345242625
16,103.4,1740.2847804333876
16,103.5,1787.9860108202777
16,103.60000000000001,1776.6216465491548
16,103.7,1791.753454135352
16,103.80000000000001,1772.3660619012348
16,103.9,1776.503551484245
16,104.0,1759.8499327497016
16,104.10000000000001,1816.8742631718917
16,104.2,1816.7681474079498
16,104.30000000000001,1779.84171214663
16,104.4,1783.9778655380035
16,104.5,1775.3309490553313
16,104.60000000000001,1797.9444980429676
16,104.7,1754.5332737006645
16,104.80000000000001,1764.2617990325803
16,104.9,1787.7253065668076
16,105.0,1743.5365090250127
16,105.10000000000001,1755.4135260758053
16,105.2,1816.092167224333
16,105.30000000000001,1841.4718849510593
16,105.4,1980.0608329280817
16,105.5,1773.2998452637673
16,105.60000000000001,1784.0833746300066
16,105.7,1785.4967840297747
16,105.80000000000001,1773.4028592454547
16,105.9,1765.4061357321755
16,106.0,1787.789686745983
16,106.10000000000001,1794.4304522838997
16,106.2,1837.517952600939
16,106.30000000000001,1774.1854142739692
16,106.4,1769.469748119786
16,106.5,1779.9852906649796
16,106.60000000000001,1737.0310210979144
16,106.7,1710.7218481354587
16,106.80000000000001,1749.681758024061
16,106.9,1740.3319804539788
16,107.0,1730.2062036761693
16,107.10000000000001,1764.9948102378726
16,107.2,1758.2960221251608
16,107.30000000000001,1761.3289782582635
16,107.4,1784.56245160054
16,107.5,1740.3309925013045
16,107.60000000000001,1749.3357356726056
16,107.7,1758.2960746105832
16,107.80000000000001,1736.5045218253683
16,107.9,1760.4348398556021
16,108.0,1749.4085022088575
16,108.10000000000001,1741.3389941754272
16,108.2,1766.8066156874133
16,108.30000000000001,1750.5683910168507
16,108.4,1834.6700759158336
16,108.5,1790.3629983249023
16,108.60000000000001,1901.896488266003
16,108.7,1745.7428799502463
16,108.80000000000001,1724.6487378033628
16,108.9,1724.4375558633635
16,109.0,1762.002080168515
16,109.10000000000001,1733.2206098301513
16,109.2,1730.8352099487693
16,109.30000000000001,1725.736719137122
16,109.4,1725.9521812027795
16,109.5,1767.4661229760738
16,109.60000000000001,1740.3163929715683
16,109.7,1740.2282920614227
16,109.80000000000001,1827.0980222043174
16,109.9,1772.2090946295887
16,110.0,1747.855912916877
16,110.10000000000001,1735.6784333849694
16,110.2,1814.5093668002635
16,110.30000000000001,1771.5657628982942
16,110.4,1798.1156483951684
16,110.5,1799.021954149252
16,110.60000000000001,1728.852902416191
16,110.7,1691.7937305695496
16,110.80000000000001,1732.7138361717934
16,110.9,1722.6173369320247
16,111.0,1721.9878881015072
16,111.10000000000001,1765.3159415502616
16,111.2,1739.786872774931
16,111.30000000000001,1793.9346380544728
16,111.4,1740.991531045199
16,111.5,1767.8021143205035
16,111.60000000000001,1755.6886274858152
16,111.7,1742.8802629014765
16,111.80000000000001,1734.5578267487044
16,111.9,1767.8241716693701
16,112.0,1746.0776204354343
16,112.10000000000001,1708.705720227993
16,112.2,1758.878657050473
16,112.30000000000001,1777.0561343308673
16,112.4,1791.5953634471462
16,112.5,1817.2669109653345
16,112.60000000000001,1871.9053156772677
16,112.7,1864.6022299831532
16,112.80000000000001,2603.583927135245
16,112.9,2678.4943622957685
16,113.0,1922.4254282204702
16,113.10000000000001,2604.2088558890177
16,113.2,1832.7872532262331
16,113.30000000000001,1818.6074893349387
16,113.4,1713.612765272717
16,113.5,1764.6851963923605
16,113.60000000000001,1818.8142339089409
16,113.7,1791.629500035264
16,113.80000000000001,1748.8627023118192
16,113.9,1777.0711523775965
16,114.0,1812.8141995596477
16,114.10000000000001,1778.5646902335866
16,114.2,1768.689688773186
16,114.30000000000001,1709.1115758799876
16,114.4,1756.0740757636988
16,114.5,1756.5987630532998
16,114.60000000000001,1766.7760648960868
16,114.7,1778.6880419316562
16,114.80000000000001,1814.5695145316276
16,114.9,1817.2160969847384
16,115.0,1730.9345564472699
16,115.10000000000001,1814.4453443016844
16,115.2,1793.932830410337
16,115.30000000000001,1765.7392007810931
16,115.4,1742.3234539956684
16,115.5,1754.695890785097
16,115.60000000000001,1791.3726525909715
16,115.7,1801.858127030067
16,115.80000000000001,1793.240073835849
16,115.9,1718.5165010425017
16,116.0,1773.214764047514
16,116.10000000000001,1769.888532367476
16,116.2,1713.4555295428543
16,116.30000000000001,1885.3394431572021
16,116.4,2058.477008903199
16,116.5,1916.4905031566905
16,116.60000000000001,1756.0471732219223
16,116.7,1780.88105461789
16,116.80000000000001,1712.339419406526
16,116.9,1713.489961138215
16,117.0,1795.0074123428842
16,117.10000000000001,1708.6990832541846
16,117.2,1721.7732859856517
16,117.30000000000001,1745.7713893092675
16,117.4,1735.022526839803
16,117.5,1799.519645821171
16,117.60000000000001,1792.9484923132618
16,117.7,1763.531748066231
16,117.80000000000001,1722.021755859712
16,117.9,1736.9500289455968
16,118.0,1702.7325479774875
16,118.10000000000001,1820.899590406318
16,118.2,1821.360556205052
16,118.30000000000001,1759.8454196377234
16,118.4,1815.3765646680408
16,118.5,1852.1215638604344
16,118.60000000000001,1757.1307466898961
16,118.7,1796.1003218785268
16,118.80000000000001,1718.8712044420135
16,118.9,1761.0260563269815
16,119.0,1784.8116613029667
16,119.10000000000001,1793.497885831789
16,119.2,1765.1169886174384
16,119.30000000000001,1822.8584265617594
16,119.4,1819.140095441177
16,119.5,1780.2465415828703
16,119.60000000000001,1825.89122012142
16,119.7,1746.8608888996393
16,119.80000000000001,1800.5984251597179
16,119.9,1955.693552966576
16,120.0,2372.062829348901
16,120.10000000000001,1794.8591683761774
16,120.2,1766.8445413116467
16,120.30000000000001,1778.0066982107696
16,120.4,1820.0318974113727
16,120.5,1983.3468764034772
16,120.60000000000001,1794.770817405022
16,120.7,1843.120107734109
16,120.80000000000001,2134.636046928026
16,120.9,1733.8512012772014
16,121.0,1759.734211882278
16,121.10000000000001,1791.4681917887608
16,121.2,1734.229931643774
16,121.30000000000001,1807.389554391165
16,121.4,1864.70611345676
16,121.5,1803.8877527992163
16,121.60000000000001,1783.9072567711396
16,121.7,1802.4397780713407
16,121.80000000000001,1768.1747348980232
16,121.9,1739.3713141646126
16,122.0,1927.820220035599
16,122.10000000000001,2320.366125112895
16,122.2,1785.477955245681
16,122.30000000000001,1769.3619103223452
16,122.4,1761.5614486604898
16,122.5,1819.0374892987345
16,122.60000000000001,1803.5092991443908
16,122.7,2393.906671058362
16,122.80000000000001,1766.3656711781414
16,122.9,1803.011181206099
16,123.0,1840.5507612985161
16,123.10000000000001,1768.5760232645857
16,123.2,1826.189209885434
16,123.30000000000001,1831.8462590459276
16,123.4,1734.0727067827909
16,123.5,1733.7801112305174
16,123.60000000000001,1802.8956002837954
16,123.7,1798.1667790784618
16,123.80000000000001,1793.8968754275393
16,123.9,1793.4350800034304
16,124.0,1782.2945868938943
16,124.10000000000001,1798.4000121439667
16,124.2,1746.4024725683603
16,124.30000000000001,1810.9165592977279
16,124.4,1808.6168157186198
16,124.5,1931.2318017585453
16,124.60000000000001,2504.6978203999174
16,124.7,1785.5937256938869
16,124.80000000000001,1745.2868185756427
16,124.9,1799.9820339088697
16,125.0,1788.2539405595903
16,125.10000000000001,1799.1660940455477
16,125.2,1823.3888194266926
16,125.30000000000001,1844.3297904811286
16,125.4,1950.257123145069
16,125.5,1881.37329364304
16,125.60000000000001,1738.6318691969384
16,125.7,1826.4090138552815
16,125.80000000000001,2164.6128598443024
16,125.9,2106.783423605804
16,126.0,1734.387875408953
16,126.10000000000001,1696.600597581426
16,126.2,1741.37987426567
16,126.30000000000001,1706.1590439888641
16,126.4,1829.1414145456754
16,126.5,1758.005550468225
16,126.60000000000001,1758.5835256742837
16,126.7,1785.063714003317
16,126.80000000000001,1785.2677152932388
16,126.9,1753.8446573496874
16,127.0,1775.6088197822098
16,127.10000000000001,1748.2766759511026
16,127.2,1730.7843029816077
16,127.30000000000001,1748.5644516448663
16,127.4,1770.1224310098592
16,127.5,1791.6894311026813
16,127.60000000000001,1778.0409480900364
16,127.7,1714.8321581399682
16,127.80000000000001,1742.7318565236683
16,127.9,1762.6121696148432
16,128.0,1776.6420060142636
16,128.1,1748.7185572965577
16,128.20000000000002,2172.9481399678884
16,128.3,2696.5181322275967
16,128.4,1812.807368337975
16,128.5,1736.6959004312912
16,128.6,1816.338419711679
16,128.70000000000002,1845.8345438001265
16,128.8,2535.268699749956
16,128.9,1822.619836285308
16,129.0,1767.9214856066508
16,129.1,1770.2913491046554
16,129.20000000000002,1709.4681566251954
16,129.3,1840.0084555973028
16,129.4,2000.4321393802622
16,129.5,1742.639441227631
16,129.6,1812.6396064268222
16,129.70000000000002,1716.2839910882074
16,129.8,1679.9258592793042
16,129.9,1780.3074756604046
16,130.0,1855.579511644864
16,130.1,1774.0817867838077
16,130.20000000000002,1766.2086940993775
16,130.3,1808.5694323013165
16,130.4,1742.041066637441
16,130.5,1802.1652559016748
16,130.6,1801.6400736868225
16,130.70000000000002,1751.3361666395108
16,130.8,1796.8092929069944
16,130.9,1789.5119038273103
16,131.0,1776.2073737359055
16,131.1,1743.3453914289569
16,131.20000000000002,1785.2473134813997
16,131.3,1769.8269412919738
16,131.4,1821.3597124212433
16,131.5,1751.9855482931666
16,131.6,1722.8728244107215
16,131.70000000000002,1774.8178718327977
16,131.8,1754.8793289200105
16,131.9,1848.492137436733
16,132.0,2720.593746456119
16,132.1,1828.76155515265
16,132.20000000000002,1734.5641880353983
16,132.3,1793.6406916753606
16,132.4,2087.936095698484
16,132.5,1738.7811891971749
16,132.6,1754.0759208417064
16,132.70000000000002,1781.3218241148757
16,132.8,1807.046733342068
16,132.9,1787.2528827506503
16,133.0,1782.789235976448
16,133.1,1726.2117357641532
16,133.20000000000002,1762.3170134791533
16,133.3,1713.34779162587
16,133.4,1787.8093001112745
16,133.5,1716.0954664808064
16,133.6,1770.7371816946202
16,133.70000000000002,1789.3764091133257
16,133.8,1769.8932764137369
16,133.9,1773.6645601012237
16,134.0,1787.731461833016
16,134.1,1819.6025488667362
16,134.20000000000002,1782.1995403599476
16,134.3,1776.2217536773057
16,134.4,1799.7303729042967
16,134.5,1814.5922922296088
16,134.6,1714.9744648279147
16,134.70000000000002,1887.0326720969335
16,134.8,1904.929685717539
16,134.9,1779.0816177052354
16,135.0,1730.6108551657746
16,135.1,1776.9472328730512
16,135.20000000000002,1756.6807747645269
16,135.3,1807.6791052602937
16,135.4,1767.0734356417333
16,135.5,1842.1677904386095
16,135.6,1768.505401055112
16,135.70000000000002,1810.6486166674044
16,135.8,1947.9110948731166
16,135.9,2172.606125933492
16,136.0,1763.0228864552132
16,136.1,1776.8044362686715
16,136.20000000000002,1739.231044756907
16,136.3,1697.7784059275073
16,136.4,1763.0174747482804
16,136.5,2209.8502211022947
16,136.6,1906.3513775636497
16,136.70000000000002,1731.7175399539656
16,136.8,1742.7647282070982
16,136.9,1767.6531254300014
16,137.0,2122.5934452016604
16,137.1,1762.640170859892
16,137.20000000000002,1762.7238220773445
16,137.3,1754.4805684675027
16,137.4,2166.97008890708
16,137.5,1746.7988072665235
16,137.6,1711.574228372492
16,137.70000000000002,1773.2937854489392
16,137.8,1773.821540808592
16,137.9,1795.8413979070249
16,138.0,1764.137686072529
16,138.1,1739.7026698145653
16,138.20000000000002,1767.4694526151839
16,138.3,1820.2803880262097
16,138.4,1722.4845544953441
16,138.5,1901.7131839830913
16,138.6,1830.5421579489444
16,138.70000000000002,1804.709675772453
16,138.8,1743.6798590256992
16,138.9,1671.38027123709
16,139.0,1733.527604028413
16,139.1,1986.6050060018442
16,139.20000000000002,1708.017679323797
16,139.3,2030.0547168429925
16,139.4,1753.7064675905426
16,139.5,1762.706439898777
16,139.6,1786.6812455510928
16,139.70000000000002,1808.8011256447382
16,139.8,1761.6590670836438
16,139.9,1712.1611441407365
16,140.0,1845.4232432780198
16,140.1,1789.1069536700472
16,140.20000000000002,1768.7514063321298
16,140.3,1817.8634119481073
16,140.4,1764.8177175859992
16,140.5,1708.0676894497556
16,140.6,1798.3192118727134
16,140.70000000000002,1773.485330598945
16,140.8,1783.079788920264
16,140.9,1762.1500826590654
16,141.0,1696.5230010865732
16,141.1,2003.2579561310192
16,141.20000000000002,1757.1046904752845
16,141.3,1787.1730021521917
16,141.4,1821.8695126305224
16,141.5,1705.446289758999
16,141.6,1683.796847809584
16,141.70000000000002,1819.3529513488375
16,141.8,1719.9338703786457
16,141.9,1796.8729707139275
16,142.0,1916.011093302547
16,142.1,1753.6057706390416
16,142.20000000000002,2071.516012483763
16,142.3,2187.0331622368285
16,142.4,2102.7659770550817
16,142.5,1736.933943953449
16,142.6,1848.7596924044287
16,142.70000000000002,1796.6735019034088
16,142.8,1764.6552081902803
16,142.9,1780.8137000314546
16,143.0,1763.8518117488109
16,143.1,1715.4128524113307
16,143.20000000000002,1694.874339055486
16,143.3,1735.5317950632336
16,143.4,1827.7798147259314
16,143.5,1859.6030692646057
16,143.6,1772.1978898155016
16,143.70000000000002,1782.4936740434173
16,143.8,1797.7428209518018
16,143.9,1738.1294651967605
16,144.0,1778.3038255478139
16,144.1,1775.4804403658143
16,144.20000000000002,1704.6536431456245
16,144.3,1714.2979901493811
16,144.4,1828.2764922429226
16,144.5,1749.305696548947
16,144.6,1710.0763291240064
16,144.70000000000002,1778.7561068508878
16,144.8,1803.523783426465
16,144.9,1843.9388309988585
16,145.0,1778.9605337959235
16,145.1,1766.2241074971353
16,145.20000000000002,1778.7877021996035
16,145.3,2064.326768604236
16,145.4,2846.2967040935096
16,145.5,2840.196572204695
16,145.6,1935.321460470046
16,145.70000000000002,1739.5729445038546
16,145.8,1773.8715566004605
16,145.9,1790.103558216873
16,146.0,1712.074154327489
16,146.1,1784.766718490414
16,146.20000000000002,1740.0807487659147
16,146.3,1731.1283479887616
16,146.4,2117.913483414055
16,146.5,1883.0455811842191
16,146.6,1719.966679462248
16,146.70000000000002,1805.5985661144173
16,146.8,1843.057369849504
16,146.9,1726.5923217319335
16,147.0,2096.660743292253
16,147.1,1751.0683988343358
16,147.20000000000002,1728.0935595996846
16,147.3,1790.5224286081996
16,147.4,1718.69291011847
16,147.5,1798.4889401120413
16,147.6,1713.7408824623328
16,147.70000000000002,1801.0670967374222
16,147.8,1883.448402639232
16,147.9,1910.2491799679283
16,148.0,1803.9731675717535
16,148.1,1797.1792350139515
16,148.20000000000002,1769.026261059835
16,148.3,2152.8442583077835
16,148.4,1861.7434518027114
16,148.5,1859.7598339659778
16,148.6,1966.4206638334615
16,148.70000000000002,1825.0400152863426
16,148.8,1827.635029155568
16,148.9,1777.4243609502787
16,149.0,1798.22461695618
16,149.1,1791.2499532148113
16,149.20000000000002,1837.6677235692978
16,149.3,1799.8742309625654
16,149.4,1760.6672928209555
16,149.5,1699.7479296563
16,149.6,1736.1939969251714
16,149.70000000000002,1731.7366481438844
16,149.8,1742.624682719872
16,149.9,1858.431570124081
16,150.0,1778.8197386791464
16,150.1,1685.0878361657365
16,150.20000000000002,1763.6356615287991
16,150.3,1814.2933756454574
16,150.4,1807.97737681321
16,150.5,1772.9114320333404
16,150.6,1721.6451742496477
16,150.70000000000002,1730.3345965534684
16,150.8,1764.6774922539546
16,150.9,1866.2694081507736
16,151.0,1780.7539278642353
16,151.1,1730.137214376197
16,151.20000000000002,1748.8031234664666
16,151.3,1839.4853231265702
16,151.4,1739.1422792438739
16,151.5,1715.7395246446567
16,151.6,1737.186242341087
16,151.70000000000002,1713.765415049987
16,151.8,1825.0345754586515
16,151.9,1743.8167536412232
16,152.0,1861.1725366923617
16,152.1,1747.492448344167
16,152.20000000000002,1774.170219125647
16,152.3,1714.7199737549606
16,152.4,1736.9709312573887
16,152.5,1825.6138716187234
16,152.6,1810.3744965820615
16,152.70000000000002,1770.5482670475947
16,152.8,1692.2347860422244
16,152.9,1857.9374047972503
16,153.0,1848.7174296079893
16,153.1,1736.8239931325097
16,153.20000000000002,1922.5998247470359
16,153.3,2145.566423817572
16,153.4,1924.052434375119
16,153.5,1771.069928336721
16,153.60000000000002,1765.8230916160132
16,153.70000000000002,1762.5294307078614
16,153.8,1810.6731737922485
16,153.9,1706.4029844120314
16,154.0,1748.9805179163725
16,154.10000000000002,1705.284507961958
16,154.20000000000002,1672.7292793831234
16,154.3,1827.6784066290536
16,154.4,1769.1772020587703
16,154.5,1736.8512961555323
16,154.60000000000002,1785.2111938999963
16,154.70000000000002,1814.470466441096
16,154.8,1819.0085641222015
16,154.9,1713.9446232469963
16,155.0,1848.6468276451203
16,155.10000000000002,1956.380878295247
16,155.20000000000002,1700.4940392500237
16,155.3,1842.0814431973981
16,155.4,1805.4611095408716
16,155.5,1672.2334502977346
16,155.60000000000002,1841.438993762705
16,155.70000000000002,1808.2709616926572
16,155.8,1807.4056208678253
16,155.9,1760.5568178655478
16,156.0,1729.1795826023967
16,156.10000000000002,1756.8552050654644
16,156.20000000000002,1764.1330228973118
16,156.3,1838.616978360948
16,156.4,1776.9864483633487
16,156.5,1849.3759732479646
16,156.60000000000002,1740.9406808971598
16,156.70000000000002,1752.02778375911
16,156.8,1816.2088679251294
16,156.9,1771.90207813986
16,157.0,1762.968958176264
16,157.10000000000002,2553.7956752330037
16,157.20000000000002,2804.4904559702536
16,157.3,2564.337427085187
16,157.4,1868.7221884012376
16,157.5,1741.4976691662675
16,157.60000000000002,1790.082564071442
16,157.70000000000002,1778.6221582832109
16,157.8,1750.8554855725367
16,157.9,1832.5963777366926
16,158.0,1793.9267551195474
16,158.10000000000002,1784.4737765565942
16,158.20000000000002,1780.1386142227382
16,158.3,1804.7788866327064
16,158.4,1800.5202590384322
16,158.5,1792.1340296852995
16,158.60000000000002,1767.35507481038
16,158.70000000000002,1770.0915309924642
16,158.8,1758.1333808882243
16,158.9,1778.1198893280196
16,159.0,1784.1925107524703
16,159.10000000000002,1802.2037618765132
16,159.20000000000002,1800.2691366511212
16,159.3,1781.6616043006527
16,159.4,1749.6409715148982
16,159.5,1739.8083620671578
16,159.60000000000002,1731.533945211575
16,159.70000000000002,1741.7376519033423
16,159.8,1769.1936755266252
16,159.9,1747.912509685289
16,160.0,1847.437998215209
16,160.10000000000002,2000.8506954481152
16,160.20000000000002,1825.4059398041356
16,160.3,1814.6659087887624
16,160.4,1758.2218385049941
16,160.5,1747.2494713005478
16,160.60000000000002,1762.8918633288104
16,160.70000000000002,1735.6351060240274
16,160.8,1764.9467112787356
16,160.9,1803.347640932315
16,161.0,1750.6640356091004
16,161.10000000000002,1769.4723033455884
16,161.20000000000002,1759.15543080673
16,161.3,1783.6228473443455
16,161.4,1760.1219833921477
16,161.5,1781.9673652181373
16,161.60000000000002,1752.555724715063
16,161.70000000000002,1734.6466312034572
16,161.8,1775.4014031610604
16,161.9,1782.4028248262912
16,162.0,1752.803918223063
16,162.10000000000002,1794.8433447792186
16,162.20000000000002,1821.3083660904226
16,162.3,1792.2362739962307
16,162.4,1773.7067502064713
16,162.5,1824.0439486765856
16,162.60000000000002,1803.2049123358752
16,162.70000000000002,1802.2242283285166
16,162.8,1773.1730021497856
16,162.9,1812.6450591963198
16,163.0,1747.4023035599398
16,163.10000000000002,1977.4735416183394
16,163.20000000000002,1853.3308302429216
16,163.3,1778.0743227788105
16,163.4,2034.723423258214
16,163.5,1833.4770973067768
16,163.60000000000002,1790.7076108865965
16,163.70000000000002,1832.7324651721676
16,163.8,1779.0910817422719
16,163.9,1755.5486169323508
16,164.0,1795.2330249220217
16,164.10000000000002,1748.6288929048872
16,164.20000000000002,1787.9103248523936
16,164.3,1817.060352004311
16,164.4,1768.2759880414467
16,164.5,1805.4546599161247
16,164.60000000000002,1812.9492397768727
16,164.70000000000002,1774.0878836585032
16,164.8,1779.2576864517898
16,164.9,1772.9757710436515
16,165.0,1762.1616599797937
16,165.10000000000002,1743.7761211807942
16,165.20000000000002,1751.002864341745
16,165.3,1775.9772029341364
16,165.4,1738.5639888434816
16,165.5,1786.4846311245922
16,165.60000000000002,1764.613382577731
16,165.70000000000002,1768.6447516164717
16,165.8,1754.6204949142182
16,165.9,1781.0560554715257
16,166.0,1792.8783320061095
16,166.10000000000002,1765.1955818190838
16,166.20000000000002,1738.2960130931403
16,166.3,1739.6649902313497
16,166.4,1778.8571063755896
16,166.5,1767.7316702598634
16,166.60000000000002,1756.4337510334767
16,166.70000000000002,1740.9156220115822
16,166.8,1755.2823429044602
16,166.9,1775.594303830786
16,167.0,1765.09795073678
16,167.10000000000002,1831.4470081548814
16,167.20000000000002,1771.2179023489066
16,167.3,1829.005621837532
16,167.4,1777.6642052947327
16,167.5,1762.5427370110374
16,167.60000000000002,1738.5010290976093
16,167.70000000000002,1759.822713652973
16,167.8,1781.238156331033
16,167.9,1765.4466729637365
16,168.0,1800.831308186471
16,168.10000000000002,1767.3128158469142
16,168.20000000000002,1804.7667777727038
16,168.3,1922.6491453661777
16,168.4,1798.2182548687774
16,168.5,1804.0419692757864
16,168.60000000000002,1762.563451161381
16,168.70000000000002,1777.689410899998
16,168.8,1801.1293152854187
16,168.9,1751.032478462308
16,169.0,1759.5059835322206
16,169.10000000000002,1749.2069747201883
16,169.20000000000002,1797.23842433954
16,169.3,1936.8216783217426
16,169.4,1924.6960483771397
16,169.5,1828.951193857005
16,169.60000000000002,1823.6054710946044
16,169.70000000000002,1778.2767642345755
16,169.8,2056.3639776756736
16,169.9,1867.8026449427587
16,170.0,1789.154999161232
16,170.10000000000002,1769.49775508914
16,170.20000000000002,1773.372229551684
16,170.3,1769.238109339293
16,170.4,1776.146386212238
16,170.5,1731.0977828260566
16,170.60000000000002,1734.2085248480957
16,170.70000000000002,1772.4574780651076
16,170.8,1802.150939566651
16,170.9,1775.8578997138131
16,171.0,1751.2392443078243
16,171.10000000000002,1760.3493315679395
16,171.20000000000002,1801.7553920501823
16,171.3,1797.5311327312568
16,171.4,1757.0967052414335
16,171.5,1762.103865901287
16,171.60000000000002,1750.599663363671
16,171.70000000000002,1765.444539281846
16,171.8,1726.8033829470198
16,171.9,1760.7797382200258
16,172.0,1791.9936026064142
16,172.10000000000002,1772.2840382374109
16,172.20000000000002,1815.6014374239064
16,172.3,2159.4608308509555
16,172.4,1873.0648801032978
16,172.5,1794.1072446420146
16,172.60000000000002,1734.8922580339056
16,172.70000000000002,2085.849008902331
16,172.8,1976.5809343439507
16,172.9,1760.0818851494655
16,173.0,1765.3321859131838
16,173.10000000000002,1743.3441469029658
16,173.20000000000002,1813.5293853894545
16,173.3,1773.5080918587555
16,173.4,1772.5272154985535
16,173.5,1812.7196233686393
16,173.60000000000002,1770.5176414548566
16,173.70000000000002,1817.7552474086665
16,173.8,1867.3980790582016
16,173.9,1837.456269111018
16,174.0,1802.4731926965121
16,174.10000000000002,1770.8307026860798
16,174.20000000000002,1804.9740784250457
16,174.3,1768.7189100235123
16,174.4,1749.8958331431018
16,174.5,1769.0478855902418
16,174.60000000000002,1800.69126361837
16,174.70000000000002,1790.1937911053885
16,174.8,1811.2473350230814
16,174.9,1756.9372844193833
16,175.0,1788.8448044153743
16,175.10000000000002,1805.4647517788947
16,175.20000000000002,1787.4142490142797
16,175.3,1763.259518631444
16,175.4,1766.8751090084193
16,175.5,1776.3514700984842
16,175.60000000000002,1737.4531789586435
16,175.70000000000002,1825.000351286765
16,175.8,1715.82797469974
16,175.9,1765.199648268276
16,176.0,1739.9146350773015
16,176.10000000000002,1817.9788357600978
16,176.20000000000002,1780.3847145738278
16,176.3,1773.2950106396681
16,176.4,1819.4600458237255
16,176.5,1773.6588094772815
16,176.60000000000002,1781.3196894525333
16,176.70000000000002,1786.174647562312
16,176.8,1751.637484674144
16,176.9,1748.4755232333105
16,177.0,1726.7462310106296
16,177.10000000000002,1718.0022986034292
16,177.20000000000002,1744.0078468221443
16,177.3,1775.0178522165174
16,177.4,1776.9969876763607
16,177.5,1796.5292394469902
16,177.60000000000002,1767.4278700951136
16,177.70000000000002,1814.0551815682559
16,177.8,1770.1406931110153
16,177.9,1795.4471812032687
16,178.0,2000.5711586748225
16,178.10000000000002,2391.38432699095
16,178.20000000000002,1878.1401206750838
16,178.3,1778.1124409062645
16,178.4,1763.5502705050278
16,178.5,1762.439390212983
16,178.60000000000002,1990.6691611091653
16,178.70000000000002,1833.943327747639
16,178.8,1739.3236977103231
16,178.9,1799.5689149403263
16,179.0,1788.4338450406872
16,179.10000000000002,1739.8673229577691
16,179.20000000000002,1781.3897538916226
16,179.3,1809.1888558856417
16,179.4,1802.6321914827904
16,179.5,1772.536971452877
16,179.60000000000002,1720.6956379548835
16,179.70000000000002,1766.639038654254
16,179.8,1832.163068070664
16,179.9,1816.497442011278
16,180.0,1810.2674393700752
16,180.10000000000002,1724.7165505357486
16,180.20000000000002,1754.7408226676705
16,180.3,1723.5657298646202
16,180.4,1781.72245852105
16,180.5,1809.1759909974528
16,180.60000000000002,1804.185652506563
16,180.70000000000002,1759.2904384923045
16,180.8,2165.238640008831
16,180.9,1853.025347503684
16,181.0,1769.7726317053641
16,181.10000000000002,1748.767752049361
16,181.20000000000002,1741.5669336551807
16,181.3,1744.1344817876163
16,181.4,1807.6367888440168
16,181.5,1756.9992151896622
16,181.60000000000002,1814.3564599749561
16,181.70000000000002,1791.1559503134517
16,181.8,1773.827126468969
16,181.9,1738.6533520280757
16,182.0,1743.0818598909607
16,182.10000000000002,1756.2162485736233
16,182.20000000000002,1770.0220557885204
16,182.3,1762.8209162867597
16,182.4,1743.5762276237394
16,182.5,1743.7706048790833
16,182.60000000000002,1784.9384545863645
16,182.70000000000002,1745.0046002382721
16,182.8,1798.866812846741
16,182.9,1785.472206241136
16,183.0,1732.0861006948417
16,183.10000000000002,1751.8688374965848
16,183.20000000000002,1804.834390905158
16,183.3,1836.1379561803938
16,183.4,1782.9170817262213
16,183.5,1750.598774785036
16,183.60000000000002,1734.1644082451737
16,183.70000000000002,1748.9149352443767
16,183.8,1799.1699834850867
16,183.9,1797.37641868325
16,184.0,1750.3918364417505
16,184.10000000000002,1761.706874561982
16,184.20000000000002,1758.6220831865085
16,184.3,1791.687685967418
16,184.4,1767.752103543291
16,184.5,1759.4231167711544
16,184.60000000000002,1772.579171050246
16,184.70000000000002,1805.6074786474137
16,184.8,1759.495367325193
16,184.9,1745.2037299077851
16,185.0,1761.029658127316
16,185.10000000000002,1797.7487554656527
16,185.20000000000002,1798.2693711960017
16,185.3,1765.9623903647603
16,185.4,1794.8660140014376
16,185.5,1772.5602095076968
16,185.60000000000002,1798.9789846270176
16,185.70000000000002,1777.042248881859
16,185.8,1761.8652993594965
16,185.9,1757.426392308187
16,186.0,1707.4531254938404
16,186.10000000000002,1734.869609597852
16,186.20000000000002,1738.2340931582678
16,186.3,1757.629159081262
16,186.4,1745.555381608832
16,186.5,1732.961520785973
16,186.60000000000002,1746.9327676222115
16,186.70000000000002,1749.4155284839753
16,186.8,1749.5725710039392
16,186.9,1744.962501415639
16,187.0,1741.1714438259676
16,187.10000000000002,1743.832363244357
16,187.20000000000002,1754.6940334843312
16,187.3,1732.1489383783896
16,187.4,1733.043952169718
16,187.5,1750.9185567204865
16,187.60000000000002,1725.7110573789498
16,187.70000000000002,1729.9864777421453
16,187.8,1758.3272135619911
16,187.9,1792.8123929943808
16,188.0,1818.3454949496152
16,188.10000000000002,1789.0100059734243
16,188.20000000000002,1759.948410621026
16,188.3,1779.4969813047808
16,188.4,1741.9960813868333
16,188.5,1729.98071662163
16,188.60000000000002,1724.3200679197419
16,188.70000000000002,1771.4061082757983
16,188.8,1746.3473719070503
16,188.9,1764.8867089183964
16,189.0,1769.337425458046
16,189.10000000000002,1756.1185408917042
16,189.20000000000002,1754.8841936744188
16,189.3,1774.3558770257998
16,189.4,1764.6410611846325
16,189.5,1747.9961605974388
16,189.60000000000002,1761.2388924555062
16,189.70000000000002,1799.7216276716836
16,189.8,1788.41166932573
16,189.9,1793.3612464746557
16,190.0,1815.3630094407285
16,190.10000000000002,1849.509806471961
16,190.20000000000002,2146.6952844571374
16,190.3,1911.0057335256558
16,190.4,1736.0692287128336
16,190.5,1748.0728223943192
16,190.60000000000002,1787.6755085660732
16,190.70000000000002,1902.6642790409535
16,190.8,1798.23038223209
16,190.9,1724.0366598404016
16,191.0,1716.0066646348582
16,191.10000000000002,1800.6744425661172
16,191.20000000000002,1772.5364481994793
16,191.3,1713.5439511481616
16,191.4,1775.5939463167463
16,191.5,1859.956846484874
16,191.60000000000002,1771.8754660404245
16,191.70000000000002,1779.2343925487255
16,191.8,1779.0139494098742
16,191.9,1743.217990365724
16,192.0,1706.4394478992417
16,192.10000000000002,1776.201688624416
16,192.20000000000002,1810.0292346478193
16,192.3,1741.1119381210303
16,192.4,1779.824949265239
16,192.5,1776.2709651477278
16,192.60000000000002,1783.1770192576566
16,192.70000000000002,1795.9452671967829
16,192.8,1741.417500958838
16,192.9,1717.4586999492444
16,193.0,1824.2812266304477
16,193.10000000000002,1808.8851973311523
16,193.20000000000002,1781.8258745149624
16,193.3,1765.2446688312218
16,193.4,1773.5021423582464
16,193.5,1805.5001431921078
16,193.60000000000002,1773.992059756598
16,193.70000000000002,2114.823198257245
16,193.8,2202.9891428378633
16,193.9,1880.9902119968879
16,194.0,1756.2477653655249
16,194.10000000000002,1760.4621900321213
16,194.20000000000002,1781.8462809916462
16,194.3,1814.1456328687646
16,194.4,1799.044227508475
16,194.5,1733.4993482661991
16,194.60000000000002,1734.546707028133
16,194.70000000000002,1806.659527422994
16,194.8,1800.0764232589338
16,194.9,1790.7023211584703
16,195.0,1782.6076706012138
16,195.10000000000002,1740.3369432533545
16,195.20000000000002,1787.5060229343358
16,195.3,1734.5328461539789
16,195.4,1782.2572024848346
16,195.5,1768.918922055239
16,195.60000000000002,1723.8489787347137
16,195.70000000000002,1699.8010160670972
16,195.8,1844.312213445924
16,195.9,1818.335345327511
16,196.0,1811.3721468368003
16,196.10000000000002,1749.314481909287
16,196.20000000000002,1818.038566713715
16,196.3,1836.3448180357227
16,196.4,1775.77135094038
16,196.5,1737.7739185931803
16,196.60000000000002,1766.1079082427798
16,196.70000000000002,1759.315347130358
16,196.8,1751.9864910093438
16,196.9,1750.014658621437
16,197.0,1751.546233837935
16,197.10000000000002,1776.0630673963005
16,197.20000000000002,1736.4479627235557
16,197.3,1734.5768297563118
16,197.4,1753.6466976924844
16,197.5,1789.2350960183
16,197.60000000000002,1751.8199974627623
16,197.70000000000002,1753.1365962181862
16,197.8,1740.913737028313
16,197.9,1756.8653086261274
16,198.0,1756.0148957242188
16,198.10000000000002,1741.8057163548397
16,198.20000000000002,1765.9106418749132
16,198.3,1761.2948783976178
16,198.4,1784.3536160221918
16,198.5,1764.934048487058
16,198.60000000000002,1825.7988512325403
16,198.70000000000002,1828.7759825357507
16,198.8,1760.9699718947843
16,198.9,1782.1153761655057
16,199.0,1777.0299389520337
16,199.10000000000002,1755.2206112284239
16,199.20000000000002,1784.6208844047496
16,199.3,1785.4180740980937
16,199.4,1737.4257424057612
16,199.5,1710.7996756642767
16,199.60000000000002,1773.7780657664587
16,199.70000000000002,1803.851771918277
16,199.8,1732.1265763040576
16,199.9,1747.9723134182304
16,200.0,1766.595575263539
16,200.10000000000002,1752.4119029003848
16,200.20000000000002,1768.7008446668995
16,200.3,1721.3274474346042
16,200.4,1709.5921733752093
16,200.5,1739.4971614224544
16,200.60000000000002,1765.6640881248077
16,200.70000000000002,1729.2083895371272
16,200.8,1756.838947684868
16,200.9,1745.6889118009635
16,201.0,1730.1995686372625
16,201.10000000000002,1750.4329007007964
16,201.20000000000002,1721.9458456972827
16,201.3,1735.9818151090562
16,201.4,1795.3248675487982
16,201.5,1724.4608079262844
16,201.60000000000002,1766.2958643048255
16,201.70000000000002,1727.1483508440858
16,201.8,1716.5898211499077
16,201.9,1763.8644881518553
16,202.0,1762.6022205706442
16,202.10000000000002,1761.66920844378
16,202.20000000000002,1763.975007694195
16,202.3,1763.1890747184666
16,202.4,1769.5912419131319
16,202.5,1736.7713535873422
16,202.60000000000002,1824.0998431445817
16,202.70000000000002,2268.2467515337967
16,202.8,2018.750682865931
16,202.9,1767.7986320736027
16,203.0,1774.2663389322033
16,203.10000000000002,1770.2651772090715
16,203.20000000000002,1786.5445904515045
16,203.3,1772.0744518771937
16,203.4,1776.9749331674905
16,203.5,1781.6279281864322
16,203.60000000000002,1782.7891324157931
16,203.70000000000002,1751.8354887789583
16,203.8,1745.0402144328052
16,203.9,1781.5301919403366
16,204.0,1761.518172346991
16,204.10000000000002,1785.5834830892277
16,204.20000000000002,1789.8486912873925
16,204.3,1775.0815363981437
16,204.4,1741.1028684846085
16,204.5,1752.974619426262
16,204.60000000000002,1751.2737870383799
16,204.70000000000002,1761.730935782577
16,204.8,1738.5398377785177
16,204.9,1694.6510669626136
16,205.0,1717.214583780113
16,205.10000000000002,1753.361628524051
16,205.20000000000002,1833.9934288055097
16,205.3,1895.4000492116365
16,205.4,1825.5575596820279
16,205.5,1765.962276361314
16,205.60000000000002,1918.8033614240344
16,205.70000000000002,1917.95541134087
16,205.8,1954.3699707807996
16,205.9,1898.6596079576896
16,206.0,1802.4634552628945
16,206.10000000000002,1855.2572887133804
16,206.20000000000002,1840.486914085404
16,206.3,1747.815293600138
16,206.4,1762.449922246505
16,206.5,1756.194479607787
16,206.60000000000002,1762.1534892830189
16,206.70000000000002,1729.0379866437772
16,206.8,1713.2999279246292
16,206.9,1763.2912648811362
16,207.0,1768.3424930957822
16,207.10000000000002,1746.7365506994797
16,207.20000000000002,1724.0073391682445
16,207.3,1756.308911210033
16,207.4,1768.1925671042304
16,207.5,1720.3826611639568
16,207.60000000000002,1699.6658077132229
16,207.70000000000002,1811.2358994047981
16,207.8,2278.5470311568183
16,207.9,2569.323723389627
16,208.0,2093.1114399239395
16,208.10000000000002,1746.6494078995495
16,208.20000000000002,1811.2222977024924
16,208.3,1775.7429244135676
16,208.4,1848.2429205310095
16,208.5,1872.4301957018508
16,208.60000000000002,1767.2871662827076
16,208.70000000000002,1747.4773711514194
16,208.8,1765.874798698966
16,208.9,1787.3128921837508
16,209.0,1819.4689846534363
16,209.10000000000002,1944.5869202364186
16,209.20000000000002,1846.7279679696228
16,209.3,1745.5371247944818
16,209.4,1728.5898839878928
16,209.5,1709.31057513183
16,209.60000000000002,1769.4763034160408
16,209.70000000000002,1801.7057226380764
16,209.8,1764.6844131936625
16,209.9,1722.1761205449075
16,210.0,1758.9970649035313
16,210.10000000000002,1790.3304067567685
16,210.20000000000002,1781.1507782780654
16,210.3,2003.7535298981297
16,210.4,1996.1203608369258
16,210.5,1780.4925199369036
16,210.60000000000002,1723.7909740753332
16,210.70000000000002,1730.8112450290464
16,210.8,1737.2458118091133
16,210.9,1720.2026609071088
16,211.0,1728.0127991750444
16,211.10000000000002,1741.7050572234657
16,211.20000000000002,1733.5207425271453
16,211.3,1802.4615573178428
16,211.4,1835.8739299323488
16,211.5,1761.388944190668
16,211.60000000000002,1748.9192727500306
16,211.70000000000002,1726.2076425029659
16,211.8,1739.1431450047505
16,211.9,1790.0930221523258
16,212.0,1787.0057237542862
16,212.10000000000002,1752.7668261393717
16,212.20000000000002,1724.0674714738764
16,212.3,1731.3949974722307
16,212.4,1760.7250669167126
16,212.5,1753.2518118633284
16,212.60000000000002,1735.9069599409033
16,212.70000000000002,1730.115597293986
16,212.8,1723.891048014697
16,212.9,1749.148142106545
16,213.0,1738.6847161076018
16,213.10000000000002,1749.976918273659
16,213.20000000000002,1773.06586459833
16,213.3,1724.177597933546
16,213.4,1747.4391569615243
16,213.5,1983.4888606610116
16,213.60000000000002,1947.4966175874174
16,213.70000000000002,1785.4037806156807
16,213.8,1761.837710289923
16,213.9,1790.4507945408996
16,214.0,1754.1209607358162
16,214.10000000000002,1715.544393767873
16,214.20000000000002,1751.7660244564747
16,214.3,1737.36003623764
16,214.4,1767.4460663087646
16,214.5,1749.683098496402
16,214.60000000000002,1763.9861002073337
16,214.70000000000002,1780.2115834822555
16,214.8,1754.8155953681214
16,214.9,1737.994853903892
16,215.0,1742.2156273537023
16,215.10000000000002,1747.942564281559
16,215.20000000000002,1775.8051694972216
16,215.3,1791.9748729158657
16,215.4,1957.5627858519986
16,215.5,1867.9098728494496
16,215.60000000000002,1720.814506616063
16,215.70000000000002,1730.6261270323575
16,215.8,1738.762041530289
16,215.9,1879.2172479410895
16,216.0,1839.882969718199
16,216.10000000000002,1716.170711865911
16,216.20000000000002,1741.2828068927176
16,216.3,1825.9504522086936
16,216.4,1844.2655515900715
16,216.5,1752.7838469632848
16,216.60000000000002,1729.5818389650876
16,216.70000000000002,1754.3130066924966
16,216.8,1752.6231068090672
16,216.9,1758.1499052432928
16,217.0,1768.6775533159064
16,217.10000000000002,1925.208836298884
16,217.20000000000002,1866.4744398961468
16,217.3,1723.1308391920115
16,217.4,1721.048976340819
16,217.5,1886.2389161851295
16,217.60000000000002,1888.0135628021262
16,217.70000000000002,1755.8589899604838
16,217.8,1753.2516595337706
16,217.9,1790.5122714418158
16,218.0,1778.6213439728733
16,218.10000000000002,1756.6008348939624
16,218.20000000000002,1775.5385095808795
16,218.3,1815.5480605296257
16,218.4,1794.9190683516692
16,218.5,1799.145285582887
16,218.60000000000002,1790.5695058756646
16,218.70000000000002,1747.2362327854287
16,218.8,1736.7086413748073
16,218.9,1757.0226702533735
16,219.0,1774.8909999999998
16,219.10000000000002,1765.3465417401148
16,219.20000000000002,1752.2565629662092
16,219.3,1759.437887751039
16,219.4,1746.6843917314386
16,219.5,1720.3963058761856
16,219.60000000000002,1739.698546909093
16,219.70000000000002,1762.1860444369254
16,219.8,1742.4034097326364
16,219.9,1738.8888666371206
16,220.0,1728.5654078072912
16,220.10000000000002,1771.6902575521929
16,220.20000000000002,1822.3366046552187
16,220.3,1791.1104821426807
16,220.4,1733.6527169049123
16,220.5,1725.797975465795
16,220.60000000000002,1699.1972477498375
16,220.70000000000002,1774.8061345391127
16,220.8,1835.2347502702112
16,220.9,1814.4598372482496
16,221.0,1773.1876670399847
16,221.10000000000002,1739.541718459816
16,221.20000000000002,1758.0400730083265
16,221.3,1794.6383890343516
16,221.4,1778.8010791886743
16,221.5,1779.2375869733573
16,221.60000000000002,1807.2321187658745
16,221.70000000000002,1794.4837331515957
16,221.8,1756.8076818449072
16,221.9,1761.1184469242091
16,222.0,1780.7857358385359
16,222.10000000000002,1751.6660070242644
16,222.20000000000002,1737.8911537500708
16,222.3,1774.2437922875542
16,222.4,1776.2135606427037
16,222.5,1802.2608769173214
16,222.60000000000002,1810.9380231491461
16,222.70000000000002,1742.359149944467
16,222.8,1708.4785108659391
16,222.9,1712.9900877383784
16,223.0,1762.3014556164514
16,223.10000000000002,1791.7615677801798
16,223.20000000000002,1759.242875087087
16,223.3,1758.4803253300333
16,223.4,1770.8884181632745
16,223.5,1717.07618063151
16,223.60000000000002,1700.3192748634758
16,223.70000000000002,1711.8432080836628
16,223.8,1748.3638779824776
16,223.9,1792.3613293301019
16,224.0,1753.0143847114332
16,224.10000000000002,1748.5582598024748
16,224.20000000000002,1760.4776356902303
16,224.3,1765.5703415959192
16,224.4,1788.3931844589222
16,224.5,1776.4228602123635
16,224.60000000000002,1768.2436075022129
16,224.70000000000002,1778.7988890301688
16,224.8,1867.8731225220602
16,224.9,1976.5661677693802
16,225.0,1906.5333038976698
16,225.10000000000002,1759.374009621551
16,225.20000000000002,1805.5127913015833
16,225.3,1794.569265320319
16,225.4,1715.9413451743214
16,225.5,1755.5615622466705
16,225.60000000000002,1759.739650085419
16,225.70000000000002,1787.6455946876058
16,225.8,1793.9850120698209
16,225.9,1775.7303316853265
16,226.0,1753.5896419005862
16,226.10000000000002,1745.675418244305
16,226.20000000000002,1748.9946965939016
16,226.3,1719.0303163589556
16,226.4,1717.9097233617697
16,226.5,1735.0239058809511
16,226.60000000000002,1774.1950215640336
16,226.70000000000002,1803.556974514729
16,226.8,1777.5505819040454
16,226.9,1735.3779141548578
16,227.0,1764.5401737684138
16,227.10000000000002,1826.6911888805307
16,227.20000000000002,1857.3474105356509
16,227.3,1805.6468109311375
16,227.4,1706.8197368760132
16,227.5,1703.80612142658
16,227.60000000000002,1764.3457238044077
16,227.70000000000002,1769.4590328412614
16,227.8,1751.8083821389607
16,227.9,1738.2055780761118
16,228.0,1729.3795463981644
16,228.10000000000002,1790.5850529592115
16,228.20000000000002,1777.3958737106514
16,228.3,1735.5750968005489
16,228.4,1764.474758829333
16,228.5,1763.9732345964956
16,228.60000000000002,1743.7868137241426
16,228.70000000000002,1764.0591912024138
16,228.8,1758.8102403717203
16,228.9,2065.6648675282
16,229.0,2613.4092190853135
16,229.10000000000002,2530.0583028295364
16,229.20000000000002,1992.9529659709376
16,229.3,1724.2919428971047
16,229.4,1710.062568932691
16,229.5,1722.8824162167057
16,229.60000000000002,1787.552523578521
16,229.70000000000002,1788.9963490082278
16,229.8,1724.0114905802507
16,229.9,1686.4210788466828
16,230.0,1734.2499018474348
16,230.10000000000002,1805.5403290320717
16,230.20000000000002,1811.355953474721
16,230.3,1789.0622377619002
16,230.4,1724.5952975525333
16,230.5,1732.7786218909505
16,230.60000000000002,1750.3978160753445
16,230.70000000000002,1731.7656933162427
16,230.8,1736.421919048753
16,230.9,1750.9398856865103
16,231.0,1739.4169047228706
16,231.10000000000002,1742.3628627184082
16,231.20000000000002,1780.0998141585703
16,231.3,1770.419611190989
16,231.4,1760.0891512775845
16,231.5,1755.125433990769
16,231.60000000000002,1848.3624139968244
16,231.70000000000002,1879.7716083229018
16,231.8,1770.5259831310993
16,231.9,1954.8967783005546
16,232.0,2100.201776469579
16,232.10000000000002,1912.447798283807
16,232.20000000000002,1786.4499723675544
16,232.3,1751.2735568488772
16,232.4,1756.5893412828045
16,232.5,1839.4906118539102
16,232.60000000000002,2044.4230207129183
16,232.70000000000002,1969.003616549472
16,232.8,1716.0615195418145
16,232.9,1762.456463478689
16,233.0,1784.3146249344707
16,233.10000000000002,1727.6731398274794
16,233.20000000000002,1746.3501375037
16,233.3,1740.415302789871
16,233.4,1704.4662564245164
16,233.5,1740.786788320994
16,233.60000000000002,1754.1062574483933
16,233.70000000000002,1749.1860596198474
16,233.8,1792.8163008452068
16,233.9,1822.5137213330888
16,234.0,1818.8619348043655
16,234.10000000000002,1885.7649016254036
16,234.20000000000002,1873.0969846452492
16,234.3,1745.3586370572366
16,234.4,1792.0815722866807
16,234.5,1777.1799878234763
16,234.60000000000002,1911.5924314738345
16,234.70000000000002,2250.648645772343
16,234.8,2159.135958221355
16,234.9,1795.6329467280418
16,235.0,1734.562767097174
16,235.10000000000002,1757.1235392120343
16,235.20000000000002,1761.572645447267
16,235.3,1748.7296311682337
16,235.4,1732.5203001815762
16,235.5,1763.2697031637592
16,235.60000000000002,1784.265402294241
16,235.70000000000002,1780.607683553835
16,235.8,1764.402567682324
16,235.9,1730.2175621407816
16,236.0,1723.3432793145928
16,236.10000000000002,1756.0990106253446
16,236.20000000000002,1797.2020377104297
16,236.3,1856.3280741636916
16,236.4,1883.7309520173187
16,236.5,1780.6888830720106
16,236.60000000000002,1733.8006922670202
16,236.70000000000002,1714.0811267659742
16,236.8,1745.2882281152097
16,236.9,1763.3351007370318
16,237.0,1760.143464301884
16,237.10000000000002,1754.7293945870401
16,237.20000000000002,1786.3818810828777
16,237.3,1752.4246275023156
16,237.4,1743.3582287355134
16,237.5,1810.909522388202
16,237.60000000000002,1754.755286753806
16,237.70000000000002,1732.4391410750316
16,237.8,1811.9095618014655
16,237.9,1807.188700210166
16,238.0,1759.882399696896
16,238.10000000000002,1754.8126254267702
16,238.20000000000002,1729.3164103181748
16,238.3,1743.1755239161498
16,238.4,1753.702869350111
16,238.5,1737.6220142351299
16,238.60000000000002,1730.999240714554
16,238.70000000000002,1708.790674608268
16,238.8,1941.2675869105014
16,238.9,1987.7545024695912
16,239.0,1728.027941664542
16,239.10000000000002,1745.337885978586
16,239.20000000000002,1782.8539487407745
16,239.3,1811.2789837425898
16,239.4,1789.664881844544
16,239.5,1727.4377360261692
16,239.60000000000002,1657.0842333311057
16,239.70000000000002,1728.6132127964288
16,239.8,1786.0980654893492
16,239.9,1706.405217652383
16,240.0,1699.6512897852779
16,240.10000000000002,1760.5419516602974
16,240.20000000000002,1788.7403353266834
16,240.3,1782.4042518101498
16,240.4,1794.8723418492516
16,240.5,1764.1830783458233
16,240.60000000000002,1772.849086210748
16,240.70000000000002,2034.4476105162048
16,240.8,2555.6106718760266
16,240.9,2342.360223309283
16,241.0,1711.3783579858887
16,241.10000000000002,1724.0059304327174
16,241.20000000000002,1745.1522762363659
16,241.3,1762.4324668638137
16,241.4,1768.483978836502
16,241.5,1778.111132549844
16,241.60000000000002,1784.9149487791215
16,241.70000000000002,1762.0975453546841
16,241.8,1759.0518665657876
16,241.9,1760.5310021050552
16,242.0,1775.4393552860774
16,242.10000000000002,1759.2992758091705
16,242.20000000000002,1761.845590240647
16,242.3,1762.6005805527827
16,242.4,1764.3018996497142
16,242.5,1758.3696187466937
16,242.60000000000002,1752.143744056006
16,242.70000000000002,1754.9298858537218
16,242.8,1759.7971160782058
16,242.9,1771.7687268740465
16,243.0,1786.519790429849
16,243.10000000000002,1771.9182836414327
16,243.20000000000002,1774.2077308502128
16,243.3,1777.2505788323379
16,243.4,1778.7723321666774
16,243.5,1780.427504526294
16,243.60000000000002,1779.191309040391
16,243.70000000000002,1780.8846268129448
16,243.8,1779.9836053724548
16,243.9,1772.9344450499102
16,244.0,1771.8907024641553
16,244.10000000000002,1759.928795584012
16,244.20000000000002,1769.235354891476
16,244.3,1778.2745103317448
16,244.4,1776.2300052156766
16,244.5,1782.5675476190474
16,244.60000000000002,1777.855219862794
16,244.70000000000002,1788.9121327652556
16,244.8,1791.7106562858296
16,244.9,1776.5836002759397
16,245.0,1784.749534312113
16,245.10000000000002,1798.4091251219454
16,245.20000000000002,1793.0026021236247
16,245.3,1782.1226528057314
16,245.4,1790.6389677423817
16,245.5,1796.4006122151845
16,245.60000000000002,1790.8918915616957
16,245.70000000000002,1786.4907699842042
16,245.8,1807.1018711064437
16,245.9,1816.7671634139301
16,246.0,1954.030934487286
16,246.10000000000002,2357.345462879251
16,246.20000000000002,2296.831796043787
16,246.3,1786.447357231636
16,246.4,1800.4295683225296
16,246.5,1823.0757427399042
16,246.60000000000002,1807.7014496965398
16,246.70000000000002,1798.1090673097165
16,246.8,1797.7098915875567
16,246.9,1793.9537539081812
16,247.0,1783.935337347704
16,247.10000000000002,1789.9037269395549
16,247.20000000000002,1786.7981315576012
16,247.3,2036.06238725112
16,247.4,2491.0436568262826
16,247.5,2273.2456308156784
16,247.60000000000002,1762.6548014854638
16,247.70000000000002,1807.1762011990934
16,247.8,1970.8057187249992
16,247.9,1950.9244823654267
16,248.0,1761.25846955407
16,248.10000000000002,1763.753331899318
16,248.20000000000002,1755.5815939565048
16,248.3,1759.0343877124376
16,248.4,1777.6377252437685
16,248.5,1770.0816887480341
16,248.60000000000002,1767.8261690738334
16,248.70000000000002,1769.5101013877807
16,248.8,1764.885772728184
16,248.9,1771.4054030253203
16,249.0,1770.8772737716247
16,249.10000000000002,1764.2549385791735
16,249.20000000000002,1770.5304355472203
16,249.3,1792.1022504011526
16,249.4,1772.320073610844
16,249.5,2034.804609820784
16,249.60000000000002,2207.451200912021
16,249.70000000000002,1812.8640481568489
16,249.8,1800.205249167786
16,249.9,1798.685464427549
16,250.0,1808.690468425555
16,250.10000000000002,1805.090932611331
16,250.20000000000002,1817.4133400880667
16,250.3,1797.5663063958464
16,250.4,1792.6280945691872
16,250.5,1790.654693136192
16,250.60000000000002,1794.5374792800858
16,250.70000000000002,1789.1468521444726
16,250.8,1794.183478261675
16,250.9,1789.8372320439794
16,251.0,1802.481528501101
16,251.10000000000002,1793.0713591977446
16,251.20000000000002,1796.1592299855402
16,251.3,2037.7766662818321
16,251.4,2384.230074332507
16,251.5,2251.3169458358852
16,251.60000000000002,2042.711179700847
16,251.70000000000002,1861.9621073800288
16,251.8,1814.0588088481127
16,251.9,1813.6582159171353
16,252.0,1839.1282666307645
16,252.10000000000002,1838.621356476193
16,252.20000000000002,1827.3920978944836
16,252.3,1819.3821181318212
16,252.4,1823.0284921594423
16,252.5,1820.0604222942382
16,252.60000000000002,1810.3782435532514
16,252.70000000000002,1818.1953062700911
16,252.8,1914.7858626552143
16,252.9,1994.278902680715
16,253.0,1826.52878949049
16,253.10000000000002,1809.9740065119406
16,253.20000000000002,1819.2333140907274
16,253.3,1816.6287610879288
16,253.4,1813.054489697803
16,253.5,1814.165035064016
16,253.60000000000002,1803.4267656012942
16,253.70000000000002,1823.2296054863143
16,253.8,1815.60511339847
16,253.9,1838.7602003869824
16,254.0,1830.1053301363006
16,254.10000000000002,1816.2703805251372
16,254.20000000000002,1805.2204548147188
16,254.3,1809.9289973001912
16,254.4,1816.1267863661046
16,254.5,1809.2346871753323
16,254.60000000000002,1813.400466879532
16,254.70000000000002,1812.3102146813444
16,254.8,1819.343047233834
16,254.9,1797.9369601709927
16,255.0,1809.4018007000923
16,255.10000000000002,1811.4745170019385
16,255.20000000000002,1808.9000007463223
16,255.3,1812.454632423713
16,255.4,1813.851339338078
16,255.5,1802.7641761111945
16,255.60000000000002,1788.220065745922
16,255.70000000000002,1784.1974259619078
16,255.8,1790.275466916234
16,255.9,1793.0197968217042
16,256.0,1786.347339231717
16,256.1,1798.8791224332533
16,256.2,1802.360712428975
16,256.3,1796.4299937511291
16,256.40000000000003,1784.8076049754604
16,256.5,1792.459807892103
16,256.6,1792.9274146594519
16,256.7,1789.3861473595434
16,256.8,1956.3288328463293
16,256.90000000000003,2205.5668918139736
16,257.0,1945.8700754636502
16,257.1,1805.5984434067805
16,257.2,1800.2617943882824
16,257.3,1777.0587106072167
16,257.40000000000003,1807.2702244246348
16,257.5,1793.3593696283128
16,257.6,1817.4875163232855
16,257.7,1804.8132923231606
16,257.8,1816.1712955778698
16,257.90000000000003,1807.1923205895096
16,258.0,1792.251950345518
16,258.1,1792.673548594575
16,258.2,1796.0766663835784
16,258.3,1801.2115347856202
16,258.40000000000003,1843.2821911280992
16,258.5,1914.9444790758191
16,258.6,1789.294524955429
16,258.7,1884.755980767812
16,258.8,2034.171922120064
16,258.90000000000003,1804.4880578226555
16,259.0,1784.8306445915482
16,259.1,1784.4469867344174
16,259.2,1807.2411270836615
16,259.3,1798.726216805041
16,259.40000000000003,1830.1393953762263
16,259.5,1796.0126456218024
16,259.6,1792.3563147630266
16,259.7,1771.7489962655634
16,259.8,1781.466454716327
16,259.90000000000003,1767.410309126803
16,260.0,1764.2720233117564
16,260.1,1766.6144353417783
16,260.2,1783.0311546512737
16,260.3,1786.489956242877
16,260.40000000000003,1773.1292966358594
16,260.5,1793.535794797192
16,260.6,1791.5110677718383
16,260.7,1791.3833619137279
16,260.8,1787.12870796953
16,260.90000000000003,1795.7693821023001
16,261.0,1779.46272067521
16,261.1,1777.1865884392735
16,261.2,1787.8172450725726
16,261.3,1772.5232792953318
16,261.40000000000003,1784.9048968972609
16,261.5,1808.0752169279892
16,261.6,1780.6426761711198
16,261.7,1792.0434070227584
16,261.8,1801.7256382499188
16,261.90000000000003,1781.9730063393781
16,262.0,1775.1479476887298
16,262.1,1797.4334710324
16,262.2,1782.7573284903447
16,262.3,1776.9813382889477
16,262.40000000000003,1794.8283307121667
16,262.5,1788.6672402510596
16,262.6,1797.9477979712497
16,262.7,1806.0263589798735
16,262.8,1789.3010780261277
16,262.90000000000003,1799.551787537589
16,263.0,1795.4848093578064
16,263.1,1781.1983687430538
16,263.2,1778.7485870437297
16,263.3,1826.8141017159217
16,263.40000000000003,1828.3491925425226
16,263.5,1774.6153247692782
16,263.6,1794.1498135990428
16,263.7,1799.9377872455734
16,263.8,1789.347797318878
16,263.90000000000003,1793.4525394467107
16,264.0,1799.316782021069
16,264.1,2085.640897556879
16,264.2,2699.8400242599027
16,264.3,2353.7799707277145
16,264.40000000000003,1807.9541529556884
16,264.5,1784.7499127881072
16,264.6,1799.6293683731417
16,264.7,1830.090403032096
16,264.8,1768.8684442522401
16,264.90000000000003,1781.7917724736749
16,265.0,1811.2264912539986
16,265.1,1789.1701899985303
16,265.2,1795.346131665053
16,265.3,1765.0041893062516
16,265.40000000000003,1780.1926095511635
16,265.5,1756.5747397993343
16,265.6,1941.626316802739
16,265.7,2193.370932048039
16,265.8,1745.4392865523478
16,265.90000000000003,1731.373514401163
16,266.0,1736.745958085145
16,266.1,1773.1159628290784
16,266.2,1778.6780196499858
16,266.3,1766.0479730236523
16,266.40000000000003,1763.3564316553395
16,266.5,1760.241567766807
16,266.6,1763.8492532224209
16,266.7,1775.5833380124204
16,266.8,1783.1271386559242
16,266.90000000000003,1757.363855328927
16,267.0,1765.6872560406043
16,267.1,1770.7653935101255
16,267.2,1775.6663435434798
16,267.3,1765.6488698854296
16,267.40000000000003,1765.9569230459658
16,267.5,1799.2373759397242
16,267.6,1766.4595194160934
16,267.7,1741.9565246601417
16,267.8,1748.4123058888297
16,267.90000000000003,1784.9315154338863
16,268.0,1835.7828555660667
16,268.1,1800.826040004035
16,268.2,1929.9869740361748
16,268.3,1939.6505920153957
16,268.40000000000003,1763.8406586125934
16,268.5,1929.9263649445625
16,268.6,2334.1737021791664
16,268.7,1982.8314619320404
16,268.8,1737.7261867957573
16,268.90000000000003,1770.522859581106
16,269.0,1776.111650184669
16,269.1,1754.1843430632243
16,269.2,1753.6147769337274
16,269.3,1753.5534392575146
16,269.40000000000003,1761.1672143994301
16,269.5,1736.8456541171538
16,269.6,1744.4682504134178
16,269.7,1737.2325064298445
16,269.8,1748.7444699764146
16,269.90000000000003,1763.882215081284
16,270.0,1733.5523422363178
16,270.1,1759.1592482216683
16,270.2,1776.5573829585435
16,270.3,1815.0047744089418
16,270.40000000000003,2070.180577439157
16,270.5,2341.4936086212647
16,270.6,1750.024152820857
16,270.7,1739.0646117923266
16,270.8,1708.6953978983013
16,270.90000000000003,1803.1323261422237
16,271.0,2185.9065549307184
16,271.1,2890.39100486483
16,271.2,2815.4524273884426
16,271.3,2699.8340741716556
16,271.40000000000003,2149.0068550781602
16,271.5,1744.2537452229299
16,271.6,1751.689680872688
16,271.7,1734.0396196053039
16,271.8,1723.6228045803878
16,271.90000000000003,1738.8584220569085
16,272.0,1741.6444218837496
16,272.1,1749.6620962934285
16,272.2,1779.833224886932
16,272.3,1771.308460758851
16,272.40000000000003,1749.6031987585275
16,272.5,1750.2572349865843
16,272.6,1754.1186824531346
16,272.7,1748.7900475118213
16,272.8,1852.3442513622315
16,272.90000000000003,2102.9914030980535
16,273.0,1782.052429069108
16,273.1,1784.7136882788145
16,273.2,1769.3640207725834
16,273.3,1748.6423801845783
16,273.40000000000003,1756.7189990983134
16,273.5,1749.83778099466
16,273.6,1757.9861514153167
16,273.7,1761.3194880401084
16,273.8,1765.8956134023756
16,273.90000000000003,1778.429288848328
16,274.0,1785.2003125878693
16,274.1,1788.3817150896239
16,274.2,1764.909238667767
16,274.3,1770.6752230593042
16,274.40000000000003,1762.71088438016
16,274.5,1799.5623915178753
16,274.6,1758.0093635825942
16,274.7,1747.4387573689237
16,274.8,1758.3192855067743
16,274.90000000000003,1772.82153103985
16,275.0,1729.1702047471877
16,275.1,1750.595931134889
16,275.2,1746.3758296126816
16,275.3,1759.5768097612092
16,275.40000000000003,1734.8661571203463
16,275.5,1738.0238085441003
16,275.6,1802.6517218026213
16,275.7,1752.8794536036123
16,275.8,1767.7760083396092
16,275.90000000000003,1763.8984618004906
16,276.0,1745.4008320731832
16,276.1,1785.1965386911686
16,276.2,1755.4023463596927
16,276.3,1737.9528096639697
16,276.40000000000003,1756.9907583514328
16,276.5,1781.990426132708
16,276.6,1787.4887673861258
16,276.7,1753.4422884921698
16,276.8,1747.4836897640994
16,276.90000000000003,1786.405164372682
16,277.0,1791.0164630603967
16,277.1,1743.5156247648224
16,277.2,1780.6984804629503
16,277.3,1756.5390883545908
16,277.40000000000003,1748.0706035685666
16,277.5,1752.4214099479818
16,277.6,1730.805583582911
16,277.7,1760.954169987922
16,277.8,1733.5177543438601
16,277.90000000000003,1715.643406738826
16,278.0,1735.145117333079
16,278.1,1763.7721553495712
16,278.2,1774.8415226510085
16,278.3,1780.3995720373628
16,278.40000000000003,1771.182197109554
16,278.5,1762.8091671940751
16,278.6,1763.9095813466695
16,278.7,1770.7821065824023
16,278.8,1808.7317199317506
16,278.90000000000003,1781.1434170804932
16,279.0,1772.9938384707766
16,279.1,1739.8210665305176
16,279.2,1721.6110648706047
16,279.3,1744.6416781905164
16,279.40000000000003,1704.8141679020357
16,279.5,1720.9136560199781
16,279.6,1773.9083593308892
16,279.7,1863.818921052801
16,279.8,2084.3144350331604
16,279.90000000000003,1767.1979243227727
16,280.0,1757.9016723220925
16,280.1,1786.2000481493346
16,280.2,1813.2798621580623
16,280.3,1887.1290160879748
16,280.40000000000003,2275.280106660929
16,280.5,1782.0300108802883
16,280.6,1756.6703183499897
16,280.7,1845.8387503141378
16,280.8,2055.4455741763163
16,280.90000000000003,1747.1570256284317
16,281.0,1768.2983029538339
16,281.1,1789.8862171086353
16,281.2,1744.0199766848718
16,281.3,1794.0824529166432
16,281.40000000000003,1775.1413794092518
16,281.5,1797.2927282741825
16,281.6,1784.0823721064592
16,281.7,1758.1977409981757
16,281.8,1771.945836007637
16,281.90000000000003,1786.1410370546669
16,282.0,1768.2687139024117
16,282.1,1737.1718939076827
16,282.2,1761.6143123852708
16,282.3,1722.3586265176605
16,282.40000000000003,1750.5551817068451
16,282.5,1770.4398302352126
16,282.6,1778.0199922738166
16,282.7,1769.5581552862907
16,282.8,1773.1998114011635
16,282.90000000000003,1782.1572852756879
16,283.0,1762.6649102186514
16,283.1,1829.903886957639
16,283.2,1925.1576336382905
16,283.3,1729.9672126044568
16,283.40000000000003,1736.1238461040305
16,283.5,1825.0208224753371
16,283.6,1786.0409418751294
16,283.7,1791.531566963575
16,283.8,1788.6824629725804
16,283.90000000000003,1769.585715751793
16,284.0,1757.0339062143312
16,284.1,1765.0691915421808
16,284.2,1765.6376715277681
16,284.3,1766.463905077445
16,284.40000000000003,1763.361081034151
16,284.5,1720.096055104263
16,284.6,1735.7216703132535
16,284.7,1735.0073494795874
16,284.8,1731.6206336673486
16,284.90000000000003,1822.5971575831663
16,285.0,1779.9479304916815
16,285.1,1746.6341281211683
16,285.2,1763.3508311088412
16,285.3,1775.200783697271
16,285.40000000000003,1728.9839153562584
16,285.5,1765.866837168572
16,285.6,1753.0884630844432
16,285.7,1802.4012904748909
16,285.8,1762.9652428309648
16,285.90000000000003,1760.0473012776672
16,286.0,1788.3219315440945
16,286.1,1939.2767310210338
16,286.2,1839.3990477790983
16,286.3,1754.9236234362252
16,286.40000000000003,1745.1869949973443
16,286.5,1750.9808042877874
16,286.6,1761.4679654912748
16,286.7,1784.9954174846118
16,286.8,1899.6027242764214
16,286.90000000000003,1795.3353028537508
16,287.0,1757.599989057809
16,287.1,1756.8042469045001
16,287.2,1770.229132798137
16,287.3,1764.6788278106774
16,287.40000000000003,1783.544811300577
16,287.5,1778.295328392814
16,287.6,1755.5440617483084
16,287.7,1782.6518389054017
16,287.8,1752.763829067959
16,287.90000000000003,1758.3322973077638
16,288.0,1667.3266620208312
16,288.1,1746.8169271242907
16,288.2,1731.280433684097
16,288.3,1735.8538223472567
16,288.40000000000003,1809.8612283688503
16,288.5,1749.4789910594288
16,288.6,1818.1331010019792
16,288.7,1726.2551979321413
16,288.8,1721.2879588093172
16,288.90000000000003,1733.2616231617308
16,289.0,1760.2158051374922
16,289.1,1740.0304998143868
16,289.2,1791.9740214517528
16,289.3,1787.8498650917345
16,289.40000000000003,1732.517502261341
16,289.5,1696.7543407496546
16,289.6,1691.9772452436694
16,289.7,1733.0177419811973
16,289.8,1782.224672784635
16,289.90000000000003,1782.120349671402
16,290.0,1773.7052875501302
16,290.1,1780.1565194637878
16,290.2,2172.5538346242806
16,290.3,1724.3919269691976
16,290.40000000000003,1740.3978578715946
16,290.5,1713.7391394656136
16,290.6,1797.1986408155253
16,290.7,1958.062184180039
16,290.8,2237.261957084989
16,290.90000000000003,1737.883611041622
16,291.0,1707.9932429603896
16,291.1,1752.1910628934302
16,291.2,1700.8943361843765
16,291.3,1706.4035805442436
16,291.40000000000003,1675.5633221518874
16,291.5,1768.994404850524
16,291.6,1728.3512714539563
16,291.7,1703.8074373750096
16,291.8,1767.329007306833
16,291.90000000000003,1765.6517319881118
16,292.0,1723.8048744873863
16,292.1,1669.329280258616
16,292.2,1756.1533688823642
16,292.3,1683.0617041983674
16,292.40000000000003,1681.2338954785378
16,292.5,1812.6583297034279
16,292.6,2191.7732173017903
16,292.7,1796.5810448754805
16,292.8,1799.1659335689137
16,292.90000000000003,1742.6845572589414
16,293.0,1794.9071742847746
16,293.1,2018.543631242459
16,293.2,1824.4024737834197
16,293.3,1782.3842929402203
16,293.40000000000003,1774.0229002301687
16,293.5,1734.162030019182
16,293.6,1777.9723995158051
16,293.7,1808.401789639745
16,293.8,2058.7113814780114
16,293.90000000000003,1831.077553981284
16,294.0,1748.0193373580103
16,294.1,1785.1209307820802
16,294.2,1867.0554537827045
16,294.3,1913.1840036605597
16,294.40000000000003,1738.2785701193798
16,294.5,1730.6532442918076
16,294.6,1730.2559862513929
16,294.7,1783.6340702711611
16,294.8,1850.6386105890867
16,294.90000000000003,1759.281356314634
16,295.0,1748.1793796192155
16,295.1,1734.7803420885525
16,295.2,1960.7847891540462
16,295.3,1970.0706635744466
16,295.40000000000003,1760.120437969779
16,295.5,1740.1762525485037
16,295.6,1732.1148388407357
16,295.7,1892.2838270484526
16,295.8,1746.840797069058
16,295.90000000000003,1709.8451419830985
16,296.0,1717.7918644392919
16,296.1,1729.3257549633322
16,296.2,1746.901708549154
16,296.3,1731.0089652176796
16,296.40000000000003,1712.4654963717946
16,296.5,1684.0096733665348
16,296.6,1726.8967057624968
16,296.7,1789.0106586451755
16,296.8,1781.5232396884978
16,296.90000000000003,1706.866772667701
16,297.0,1773.6207302911882
16,297.1,1832.8819740935319
16,297.2,1787.4526464145733
16,297.3,1781.2327014256996
16,297.40000000000003,1810.5631346821976
16,297.5,1752.5742909698756
16,297.6,1682.4750173239106
16,297.7,1727.6025080696418
16,297.8,1771.6631738199492
16,297.90000000000003,1786.1598564474907
16,298.0,1689.4749497879234
16,298.1,1682.185866298438
16,298.2,1719.8548734521885
16,298.3,1747.7337507467946
16,298.40000000000003,1742.2872653265176
16,298.5,1718.2315186936153
16,298.6,1731.2403522252184
16,298.7,1692.3052162636852
16,298.8,1672.5054670994168
16,298.90000000000003,1797.4393011358923
16,299.0,1727.9618020616886
16,299.1,1697.8556256013426
16,299.2,1779.9552169005044
16,299.3,1813.1601340410539
16,299.40000000000003,1783.8352722941647
16,299.5,1779.8337883914721
16,299.6,1766.3503291806164
16,299.7,1729.6383083715766
16,299.8,1742.6999292191665
16,299.90000000000003,1718.3827166721508
16,300.0,1732.1192349478981
16,300.1,1775.6600293127108
16,300.2,1781.8665847838083
16,300.3,1722.5271616324233
16,300.40000000000003,1762.7833959291038
16,300.5,1735.874139856074
16,300.6,1751.8922984202004
16,300.7,1811.5667146728217
16,300.8,1859.9356012867206
16,300.90000000000003,1679.5180024696408
16,301.0,1718.6223696862253
16,301.1,1815.7471806956917
16,301.2,1745.5715971433951
16,301.3,1746.0954682182455
16,301.40000000000003,1770.019482035927
16,301.5,1876.132944712518
16,301.6,1834.1058831052476
16,301.7,1800.8643464109166
16,301.8,1705.3839201528924
16,301.90000000000003,1769.1243257433516
16,302.0,1798.4229268315933
16,302.1,1856.4378545832915
16,302.2,1745.6506129218826
16,302.3,1787.5581912347775
16,302.40000000000003,1707.5858407520575
16,302.5,1759.9052355117963
16,302.6,1750.1893168207655
16,302.7,1801.9100477547286
16,302.8,1925.7687597944732
16,302.90000000000003,2014.8986252844234
16,303.0,1763.91192330898
16,303.1,1820.412351864939
16,303.2,1879.6796270396483
16,303.3,1792.0272943739542
16,303.40000000000003,1827.9394607695974
16,303.5,2103.093065977534
16,303.6,1751.9972015393266
16,303.7,1668.579312490966
16,303.8,1733.8716542908257
16,303.90000000000003,1674.8670381712302
16,304.0,1803.7348721688593
16,304.1,2156.1397879205683
16,304.2,1817.8837818922982
16,304.3,2638.5244238223513
16,304.40000000000003,2700.6026660828397
16,304.5,1782.480760071868
16,304.6,1707.6273963838498
16,304.7,1706.2648591116003
16,304.8,1772.8059895896738
16,304.90000000000003,1814.4269935699867
16,305.0,1730.4877332405597
16,305.1,1748.0402339791576
16,305.2,1977.5958843984754
16,305.3,1761.8719450751407
16,305.40000000000003,1729.8302747020825
16,305.5,1752.8805508676112
16,305.6,1939.458110546632
16,305.7,1920.5844581658982
16,305.8,1732.8787774144305
16,305.90000000000003,1812.8682287983847
16,306.0,1740.4116870760133
16,306.1,1705.1902948490424
16,306.2,1736.2040381834395
16,306.3,1794.4822543569855
16,306.40000000000003,1763.4442284623833
16,306.5,1831.6936668938354
16,306.6,2002.9668054905808
16,306.7,1726.439948240708
16,306.8,1742.1150783632452
16,306.90000000000003,1701.8678998746727
16,307.0,1738.6122226355208
16,307.1,1730.0600593557303
16,307.20000000000005,1762.383923122262
16,307.3,1679.3563373783727
16,307.40000000000003,1832.375407046567
16,307.5,1768.3428016108085
16,307.6,1740.7656210103814
16,307.70000000000005,1700.5309527495285
16,307.8,1744.8609463510425
16,307.90000000000003,1752.1339026876308
16,308.0,1749.3162712468607
16,308.1,1790.8917488856287
16,308.20000000000005,1704.0031827848845
16,308.3,1954.5256777325058
16,308.40000000000003,1763.8098506273216
16,308.5,1815.9107199540513
16,308.6,1734.7093667658803
16,308.70000000000005,1773.3733952557775
16,308.8,1980.0218765461125
16,308.90000000000003,1750.9842980417438
16,309.0,1768.1654175151489
16,309.1,1831.9770054925705
16,309.20000000000005,1889.4179382535824
16,309.3,1746.3684580891158
16,309.40000000000003,1770.218488486875
16,309.5,1781.291743009172
16,309.6,1746.1849424723498
16,309.70000000000005,1782.0868974669645
16,309.8,1739.573334085208
16,309.90000000000003,1753.5705554581195
16,310.0,1750.1506665824702
16,310.1,1812.2700068341123
16,310.20000000000005,1779.6180158967068
16,310.3,1761.7038361179868
16,310.40000000000003,1799.159686179267
16,310.5,1739.734102614999
16,310.6,1738.6585780134835
16,310.70000000000005,1782.4469870169603
16,310.8,1761.3528078457186
16,310.90000000000003,1739.3162687602614
16,311.0,1700.3366254944478
16,311.1,1753.0662002940448
16,311.20000000000005,1739.3094494157124
16,311.3,1741.5873213543468
16,311.40000000000003,1764.5762685993539
16,311.5,1757.43612610775
16,311.6,1752.9635300503408
16,311.70000000000005,1815.6858888358215
16,311.8,1900.807728980718
16,311.90000000000003,1703.5869139848064
16,312.0,1755.1383237516534
16,312.1,1703.1498206933359
16,312.20000000000005,1848.1548953461072
16,312.3,2054.081147614124
16,312.40000000000003,1771.6241951441912
16,312.5,1750.9717496789044
16,312.6,1790.4097975913867
16,312.70000000000005,1755.2174260804477
16,312.8,1754.189889291397
16,312.90000000000003,1877.3019280118028
16,313.0,1723.8229766764682
16,313.1,1759.676397916409
16,313.20000000000005,1801.4002504508042
16,313.3,1723.6184979843197
16,313.40000000000003,1757.007442115238
16,313.5,1734.4689725707178
16,313.6,1756.6254933565517
16,313.70000000000005,1729.134871574639
16,313.8,1794.4292643360563
16,313.90000000000003,1774.3893538260825
16,314.0,2469.4011040089977
16,314.1,3014.1067119154663
16,314.20000000000005,3054.165876596705
16,314.3,2900.1052452961144
16,314.40000000000003,2221.231309720346
16,314.5,1748.6942230938232
16,314.6,1779.9196365158807
16,314.70000000000005,1785.5564039803464
16,314.8,1725.9454888987943
16,314.90000000000003,1752.9871012850706
16,315.0,1713.114695960082
16,315.1,1746.3598057865659
16,315.20000000000005,1764.8166246409019
16,315.3,1769.0776914096707
16,315.40000000000003,1759.8453674619918
16,315.5,1740.4230690843324
16,315.6,1773.2006767603464
16,315.70000000000005,1778.0603612695966
16,315.8,1772.2648079802873
16,315.90000000000003,1759.7206302968996
16,316.0,1738.421405201378
16,316.1,1781.1753643547772
16,316.20000000000005,1752.1928595135128
16,316.3,1853.166863206918
16,316.40000000000003,1950.7080234408224
16,316.5,1788.4530698274568
16,316.6,2332.6387923120246
16,316.70000000000005,2669.92132025476
16,316.8,1802.4218814814756
16,316.90000000000003,1750.04214776725
16,317.0,1780.31966492955
16,317.1,1911.6046480209739
16,317.20000000000005,1763.8055794585136
16,317.3,1768.9655647695704
16,317.40000000000003,1725.5480401952132
16,317.5,1750.480109907235
16,317.6,1752.3530236334193
16,317.70000000000005,1759.9050366131914
16,317.8,1782.9538999048036
16,317.90000000000003,1781.709582538742
16,318.0,1780.4349509103777
16,318.1,1771.2500404044204
16,318.20000000000005,1770.0125174457742
16,318.3,1760.9642279010247
16,318.40000000000003,1755.9578517433813
16,318.5,1765.9319037469666
16,318.6,1775.9331660513465
16,318.70000000000005,1840.671264786775
16,318.8,1844.2548166343395
16,318.90000000000003,1754.8929091058687
16,319.0,1771.3495783392348
16,319.1,1760.5964515873502
16,319.20000000000005,2606.8633328663554
16,319.3,1969.3343561633837
16,319.40000000000003,1753.858609145837
16,319.5,1739.7892288537653
16,319.6,1756.9961812448212
16,319.70000000000005,1773.8165667874862
16,319.8,1750.6475971781692
16,319.90000000000003,1771.4341089891889
16,320.0,1766.4401627889245
16,320.1,1766.8604303214001
16,320.20000000000005,1759.1861669174223
16,320.3,1774.3523283158308
16,320.40000000000003,1789.710012919112
16,320.5,1763.8798059189364
16,320.6,1784.0137245221201
16,320.70000000000005,1754.0906816497863
16,320.8,1777.2138015941505
16,320.90000000000003,1787.2815923238259
16,321.0,1851.484943211306
16,321.1,1764.0865922908451
16,321.20000000000005,1767.6190892381694
16,321.3,1862.5832385511098
16,321.40000000000003,2054.111162820267
16,321.5,1782.144527376924
16,321.6,1758.262423117868
16,321.70000000000005,1756.4353339997417
16,321.8,1743.9009665962112
16,321.90000000000003,1775.5608122727156
16,322.0,1713.7825871753323
16,322.1,1814.27895678276
16,322.20000000000005,1766.1806862263802
16,322.3,1782.900708431153
16,322.40000000000003,1766.819126705248
16,322.5,1760.2037910742242
16,322.6,1751.3059710831524
16,322.70000000000005,1785.199226780709
16,322.8,1749.02308094971
16,322.90000000000003,1737.8129165435087
16,323.0,1743.2177638027747
16,323.1,1754.910614292968
16,323.20000000000005,1740.400970323324
16,323.3,1791.9485767698272
16,323.40000000000003,1748.5689383871036
16,323.5,1739.7415601849093
16,323.6,1756.0745873764515
16,323.70000000000005,1768.7438645567206
16,323.8,1753.1658339175358
16,323.90000000000003,1768.0499988018898
16,324.0,1723.0639382450988
16,324.1,1771.6495882418378
16,324.20000000000005,1765.997799951862
16,324.3,1743.163427813399
16,324.40000000000003,1753.4931773700941
16,324.5,1755.091253244881
16,324.6,1741.3432646545489
16,324.70000000000005,1740.9565040397279
16,324.8,1767.986425344806
16,324.90000000000003,1737.3991745660057
16,325.0,1744.8078838107037
16,325.1,1742.4255098887425
16,325.20000000000005,1804.0122186320775
16,325.3,1743.7068818322334
16,325.40000000000003,1729.4831863803342
16,325.5,1746.7770343422503
16,325.6,1764.2039602874743
16,325.70000000000005,1762.620262653725
16,325.8,1752.5908134804997
16,325.90000000000003,1748.9047147640583
16,326.0,1754.3334955082687
16,326.1,1748.3022957635778
16,326.20000000000005,1741.7788434307865
16,326.3,1762.8253838868436
16,326.40000000000003,1730.0643447214293
16,326.5,1751.4371695813068
16,326.6,1746.401510304317
16,326.70000000000005,1752.2010504882576
16,326.8,1750.2445791896218
16,326.90000000000003,1742.1540287060925
16,327.0,1756.5171620577657
16,327.1,1773.9232546393857
16,327.20000000000005,1735.884424072917
16,327.3,1773.8968996101728
16,327.40000000000003,1680.8289771086468
16,327.5,1757.7946241868533
16,327.6,1791.340814374432
16,327.70000000000005,1726.7280637856688
16,327.8,2026.3164465555196
16,327.90000000000003,1764.3043676655095
16,328.0,1767.2442453408821
16,328.1,1732.2489016226561
16,328.20000000000005,1752.0036998122403
16,328.3,1764.2337987242036
16,328.40000000000003,1758.4850454758591
16,328.5,1754.998928122766
16,328.6,1736.2346250878643
16,328.70000000000005,1742.3442993484027
16,328.8,1749.9355555452817
16,328.90000000000003,1757.6246538151238
16,329.0,1729.233702875171
16,329.1,1766.3803141480619
16,329.20000000000005,1755.2117555459117
16,329.3,1766.1472858624336
16,329.40000000000003,1782.8679581604213
16,329.5,1746.3614094328516
16,329.6,1731.7082736149537
16,329.70000000000005,1763.1086923188154
16,329.8,2182.476831524543
16,329.90000000000003,1793.0789916488227
16,330.0,1752.90397063344
16,330.1,1772.562556119884
16,330.20000000000005,1748.6526036429368
16,330.3,1749.0506801023694
16,330.40000000000003,1888.2673276987443
16,330.5,1764.9472632731502
16,330.6,1768.0674680388818
16,330.70000000000005,1775.4173088797472
16,330.8,1809.2949675913876
16,330.90000000000003,1754.1279459764646
16,331.0,1748.907197299693
16,331.1,1751.0812582869078
16,331.20000000000005,1887.0437590923837
16,331.3,2441.0238203974336
16,331.40000000000003,2395.26743836885
16,331.5,1783.1238883413596
16,331.6,1730.3669228162712
16,331.70000000000005,1741.2853025346585
16,331.8,1759.1789461679805
16,331.90000000000003,1772.934654209603
16,332.0,1746.7825292843509
16,332.1,1750.3297752404342
16,332.20000000000005,1742.224348125392
16,332.3,1744.9161547462234
16,332.40000000000003,1804.6668017175946
16,332.5,1750.9372118085507
16,332.6,1752.659652214175
16,332.70000000000005,1740.560882926928
16,332.8,1743.6302409468599
16,332.90000000000003,1713.8999798194145
16,333.0,1987.4486058561833
16,333.1,1737.5817134459135
16,333.20000000000005,1747.4699630358955
16,333.3,1786.779671554732
16,333.40000000000003,1748.6510505722324
16,333.5,1744.796684612855
16,333.6,1678.4697621343628
16,333.70000000000005,1740.2954554197393
16,333.8,1711.905123126482
16,333.90000000000003,1706.7127229516939
16,334.0,1747.6662812198417
16,334.1,1685.9813816231149
16,334.20000000000005,1694.6421157887037
16,334.3,1758.1885634061855
16,334.40000000000003,2271.338893025972
16,334.5,1736.9070239764956
16,334.6,1791.0634935865478
16,334.70000000000005,1782.0626018586333
16,334.8,1759.294275491586
16,334.90000000000003,1831.5963593616093
16,335.0,1751.3918573695723
16,335.1,1743.183370863348
16,335.20000000000005,1733.8103037294698
16,335.3,1702.001377085201
16,335.40000000000003,1735.8276969015458
16,335.5,1711.442985621762
16,335.6,1799.9694554792204
16,335.70000000000005,1749.9239747186123
16,335.8,1787.7308377024312
16,335.90000000000003,1968.3171243446
16,336.0,1718.467521717581
16,336.1,1727.5300556145546
16,336.20000000000005,1784.0511867054863
16,336.3,1809.2796689663085
16,336.40000000000003,1738.9308538272285
16,336.5,1747.339912524216
16,336.6,1773.8053850279573
16,336.70000000000005,1701.468811879074
16,336.8,1708.9065950236636
16,336.90000000000003,1788.5836873892567
16,337.0,1753.8934997652868
16,337.1,1705.7859489716589
16,337.20000000000005,1766.5511720911168
16,337.3,1754.171379600578
16,337.40000000000003,1763.8798665862887
16,337.5,1739.3530534214358
16,337.6,1792.2658720031975
16,337.70000000000005,1728.6230955935403
16,337.8,1794.1810142277852
16,337.90000000000003,1783.304182273388
16,338.0,1697.2596952102044
16,338.1,1650.522953945089
16,338.20000000000005,1755.4941536853098
16,338.3,1775.672237100511
16,338.40000000000003,1779.1937276822382
16,338.5,1762.0319963708805
16,338.6,1750.7404385639813
16,338.70000000000005,1755.054933387507
16,338.8,1752.3321552896261
16,338.90000000000003,1743.1555923042429
16,339.0,1721.3496666666667
16,339.1,1809.3983730720338
16,339.20000000000005,1726.928489205448
16,339.3,1703.1181498627432
16,339.40000000000003,1773.1455809810261
16,339.5,1726.949289783897
16,339.6,1713.055400616688
16,339.70000000000005,1760.6013498020063
16,339.8,1828.1321151353916
16,339.90000000000003,1815.027770596399
16,340.0,1749.9497130057664
16,340.1,1732.035747186192
16,340.20000000000005,1697.9416290317877
16,340.3,1715.7223383818796
16,340.40000000000003,1723.9478458802187
16,340.5,1728.8376364390222
16,340.6,1737.9469128542173
16,340.70000000000005,1717.3867732467756
16,340.8,1767.980410056195
16,340.90000000000003,1765.2644137139223
16,341.0,1752.7495116225316
16,341.1,1759.6413926855093
16,341.20000000000005,1815.0669015305562
16,341.3,1765.5379620246697
16,341.40000000000003,1742.2387387388274
16,341.5,1749.9962677882095
16,341.6,1906.2945077805873
16,341.70000000000005,2237.7118858839717
16,341.8,1820.3061667066393
16,341.90000000000003,1731.2867260213561
16,342.0,1723.058882056622
16,342.1,1677.9133101372906
16,342.20000000000005,1719.5985345452978
16,342.3,1767.4724221230472
16,342.40000000000003,1739.4323071681363
16,342.5,1718.4762041533625
16,342.6,2039.8961675023484
16,342.70000000000005,1784.41421190424
16,342.8,1775.5343345486135
16,342.90000000000003,1754.1678000333497
16,343.0,1733.0425464456005
16,343.1,1827.3396709440924
16,343.20000000000005,1796.969080694256
16,343.3,1808.188305776611
16,343.40000000000003,1734.66333814059
16,343.5,1797.3116921557369
16,343.6,1748.0891151978717
16,343.70000000000005,1764.9506203850392
16,343.8,1734.0433022382306
16,343.90000000000003,1837.9817694211488
16,344.0,1683.3887287776142
16,344.1,1761.7308926392723
16,344.20000000000005,1760.6990146638007
16,344.3,1819.7543226873138
16,344.40000000000003,1758.4449453297402
16,344.5,1782.059613742455
16,344.6,1742.5922526349784
16,344.70000000000005,1760.0997715956582
16,344.8,1759.8957345052393
16,344.90000000000003,1717.579989710274
16,345.0,1731.5168119797836
16,345.1,1725.654626699516
16,345.20000000000005,1759.1398077262918
16,345.3,1986.1137115405897
16,345.40000000000003,1895.3673265501882
16,345.5,1745.1489156176056
16,345.6,1815.723181102822
16,345.70000000000005,1770.9202739099753
16,345.8,1762.5928936962957
16,345.90000000000003,1768.6420841856964
16,346.0,1785.1071904284195
16,346.1,1821.6230266346179
16,346.20000000000005,1783.6249914264101
16,346.3,1773.7294554102257
16,346.40000000000003,1688.5764802708527
16,346.5,1715.2369558118478
16,346.6,1747.6886276745124
16,346.70000000000005,1793.3973126657818
16,346.8,1868.4895509232542
16,346.90000000000003,1762.9538459416478
16,347.0,1742.5835870923465
16,347.1,1761.3714676064844
16,347.20000000000005,1786.5054112749071
16,347.3,1751.3773110594766
16,347.40000000000003,1752.6390995906245
16,347.5,1807.8672387229603
16,347.6,1756.6180624949793
16,347.70000000000005,1738.1395874925795
16,347.8,1770.6969673031465
16,347.90000000000003,1741.0960338770142
16,348.0,1753.7756708954869
16,348.1,1795.4216829433453
16,348.20000000000005,1725.26169474879
16,348.3,1770.531112202802
16,348.40000000000003,1906.526065684809
16,348.5,1797.6037558595053
16,348.6,1786.0412608782926
16,348.70000000000005,2321.643148053494
16,348.8,1881.1369162845372
16,348.90000000000003,1745.6169335414254
16,349.0,1753.2807854109776
16,349.1,1719.4852965448122
16,349.20000000000005,1807.833945324102
16,349.3,1744.07731115325
16,349.40000000000003,1715.8145920444504
16,349.5,1738.0636662425118
16,349.6,1777.9924502554545
16,349.70000000000005,1764.242167307099
16,349.8,2517.7465408262588
16,349.90000000000003,2028.7224456361614
16,350.0,1737.1300890920659
16,350.1,1721.184340323792
16,350.20000000000005,1791.069897604764
16,350.3,1790.395044711431
16,350.40000000000003,1767.9029981151282
16,350.5,1734.5774588049428
16,350.6,1711.6414348982464
16,350.70000000000005,1720.7351786784102
16,350.8,1753.7116313289227
16,350.90000000000003,1750.562181054524
16,351.0,1753.152887485643
16,351.1,1841.2941742086077
16,351.20000000000005,1728.011019751725
16,351.3,1770.792996900827
16,351.40000000000003,1766.047613920851
16,351.5,1794.6192170910601
16,351.6,1704.2991111794993
16,351.70000000000005,1753.9803672942824
16,351.8,1781.6644254970147
16,351.90000000000003,1700.7913427944034
16,352.0,1736.8017454170688
16,352.1,1759.6984404218695
16,352.20000000000005,1757.7679171188965
16,352.3,1701.3029997769536
16,352.40000000000003,1786.509007237311
16,352.5,1749.0104524233902
16,352.6,1692.2255807503484
16,352.70000000000005,1894.0134332304312
16,352.8,1996.6155333705137
16,352.90000000000003,1803.7248267476937
16,353.0,1777.741770379496
16,353.1,1765.1157692606416
16,353.20000000000005,1732.1532628498826
16,353.3,1712.7426547886305
16,353.40000000000003,1798.152570150038
16,353.5,1860.261759340806
16,353.6,2423.6140555063853
16,353.70000000000005,1948.6247292994008
16,353.8,1789.7733888706575
16,353.90000000000003,1770.396834081677
16,354.0,1717.9772395181756
16,354.1,1763.7803655926234
16,354.20000000000005,1745.3488212253098
16,354.3,1756.2258680886275
16,354.40000000000003,1753.427615634007
16,354.5,1734.747848066397
16,354.6,1766.9929646994447
16,354.70000000000005,1739.659291215249
16,354.8,1756.006798973451
16,354.90000000000003,1740.5018174835845
16,355.0,1720.9109104225097
16,355.1,1743.3164489312799
16,355.20000000000005,1802.810859572014
16,355.3,1748.0982116104246
16,355.40000000000003,1742.2222573824447
16,355.5,1671.323631942525
16,355.6,1662.5038035671932
16,355.70000000000005,1726.693471558304
16,355.8,1725.8839292793855
16,355.90000000000003,1739.2051930505559
16,356.0,1787.7184426961956
16,356.1,1799.754495301617
16,356.20000000000005,1832.158979731893
16,356.3,1720.6334335614374
16,356.40000000000003,1769.9575668404127
16,356.5,1745.670375569212
16,356.6,1705.0824488017627
16,356.70000000000005,1701.1107775650134
16,356.8,1874.7293809902594
16,356.90000000000003,1853.7182491273602
16,357.0,1750.5104234795394
16,357.1,1785.914003685849
16,357.20000000000005,1781.8198075884948
16,357.3,1717.4373384184178
16,357.40000000000003,1733.5833014366633
16,357.5,1733.0151108476684
16,357.6,1710.17676906759
16,357.70000000000005,1762.054100866685
16,357.8,1710.0281237288361
16,357.90000000000003,1740.7511586641779
16,358.0,1812.7009937854455
16,358.1,1788.113576754971
16,358.20000000000005,1780.686285232872
16,358.3,1759.5368614183965
16,358.40000000000003,1690.6683674100807
16,358.5,1716.3011196750842
16,358.6,1734.3476227563447
16,358.70000000000005,1734.9793509100261
16,358.8,1739.117374451832
16,358.90000000000003,1744.9793446244562
16,359.0,2180.938673073257
16,359.1,2029.6496337834462
16,359.20000000000005,1829.9665782079928
16,359.3,1759.4074190925696
16,359.40000000000003,1712.164138882108
16,359.5,1751.4430690448903
16,359.6,1875.1953772443596
16,359.70000000000005,2610.6617501113356
16,359.8,2002.957291959782
16,359.90000000000003,1754.8829009619426
16,360.0,1768.2796997433643
16,360.1,1784.289897040219
16,360.20000000000005,1775.9023206022946
16,360.3,1751.7452632562433
16,360.40000000000003,1745.7434673456112
16,360.5,1767.8756531282838
16,360.6,2322.1582265544853
16,360.70000000000005,2009.4682124466124
16,360.8,1743.6085231683685
16,360.90000000000003,1761.898225247601
16,361.0,1749.873615936158
16,361.1,1761.860886290467
16,361.20000000000005,1764.7889436764417
16,361.3,1875.0539800747194
16,361.40000000000003,2020.0192607066888
16,361.5,1801.3292389106396
16,361.6,1740.0136320729769
16,361.70000000000005,1756.2274916711017
16,361.8,1781.4029836257093
16,361.90000000000003,1784.0550986474682
16,362.0,1770.0988278006666
16,362.1,1744.1660847661603
16,362.20000000000005,1752.5364891497452
16,362.3,1750.899104843263
16,362.40000000000003,1768.8889407729278
16,362.5,1746.7563668850123
16,362.6,1760.689254323295
16,362.70000000000005,1766.8260324349822
16,362.8,1763.956961166737
16,362.90000000000003,1756.4254432050755
16,363.0,1757.6965378033117
16,363.1,1765.0445635028411
16,363.20000000000005,1765.6853714459994
16,363.3,1759.0699683056193
16,363.40000000000003,1757.687421716214
16,363.5,1754.2705174435089
16,363.6,1899.6090530603058
16,363.70000000000005,2416.9233582063935
16,363.8,1965.424128531204
16,363.90000000000003,1762.0909855110567
16,364.0,1756.691219671553
16,364.1,1770.215484368027
16,364.20000000000005,1777.0280389421875
16,364.3,1775.7345995605924
16,364.40000000000003,1754.8029271916123
16,364.5,1761.896229785855
16,364.6,1740.9777662860442
16,364.70000000000005,2225.0293610702806
16,364.8,1920.0433775430224
16,364.90000000000003,1747.6869047936477
16,365.0,1738.7250044034809
16,365.1,1724.51137288716
16,365.20000000000005,1732.4630164904656
16,365.3,1751.3125836361537
16,365.40000000000003,1751.9113265654578
16,365.5,1761.3681514472048
16,365.6,1752.515721337714
16,365.70000000000005,1754.4130852353271
16,365.8,1746.2107402636875
16,365.90000000000003,1746.97985246296
16,366.0,1752.878151805756
16,366.1,1774.5317228109618
16,366.20000000000005,1776.3055531742993
16,366.3,1773.5371918533467
16,366.40000000000003,1802.4965894151283
16,366.5,1782.5646861605037
16,366.6,1761.8608109703646
16,366.70000000000005,2052.318262355037
16,366.8,1849.446399626802
16,366.90000000000003,1769.3782592139107
16,367.0,1740.9513869954656
16,367.1,1739.024492421412
16,367.20000000000005,1750.7513061726381
16,367.3,1749.523197689125
16,367.40000000000003,1783.1457711128273
16,367.5,1783.8690184715683
16,367.6,1769.5440216134268
16,367.70000000000005,2035.9634215454112
16,367.8,1868.3340945052853
16,367.90000000000003,1769.8906534949888
16,368.0,1783.9124309509173
16,368.1,1769.2024205579667
16,368.20000000000005,1776.183485509918
16,368.3,1771.6413170968117
16,368.40000000000003,1853.532456661075
16,368.5,1851.5213165454597
16,368.6,1804.6843488700486
16,368.70000000000005,1653.386930111496
16,368.8,1713.0126132694595
16,368.90000000000003,1751.6208303047906
16,369.0,1850.9388009950724
16,369.1,1794.3350854771309
16,369.20000000000005,1762.5888857708642
16,369.3,1768.2976094324206
16,369.40000000000003,1782.6759234867789
16,369.5,1783.21571745155
16,369.6,1783.2131001141397
16,369.70000000000005,1767.075191736909
16,369.8,1765.9277934399129
16,369.90000000000003,1756.7981630267825
16,370.0,1778.524974253887
16,370.1,1759.9907501391513
16,370.20000000000005,1761.9432920525546
16,370.3,1757.0184734376994
16,370.40000000000003,1773.855059110188
16,370.5,1757.9068856298627
16,370.6,1757.8813935727999
16,370.70000000000005,1779.5081900625848
16,370.8,1749.252290753289
16,370.90000000000003,1749.670195790439
16,371.0,1762.7209653437035
16,371.1,1759.0725316899493
16,371.20000000000005,1760.050860641474
16,371.3,1758.5663886914288
16,371.40000000000003,1761.7971599631162
16,371.5,1769.980985259566
16,371.6,1767.4294845412198
16,371.70000000000005,1771.1995508749894
16,371.8,1774.6127160575522
16,371.90000000000003,1761.7851038132005
16,372.0,1775.538334591492
16,372.1,1766.933233846838
16,372.20000000000005,1766.8079055592402
16,372.3,1777.7977188948212
16,372.40000000000003,1766.6081127413204
16,372.5,1950.036926229938
16,372.6,1840.1540962249783
16,372.70000000000005,1782.6569694636803
16,372.8,1771.15594782397
16,372.90000000000003,2009.946084980473
16,373.0,1892.6757931335217
16,373.1,1888.5798174517947
16,373.20000000000005,1822.7390839991604
16,373.3,1768.4395067352905
16,373.40000000000003,1773.529153014068
16,373.5,1770.9031258858236
16,373.6,1761.8216455181005
16,373.70000000000005,1780.1565035897647
16,373.8,1769.388009453206
16,373.90000000000003,1775.0419127329292
16,374.0,1771.649037502651
16,374.1,1772.9328431161941
16,374.20000000000005,1746.5871146826732
16,374.3,1747.1219946281751
16,374.40000000000003,1754.403511740654
16,374.5,1753.2156551291125
16,374.6,1745.8481159715748
16,374.70000000000005,1738.804293304189
16,374.8,1751.6781065321175
16,374.90000000000003,1737.2884003893496
16,375.0,1733.4600716188588
16,375.1,1747.5451736326354
16,375.20000000000005,1783.85462513888
16,375.3,1766.5510394001874
16,375.40000000000003,1778.7820669041735
16,375.5,1891.4909270493033
16,375.6,1799.2519345343874
16,375.70000000000005,1909.5990733981819
16,375.8,1845.8706217124702
16,375.90000000000003,1762.103338224744
16,376.0,1821.6263418140486
16,376.1,1769.3717001276887
16,376.20000000000005,1700.520283032605
16,376.3,1775.982620622212
16,376.40000000000003,1789.373863413074
16,376.5,1776.1763299211284
16,376.6,1775.8445194681535
16,376.70000000000005,1787.3088533637151
16,376.8,1772.4987490033636
16,376.90000000000003,1676.453303377667
16,377.0,1682.6488504738372
16,377.1,1719.2379139837778
16,377.20000000000005,1699.8593109442402
16,377.3,1741.8139235644626
16,377.40000000000003,1763.6354986231627
16,377.5,1715.1919578608245
16,377.6,1739.4305938899622
16,377.70000000000005,1735.0871464826948
16,377.8,2174.10598773276
16,377.90000000000003,1948.1801372485015
16,378.0,1749.341112400755
16,378.1,1715.744349972941
16,378.20000000000005,1721.2706730137568
16,378.3,1769.3623131506517
16,378.40000000000003,1755.2211637372086
16,378.5,1743.7217203668708
16,378.6,1736.8081502095717
16,378.70000000000005,1766.7096779025858
16,378.8,1748.5328374529545
16,378.90000000000003,1783.236391579641
16,379.0,1757.5329385865834
16,379.1,1761.4665049919201
16,379.20000000000005,1751.424698072764
16,379.3,1752.4425813275657
16,379.40000000000003,1722.0639424242668
16,379.5,1732.4514274681464
16,379.6,1747.4112887538097
16,379.70000000000005,1703.6344913043592
16,379.8,1713.4361955498316
16,379.90000000000003,1732.3294880581627
16,380.0,1736.4673296025087
16,380.1,1786.7441535716325
16,380.20000000000005,1770.9184455865077
16,380.3,1705.650869212139
16,380.40000000000003,1743.7451848906571
16,380.5,1755.1875148810234
16,380.6,1743.8812391314912
16,380.70000000000005,1719.6951098091383
16,380.8,1730.9462780097977
16,380.90000000000003,1780.6688907076518
16,381.0,1749.4914467529434
16,381.1,1740.2884219988716
16,381.20000000000005,1836.268645473647
16,381.3,1820.4793853580318
16,381.40000000000003,1767.559401825285
16,381.5,1736.3064845378512
16,381.6,1753.6247219355719
16,381.70000000000005,1802.9904357113141
16,381.8,1779.0095440276527
16,381.90000000000003,1730.5592929501615
16,382.0,1742.7954171839372
16,382.1,1747.2826223143043
16,382.20000000000005,1726.0060462362094
16,382.3,1753.1587702679838
16,382.40000000000003,1751.7750162483032
16,382.5,1716.1528679403991
16,382.6,1774.6270888628621
16,382.70000000000005,1811.0525946709097
16,382.8,1756.8118486630656
16,382.90000000000003,1728.1985744614235
16,383.0,1759.37201128538
16,383.1,1841.0913489441932
16,383.20000000000005,1811.3708665570077
16,383.3,1775.8629724556665
16,383.40000000000003,1736.278819242195
16,383.5,1743.5995593122198
16,383.6,1788.9097838329833
16,383.70000000000005,1814.3088313826102
16,383.8,1764.8908113001173
16,383.90000000000003,1557.170971422486
16,384.0,1634.3504223451228
16,384.1,1734.6032383683864
16,384.20000000000005,1760.008541166536
16,384.3,1794.4547578319834
16,384.40000000000003,1743.1709409288135
16,384.5,1751.138737230765
16,384.6,1718.699025035425
16,384.70000000000005,1711.6069413989667
16,384.8,1733.8365956121427
16,384.90000000000003,1720.570931572893
16,385.0,1706.8275742151943
16,385.1,1695.1065673477524
16,385.20000000000005,1739.8430048037533
16,385.3,1751.1181776014953
16,385.40000000000003,2086.3602506723932
16,385.5,1967.7755695409844
16,385.6,1751.3048464060162
16,385.70000000000005,2189.315107740917
16,385.8,2008.158063418192
16,385.90000000000003,1748.6371203386486
16,386.0,1717.7028415435316
16,386.1,1705.3357158998922
16,386.20000000000005,1728.42324902029
16,386.3,1743.5473203506638
16,386.40000000000003,1748.7024261339525
16,386.5,1695.8662075280167
16,386.6,1724.8706529324943
16,386.70000000000005,1758.777331244011
16,386.8,1773.2807899536792
16,386.90000000000003,1751.0724946882383
16,387.0,1798.7570726788795
16,387.1,1776.0790073664168
16,387.20000000000005,1725.0503119436603
16,387.3,1785.344930604535
16,387.40000000000003,1787.25910859126
16,387.5,1791.2518633503075
16,387.6,1796.082586487216
16,387.70000000000005,1757.7325826697163
16,387.8,1720.6015084289832
16,387.90000000000003,1692.29832825841
16,388.0,1696.3527932616237
16,388.1,1727.9540387492725
16,388.20000000000005,1731.0533527056282
16,388.3,1781.1229662956632
16,388.40000000000003,1772.9395769618573
16,388.5,1729.7288815493496
16,388.6,1750.3667794978464
16,388.70000000000005,1725.5176538805997
16,388.8,1732.092789128581
16,388.90000000000003,1727.6986159826
16,389.0,1701.8760830249553
16,389.1,1908.686207956387
16,389.20000000000005,1908.1437288929085
16,389.3,1768.669144618989
16,389.40000000000003,1736.765644672984
16,389.5,1713.7333290092904
16,389.6,1675.7328352493678
16,389.70000000000005,1724.2048715423482
16,389.8,1831.4798799433
16,389.90000000000003,2098.1354959809096
16,390.0,1914.1834908473088
16,390.1,1714.8868476063435
16,390.20000000000005,1733.9079364421264
16,390.3,2231.245105136838
16,390.40000000000003,2337.659015618276
16,390.5,1928.7158778350197
16,390.6,1745.1446700193703
16,390.70000000000005,1736.3660012162193
16,390.8,1741.6299344143713
16,390.90000000000003,1778.886375409518
16,391.0,1762.6393445324693
16,391.1,1763.008969450219
16,391.20000000000005,1765.0144806204767
16,391.3,1775.1384328589133
16,391.40000000000003,1765.0500368638009
16,391.5,1758.4970079825384
16,391.6,1730.107294698428
16,391.70000000000005,1772.6396546024314
16,391.8,1807.1553429090197
16,391.90000000000003,1791.514904626597
16,392.0,1768.8767780698138
16,392.1,1766.595302239213
16,392.20000000000005,1754.6165693418345
16,392.3,1773.0410085498252
16,392.40000000000003,1763.2487634467975
16,392.5,1767.1710132127937
16,392.6,1769.8582188095968
16,392.70000000000005,1755.1351095651432
16,392.8,1772.7237867597619
16,392.90000000000003,1757.8173916641676
16,393.0,1751.603815882971
16,393.1,1916.7249670312988
16,393.20000000000005,1860.0448138271588
16,393.3,1756.70517655099
16,393.40000000000003,1800.1748380929896
16,393.5,1802.8190075964087
16,393.6,1759.3713921690185
16,393.70000000000005,1708.946699219344
16,393.8,1726.8604552675863
16,393.90000000000003,1778.541597135389
16,394.0,1730.9743843578508
16,394.1,1726.1283535153866
16,394.20000000000005,1740.3958913138988
16,394.3,1750.3388171905306
16,394.40000000000003,1732.5473012755344
16,394.5,1763.536999799837
16,394.6,1778.9944308864965
16,394.70000000000005,1802.7379574244103
16,394.8,1833.4304394294377
16,394.90000000000003,1771.475693174627
16,395.0,1724.6619757562182
16,395.1,1752.450729647177
16,395.20000000000005,1755.0760854157984
16,395.3,1806.402571192269
16,395.40000000000003,1857.4667750260944
16,395.5,1772.3315243882098
16,395.6,1750.1419929778324
16,395.70000000000005,1781.0291506405183
16,395.8,1811.4465305286747
16,395.90000000000003,1806.135174380795
16,396.0,1796.3522514684541
16,396.1,1760.3746551347315
16,396.20000000000005,1720.3775794766157
16,396.3,1746.2583190443688
16,396.40000000000003,1710.5700304432532
16,396.5,1707.4589713480977
16,396.6,2250.5506437577396
16,396.70000000000005,2827.6655841694833
16,396.8,2521.9379567119468
16,396.90000000000003,1922.3007904659132
16,397.0,1726.0604856310883
16,397.1,1672.7228056017095
16,397.20000000000005,1703.203514677373
16,397.3,1736.7369964152747
16,397.40000000000003,1717.2986377605291
16,397.5,1688.0199454149463
16,397.6,1703.6642652547848
16,397.70000000000005,1742.3686480178517
16,397.8,1740.926087056601
16,397.90000000000003,1729.5469554216875
16,398.0,1747.910490184865
16,398.1,1786.2295580797831
16,398.20000000000005,1769.5649686045574
16,398.3,1761.0994983017686
16,398.40000000000003,1722.964101868867
16,398.5,1684.7978857357998
16,398.6,1749.057878511201
16,398.70000000000005,1788.491545458697
16,398.8,1763.7386048944581
16,398.90000000000003,1742.1062927872342
16,399.0,1763.2620024614987
16,399.1,1773.9179533784445
16,399.20000000000005,1757.5836936333399
16,399.3,1756.6582396222784
16,399.40000000000003,1744.2585412018027
16,399.5,1724.2918501877657
16,399.6,1737.2825278823914
16,399.70000000000005,1746.8519244566507
16,399.8,1898.3414936704476
16,399.90000000000003,1886.356724351558
16,400.0,1762.6086451356555
16,400.1,1739.4651451675802
16,400.20000000000005,1717.3068225392424
16,400.3,1701.1005734778628
16,400.40000000000003,1732.4598366655932
16,400.5,1764.0948031325509
16,400.6,1766.6872862812104
16,400.70000000000005,1749.7480081223132
16,400.8,1764.6794588185735
16,400.90000000000003,1798.184374778039
16,401.0,1764.8280216891928
16,401.1,1736.2432629598143
16,401.20000000000005,1753.089106973341
16,401.3,1718.2710404121228
16,401.40000000000003,1684.3982735429195
16,401.5,1737.2066546652877
16,401.6,1763.097718242422
16,401.70000000000005,1776.1722326235945
16,401.8,1759.2614758096718
16,401.90000000000003,1739.665363899746
16,402.0,1789.9963030810657
16,402.1,1795.8516598553947
16,402.20000000000005,1763.538720185
16,402.3,1770.42059309438
16,402.40000000000003,1751.785001156639
16,402.5,1775.7003018091007
16,402.6,1795.919811950617
16,402.70000000000005,1732.4592153405877
16,402.8,1698.8745272439603
16,402.90000000000003,1747.1124167307948
16,403.0,1779.6499920268218
16,403.1,1786.2514905000585
16,403.20000000000005,1783.9306787383905
16,403.3,1734.9759151869605
16,403.40000000000003,1772.439162381171
16,403.5,1813.5313547078097
16,403.6,1744.7368951534474
16,403.70000000000005,1731.5643071127586
16,403.8,1727.4174853462262
16,403.90000000000003,1710.3287244642136
16,404.0,1696.5696479267592
16,404.1,1894.490506711273
16,404.20000000000005,1929.9469848141591
16,404.3,1826.1980929163997
16,404.40000000000003,1837.957815594113
16,404.5,1786.6847097493671
16,404.6,1724.136025417349
16,404.70000000000005,1694.3025615379117
16,404.8,1728.9343280321284
16,404.90000000000003,1769.813968587931
16,405.0,1735.8255095109766
16,405.1,1754.5927943570064
16,405.20000000000005,1763.7471242485894
16,405.3,1690.2995466991613
16,405.40000000000003,1719.2443706591573
16,405.5,1763.8643608677314
16,405.6,1759.8033335157018
16,405.70000000000005,1776.8905232911682
16,405.8,1745.024615235694
16,405.90000000000003,1673.1143208626504
16,406.0,1697.0069867940085
16,406.1,1768.486725312704
16,406.20000000000005,1793.5793192726483
16,406.3,1736.6954667657815
16,406.40000000000003,1704.5931031604546
16,406.5,1710.9929693320244
16,406.6,1726.5979392276706
16,406.70000000000005,1852.8815196217772
16,406.8,1827.927589938592
16,406.90000000000003,1762.2313344336258
16,407.0,1779.2096093597352
16,407.1,1730.40411271299
16,407.20000000000005,1729.5840854619235
16,407.3,1723.364226200977
16,407.40000000000003,2005.6337387483775
16,407.5,2327.2471142959266
16,407.6,2021.9727103192745
16,407.70000000000005,1777.294156214277
16,407.8,1801.5332116721847
16,407.90000000000003,1758.1658540279072
16,408.0,1784.6488080008007
16,408.1,1783.962016721698
16,408.20000000000005,1930.3516898528924
16,408.3,1911.2893685828176
16,408.40000000000003,1735.3920543399663
16,408.5,1746.2331715087048
16,408.6,1775.0386417043467
16,408.70000000000005,1756.3398960112477
16,408.8,1777.4252623962395
16,408.90000000000003,1795.9411567047166
16,409.0,1748.9530695857927
16,409.1,1747.9582761702347
16,409.20000000000005,1720.9623662420875
16,409.3,1688.341695877347
16,409.40000000000003,1713.5399353898028
16,409.5,1711.0420147805905
16,409.6,1723.353822823938
16,409.70000000000005,1808.6995096584117
16,409.8,1786.7612716126134
16,409.90000000000003,1699.0866303481882
16,410.0,1753.6347686319455
16,410.1,1823.860990059711
16,410.20000000000005,1777.879341511489
16,410.3,1738.128327184216
16,410.40000000000003,1727.3776349248865
16,410.5,1719.8064124645557
16,410.6,1692.1097331633446
16,410.70000000000005,1692.954079888704
16,410.8,1781.5070172407593
16,410.90000000000003,1798.5022632302064
16,411.0,1777.456205547348
16,411.1,1749.3104660528109
16,411.20000000000005,1765.2231201152986
16,411.3,1766.7504711425393
16,411.40000000000003,1720.6319758549453
16,411.5,1755.8694795777585
16,411.6,1751.7131871034546
16,411.70000000000005,1791.5770983639575
16,411.8,1769.303135786365
16,411.90000000000003,1712.7740763942436
16,412.0,1749.5479700478948
16,412.1,1773.2821506831635
16,412.20000000000005,1791.8188756165573
16,412.3,1764.2144791952635
16,412.40000000000003,1868.5636265524497
16,412.5,1878.3388573641193
16,412.6,1754.0300125355132
16,412.70000000000005,1779.0723550901012
16,412.8,1756.1335380266726
16,412.90000000000003,1714.9795573875724
16,413.0,1727.555657031883
16,413.1,1771.6997854514254
16,413.20000000000005,1761.5629179184587
16,413.3,1753.3065980488789
16,413.40000000000003,1789.8087142304394
16,413.5,1762.9468550749157
16,413.6,1835.3899021851053
16,413.70000000000005,1884.4183356691601
16,413.8,1773.6515714481725
16,413.90000000000003,1740.123654609788
16,414.0,1731.9501859265947
16,414.1,1768.0271183201742
16,414.20000000000005,1792.2675150830148
32,0.0,2700.782
32,0.1,2021.7706175693354
32,0.2,1485.6418923508022
32,0.30000000000000004,1574.9447780834194
32,0.4,1671.135072901178
32,0.5,1683.930216802013
32,0.6000000000000001,1614.4835300453217
32,0.7000000000000001,1648.0677373466358
32,0.8,1621.6270218689758
32,0.9,1676.8264105413155
32,1.0,1709.6615054663039
32,1.1,1710.816775718078
32,1.2000000000000002,1651.244730978297
32,1.3,1665.0372305454614
32,1.4000000000000001,1687.6138921062477
32,1.5,1683.5445150491234
32,1.6,1681.6672802051166
32,1.7000000000000002,1677.6964136230522
32,1.8,1679.341631265012
32,1.9000000000000001,1678.009011795599
32,2.0,1701.61910158389
32,2.1,1703.0284686661837
32,2.2,1752.7735350802782
32,2.3000000000000003,1732.4565981956907
32,2.4000000000000004,1701.7789697001178
32,2.5,1704.0308227382989
32,2.6,1703.73639267121
32,2.7,1698.6557874432879
32,2.8000000000000003,1699.099899796503
32,2.9000000000000004,1705.726947966364
32,3.0,1705.931668173435
32,3.1,1694.836690018634
32,3.2,1686.3581642716724
32,3.3000000000000003,1700.9613441580507
32,3.4000000000000004,1699.49187181
32,3.5,1696.2732270261
32,3.6,1583.409125118603
32,3.7,1653.6733271843461
32,3.8000000000000003,1710.2388694955966
32,3.9000000000000004,1688.7048786581647
32,4.0,1701.1515158424736
32,4.1000000000000005,1686.3177363389193
32,4.2,1675.913962369896
32,4.3,1675.6749759138347
32,4.4,1691.6848410107086
32,4.5,1712.4780407324888
32,4.6000000000000005,1706.9734662947826
32,4.7,1712.3524879919937
32,4.800000000000001,1709.6798166817182
32,4.9,1787.1940490915638
32,5.0,1746.8845665981994
32,5.1000000000000005,1699.5248768235463
32,5.2,1697.6684863327353
32,5.300000000000001,1694.941860374301
32,5.4,1695.6650139321644
32,5.5,1699.719865949903
32,5.6000000000000005,1698.8491929238628
32,5.7,1695.2891756605284
32,5.800000000000001,1682.398909966402
32,5.9,1698.1611480649951
32,6.0,1849.095256811981
32,6.1000000000000005,1805.2824012104911
32,6.2,1705.3271943221782
32,6.300000000000001,1679.4519592712263
32,6.4,1689.1896132935553
32,6.5,1833.892585792782
32,6.6000000000000005,1803.7328006662433
32,6.7,1706.74665107979
32,6.800000000000001,1684.3387673940706
32,6.9,1691.4992660546832
32,7.0,1702.5738472765138
32,7.1000000000000005,1710.6988643302386
32,7.2,1964.5883463507394
32,7.300000000000001,2059.5587873194695
32,7.4,1818.8599387412062
32,7.5,1836.1047233462562
32,7.6000000000000005,1899.897501904848
32,7.7,1796.1581908279877
32,7.800000000000001,1721.932023782529
32,7.9,1711.7914406869238
32,8.0,1709.3961467510187
32,8.1,1699.7857038666186
32,8.200000000000001,1786.5127463532162
32,8.3,1766.869519232528
32,8.4,1747.8189209949794
32,8.5,2245.15544338937
32,8.6,2002.1772236364184
32,8.700000000000001,1730.213201109883
32,8.8,1741.886425986008
32,8.9,2252.257644708346
32,9.0,2461.627175354908
32,9.1,1970.2656491160874
32,9.200000000000001,2149.5139846867655
32,9.3,1980.2645672622036
32,9.4,1721.3370435813852
32,9.5,1711.1523943493833
32,9.600000000000001,1788.7281597213998
32,9.700000000000001,1811.9459200053373
32,9.8,1732.0015281517763
32,9.9,2229.7001840195235
32,10.0,2023.4635205530049
32,10.100000000000001,1735.2775649173307
32,10.200000000000001,2168.692310037393
32,10.3,2704.7149441682063
32,10.4,2811.901892166557
32,10.5,2682.308717765975
32,10.600000000000001,2678.0213489756934
32,10.700000000000001,2734.3984089944083
32,10.8,2681.927115615952
32,10.9,2671.7120589103474
32,11.0,2267.822048521573
32,11.100000000000001,2158.165412865442
32,11.200000000000001,1911.1050065422153
32,11.3,1709.1863690570426
32,11.4,1722.3188515654933
32,11.5,1822.235554728994
32,11.600000000000001,1800.49453267344
32,11.700000000000001,1730.50812035771
32,11.8,1710.2154404062258
32,11.9,1741.9504921852179
32,12.0,1734.7055340180145
32,12.100000000000001,1727.7216648944639
32,12.200000000000001,1719.4266976171411
32,12.3,1722.8927787135485
32,12.4,1731.1267779834438
32,12.5,1764.3147449018982
32,12.600000000000001,1744.9928497061996
32,12.700000000000001,1709.096401691349
32,12.8,1698.7666312557187
32,12.9,1706.6882775543759
32,13.0,1699.655483077341
32,13.100000000000001,1702.4801578134943
32,13.200000000000001,1712.956746982348
32,13.3,1715.501222801098
32,13.4,1726.7616307959172
32,13.5,1859.5849438744144
32,13.600000000000001,1816.1271310229106
32,13.700000000000001,1715.7124000600472
32,13.8,1691.0156834556133
32,13.9,2059.6293829954056
32,14.0,1950.7318909882024
32,14.100000000000001,1697.4480509414711
32,14.200000000000001,1947.3558139582476
32,14.3,2219.6063259704774
32,14.4,1930.7199373260491
32,14.5,1711.2667806001482
32,14.600000000000001,1712.6667650036577
32,14.700000000000001,1687.6828189131352
32,14.8,1671.7043910557018
32,14.9,1673.973376162892
32,15.0,1681.4609782921834
32,15.100000000000001,1690.369506105234
32,15.200000000000001,1682.5082883907123
32,15.3,1686.046006830719
32,15.4,1695.6268998687042
32,15.5,1705.0340033931907
32,15.600000000000001,1692.4601178420878
32,15.700000000000001,1686.263080558448
32,15.8,1712.1696610208267
32,15.9,1713.147052392265
32,16.0,1713.9005586948545
32,16.1,1716.4633814753918
32,16.2,1706.1156011070789
32,16.3,1703.4425471043503
32,16.400000000000002,1708.2809511712971
32,16.5,1774.430930082161
32,16.6,1836.0848328662935
32,16.7,1774.1809944655733
32,16.8,1709.0468213103816
32,16.900000000000002,1807.3484516053281
32,17.0,2098.2874691229176
32,17.1,2262.222538260791
32,17.2,1956.4730502798711
32,17.3,1718.1652779583715
32,17.400000000000002,1707.064884178496
32,17.5,1718.7609090839771
32,17.6,1723.3817729383507
32,17.7,1736.3895129777939
32,17.8,1733.9352781637513
32,17.900000000000002,1725.210518739277
32,18.0,1716.7470989219946
32,18.1,1953.9169082683463
32,18.2,1885.124290359755
32,18.3,1717.9326338269811
32,18.400000000000002,1716.267306715881
32,18.5,1722.8326305121743
32,18.6,1755.380304504795
32,18.7,1800.4157222180122
32,18.8,1854.2364493743794
32,18.900000000000002,1796.5323689546105
32,19.0,1736.8481803566192
32,19.1,1739.323204166617
32,19.200000000000003,1739.1192365226382
32,19.3,1738.7536137940237
32,19.400000000000002,1739.3185600915026
32,19.5,1737.2114215835086
32,19.6,2046.874604791006
32,19.700000000000003,2336.8303079191955
32,19.8,1985.570361223843
32,19.900000000000002,1899.841645917546
32,20.0,1951.0486840028404
32,20.1,1788.3623116245356
32,20.200000000000003,1732.690708699859
32,20.3,1749.2597497853035
32,20.400000000000002,1733.449361693731
32,20.5,2106.1841779451606
32,20.6,2340.7637383675446
32,20.700000000000003,2003.4824995405722
32,20.8,2215.170860932334
32,20.900000000000002,2076.7978629830504
32,21.0,1719.5209195116083
32,21.1,1695.9390389553446
32,21.200000000000003,1701.8353631093605
32,21.3,1727.4132930404014
32,21.400000000000002,1733.1429244706453
32,21.5,1845.3967396463804
32,21.6,2047.486114092363
32,21.700000000000003,2014.3283978310951
32,21.8,1801.7182825339546
32,21.900000000000002,1827.667930125034
32,22.0,2273.2263325438093
32,22.1,2312.1195295157927
32,22.200000000000003,1898.0352030267243
32,22.3,1708.4278059524377
32,22.400000000000002,1718.9117816159833
32,22.5,1744.301436056722
32,22.6,1738.1039327131484
32,22.700000000000003,1725.4002397992688
32,22.8,1728.3730056783927
32,22.900000000000002,1727.282746855073
32,23.0,2021.5593112504826
32,23.1,2062.543634561371
32,23.200000000000003,1804.187619816895
32,23.3,1710.974617239629
32,23.400000000000002,1713.2688452283487
32,23.5,1725.0544441097836
32,23.6,1726.2945018777193
32,23.700000000000003,1901.6735730087637
32,23.8,2147.8115642349435
32,23.900000000000002,1949.0207373974351
32,24.0,1724.3078412973389
32,24.1,1749.0059358254982
32,24.200000000000003,1745.2235969713638
32,24.3,1719.709969212366
32,24.400000000000002,1701.2542322218749
32,24.5,1707.4913908468325
32,24.6,1736.3022623863665
32,24.700000000000003,1754.821220384218
32,24.8,1728.975948766742
32,24.900000000000002,1731.6913501279623
32,25.0,1738.3990501117567
32,25.1,1716.9506781687037
32,25.200000000000003,1723.430266499866
32,25.3,1726.2961385886736
32,25.400000000000002,1725.7174318882162
32,25.5,1738.0578859838918
32,25.6,1733.9252444260694
32,25.700000000000003,1746.2458854704164
32,25.8,1890.4823394173366
32,25.900000000000002,1835.9618735369677
32,26.0,1815.7072599682124
32,26.1,1820.479024268157
32,26.200000000000003,1735.5150076147536
32,26.3,1724.7597512939046
32,26.400000000000002,1741.6703446663719
32,26.5,1766.4165079469474
32,26.6,1749.6138520921893
32,26.700000000000003,1733.3310658574424
32,26.8,1723.469209226084
32,26.900000000000002,1723.9906666490335
32,27.0,1744.3609755514622
32,27.1,1751.0651522528897
32,27.200000000000003,1745.7344741567517
32,27.3,1731.0765771382137
32,27.400000000000002,1717.24042063194
32,27.5,1733.2731708668925
32,27.6,1919.7337773694653
32,27.700000000000003,1889.8505272565142
32,27.8,1720.1435475617106
32,27.900000000000002,1711.2660044569413
32,28.0,1716.7353278758058
32,28.1,1795.4286357526692
32,28.200000000000003,1799.0633045150587
32,28.3,1740.3929554411775
32,28.400000000000002,1734.2726766164908
32,28.5,1721.90351912748
32,28.6,1718.0219307245425
32,28.700000000000003,1711.5857075697888
32,28.8,1705.2288498800217
32,28.900000000000002,1726.25804224593
32,29.0,2092.142587696201
32,29.1,2310.1913055957575
32,29.200000000000003,1968.9710033250667
32,29.3,1830.4360693432982
32,29.400000000000002,1856.598968014905
32,29.5,1882.9770451128177
32,29.6,1842.7006240137223
32,29.700000000000003,1743.9525536601059
32,29.8,1734.563916759956
32,29.900000000000002,1729.2461037878284
32,30.0,1742.9528843587666
32,30.1,1754.393327025082
32,30.200000000000003,1743.7719665531638
32,30.3,1758.4785828881343
32,30.400000000000002,1765.2499737005137
32,30.5,1740.4891727426316
32,30.6,1740.5183592585445
32,30.700000000000003,1813.464393629132
32,30.8,1830.6064894259382
32,30.900000000000002,1760.4586387304753
32,31.0,1736.3232249002203
32,31.1,1723.381140472962
32,31.200000000000003,1714.8535935836678
32,31.3,1746.721036731329
32,31.400000000000002,1740.5680413450618
32,31.5,1743.1998049699387
32,31.6,1788.6170614763614
32,31.700000000000003,1776.0740011030236
32,31.8,1723.538760384736
32,31.900000000000002,1719.3554549846792
32,32.0,1771.132770416333
32,32.1,1901.921020653539
32,32.2,1955.9960146030044
32,32.300000000000004,1822.2679752958788
32,32.4,2008.6151937845882
32,32.5,2068.14431711734
32,32.6,1817.5908863068034
32,32.7,1745.9151767292228
32,32.800000000000004,1719.8998649586333
32,32.9,1716.2832986803792
32,33.0,1716.8507876474373
32,33.1,1719.656899854419
32,33.2,1732.270268562116
32,33.300000000000004,1737.067091203081
32,33.4,1734.2570086825983
32,33.5,1748.678435669846
32,33.6,1736.1350638848044
32,33.7,1740.370984777969
32,33.800000000000004,1746.646134144445
32,33.9,1727.2618258575826
32,34.0,1991.4933317654122
32,34.1,1988.6260420735032
32,34.2,1709.491392186699
32,34.300000000000004,1699.6247493683072
32,34.4,1691.925228403949
32,34.5,1692.7458576595898
32,34.6,1719.0392698293183
32,34.7,1731.0444608802775
32,34.800000000000004,1748.1736083534506
32,34.9,1748.0347691753411
32,35.0,1717.127732798616
32,35.1,1711.9006820661293
32,35.2,1726.5623973702777
32,35.300000000000004,1726.8991137360952
32,35.4,1725.2281965472373
32,35.5,1733.9189893153125
32,35.6,1725.2889598653214
32,35.7,1794.6074687691416
32,35.800000000000004,1850.0915356564649
32,35.9,1780.474333422612
32,36.0,1728.6660040890051
32,36.1,1720.4678354828102
32,36.2,1726.6443152193187
32,36.300000000000004,1743.172438474883
32,36.4,1732.4795944083844
32,36.5,1771.1253783928687
32,36.6,1781.247716188187
32,36.7,1728.4882030552944
32,36.800000000000004,1733.6017734487593
32,36.9,1728.58789997641
32,37.0,1729.0281955736439
32,37.1,1830.7595453349722
32,37.2,1873.8480192274758
32,37.300000000000004,1756.7080391309687
32,37.4,1706.507470713853
32,37.5,1750.3129731860747
32,37.6,1769.176880735348
32,37.7,1739.7976211515313
32,37.800000000000004,1735.3122177604419
32,37.9,1771.848113807786
32,38.0,1757.9524173370378
32,38.1,1754.5275778522832
32,38.2,1760.8233905109325
32,38.300000000000004,1732.2065372772934
32,38.400000000000006,1732.5989656186978
32,38.5,1715.129003041708
32,38.6,1725.7190670769937
32,38.7,2157.1544458615163
32,38.800000000000004,2247.540528584261
32,38.900000000000006,1784.344052932468
32,39.0,1758.7485933432777
32,39.1,1757.0117503032147
32,39.2,1716.2605230381362
32,39.300000000000004,1698.6810210421227
32,39.400000000000006,1695.0140868812011
32,39.5,1679.574908460974
32,39.6,2032.0047454786447
32,39.7,2207.1236548299103
32,39.800000000000004,1855.7271102896025
32,39.900000000000006,1733.4108403587597
32,40.0,1718.7527902321858
32,40.1,1734.6562736831827
32,40.2,1724.6841583436178
32,40.300000000000004,1694.943538124309
32,40.400000000000006,1752.6646097158284
32,40.5,2028.6346454921893
32,40.6,2021.2270393295512
32,40.7,1720.800315357597
32,40.800000000000004,1709.1111830180855
32,40.900000000000006,1707.8853683514233
32,41.0,1709.609712941782
32,41.1,1715.6389241053698
32,41.2,1730.0082188760846
32,41.300000000000004,1731.201366420915
32,41.400000000000006,1725.279499849881
32,41.5,1730.52978772217
32,41.6,1725.9849298129227
32,41.7,1721.082794160118
32,41.800000000000004,1745.052952707995
32,41.900000000000006,1743.8692826986191
32,42.0,1709.6791340429486
32,42.1,1711.089452985075
32,42.2,1713.1596878768162
32,42.300000000000004,1708.8677244999412
32,42.400000000000006,1710.9616726632125
32,42.5,1707.4978024066243
32,42.6,1717.2866775946704
32,42.7,1706.7093997026184
32,42.800000000000004,1691.100702112633
32,42.900000000000006,1695.0514144370231
32,43.0,1690.6809150958006
32,43.1,1691.2273425808864
32,43.2,1696.8538779504238
32,43.300000000000004,1711.7945297608367
32,43.400000000000006,1744.6875885280492
32,43.5,1766.393934953073
32,43.6,1748.874236809485
32,43.7,1713.9731069848565
32,43.800000000000004,1743.5030737500308
32,43.900000000000006,1797.596706485634
32,44.0,1770.6606778359728
32,44.1,1730.2642510941703
32,44.2,1737.5625433617615
32,44.300000000000004,1760.7904912889635
32,44.400000000000006,1737.3835207301017
32,44.5,1859.314800795873
32,44.6,2323.7777769714207
32,44.7,2544.842784410379
32,44.800000000000004,2106.2431099780956
32,44.900000000000006,1717.679685722524
32,45.0,1720.501799029723
32,45.1,1724.6127919158946
32,45.2,1735.319467800116
32,45.300000000000004,1794.0378909940123
32,45.400000000000006,1848.0405058646897
32,45.5,1781.5056198119455
32,45.6,1738.906857969095
32,45.7,1752.22382028723
32,45.800000000000004,1822.3400349299402
32,45.900000000000006,2225.3676320560867
32,46.0,2522.7555540744697
32,46.1,2109.86215537789
32,46.2,1732.7910105903275
32,46.300000000000004,1884.903958129751
32,46.400000000000006,1951.576157680113
32,46.5,1779.1753203562853
32,46.6,1823.5858505693855
32,46.7,2140.6162905964716
32,46.800000000000004,2140.2428751505104
32,46.900000000000006,1759.8531518294615
32,47.0,1756.4728613002476
32,47.1,1750.0804004199267
32,47.2,1742.5815480590654
32,47.300000000000004,1871.5311769348962
32,47.400000000000006,1905.6309139616258
32,47.5,1729.522694013811
32,47.6,1751.3359493936798
32,47.7,1763.3353674372847
32,47.800000000000004,1832.4655105998615
32,47.900000000000006,1821.5768690757284
32,48.0,1799.7283929058208
32,48.1,1827.3149654865088
32,48.2,1741.640221149199
32,48.300000000000004,1718.5030515282558
32,48.400000000000006,1703.6333146790967
32,48.5,1713.3891593186897
32,48.6,1708.4809781617846
32,48.7,1700.6082942984049
32,48.800000000000004,1703.5081369803863
32,48.900000000000006,1696.7116338768672
32,49.0,1702.9561064139561
32,49.1,1700.6677766638545
32,49.2,1692.2954306834897
32,49.300000000000004,1846.8687012076355
32,49.400000000000006,1905.2800924812166
32,49.5,1710.7763942649085
32,49.6,1719.6780368002828
32,49.7,1772.4106072596023
32,49.800000000000004,1791.243924229315
32,49.900000000000006,1734.6280382525963
32,50.0,1707.735311371267
32,50.1,1693.121947208117
32,50.2,1724.2166083865716
32,50.300000000000004,1765.571821942641
32,50.400000000000006,1784.829647673516
32,50.5,2020.2535572961096
32,50.6,2076.3143422454177
32,50.7,1735.8284245950642
32,50.800000000000004,1728.9977533371218
32,50.900000000000006,1746.3536065609817
32,51.0,1759.8218515475512
32,51.1,1737.5691665552285
32,51.2,1744.6817687951848
32,51.300000000000004,1743.2903868351507
32,51.400000000000006,1743.5585510335682
32,51.5,1741.5521459936806
32,51.6,1729.6971006938852
32,51.7,1744.148344226412
32,51.800000000000004,1785.8120933837258
32,51.900000000000006,1807.23901302203
32,52.0,1761.3420779271842
32,52.1,1732.9818502043317
32,52.2,1728.0179454464862
32,52.300000000000004,1712.0276719132826
32,52.400000000000006,1779.074011351975
32,52.5,1819.0034920280134
32,52.6,1740.9681549878
32,52.7,1774.893760264403
32,52.800000000000004,2023.515413625308
32,52.900000000000006,2220.0981245774933
32,53.0,1899.8641791433145
32,53.1,1811.2863152105394
32,53.2,1893.953118751222
32,53.300000000000004,2066.0469992951716
32,53.400000000000006,2466.390930433481
32,53.5,2747.0216375160844
32,53.6,2796.561037780108
32,53.7,2821.277669871181
32,53.800000000000004,2826.6052234808017
32,53.900000000000006,2555.4387684742883
32,54.0,1983.5690039698895
32,54.1,1752.3308816334209
32,54.2,1718.695553652887
32,54.300000000000004,1796.3580045822582
32,54.400000000000006,1869.2667633754045
32,54.5,1744.8220965984367
32,54.6,1722.1610014871558
32,54.7,1725.359057737895
32,54.800000000000004,1749.8113546580562
32,54.900000000000006,1742.4063427636654
32,55.0,1740.6687124653317
32,55.1,1733.9867535275064
32,55.2,1715.0760938238243
32,55.300000000000004,1714.006112599992
32,55.400000000000006,1712.7884999816513
32,55.5,1702.5920117238322
32,55.6,1706.883225731722
32,55.7,1726.3340096053719
32,55.800000000000004,1730.2087563717216
32,55.900000000000006,1737.134335134156
32,56.0,1717.8628725900192
32,56.1,1705.881552354423
32,56.2,1724.6614980987217
32,56.300000000000004,1819.024836192556
32,56.400000000000006,1878.5143907448748
32,56.5,1730.1892146722487
32,56.6,1729.5704091740713
32,56.7,1744.425103594799
32,56.800000000000004,1754.5164200598551
32,56.900000000000006,1729.5806222637386
32,57.0,1728.5725138694622
32,57.1,1709.767214424058
32,57.2,1732.7066127130586
32,57.300000000000004,1740.0531806704955
32,57.400000000000006,1720.4074552138757
32,57.5,1720.150195801363
32,57.6,1807.2312425699054
32,57.7,1932.5964537478876
32,57.800000000000004,1848.5868133874328
32,57.900000000000006,1723.479553882885
32,58.0,1707.852519550397
32,58.1,1711.797085018074
32,58.2,1722.8604866765006
32,58.300000000000004,1740.7223635505804
32,58.400000000000006,1801.9766294336957
32,58.5,1840.9197683934615
32,58.6,1736.9298331663729
32,58.7,1731.8220900265685
32,58.800000000000004,1728.0095969470674
32,58.900000000000006,1736.49968433712
32,59.0,1763.608462958109
32,59.1,1793.2078644205515
32,59.2,1758.2466536379268
32,59.300000000000004,1764.2965375689876
32,59.400000000000006,1789.4017483349617
32,59.5,1748.9161360148692
32,59.6,1785.2722209689307
32,59.7,1805.5050820625336
32,59.800000000000004,1752.4328375860537
32,59.900000000000006,1760.0521781184214
32,60.0,1718.4926567395355
32,60.1,1713.4368453749353
32,60.2,1708.425359216698
32,60.300000000000004,1699.1119463607993
32,60.400000000000006,1704.2355204503663
32,60.5,1728.650728972163
32,60.6,1757.4460649089037
32,60.7,1766.1222017433095
32,60.800000000000004,1764.9669300424218
32,60.900000000000006,1891.7263509692432
32,61.0,1909.8849024962708
32,61.1,1834.0817013625306
32,61.2,1772.1257739079865
32,61.300000000000004,1738.291272677102
32,61.400000000000006,1733.5955949730737
32,61.5,1732.4853446552781
32,61.6,1735.0983087268987
32,61.7,1745.9636603377483
32,61.800000000000004,1772.591660189492
32,61.900000000000006,1815.5645198451086
32,62.0,1774.4866216612934
32,62.1,1790.1655296281028
32,62.2,1789.4142519466523
32,62.300000000000004,1829.5284793437975
32,62.400000000000006,1868.4723935833342
32,62.5,1728.3041880309902
32,62.6,1726.0993039974073
32,62.7,1716.0414328192685
32,62.800000000000004,1707.1388205335693
32,62.900000000000006,1704.3697642435561
32,63.0,1713.7488995022172
32,63.1,1713.1938370301532
32,63.2,1717.8022106543137
32,63.300000000000004,1734.2729677027532
32,63.400000000000006,1754.5558289541761
32,63.5,1787.3362307347725
32,63.6,1907.0286868809337
32,63.7,1868.3406133072758
32,63.800000000000004,1755.9154602065476
32,63.900000000000006,1759.0534680430055
32,64.0,1761.9161100057427
32,64.10000000000001,1798.5950059216327
32,64.2,1805.2949766954164
32,64.3,1720.8042676219836
32,64.4,1730.2073413849562
32,64.5,1745.3360488821957
32,64.60000000000001,1732.2061426476496
32,64.7,1699.0176881943655
32,64.8,1716.748219523667
32,64.9,1738.2682872101852
32,65.0,1747.490534432636
32,65.10000000000001,1721.8981264868546
32,65.2,1716.7513653869062
32,65.3,1729.5964461964038
32,65.4,1873.431243213842
32,65.5,1972.0852909518035
32,65.60000000000001,1970.556040808128
32,65.7,2486.312872639718
32,65.8,2396.5810332094416
32,65.9,1901.114164984353
32,66.0,1712.2571914531625
32,66.10000000000001,1708.1520880823155
32,66.2,1722.8326964576256
32,66.3,1724.6539358280158
32,66.4,1727.7382851837299
32,66.5,1879.9338998203332
32,66.60000000000001,2137.2774260499386
32,66.7,1957.3704259120268
32,66.8,1757.6797321917911
32,66.9,1744.2292256026797
32,67.0,1734.3730426315212
32,67.10000000000001,1720.308798003625
32,67.2,1709.7532634472507
32,67.3,1725.2167143314646
32,67.4,1855.066732269807
32,67.5,1985.3754991803005
32,67.60000000000001,1734.4927815681117
32,67.7,1742.7042117941978
32,67.8,1753.063927978612
32,67.9,1733.3534945354013
32,68.0,1718.8603786073245
32,68.10000000000001,1740.8663975151567
32,68.2,1744.6285890555034
32,68.3,1713.3613399251788
32,68.4,1691.8993028277325
32,68.5,1739.2298215307778
32,68.60000000000001,1828.1113401530286
32,68.7,1809.77008284611
32,68.8,1776.8153920989312
32,68.9,1840.7649871215613
32,69.0,1717.755000388407
32,69.10000000000001,1717.422830211239
32,69.2,1717.4100074188814
32,69.3,1724.2624292615756
32,69.4,1708.0981669178188
32,69.5,1749.765864207592
32,69.60000000000001,1760.2665182988326
32,69.7,1711.7011496831992
32,69.8,1716.1630172751238
32,69.9,2019.2678139255236
32,70.0,2369.957675486084
32,70.10000000000001,1756.3511389965377
32,70.2,1727.78575532182
32,70.3,1717.4327621429563
32,70.4,1738.3396517904969
32,70.5,1905.0376576942233
32,70.60000000000001,2260.621310259361
32,70.7,2046.949189280061
32,70.8,1763.1356320443792
32,70.9,1731.021933466616
32,71.0,1753.6030976243237
32,71.10000000000001,1834.42905793805
32,71.2,1970.7338528117796
32,71.3,2148.6125915742095
32,71.4,2050.8439571038525
32,71.5,1710.8439559860078
32,71.60000000000001,1729.1181325555633
32,71.7,1736.307402348086
32,71.8,1746.1085070775327
32,71.9,1752.728040739734
32,72.0,1763.7376200623835
32,72.10000000000001,1790.7805357795894
32,72.2,1754.6260244708885
32,72.3,1746.5020765968807
32,72.4,1738.1980962491145
32,72.5,1730.1852162017258
32,72.60000000000001,1732.9721335126849
32,72.7,1732.6989528703068
32,72.8,1736.1737705343828
32,72.9,1807.2047944684352
32,73.0,2214.8770031692397
32,73.10000000000001,2747.832553850744
32,73.2,2804.361699250589
32,73.3,2506.0101038545413
32,73.4,1768.6743629757405
32,73.5,1745.3584212894125
32,73.60000000000001,1751.612173649271
32,73.7,1759.6716822982198
32,73.8,1766.5637641196959
32,73.9,1777.7896375702353
32,74.0,1780.5309559880761
32,74.10000000000001,1771.2968142358745
32,74.2,1745.417604973038
32,74.3,1767.1815719688684
32,74.4,1793.79416754626
32,74.5,1756.5842966713767
32,74.60000000000001,1777.2406408600302
32,74.7,1843.132413614704
32,74.8,2048.5850632353113
32,74.9,2232.481538143939
32,75.0,1865.2156896956815
32,75.10000000000001,2042.0547599108477
32,75.2,1759.759938029652
32,75.3,1746.3176978365975
32,75.4,1740.55724501824
32,75.5,1732.0542422741212
32,75.60000000000001,1738.2667022923326
32,75.7,1742.4710578495494
32,75.8,1741.7922243217795
32,75.9,1750.9438182427298
32,76.0,1709.324103097009
32,76.10000000000001,1719.5692438411027
32,76.2,1740.2772218386312
32,76.3,1736.6054849851907
32,76.4,1856.121700569297
32,76.5,2301.555461461476
32,76.60000000000001,2561.501499294908
32,76.7,2404.071939945504
32,76.80000000000001,1776.8694043916457
32,76.9,1742.1237373246774
32,77.0,1731.7661180323885
32,77.10000000000001,1737.4637316921446
32,77.2,1716.5201225120343
32,77.30000000000001,1737.4600561621303
32,77.4,1736.2576822222761
32,77.5,1742.6123262720446
32,77.60000000000001,1729.9592712376684
32,77.7,1736.4248072372536
32,77.80000000000001,1753.7967624812325
32,77.9,1738.9270826514733
32,78.0,1741.9040126601283
32,78.10000000000001,1747.729643538846
32,78.2,1732.0205450008461
32,78.30000000000001,1737.4865231987792
32,78.4,1730.4403625068805
32,78.5,1725.9320299717392
32,78.60000000000001,1724.0814177214893
32,78.7,1770.2465514753694
32,78.80000000000001,1848.0066969418015
32,78.9,1699.8728605624044
32,79.0,1712.9725959519901
32,79.10000000000001,1726.9577882495928
32,79.2,1734.350697761044
32,79.30000000000001,1720.401643640671
32,79.4,1720.7237098112282
32,79.5,1727.624637975528
32,79.60000000000001,1777.6658512364695
32,79.7,1758.6710161548283
32,79.80000000000001,1808.974457926645
32,79.9,2099.3984193041765
32,80.0,2310.071686186297
32,80.10000000000001,1918.0841291012946
32,80.2,1728.211914463817
32,80.30000000000001,1721.2780633566776
32,80.4,1718.7496808858634
32,80.5,1709.111047114555
32,80.60000000000001,1702.619630904063
32,80.7,1695.6776829835312
32,80.80000000000001,1732.3777580174408
32,80.9,1842.137474501946
32,81.0,2264.8657756406287
32,81.10000000000001,2237.3286192908054
32,81.2,1779.6460938692621
32,81.30000000000001,1718.8043767553015
32,81.4,1718.7110461947602
32,81.5,1750.6625494175034
32,81.60000000000001,1772.4464766441663
32,81.7,1864.3304175307926
32,81.80000000000001,2219.192406319344
32,81.9,1818.1413711066757
32,82.0,1765.2446905922131
32,82.10000000000001,1908.868761417581
32,82.2,2341.2243970404347
32,82.30000000000001,1939.5242593346654
32,82.4,1735.1945181610934
32,82.5,1803.2938030805597
32,82.60000000000001,1747.4448192159844
32,82.7,1724.8101717674133
32,82.80000000000001,1707.9834418125201
32,82.9,1714.9371369751964
32,83.0,1724.289971560141
32,83.10000000000001,1759.8747042566883
32,83.2,1804.2511265516225
32,83.30000000000001,1877.063442961248
32,83.4,1884.4377187316254
32,83.5,1724.2577058417032
32,83.60000000000001,1708.878228646389
32,83.7,1714.8435122514043
32,83.80000000000001,1704.6201484075161
32,83.9,1725.3886850239958
32,84.0,1733.1174343026123
32,84.10000000000001,1774.5777027171964
32,84.2,1834.1534512437456
32,84.30000000000001,1888.0271537871083
32,84.4,1769.7873564898607
32,84.5,1883.7146492733455
32,84.60000000000001,1796.7871079652068
32,84.7,1827.5704250268038
32,84.80000000000001,1732.485461776415
32,84.9,1727.2486036958603
32,85.0,1768.5099026018743
32,85.10000000000001,1783.840021352262
32,85.2,1717.0415635666964
32,85.30000000000001,1708.610477513334
32,85.4,1721.703192623076
32,85.5,1724.33593217843
32,85.60000000000001,1784.1797015248244
32,85.7,1934.568294798237
32,85.80000000000001,1724.6842006419445
32,85.9,1709.0225096325134
32,86.0,1701.5453489919294
32,86.10000000000001,1698.733497355493
32,86.2,1720.7200717593491
32,86.30000000000001,1733.6896998546467
32,86.4,1740.5570294498195
32,86.5,1726.8454852810119
32,86.60000000000001,1730.484365981356
32,86.7,1721.4696310649992
32,86.80000000000001,1710.4993843775417
32,86.9,1725.7361572704756
32,87.0,1716.364284845221
32,87.10000000000001,1732.3329105596638
32,87.2,1730.8632676633385
32,87.30000000000001,1753.0948151466055
32,87.4,1873.3620930048041
32,87.5,1744.4041223952936
32,87.60000000000001,1806.7026880455824
32,87.7,2005.6407612126147
32,87.80000000000001,1949.113683861072
32,87.9,1760.8080195260493
32,88.0,1739.9504722780864
32,88.10000000000001,1726.661266328458
32,88.2,1786.606791598963
32,88.30000000000001,2036.996719312483
32,88.4,1951.1858975225193
32,88.5,1853.2325010603824
32,88.60000000000001,1732.3318942360881
32,88.7,1720.3269749319102
32,88.80000000000001,1724.3893140882763
32,88.9,1725.0633064995468
32,89.0,1724.5659381476955
32,89.10000000000001,1748.1814852356702
32,89.2,1768.7738547248612
32,89.30000000000001,1737.2573134916693
32,89.4,1745.3849883748749
32,89.5,1749.75419227809
32,89.60000000000001,1774.4120765044408
32,89.7,1769.7127042081686
32,89.80000000000001,1768.2128842796515
32,89.9,1750.2293021635314
32,90.0,1787.2828861820776
32,90.10000000000001,1803.8332316442063
32,90.2,1744.5202284228058
32,90.30000000000001,1737.1448630262605
32,90.4,1751.1687691237248
32,90.5,1762.19537656823
32,90.60000000000001,1717.5868164781034
32,90.7,1738.5512448191394
32,90.80000000000001,1747.5818471354187
32,90.9,1794.5107545641715
32,91.0,1790.5032912901752
32,91.10000000000001,1781.4161619596987
32,91.2,1916.5999225542603
32,91.30000000000001,1782.1306481747035
32,91.4,1718.2136717908033
32,91.5,1733.2382976078425
32,91.60000000000001,1739.8144036887072
32,91.7,1724.0358540818763
32,91.80000000000001,1739.4174017271116
32,91.9,1737.2836198441132
32,92.0,1747.9969123335852
32,92.10000000000001,1737.4738927984922
32,92.2,1749.998028706774
32,92.30000000000001,1719.0288616869316
32,92.4,1715.274792952902
32,92.5,1740.9842974624878
32,92.60000000000001,1724.5801160896137
32,92.7,1716.0722631773594
32,92.80000000000001,1731.608658405573
32,92.9,1730.38560388123
32,93.0,1755.4968802893757
32,93.10000000000001,1724.525087195348
32,93.2,1734.5546181680434
32,93.30000000000001,1798.2786108049297
32,93.4,1740.6804359201644
32,93.5,1765.2779963351459
32,93.60000000000001,1888.5666182299829
32,93.7,1762.0769620765332
32,93.80000000000001,1753.9128471460342
32,93.9,1735.6250667916886
32,94.0,1734.825866034728
32,94.10000000000001,1734.581452540376
32,94.2,1715.3227255608028
32,94.30000000000001,1704.2583318149666
32,94.4,1821.2848483575083
32,94.5,2254.8069741600343
32,94.60000000000001,1757.1339120373618
32,94.7,1731.0469236982306
32,94.80000000000001,1691.8830739533769
32,94.9,1706.3761755422845
32,95.0,1758.230551140087
32,95.10000000000001,1722.5391666627788
32,95.2,1759.737633512763
32,95.30000000000001,1738.898925089837
32,95.4,1760.8069197249242
32,95.5,1794.0917598352962
32,95.60000000000001,1754.47913659057
32,95.7,1722.910405088393
32,95.80000000000001,1727.2671959338227
32,95.9,1728.0675411613593
32,96.0,1708.8489602273269
32,96.10000000000001,1712.149127761525
32,96.2,1751.201913788782
32,96.30000000000001,1761.4500080293153
32,96.4,1732.288945467412
32,96.5,1712.845273720932
32,96.60000000000001,1741.2863154989604
32,96.7,1927.5781279279738
32,96.80000000000001,1753.6688591134257
32,96.9,1743.6007329019776
32,97.0,1744.7176349898134
32,97.10000000000001,1720.5124118398546
32,97.2,1727.5014523875566
32,97.30000000000001,1739.5199422583655
32,97.4,1728.2622660574652
32,97.5,1761.4024179370147
32,97.60000000000001,1839.0018666981266
32,97.7,1899.5991712371256
32,97.80000000000001,1852.1333661846859
32,97.9,1754.0934012962732
32,98.0,1729.7885441422463
32,98.10000000000001,1754.039075453929
32,98.2,1742.5761971410532
32,98.30000000000001,1740.227186277526
32,98.4,1722.829279143513
32,98.5,1717.1209538797705
32,98.60000000000001,1823.2379143165429
32,98.7,2375.205070566332
32,98.80000000000001,2286.232076945098
32,98.9,2227.912146213079
32,99.0,2305.884009583903
32,99.10000000000001,1880.0527549860972
32,99.2,1767.668609535701
32,99.30000000000001,1768.6585524041952
32,99.4,1793.1045183854635
32,99.5,1752.5345420763178
32,99.60000000000001,1774.0917820650857
32,99.7,1726.6901580366289
32,99.80000000000001,1727.1763195406804
32,99.9,1735.7560020916876
32,100.0,1735.234086744031
32,100.10000000000001,1824.3846213596466
32,100.2,1871.009062564154
32,100.30000000000001,1730.2163474567885
32,100.4,1742.2569948773676
32,100.5,1765.7555255524023
32,100.60000000000001,1865.2986815128277
32,100.7,1832.83643012612
32,100.80000000000001,1737.0182153797812
32,100.9,1765.51509902445
32,101.0,1723.434897513737
32,101.10000000000001,1752.0947780262827
32,101.2,1757.135595718988
32,101.30000000000001,1798.468872955204
32,101.4,1791.4809879632835
32,101.5,1762.859783704505
32,101.60000000000001,1732.3273195779443
32,101.7,1724.5543826994106
32,101.80000000000001,1724.2462021107501
32,101.9,1715.1594464951472
32,102.0,1717.5977350324906
32,102.10000000000001,1736.0622652419704
32,102.2,1719.1502423939883
32,102.30000000000001,1737.2042190529075
32,102.4,1740.570351493228
32,102.5,1796.552658616499
32,102.60000000000001,2299.4074003588335
32,102.7,2019.481902927081
32,102.80000000000001,1741.9132821277155
32,102.9,1727.325233549217
32,103.0,1738.098838432963
32,103.10000000000001,1798.888719189059
32,103.2,1707.8965347736819
32,103.30000000000001,1804.9452732115878
32,103.4,1708.0981681648577
32,103.5,1733.589081508258
32,103.60000000000001,1767.690131710117
32,103.7,1750.5342988781392
32,103.80000000000001,1767.5107235298674
32,103.9,1908.7676653768872
32,104.0,1735.4735668630142
32,104.10000000000001,1818.4534213676568
32,104.2,2138.637166139515
32,104.30000000000001,1729.4924615311318
32,104.4,1743.9240339543865
32,104.5,1732.7114764514554
32,104.60000000000001,1748.5715955516584
32,104.7,1750.20221798209
32,104.80000000000001,1748.845703970025
32,104.9,1834.072291477551
32,105.0,1929.1663994133387
32,105.10000000000001,2361.7330232042746
32,105.2,1753.6709326162486
32,105.30000000000001,1764.7811045808248
32,105.4,1796.6633807579751
32,105.5,2292.809947943698
32,105.60000000000001,1753.8420258028518
32,105.7,1731.387975995692
32,105.80000000000001,1745.0115133290292
32,105.9,1795.129517458359
32,106.0,2118.906795723368
32,106.10000000000001,1719.327052165915
32,106.2,1719.3609424022832
32,106.30000000000001,1706.30994299821
32,106.4,1709.3426615093204
32,106.5,1756.5206148196867
32,106.60000000000001,1722.20239636422
32,106.7,1707.0187985045122
32,106.80000000000001,1704.5885588453668
32,106.9,1800.035321092873
32,107.0,1737.4629816090091
32,107.10000000000001,1753.6302744739196
32,107.2,1740.7164661850106
32,107.30000000000001,1753.4465102823033
32,107.4,1799.0741354383522
32,107.5,1839.6149311544475
32,107.60000000000001,1956.3049865133867
32,107.7,1808.01084024
32,107.80000000000001,1726.8271393298924
32,107.9,1739.1526421631534
32,108.0,1732.1430275600778
32,108.10000000000001,1751.3046686573052
32,108.2,1733.1467206837885
32,108.30000000000001,1738.3401894877304
32,108.4,1733.3882913491861
32,108.5,1719.3159159081163
32,108.60000000000001,1764.424546902124
32,108.7,1724.5894023157018
32,108.80000000000001,1757.4151345538494
32,108.9,1746.4624972361034
32,109.0,1762.8689996759297
32,109.10000000000001,1757.0153597541805
32,109.2,1738.6411113927682
32,109.30000000000001,1771.619536766249
32,109.4,1725.8428942439136
32,109.5,1751.3013144578256
32,109.60000000000001,1729.9217183066523
32,109.7,1880.4062986586816
32,109.80000000000001,1752.139034132231
32,109.9,1756.904734793237
32,110.0,1732.7408830347208
32,110.10000000000001,1733.5379310537173
32,110.2,1842.7629729653338
32,110.30000000000001,2190.2656124681685
32,110.4,1784.3279622410391
32,110.5,1743.1140319927176
32,110.60000000000001,1735.4393466453807
32,110.7,1746.41836397599
32,110.80000000000001,1745.2283254383356
32,110.9,1765.057187956469
32,111.0,1751.934070728348
32,111.10000000000001,1721.257375677454
32,111.2,1731.8823035905255
32,111.30000000000001,1726.2743851517864
32,111.4,1699.4616500633845
32,111.5,1703.8163415415263
32,111.60000000000001,1762.9979737044853
32,111.7,1769.7262984382903
32,111.80000000000001,2539.9700933761396
32,111.9,2576.538032909303
32,112.0,1934.2483289361437
32,112.10000000000001,1759.7311126524132
32,112.2,1741.3921313827136
32,112.30000000000001,1817.1183626198288
32,112.4,1807.8974786865494
32,112.5,1705.064295332911
32,112.60000000000001,1724.3519040759106
32,112.7,1741.4887843143708
32,112.80000000000001,1758.349480873555
32,112.9,1763.7220503341966
32,113.0,1710.524569043659
32,113.10000000000001,1743.458848689181
32,113.2,1718.1702248956901
32,113.30000000000001,1717.8771767753626
32,113.4,1725.984629915028
32,113.5,1746.7031380944668
32,113.60000000000001,1745.0607145421773
32,113.7,1727.6344284127986
32,113.80000000000001,1755.9405190274147
32,113.9,1790.8728229197618
32,114.0,1748.3563517107777
32,114.10000000000001,1738.6336909987283
32,114.2,1720.9021433448827
32,114.30000000000001,1736.5703833674938
32,114.4,1785.4085764038107
32,114.5,1770.3258806653005
32,114.60000000000001,1727.1029032063766
32,114.7,1746.165996266015
32,114.80000000000001,1720.9005761829892
32,114.9,1738.2169112798192
32,115.0,1745.8212801642278
32,115.10000000000001,1755.204368168814
32,115.2,1832.6082443314513
32,115.30000000000001,2047.380628149361
32,115.4,1823.8895752076637
32,115.5,1767.6977243352983
32,115.60000000000001,1782.1821530155214
32,115.7,1773.0597347823596
32,115.80000000000001,1751.99881393434
32,115.9,1731.5476047967054
32,116.0,1731.8238223494677
32,116.10000000000001,1890.3481183548442
32,116.2,1730.008374603371
32,116.30000000000001,1718.3987331701856
32,116.4,1714.8018473298864
32,116.5,1797.057167119018
32,116.60000000000001,1777.6606473535646
32,116.7,1698.8675982557245
32,116.80000000000001,1770.5782778505607
32,116.9,1765.3426905106262
32,117.0,1718.2999709723408
32,117.10000000000001,1727.2271221508674
32,117.2,1714.8389642920467
32,117.30000000000001,1736.7953619594778
32,117.4,1742.2073115448484
32,117.5,1739.7740107371612
32,117.60000000000001,2111.2824960347134
32,117.7,2742.7520104417526
32,117.80000000000001,2431.564230669953
32,117.9,1765.0177133973827
32,118.0,1733.9080466659043
32,118.10000000000001,1731.9268348017365
32,118.2,1758.4173040530522
32,118.30000000000001,1745.889385953967
32,118.4,1737.5113898589805
32,118.5,1719.6092688527167
32,118.60000000000001,1779.8649105842312
32,118.7,1770.2219624594898
32,118.80000000000001,1716.7756367357458
32,118.9,1731.067824832905
32,119.0,1799.2876885423643
32,119.10000000000001,1762.8489240663257
32,119.2,1721.1563112722506
32,119.30000000000001,1837.736602878075
32,119.4,2033.5517380889123
32,119.5,1747.2148716446288
32,119.60000000000001,1723.0530030066998
32,119.7,1739.2947818196124
32,119.80000000000001,1760.4218431484326
32,119.9,1775.3398416449445
32,120.0,1802.6537592413877
32,120.10000000000001,1746.9073011695104
32,120.2,1783.5699337975188
32,120.30000000000001,1718.643027755465
32,120.4,1780.0781909636207
32,120.5,1880.0498272263908
32,120.60000000000001,2464.117250905242
32,120.7,2236.39105796798
32,120.80000000000001,1735.115943686658
32,120.9,1720.5572165500644
32,121.0,1721.205268240957
32,121.10000000000001,1734.0174357374567
32,121.2,1728.4484061734076
32,121.30000000000001,1741.1935960654214
32,121.4,1722.794605510084
32,121.5,1738.7738322701937
32,121.60000000000001,1753.033779251594
32,121.7,1738.41210163654
32,121.80000000000001,1750.9803676306929
32,121.9,1740.2931708132085
32,122.0,1770.1556440191298
32,122.10000000000001,1794.485973149945
32,122.2,1753.4920452990957
32,122.30000000000001,1732.8105493398295
32,122.4,1750.994214937737
32,122.5,1772.8720905653095
32,122.60000000000001,1758.6868284064687
32,122.7,1746.2580451907595
32,122.80000000000001,1696.98235134919
32,122.9,1720.318972658278
32,123.0,1731.7903516552644
32,123.10000000000001,1733.3950374424837
32,123.2,1745.2618392379454
32,123.30000000000001,1739.8974501838404
32,123.4,1738.118526514145
32,123.5,1724.4529768023733
32,123.60000000000001,1760.294387544351
32,123.7,1762.0767911689782
32,123.80000000000001,1751.667396597263
32,123.9,1761.7909527576937
32,124.0,1730.239409677742
32,124.10000000000001,1744.5733022301215
32,124.2,1730.4348133799103
32,124.30000000000001,1716.7956381077217
32,124.4,1734.1969879870287
32,124.5,1751.4465574179096
32,124.60000000000001,1713.103652733991
32,124.7,1697.8164228546927
32,124.80000000000001,1718.9826278204823
32,124.9,1701.9191783463841
32,125.0,1713.7196623854436
32,125.10000000000001,1725.1623814974475
32,125.2,1731.8784420545205
32,125.30000000000001,1767.1139893327972
32,125.4,1743.5993797425992
32,125.5,1718.5902348967384
32,125.60000000000001,1722.683192014908
32,125.7,1701.362532460563
32,125.80000000000001,1697.5126792002152
32,125.9,1746.5781186859037
32,126.0,1733.6919003869764
32,126.10000000000001,1749.8300269122637
32,126.2,1725.951503423986
32,126.30000000000001,1735.6348511059919
32,126.4,1725.8774815290503
32,126.5,1857.8276367459757
32,126.60000000000001,1769.4000970133459
32,126.7,1955.7707420044233
32,126.80000000000001,1749.6167856031177
32,126.9,1751.2940089147721
32,127.0,1842.5952475790157
32,127.10000000000001,1930.0528182738483
32,127.2,2220.1102969098874
32,127.30000000000001,1763.8976566703152
32,127.4,1746.4637211711354
32,127.5,1732.9331603377036
32,127.60000000000001,2291.102366933201
32,127.7,1773.2917022146241
32,127.80000000000001,1736.914838764711
32,127.9,1729.6892524775712
32,128.0,2188.8553713807096
32,128.1,1856.1746218490835
32,128.20000000000002,1760.0864927077048
32,128.3,1782.1979561417456
32,128.4,1727.8264594066593
32,128.5,1708.8429586117334
32,128.6,1729.7406161706315
32,128.70000000000002,1729.794832809417
32,128.8,1718.3702674415765
32,128.9,1909.35154174007
32,129.0,2235.0077316208362
32,129.1,1757.3507538933995
32,129.20000000000002,2040.7303354849525
32,129.3,1776.9214948836961
32,129.4,1722.4808900946214
32,129.5,1747.9031396821238
32,129.6,2339.9884260592803
32,129.70000000000002,1700.074240785954
32,129.8,1730.496193538569
32,129.9,1723.975792134566
32,130.0,1752.8874149553687
32,130.1,1721.0701060972895
32,130.20000000000002,1731.4977945060698
32,130.3,2245.343660541783
32,130.4,1848.6713681889103
32,130.5,1718.694486925192
32,130.6,1804.0995316629321
32,130.70000000000002,1836.9949294643613
32,130.8,2184.121606102527
32,130.9,1746.2604710136202
32,131.0,1715.845603748767
32,131.1,1749.951601116145
32,131.20000000000002,1737.7148936946403
32,131.3,1733.3941643779988
32,131.4,1753.2411756151391
32,131.5,1719.9503891841014
32,131.6,1744.2728229373568
32,131.70000000000002,1708.9150289244985
32,131.8,1744.3395168252498
32,131.9,1775.3830694645612
32,132.0,1818.3861547223041
32,132.1,1724.115939461719
32,132.20000000000002,1743.5989389362057
32,132.3,1742.7195914212934
32,132.4,1737.9263782827295
32,132.5,1729.712744084638
32,132.6,1718.2871219738515
32,132.70000000000002,1765.6623114816762
32,132.8,1742.2289465348767
32,132.9,1738.5595752373326
32,133.0,1849.475390556232
32,133.1,1738.3425018107284
32,133.20000000000002,1727.2872561491454
32,133.3,1730.1342037992665
32,133.4,1736.235845399177
32,133.5,1720.0335024018987
32,133.6,1896.535229680594
32,133.70000000000002,2601.2167968847675
32,133.8,1992.3301239567745
32,133.9,1869.1645571904069
32,134.0,1866.090585485462
32,134.1,1867.7536671692933
32,134.20000000000002,1822.0630215055116
32,134.3,1746.751027484705
32,134.4,1739.9334933239923
32,134.5,1730.4352902429086
32,134.6,1720.5842767235224
32,134.70000000000002,1753.5746562970226
32,134.8,1753.3763704484745
32,134.9,1751.292482382375
32,135.0,1749.8581312642225
32,135.1,1729.3571753428978
32,135.20000000000002,1723.6211832351587
32,135.3,1729.90506688875
32,135.4,1739.316045831795
32,135.5,1731.165156613386
32,135.6,1719.8960709435605
32,135.70000000000002,1748.62685688272
32,135.8,1765.3319814432516
32,135.9,1750.8542176784274
32,136.0,1718.839926116908
32,136.1,1730.6201526721622
32,136.20000000000002,1745.3467714133237
32,136.3,1943.012726482863
32,136.4,1767.6777688700263
32,136.5,1744.7373006302646
32,136.6,1733.002376745572
32,136.70000000000002,1719.197364434879
32,136.8,1731.5622617247666
32,136.9,1712.110114681204
32,137.0,1742.7942876420504
32,137.1,1745.696372859781
32,137.20000000000002,1730.8543688481554
32,137.3,1730.0138816660908
32,137.4,1729.9015190334126
32,137.5,1729.202157576061
32,137.6,1739.6785303123443
32,137.70000000000002,1743.4396756868048
32,137.8,1750.0111250884647
32,137.9,1759.3532719511998
32,138.0,1719.0107223193904
32,138.1,1722.2767087273235
32,138.20000000000002,1738.8492723798524
32,138.3,1741.3286340800507
32,138.4,1723.8047242432824
32,138.5,1725.581869824431
32,138.6,1736.9243124583882
32,138.70000000000002,1741.9882829767773
32,138.8,1771.1546852379988
32,138.9,1750.3182566725432
32,139.0,1749.0762140746601
32,139.1,1767.9291790665077
32,139.20000000000002,1744.7058013072315
32,139.3,1735.5930106666785
32,139.4,1710.0907108222018
32,139.5,1920.574262651728
32,139.6,1989.2764611870027
32,139.70000000000002,1744.4671892299605
32,139.8,1759.371438959651
32,139.9,1747.2283846010134
32,140.0,1899.8351602452444
32,140.1,2586.9090993985246
32,140.20000000000002,1804.3009393937823
32,140.3,1758.643535231999
32,140.4,1734.294269737527
32,140.5,1754.5202208605476
32,140.6,1743.638229125414
32,140.70000000000002,1726.8054449730112
32,140.8,1763.6801999990516
32,140.9,1739.989161238328
32,141.0,2027.47867517115
32,141.1,2226.8458992987257
32,141.20000000000002,1833.2299617594217
32,141.3,1755.214879580516
32,141.4,1746.4508227056647
32,141.5,2551.487874635124
32,141.6,2536.3017295002455
32,141.70000000000002,2766.124249985629
32,141.8,2762.4133990139717
32,141.9,1903.2646281915472
32,142.0,1763.7234297407424
32,142.1,1761.4334221152585
32,142.20000000000002,1746.4603580872197
32,142.3,1756.1274593007756
32,142.4,1742.0687926422256
32,142.5,1747.8778394990243
32,142.6,1760.6675647877685
32,142.70000000000002,1754.1971562996962
32,142.8,1757.0442360100274
32,142.9,1770.182531815605
32,143.0,1735.469677135409
32,143.1,1754.2377213416623
32,143.20000000000002,1756.477842916647
32,143.3,1752.3411566429963
32,143.4,1768.7263789897847
32,143.5,1787.4665087731214
32,143.6,1869.958565372293
32,143.70000000000002,1767.8214200690825
32,143.8,2256.5085844080663
32,143.9,1841.5508129936984
32,144.0,1749.44080885286
32,144.1,1759.1354562052309
32,144.20000000000002,1750.0732792303365
32,144.3,1731.2114000490853
32,144.4,1711.5210014945135
32,144.5,1716.6292695407255
32,144.6,1740.3330514459983
32,144.70000000000002,1752.0730822674975
32,144.8,1749.1440407194355
32,144.9,1743.8569898255084
32,145.0,1895.990170801563
32,145.1,1791.5934845806405
32,145.20000000000002,1798.3169997035836
32,145.3,1765.4133729908979
32,145.4,1730.925747240396
32,145.5,1738.6611929582934
32,145.6,1758.2416065385007
32,145.70000000000002,1746.6272005604444
32,145.8,1740.9949382903023
32,145.9,1733.9455849736212
32,146.0,1720.575104642989
32,146.1,1731.6603568454757
32,146.20000000000002,1767.2800298919442
32,146.3,1750.0822072105618
32,146.4,1760.7929084109262
32,146.5,1737.5301378805025
32,146.6,1740.8944012190757
32,146.70000000000002,1741.575460888856
32,146.8,1723.5320877231838
32,146.9,1729.8385358115067
32,147.0,1709.0411748299236
32,147.1,1732.8154916401952
32,147.20000000000002,1729.1255763768706
32,147.3,1729.5694382285874
32,147.4,1722.9839174939948
32,147.5,1713.3518523948746
32,147.6,2120.898306307117
32,147.70000000000002,1883.131747115982
32,147.8,1789.2675194413598
32,147.9,1745.7472415609457
32,148.0,1741.950271677334
32,148.1,1782.2383692583344
32,148.20000000000002,1754.1366601634086
32,148.3,1730.9893237237386
32,148.4,1755.804741332649
32,148.5,1852.1543705702657
32,148.6,1757.7476587998478
32,148.70000000000002,1750.268773682695
32,148.8,1766.629419294577
32,148.9,1731.9928879676095
32,149.0,1750.6604869955179
32,149.1,1784.1940014435236
32,149.20000000000002,1814.607598774748
32,149.3,1745.4624341202248
32,149.4,1756.4474265679223
32,149.5,1734.4597104132563
32,149.6,1719.5732851962532
32,149.70000000000002,1744.445549542973
32,149.8,1762.2696719993348
32,149.9,1750.4274546951838
32,150.0,1845.927926607953
32,150.1,1764.554990788828
32,150.20000000000002,1738.5069679057513
32,150.3,1727.246637917566
32,150.4,1731.7762485105839
32,150.5,1722.2132721837656
32,150.6,1870.1366780724481
32,150.70000000000002,1810.660153090804
32,150.8,1742.2143223210767
32,150.9,1924.0992449246307
32,151.0,1806.433223315962
32,151.1,1829.9858554644484
32,151.20000000000002,1769.1742434654007
32,151.3,1761.1303336648662
32,151.4,1765.4044175660495
32,151.5,1743.632734217844
32,151.6,1739.483072107848
32,151.70000000000002,1724.5045431090407
32,151.8,1730.9411000888804
32,151.9,1747.5631446431219
32,152.0,1758.5577470446526
32,152.1,1966.9974433798247
32,152.20000000000002,1778.960631133687
32,152.3,1882.2849117953238
32,152.4,1815.941830269708
32,152.5,1768.5646841114503
32,152.6,1756.8321669527697
32,152.70000000000002,1749.5497055263377
32,152.8,1761.5218821137028
32,152.9,1745.2377448518082
32,153.0,1750.977379164661
32,153.1,1778.5262792311908
32,153.20000000000002,1746.3094762148871
32,153.3,1739.1651532750009
32,153.4,1784.1093941920926
32,153.5,1746.3923955264424
32,153.60000000000002,1761.1026730627423
32,153.70000000000002,1747.2309435137204
32,153.8,1739.614404101823
32,153.9,1761.0607550101759
32,154.0,1750.9071355578008
32,154.10000000000002,1753.5196629517914
32,154.20000000000002,1732.1935400750554
32,154.3,1727.433796090224
32,154.4,1710.1112981663757
32,154.5,1771.6162284591628
32,154.60000000000002,2101.276552399965
32,154.70000000000002,1857.2964432637634
32,154.8,1736.0228596492482
32,154.9,1718.486679402471
32,155.0,1960.7456639200118
32,155.10000000000002,1785.8928692356574
32,155.20000000000002,1782.4674341311313
32,155.3,1748.328450475488
32,155.4,1736.9976255820768
32,155.5,1752.3059691131652
32,155.60000000000002,1748.7374927453093
32,155.70000000000002,1740.5675916338319
32,155.8,1743.570731555734
32,155.9,1728.8901756511118
32,156.0,1712.9833106992992
32,156.10000000000002,1723.1194426702284
32,156.20000000000002,1705.4934078643637
32,156.3,1733.431764709307
32,156.4,1731.0786881115544
32,156.5,1758.5881028865813
32,156.60000000000002,1762.962702904445
32,156.70000000000002,1920.201432891029
32,156.8,2127.864958893904
32,156.9,1817.883461618978
32,157.0,1739.3940774610467
32,157.10000000000002,1799.6260932034377
32,157.20000000000002,1753.8876450603216
32,157.3,1750.5760551614046
32,157.4,1758.7984863037207
32,157.5,1754.0678263638854
32,157.60000000000002,1765.6454695241944
32,157.70000000000002,1726.352520659754
32,157.8,1742.3772853914465
32,157.9,1807.716284994869
32,158.0,1739.3800711206743
32,158.10000000000002,1724.9487164805273
32,158.20000000000002,1849.2182266123948
32,158.3,1766.8026692438048
32,158.4,1876.6121190851868
32,158.5,1819.4152034346198
32,158.60000000000002,1788.4529000331186
32,158.70000000000002,1752.017655980835
32,158.8,2271.9985704609394
32,158.9,2621.92348531902
32,159.0,2178.616681854141
32,159.10000000000002,1791.9484335895727
32,159.20000000000002,1737.4681936372774
32,159.3,1721.3180940421219
32,159.4,1738.972604204824
32,159.5,1733.9006778833896
32,159.60000000000002,1719.6050927259892
32,159.70000000000002,1704.9193244233777
32,159.8,1727.0553476247924
32,159.9,1720.0078121062932
32,160.0,1705.7421108601166
32,160.10000000000002,1894.6146707833475
32,160.20000000000002,1769.925762437533
32,160.3,1731.4914513370159
32,160.4,1710.4367952380824
32,160.5,1890.4053645392505
32,160.60000000000002,1884.3683269281946
32,160.70000000000002,1753.8699764370072
32,160.8,1729.2120334016422
32,160.9,1829.7111773817478
32,161.0,1847.6608006132558
32,161.10000000000002,1744.9431747179065
32,161.20000000000002,1704.2584845247054
32,161.3,1703.480124180297
32,161.4,1713.1789823392053
32,161.5,1703.7031857028821
32,161.60000000000002,1898.3619157026185
32,161.70000000000002,1898.9830253329922
32,161.8,1751.6324987451733
32,161.9,1843.7133987256564
32,162.0,2002.902738891113
32,162.10000000000002,1788.3112303032194
32,162.20000000000002,1714.7125255096864
32,162.3,1724.5685530302687
32,162.4,1719.6311653634075
32,162.5,1732.3340580723718
32,162.60000000000002,1732.3988787481492
32,162.70000000000002,1711.2057001539274
32,162.8,1712.6401181297426
32,162.9,1696.7491348596468
32,163.0,1724.197375467935
32,163.10000000000002,1704.082355791186
32,163.20000000000002,1704.753404897718
32,163.3,1722.3599587113554
32,163.4,1719.4215091558958
32,163.5,1727.8386123497914
32,163.60000000000002,1711.398877421932
32,163.70000000000002,1709.8876773334805
32,163.8,1714.9895609647783
32,163.9,1716.3310512032215
32,164.0,1741.829406941777
32,164.10000000000002,1815.2073001572878
32,164.20000000000002,2006.6252849765904
32,164.3,1792.5595170382378
32,164.4,1728.5485312893616
32,164.5,1711.0216332280932
32,164.60000000000002,1721.5579436788312
32,164.70000000000002,1711.535345376428
32,164.8,1724.3361098074656
32,164.9,1803.6811236819208
32,165.0,1806.1008602041643
32,165.10000000000002,1736.244704116895
32,165.20000000000002,1728.5767946942915
32,165.3,1725.2628067935293
32,165.4,1705.544616793077
32,165.5,1714.3857199637803
32,165.60000000000002,1809.64034915017
32,165.70000000000002,1731.9915330020883
32,165.8,1705.0454352649906
32,165.9,1833.3936895637785
32,166.0,2517.9648128012846
32,166.10000000000002,2749.474124898442
32,166.20000000000002,2706.3899424333863
32,166.3,2598.1597912576713
32,166.4,1915.2010460617823
32,166.5,1991.619395973874
32,166.60000000000002,1828.2350125014168
32,166.70000000000002,1755.0805426432287
32,166.8,1764.1540694884693
32,166.9,1771.0636359155703
32,167.0,1767.309030977458
32,167.10000000000002,1757.382760006479
32,167.20000000000002,1802.2123746584896
32,167.3,2122.1162177176375
32,167.4,2377.696325499702
32,167.5,2310.16106190264
32,167.60000000000002,1889.8393325136647
32,167.70000000000002,1765.1453747593764
32,167.8,1925.215725916842
32,167.9,1832.682592585398
32,168.0,1778.497893598212
32,168.10000000000002,1746.3943380715823
32,168.20000000000002,1746.8139539494618
32,168.3,1732.5108708433688
32,168.4,1741.2512104512691
32,168.5,1724.2547618721956
32,168.60000000000002,1913.201439071409
32,168.70000000000002,2011.3443867636101
32,168.8,1833.6598838783493
32,168.9,1731.7940547440528
32,169.0,2266.504430071963
32,169.10000000000002,1979.4326832270365
32,169.20000000000002,1747.622164203946
32,169.3,1723.18596284352
32,169.4,1714.3483605814222
32,169.5,1696.0866343468522
32,169.60000000000002,1736.2377548458414
32,169.70000000000002,1811.6726355973174
32,169.8,1767.5349519916024
32,169.9,1733.1055828103842
32,170.0,1723.1901949925773
32,170.10000000000002,1940.0386440303669
32,170.20000000000002,1807.8913665143543
32,170.3,1719.9736312126604
32,170.4,1721.8753729792077
32,170.5,1708.8115337987895
32,170.60000000000002,1710.6240810227348
32,170.70000000000002,1773.5529995510788
32,170.8,1741.6529328988456
32,170.9,1738.0366464810727
32,171.0,1717.9022400228757
32,171.10000000000002,1718.1940268170774
32,171.20000000000002,1726.5904682263467
32,171.3,1713.3839107228616
32,171.4,1716.0764528608606
32,171.5,1737.0494145989262
32,171.60000000000002,1809.0670439254743
32,171.70000000000002,1897.5903743964923
32,171.8,1788.321727187053
32,171.9,1739.113102137921
32,172.0,1746.5718071567971
32,172.10000000000002,1733.5955455842566
32,172.20000000000002,1747.5811103929168
32,172.3,1727.7234965407752
32,172.4,1704.1093311220395
32,172.5,1801.7185716590295
32,172.60000000000002,1761.6969297157696
32,172.70000000000002,1729.347069153123
32,172.8,1760.5766151588712
32,172.9,1779.567753110249
32,173.0,1721.0132739908495
32,173.10000000000002,1715.1662451692825
32,173.20000000000002,1737.408111376804
32,173.3,1727.491533848032
32,173.4,1908.2148387113523
32,173.5,1824.1841003807824
32,173.60000000000002,1729.1399496803251
32,173.70000000000002,1792.6092753305238
32,173.8,1762.997756079779
32,173.9,1738.328337455559
32,174.0,2136.6706447186884
32,174.10000000000002,2189.2061249350363
32,174.20000000000002,1904.7517520258677
32,174.3,1841.4623120294762
32,174.4,1823.413919352523
32,174.5,1766.0555630401682
32,174.60000000000002,1732.3059214561224
32,174.70000000000002,1738.7676455467656
32,174.8,1738.4817844975234
32,174.9,1737.1876859434499
32,175.0,1759.712931844827
32,175.10000000000002,1754.7730268506518
32,175.20000000000002,1785.739749739441
32,175.3,1766.137290382947
32,175.4,1737.77015672194
32,175.5,1738.0634102878766
32,175.60000000000002,1723.1565522873113
32,175.70000000000002,1729.7182165233794
32,175.8,1750.8625594957848
32,175.9,1764.780446848037
32,176.0,1738.8129033019823
32,176.10000000000002,1713.7746219646
32,176.20000000000002,1740.1810664056675
32,176.3,1743.4872188764566
32,176.4,1759.4351071524584
32,176.5,1751.421162680087
32,176.60000000000002,1833.7326155468256
32,176.70000000000002,1815.2612494845725
32,176.8,1758.854391583161
32,176.9,1720.5590869601876
32,177.0,2162.0470817020487
32,177.10000000000002,1925.4042610913714
32,177.20000000000002,1748.8022205225705
32,177.3,1743.5897356256758
32,177.4,1750.2406127379616
32,177.5,1757.793193610035
32,177.60000000000002,1750.7553968073898
32,177.70000000000002,1750.7364383338902
32,177.8,1779.6714279228854
32,177.9,1766.3862513921865
32,178.0,1752.1843671686606
32,178.10000000000002,1752.1099623770735
32,178.20000000000002,1759.8852355050187
32,178.3,1755.7445169569423
32,178.4,1752.565982214957
32,178.5,1745.0325868770583
32,178.60000000000002,1727.4912579599727
32,178.70000000000002,1731.612637759914
32,178.8,1904.8507719465654
32,178.9,1817.9027223201456
32,179.0,1758.5641015865149
32,179.10000000000002,1744.0392037616018
32,179.20000000000002,1745.5944041314322
32,179.3,1735.6808436410406
32,179.4,1800.194133606895
32,179.5,1756.42304571818
32,179.60000000000002,1709.02566183276
32,179.70000000000002,1703.0791005647404
32,179.8,1745.548675963225
32,179.9,1766.1867283840008
32,180.0,1753.0448453132408
32,180.10000000000002,1747.3755190254017
32,180.20000000000002,1756.0931971481698
32,180.3,1745.7894954853907
32,180.4,1732.0925939831666
32,180.5,1730.462155621588
32,180.60000000000002,1989.5544575267909
32,180.70000000000002,1975.9995172723825
32,180.8,1790.6821825754178
32,180.9,1727.7702528001369
32,181.0,1734.6081916789783
32,181.10000000000002,1823.131280950128
32,181.20000000000002,1938.4794643621383
32,181.3,2034.4360370559336
32,181.4,1844.3673889924999
32,181.5,1723.8221389836083
32,181.60000000000002,1737.0760977741636
32,181.70000000000002,1816.3392047081254
32,181.8,1801.9238299574345
32,181.9,1832.3599227714792
32,182.0,1776.865377066837
32,182.10000000000002,1736.080508755658
32,182.20000000000002,1732.2266505533046
32,182.3,1743.8099167421265
32,182.4,1814.373345478986
32,182.5,2006.5123663745242
32,182.60000000000002,1839.1308823844265
32,182.70000000000002,1738.7075003602965
32,182.8,1831.6588468749922
32,182.9,1775.052315812191
32,183.0,1721.376469696753
32,183.10000000000002,1729.6357801704764
32,183.20000000000002,1736.6705238568645
32,183.3,1758.2698782547193
32,183.4,1744.710053986702
32,183.5,1731.6270615836265
32,183.60000000000002,1715.7869577350023
32,183.70000000000002,1692.0023024634304
32,183.8,1855.1621814427676
32,183.9,1793.9538768756267
32,184.0,1752.3035087182946
32,184.10000000000002,1793.4166599320738
32,184.20000000000002,1769.1590599650583
32,184.3,1774.4044498902726
32,184.4,1889.7209924295587
32,184.5,1796.112256303332
32,184.60000000000002,1939.3275181124404
32,184.70000000000002,1898.2420898890384
32,184.8,1775.5978105687968
32,184.9,1745.4906948901487
32,185.0,1797.0848794296498
32,185.10000000000002,1811.140711521273
32,185.20000000000002,1729.143368332492
32,185.3,1719.1086934215339
32,185.4,1714.8380958309888
32,185.5,1732.1911598152844
32,185.60000000000002,1720.4520920363345
32,185.70000000000002,1705.8740236370304
32,185.8,1715.3030323747178
32,185.9,1711.0076192814943
32,186.0,1772.2876282165232
32,186.10000000000002,1734.733997670515
32,186.20000000000002,1701.2689669891445
32,186.3,2255.0104402852726
32,186.4,2084.0433911271693
32,186.5,1778.3069706221554
32,186.60000000000002,1738.7499911949437
32,186.70000000000002,1795.0939763576291
32,186.8,1753.0557956779894
32,186.9,1722.1135200200165
32,187.0,1725.8229301488811
32,187.10000000000002,1946.9024651596574
32,187.20000000000002,2062.410315173625
32,187.3,1929.9326910213656
32,187.4,1803.412195046138
32,187.5,1740.2442288886189
32,187.60000000000002,1745.7960672334705
32,187.70000000000002,1732.490319492934
32,187.8,1718.5988174898491
32,187.9,1732.845912913727
32,188.0,1747.474396850814
32,188.10000000000002,1739.7175338019638
32,188.20000000000002,1749.680595595083
32,188.3,1791.5068529902126
32,188.4,2382.168682889974
32,188.5,2684.690251634026
32,188.60000000000002,2333.2794187459913
32,188.70000000000002,1871.2436402850133
32,188.8,1721.113522514309
32,188.9,1717.9426453532092
32,189.0,1716.9594409072063
32,189.10000000000002,1718.841131553815
32,189.20000000000002,1720.9248785811646
32,189.3,1721.706961997012
32,189.4,1728.2438825433444
32,189.5,1720.2123356240932
32,189.60000000000002,1712.0894707187003
32,189.70000000000002,1713.8698809520754
32,189.8,1717.625425241738
32,189.9,1776.7093866882765
32,190.0,2078.5905066587875
32,190.10000000000002,2131.9894699110605
32,190.20000000000002,1978.5940371300046
32,190.3,1990.9219524212003
32,190.4,1870.2953874974244
32,190.5,1731.1910454941883
32,190.60000000000002,1736.2169136323353
32,190.70000000000002,1725.9272495498637
32,190.8,1725.9489796214557
32,190.9,1715.1391667613457
32,191.0,1706.3836902001806
32,191.10000000000002,1707.593895663197
32,191.20000000000002,1705.4371929869035
32,191.3,1780.9333887050832
32,191.4,1786.2967838196782
32,191.5,1747.2291760048038
32,191.60000000000002,1723.3370014526063
32,191.70000000000002,1766.1570650850713
32,191.8,1751.9777500172675
32,191.9,1724.2773540359053
32,192.0,1733.5835032181042
32,192.10000000000002,1721.900908090121
32,192.20000000000002,1955.8071808583347
32,192.3,1859.1684310801647
32,192.4,1724.9365209655214
32,192.5,1723.7414513210442
32,192.60000000000002,1724.133024205426
32,192.70000000000002,1732.5749852046206
32,192.8,1736.3066872922411
32,192.9,1791.0474324007514
32,193.0,1952.0517098263113
32,193.10000000000002,1851.603941162641
32,193.20000000000002,1744.5925078162907
32,193.3,1746.4000834696744
32,193.4,1752.9048666960562
32,193.5,1733.6463239185914
32,193.60000000000002,1748.764075864101
32,193.70000000000002,1799.0970404885786
32,193.8,1775.500601428771
32,193.9,1755.3461688166617
32,194.0,1743.666095396728
32,194.10000000000002,1726.6869866990705
32,194.20000000000002,2280.9794565259135
32,194.3,2706.615613640765
32,194.4,2416.2782542790587
32,194.5,1910.7201166698042
32,194.60000000000002,1775.2608480794154
32,194.70000000000002,1761.1264750092212
32,194.8,1732.7649025077442
32,194.9,1725.2663992431746
32,195.0,1731.1112467981175
32,195.10000000000002,1722.8471463309966
32,195.20000000000002,1715.4520820155274
32,195.3,1712.944577663029
32,195.4,1733.2152389571604
32,195.5,1738.7213319464997
32,195.60000000000002,1735.4297966487404
32,195.70000000000002,1742.9783826479422
32,195.8,1751.5057572215255
32,195.9,1753.6433785113293
32,196.0,1761.526611225358
32,196.10000000000002,1761.797981517241
32,196.20000000000002,1753.7061176660084
32,196.3,1911.4504566955854
32,196.4,1849.1374614643196
32,196.5,1734.4122605603598
32,196.60000000000002,1725.4266579372756
32,196.70000000000002,1727.5553152551922
32,196.8,1755.776000328843
32,196.9,1757.299102911158
32,197.0,1727.4302599008722
32,197.10000000000002,1724.2318815445938
32,197.20000000000002,1736.1118588737381
32,197.3,1732.1293899247714
32,197.4,1855.9153640714403
32,197.5,2065.7004943502693
32,197.60000000000002,1943.2060048767155
32,197.70000000000002,2117.2233480757104
32,197.8,1973.6601097426108
32,197.9,1742.6962672325062
32,198.0,1742.0670074536529
32,198.10000000000002,1738.9830101405662
32,198.20000000000002,1740.5603286626847
32,198.3,1737.1828000581588
32,198.4,1738.598295968605
32,198.5,1766.310972793881
32,198.60000000000002,1742.8119314029304
32,198.70000000000002,1713.4647399195542
32,198.8,1715.8078791457974
32,198.9,1723.2286134526673
32,199.0,1740.564876587572
32,199.10000000000002,1773.1406695766225
32,199.20000000000002,1755.1605362470832
32,199.3,1711.4687473507088
32,199.4,1707.919991148571
32,199.5,1712.665411471191
32,199.60000000000002,1711.5268762552457
32,199.70000000000002,1712.6472656151784
32,199.8,1704.2213047192836
32,199.9,1694.7414261802408
32,200.0,1700.9353884749287
32,200.10000000000002,1718.1863986446217
32,200.20000000000002,1721.4394635072974
32,200.3,1769.9898700903682
32,200.4,1752.9514276137772
32,200.5,1702.9454973764475
32,200.60000000000002,1689.9647632852525
32,200.70000000000002,1702.8742344902244
32,200.8,1721.4616929001372
32,200.9,1723.2988084951853
32,201.0,1702.7523616919877
32,201.10000000000002,1705.1935471349827
32,201.20000000000002,1722.4987460439797
32,201.3,1725.2716194094432
32,201.4,1724.1573108283412
32,201.5,1730.8523807897784
32,201.60000000000002,1754.4787898604188
32,201.70000000000002,1801.697890595693
32,201.8,1761.665627613802
32,201.9,1737.3024581670559
32,202.0,1744.1509101087988
32,202.10000000000002,1726.1273932661659
32,202.20000000000002,1710.816712255166
32,202.3,1724.1733636815543
32,202.4,1767.625753900484
32,202.5,1764.5686870926772
32,202.60000000000002,1723.9249979278377
32,202.70000000000002,1790.026221709899
32,202.8,1826.9343059602818
32,202.9,1820.07807638011
32,203.0,1894.8177363853424
32,203.10000000000002,1824.7579498039615
32,203.20000000000002,1750.7107330003792
32,203.3,1746.8598116628543
32,203.4,1720.006277439354
32,203.5,1722.4100350163583
32,203.60000000000002,1780.3074687558424
32,203.70000000000002,1781.2478309474568
32,203.8,1787.6243982237945
32,203.9,1779.803116487362
32,204.0,1750.355968115272
32,204.10000000000002,1855.1801400487957
32,204.20000000000002,1810.5635085272186
32,204.3,1725.0878784212086
32,204.4,1729.397692998341
32,204.5,1755.8577218712994
32,204.60000000000002,1752.8768296461212
32,204.70000000000002,1746.212398817633
32,204.8,1736.413597911698
32,204.9,1719.8635566882867
32,205.0,1720.8263184697137
32,205.10000000000002,1723.7227102233014
32,205.20000000000002,1737.179406128254
32,205.3,1956.0790195974296
32,205.4,1902.2094284859622
32,205.5,1907.7863322419762
32,205.60000000000002,1888.7551654471984
32,205.70000000000002,1756.5669791244259
32,205.8,1754.5674606659206
32,205.9,1721.9682098079368
32,206.0,1702.7384887173255
32,206.10000000000002,1707.1542240345805
32,206.20000000000002,1733.1992844546614
32,206.3,1732.5145157750972
32,206.4,1725.1701584768996
32,206.5,1755.719954743336
32,206.60000000000002,1740.233942324193
32,206.70000000000002,1772.8193173604711
32,206.8,1758.3823351519436
32,206.9,1723.9349778196645
32,207.0,1732.006598956323
32,207.10000000000002,1742.7766207259315
32,207.20000000000002,1741.0726610438426
32,207.3,1746.5776155025906
32,207.4,1766.7772502359057
32,207.5,1740.132436149654
32,207.60000000000002,1732.7008403629663
32,207.70000000000002,1757.6005217023335
32,207.8,1764.6560602220843
32,207.9,1744.1931558661752
32,208.0,1698.6078220699844
32,208.10000000000002,1694.049851747737
32,208.20000000000002,1717.8287656861435
32,208.3,1716.4524313544282
32,208.4,1713.943904888493
32,208.5,1719.2087509477933
32,208.60000000000002,1719.5014974791432
32,208.70000000000002,1716.6913092050909
32,208.8,1714.0832648534717
32,208.9,1727.3085341604947
32,209.0,1741.078166897012
32,209.10000000000002,1739.9063509830496
32,209.20000000000002,1792.4102349955974
32,209.3,1905.3319993738078
32,209.4,1837.1217960740544
32,209.5,1734.5803613752744
32,209.60000000000002,1737.2198716813866
32,209.70000000000002,1735.8330779912555
32,209.8,1862.4750178226013
32,209.9,1873.9978583032196
32,210.0,1754.904738496072
32,210.10000000000002,1751.1588504494132
32,210.20000000000002,1757.5781748638756
32,210.3,1731.369092466495
32,210.4,1739.111206434735
32,210.5,1788.984904901017
32,210.60000000000002,1783.5284716109834
32,210.70000000000002,1741.109897825897
32,210.8,1731.920926790561
32,210.9,1724.5280768180855
32,211.0,1706.883263823825
32,211.10000000000002,1711.5856389914777
32,211.20000000000002,1727.1849366572949
32,211.3,1734.8892436570395
32,211.4,1748.155848330439
32,211.5,1752.0758283944144
32,211.60000000000002,1737.2870876399306
32,211.70000000000002,1730.934303987725
32,211.8,1817.5257479424297
32,211.9,1990.0583086136915
32,212.0,1908.3356877814792
32,212.10000000000002,1739.1570689814039
32,212.20000000000002,1734.470504560435
32,212.3,1730.9617433847777
32,212.4,1744.306919104039
32,212.5,1745.1879022069616
32,212.60000000000002,1727.973926457784
32,212.70000000000002,1735.2048447718967
32,212.8,1777.8437703911707
32,212.9,1769.4978248936031
32,213.0,1730.9960869631523
32,213.10000000000002,1746.1397174817769
32,213.20000000000002,1739.190468840421
32,213.3,1733.8190952275681
32,213.4,1742.2560301329645
32,213.5,1735.3119844064245
32,213.60000000000002,1738.161591555071
32,213.70000000000002,1747.316454899682
32,213.8,1752.2965742878182
32,213.9,1768.844792666411
32,214.0,1770.7843852484993
32,214.10000000000002,1747.4908768324512
32,214.20000000000002,1755.5791858299638
32,214.3,1747.6227013965708
32,214.4,1777.8929012743713
32,214.5,1786.647526094312
32,214.60000000000002,1914.5097873887107
32,214.70000000000002,1956.5864612478656
32,214.8,1879.665834891507
32,214.9,1866.811006266971
32,215.0,1781.9512275364632
32,215.10000000000002,1982.4212341877767
32,215.20000000000002,2338.280372641231
32,215.3,2240.4956523710393
32,215.4,1917.9722413666295
32,215.5,1792.7588632028937
32,215.60000000000002,1750.7430912773968
32,215.70000000000002,1750.484650254597
32,215.8,1745.6964318078462
32,215.9,1743.0484692790503
32,216.0,1754.2228304369894
32,216.10000000000002,1750.5768035142878
32,216.20000000000002,1795.5703253955717
32,216.3,1788.1077081896765
32,216.4,1728.2526395476457
32,216.5,1728.6409168181742
32,216.60000000000002,1745.4820141253917
32,216.70000000000002,1766.1259449907677
32,216.8,1761.167917504311
32,216.9,1753.1868287921425
32,217.0,1748.2334667735731
32,217.10000000000002,1752.4796918673082
32,217.20000000000002,1757.4014453217537
32,217.3,1753.2979004986166
32,217.4,1757.5135777222836
32,217.5,1738.8516718325566
32,217.60000000000002,1749.3324829889848
32,217.70000000000002,1767.0030054605793
32,217.8,1737.4639704119002
32,217.9,1735.0787500428928
32,218.0,1756.4494496249363
32,218.10000000000002,1741.9621651155578
32,218.20000000000002,1717.3931907904935
32,218.3,1717.1101587843948
32,218.4,1715.6708510691838
32,218.5,1731.9549396598763
32,218.60000000000002,1739.2893266547487
32,218.70000000000002,1734.7757799143155
32,218.8,1727.305315055362
32,218.9,1756.9288803282645
32,219.0,1764.0976925861235
32,219.10000000000002,1729.6286331388142
32,219.20000000000002,1730.0476269770093
32,219.3,1725.0567502695037
32,219.4,1733.0289958376527
32,219.5,1766.6460254203364
32,219.60000000000002,1785.7598596669243
32,219.70000000000002,1852.615693913703
32,219.8,2330.7651482731367
32,219.9,2666.5122771211004
32,220.0,2189.0603036281923
32,220.10000000000002,1751.1031752285667
32,220.20000000000002,1723.3934186688323
32,220.3,1721.3995222497315
32,220.4,1722.2515937630312
32,220.5,1749.8260537055878
32,220.60000000000002,1805.528338803357
32,220.70000000000002,1787.1543072270074
32,220.8,1728.6233468534183
32,220.9,1727.4321993256503
32,221.0,1730.8184906829338
32,221.10000000000002,1752.089937684001
32,221.20000000000002,1756.453435233499
32,221.3,1726.7983309255285
32,221.4,1713.8492130006894
32,221.5,1710.9761568392435
32,221.60000000000002,1730.9722485020077
32,221.70000000000002,1743.3869094979066
32,221.8,1743.656430582778
32,221.9,1741.9473876906
32,222.0,1751.5736589897988
32,222.10000000000002,1755.394159074392
32,222.20000000000002,1752.7003676423476
32,222.3,1752.691872731563
32,222.4,1755.5185677361085
32,222.5,1770.7078202081193
32,222.60000000000002,1766.2784861851835
32,222.70000000000002,1881.186932559923
32,222.8,1909.2153518865991
32,222.9,1761.4677984302919
32,223.0,1843.0539213414606
32,223.10000000000002,1829.9668108430515
32,223.20000000000002,1738.1568607588538
32,223.3,1742.8460745214584
32,223.4,1736.109239448888
32,223.5,1719.153947055011
32,223.60000000000002,1726.4202471494884
32,223.70000000000002,1717.6696941529071
32,223.8,1705.9437372854238
32,223.9,1744.934550611451
32,224.0,1765.5704780774913
32,224.10000000000002,1755.068957803441
32,224.20000000000002,1793.5433086405574
32,224.3,1795.532301053701
32,224.4,1758.4505128152591
32,224.5,1759.4470826891547
32,224.60000000000002,1743.4297547218873
32,224.70000000000002,1734.467959775439
32,224.8,1737.0423936397353
32,224.9,1743.4396800547115
32,225.0,1828.8617872783032
32,225.10000000000002,1915.3194590838057
32,225.20000000000002,1822.9512508131177
32,225.3,1757.4725870151033
32,225.4,1755.837154750724
32,225.5,1738.10762087971
32,225.60000000000002,1793.5099085604695
32,225.70000000000002,1779.3569267011665
32,225.8,1721.0879269764735
32,225.9,1741.7822519380763
32,226.0,1746.64099048756
32,226.10000000000002,1742.617890111523
32,226.20000000000002,1748.4960702502267
32,226.3,1732.1308556291046
32,226.4,1724.631286326486
32,226.5,1730.8897458073002
32,226.60000000000002,1741.5581741055883
32,226.70000000000002,1748.090151277336
32,226.8,1764.246888216239
32,226.9,1969.0072502927537
32,227.0,2162.272198577893
32,227.10000000000002,1970.337429690791
32,227.20000000000002,1750.2856500452117
32,227.3,1737.1066942463178
32,227.4,1724.2654016875517
32,227.5,1733.393506952073
32,227.60000000000002,1737.6812749083126
32,227.70000000000002,1935.4473996617287
32,227.8,2030.3590570833705
32,227.9,1756.9084252610344
32,228.0,1759.8539317310992
32,228.10000000000002,1770.8305748962796
32,228.20000000000002,1739.7146979502693
32,228.3,1725.8154008111396
32,228.4,1736.4143985788435
32,228.5,1735.5828178406327
32,228.60000000000002,1732.4070721172998
32,228.70000000000002,1741.7844651602013
32,228.8,1829.484724387025
32,228.9,1930.3692035271552
32,229.0,1827.8348519134736
32,229.10000000000002,1713.5766588745714
32,229.20000000000002,1697.8689082812482
32,229.3,1698.5569797290689
32,229.4,1735.5426168880429
32,229.5,1753.8357858417708
32,229.60000000000002,1758.6260210204302
32,229.70000000000002,1862.2532131407108
32,229.8,1825.0963034730546
32,229.9,1739.9328640146618
32,230.0,1750.9942784291018
32,230.10000000000002,1749.826956468743
32,230.20000000000002,1755.8939005526647
32,230.3,1739.8861198388256
32,230.4,1745.1655063012918
32,230.5,1745.3865519788594
32,230.60000000000002,1738.0293536917013
32,230.70000000000002,1733.5303344558426
32,230.8,1735.8719718982013
32,230.9,1727.4708459648346
32,231.0,1731.78681821886
32,231.10000000000002,1796.26882287436
32,231.20000000000002,1819.2919265163475
32,231.3,1754.7045837152687
32,231.4,1787.8093092122158
32,231.5,1773.8911017563423
32,231.60000000000002,1834.9565822561408
32,231.70000000000002,1856.6061922143429
32,231.8,1740.016385940893
32,231.9,1766.5197644425411
32,232.0,1774.910324157914
32,232.10000000000002,1733.8255749478108
32,232.20000000000002,1722.5959081921908
32,232.3,1723.6428064998531
32,232.4,1720.1725906559248
32,232.5,1718.8308980887318
32,232.60000000000002,1722.4352252867118
32,232.70000000000002,1722.929454713594
32,232.8,1718.4384585579967
32,232.9,1726.7957137591777
32,233.0,1726.4248440203016
32,233.10000000000002,1717.6226787437774
32,233.20000000000002,1726.3379555425302
32,233.3,1728.5745633862955
32,233.4,1797.0208379357607
32,233.5,1851.9728706557405
32,233.60000000000002,1744.6400614146073
32,233.70000000000002,1722.3000674831994
32,233.8,1739.1167725723378
32,233.9,1707.7122109325032
32,234.0,1710.4043089471577
32,234.10000000000002,1735.0797478878444
32,234.20000000000002,1742.7478591510549
32,234.3,1721.772172472135
32,234.4,1736.8810756627952
32,234.5,1738.6371985431306
32,234.60000000000002,1730.334819850779
64,0.0,2639.8269999999998
64,0.1,1972.4403988972313
64,0.2,1854.6025441988252
64,0.30000000000000004,1850.3776673592763
64,0.4,1865.297775509854
64,0.5,1614.4358876744773
64,0.6000000000000001,2109.3103591257195
64,0.7000000000000001,1982.9379821593493
64,0.8,1869.4553123344722
64,0.9,1833.8189812907606
64,1.0,1875.5002508065709
64,1.1,1965.2387642004935
64,1.2000000000000002,2143.380864095617
64,1.3,1903.803290583122
64,1.4000000000000001,1829.9333782527576
64,1.5,1853.2673497838737
64,1.6,1846.840738063818
64,1.7000000000000002,1870.2500754175396
64,1.8,1883.1814047867067
64,1.9000000000000001,1869.1246670854105
64,2.0,1842.1170513956338
64,2.1,1881.2812957305362
64,2.2,1861.7506091238786
64,2.3000000000000003,1857.3606588945097
64,2.4000000000000004,1876.8491431389978
64,2.5,1898.648875825341
64,2.6,1865.846653457429
64,2.7,1873.6291060820872
64,2.8000000000000003,1875.738455337865
64,2.9000000000000004,1800.478085158206
64,3.0,2267.7081657750823
64,3.1,1948.0933727961567
64,3.2,1862.3765973837021
64,3.3000000000000003,1861.3387076008453
64,3.4000000000000004,1877.2099118246824
64,3.5,1868.7956118258178
64,3.6,1880.5769582350601
64,3.7,1940.1727434561938
64,3.8000000000000003,2199.1971604185737
64,3.9000000000000004,2475.508197080067
64,4.0,2090.3237214806204
64,4.1000000000000005,2133.17131313349
64,4.2,2085.8374832637537
64,4.3,1942.5347245011933
64,4.4,2100.602055888773
64,4.5,1929.9259546074077
64,4.6000000000000005,1884.9106707525075
64,4.7,1887.9958264249494
64,4.800000000000001,1855.1869609661715
64,4.9,1863.1158656763575
64,5.0,1775.5715297834774
64,5.1000000000000005,1850.9970827523273
64,5.2,1861.1128851776837
64,5.300000000000001,1874.0023175921692
64,5.4,2083.4322945638246
64,5.5,2063.5080955836097
64,5.6000000000000005,1920.2258298176625
64,5.7,2146.4430808062566
64,5.800000000000001,2334.9186823740797
64,5.9,1971.8445839404458
64,6.0,1896.7548445796856
64,6.1000000000000005,1871.9770451671934
64,6.2,1882.4634332023552
64,6.300000000000001,1876.2513588329628
64,6.4,1876.0431531915706
64,6.5,1875.9551799842734
64,6.6000000000000005,1912.7502968880167
64,6.7,1885.2967567184771
64,6.800000000000001,1884.0921230964987
64,6.9,1923.7478160153264
64,7.0,1919.6993262237113
64,7.1000000000000005,1907.6223457219448
64,7.2,1959.1071209130096
64,7.300000000000001,1915.6062673792528
64,7.4,1866.9072358734863
64,7.5,1869.3279758865622
64,7.6000000000000005,1881.2394272721642
64,7.7,1874.1760028059741
64,7.800000000000001,1867.430780638782
64,7.9,1863.5775062048751
64,8.0,1873.2867642179558
64,8.1,1861.1133157870406
64,8.200000000000001,1986.6792323261368
64,8.3,2301.9233509085648
64,8.4,2600.137338282055
64,8.5,2689.2502087254065
64,8.6,2056.4806157545113
64,8.700000000000001,1893.5238600858777
64,8.8,1859.5681999780795
64,8.9,1885.7414478685432
64,9.0,1873.4812088003737
64,9.1,1886.7842668736582
64,9.200000000000001,2096.763029323462
64,9.3,1924.186792307727
64,9.4,1873.8989741477992
64,9.5,1871.051956927014
64,9.600000000000001,1881.1706714031093
64,9.700000000000001,1880.1452966313766
64,9.8,2069.2647892410932
64,9.9,1924.7051707373441
64,10.0,1875.4082420525895
64,10.100000000000001,1872.6638455014881
64,10.200000000000001,1952.3554604227588
64,10.3,1885.8401174832297
64,10.4,1873.7993617149953
64,10.5,1880.1225250082207
64,10.600000000000001,1921.0095367853185
64,10.700000000000001,1899.4898012038025
64,10.8,2005.1610947996942
64,10.9,2361.0219497761345
64,11.0,2028.0891551173204
64,11.100000000000001,1903.3560213939013
64,11.200000000000001,1867.9450689733064
64,11.3,1900.6097713699535
64,11.4,1900.0466575326798
64,11.5,1943.855149644481
64,11.600000000000001,2013.4319536493376
64,11.700000000000001,1905.2951708451765
64,11.8,1868.1129205478014
64,11.9,1879.5431711089295
64,12.0,1882.9968958384463
64,12.100000000000001,1992.0571620460341
64,12.200000000000001,1925.299100719862
64,12.3,1879.8900065614393
64,12.4,2034.5480665173418
64,12.5,1925.6330933550678
64,12.600000000000001,1928.9179601424005
64,12.700000000000001,2078.8689582683223
64,12.8,2102.0549664536607
64,12.9,2525.800326522872
64,13.0,2373.9717466645698
64,13.100000000000001,2557.045370241456
64,13.200000000000001,2166.6476705777445
64,13.3,1926.0913343809934
64,13.4,1950.4653835297204
64,13.5,1936.4786906946765
64,13.600000000000001,2606.0005567918042
64,13.700000000000001,2772.0804361335886
64,13.8,2753.5398278141533
64,13.9,2503.867403452987
64,14.0,2182.8228560103225
64,14.100000000000001,2314.3226024424634
64,14.200000000000001,1985.597618750501
64,14.3,1891.470805997193
64,14.4,1885.0674723441061
64,14.5,1873.7957605031704
64,14.600000000000001,1891.315426888498
64,14.700000000000001,2207.45703152244
64,14.8,1988.4614591309994
64,14.9,1861.9730793636118
64,15.0,1903.9576823769664
64,15.100000000000001,1897.925653392205
64,15.200000000000001,1910.1295042362867
64,15.3,1884.3968377336996
64,15.4,1949.9703871323015
64,15.5,1936.138660444258
64,15.600000000000001,1926.8597968527354
64,15.700000000000001,2234.780774826412
64,15.8,2099.278192768688
64,15.9,1965.09039177071
64,16.0,1908.3287284470125
64,16.1,1991.4615812979416
64,16.2,2480.8817731385066
64,16.3,2734.873575299529
64,16.400000000000002,2771.7835099308018
64,16.5,2755.329882763781
64,16.6,2759.2267190595226
64,16.7,2699.841807022578
64,16.8,2182.6185176354484
64,16.900000000000002,1928.3729319936501
64,17.0,1915.3422619792548
64,17.1,2024.0762543066924
64,17.2,2159.9559602735503
64,17.3,2042.0877111027435
64,17.400000000000002,1907.0444724265103
64,17.5,1906.5331892841823
64,17.6,1922.0169647858631
64,17.7,1938.2529647202352
64,17.8,1937.8140268748332
64,17.900000000000002,1905.8977833219355
64,18.0,1924.8815182133367
64,18.1,1888.9208479031777
64,18.2,1898.179481469302
64,18.3,1930.7087399132183
64,18.400000000000002,1901.5089267948272
64,18.5,1902.9240079275628
64,18.6,1918.230812134643
64,18.7,1913.4151176417886
64,18.8,1906.3354081794396
64,18.900000000000002,1917.6785039575136
64,19.0,2031.908276979017
64,19.1,1958.0951181519215
64,19.200000000000003,1894.3455786468971
64,19.3,1899.6552164904924
64,19.400000000000002,1890.7752576519727
64,19.5,2138.1248378397054
64,19.6,1996.080110639936
64,19.700000000000003,2080.831044341088
64,19.8,2047.744022888663
64,19.900000000000002,1955.6616487051601
64,20.0,1930.1427282022566
64,20.1,1928.7599083768212
64,20.200000000000003,1915.059426909118
64,20.3,1921.1712055616586
64,20.400000000000002,1954.895387744453
64,20.5,1917.1247460604923
64,20.6,1916.9739486947676
64,20.700000000000003,1888.337513210567
64,20.8,1903.4003472127113
64,20.900000000000002,2128.5904693760813
64,21.0,2053.656885001954
64,21.1,1907.7214080610365
64,21.200000000000003,1896.1767403410875
64,21.3,1895.93341449323
64,21.400000000000002,1902.5194532719192
64,21.5,2072.022830964772
64,21.6,1974.1101270680208
64,21.700000000000003,1908.699153522751
64,21.8,1988.6521376855599
64,21.900000000000002,2055.148366199916
64,22.0,1977.9113743089974
64,22.1,1981.0372110486028
64,22.200000000000003,1944.0420675982082
64,22.3,1926.0423452068571
64,22.400000000000002,1902.9701941324063
64,22.5,1892.6073788141268
64,22.6,1920.7169358005813
64,22.700000000000003,1965.345838532238
64,22.8,1913.3020011613685
64,22.900000000000002,1903.9616626966601
64,23.0,2038.9660720852098
64,23.1,1950.5197765054027
64,23.200000000000003,1894.0293185846358
64,23.3,1963.701752573876
64,23.400000000000002,1952.6193952086724
64,23.5,1926.318452514619
64,23.6,2346.7242747528458
64,23.700000000000003,2505.5662095348384
64,23.8,2084.4460823808586
64,23.900000000000002,2204.9308717776394
64,24.0,2605.3003385819266
64,24.1,2655.309129414959
64,24.200000000000003,2113.191712882105
64,24.3,1919.3822604256172
64,24.400000000000002,2371.934996612558
64,24.5,2361.204117729337
64,24.6,2484.662740583282
64,24.700000000000003,2332.771756234718
64,24.8,2001.188953496804
64,24.900000000000002,2073.8799392993915
64,25.0,2066.057580711035
64,25.1,1948.0371048191146
64,25.200000000000003,1928.3981282287127
64,25.3,2495.0478849189653
64,25.400000000000002,2755.5924711864736
64,25.5,2773.950835378218
64,25.6,2778.2668718705618
64,25.700000000000003,2233.8133992207963
64,25.8,2037.3772927894356
64,25.900000000000002,1984.129261804438
64,26.0,1946.958867442808
64,26.1,1920.9309822522991
64,26.200000000000003,2098.2863549799677
64,26.3,2027.1421693374464
64,26.400000000000002,1905.826168765889
64,26.5,1956.7054447367418
64,26.6,1935.7039485444263
64,26.700000000000003,1917.4427003471785
64,26.8,1894.765834064161
64,26.900000000000002,1920.5507051932098
64,27.0,1915.4255488738825
64,27.1,1907.5509612189026
64,27.200000000000003,1896.565147397918
64,27.3,1891.923349215593
64,27.400000000000002,2266.742700301202
64,27.5,2148.484329452608
64,27.6,1930.136743373673
64,27.700000000000003,2037.6141532297017
64,27.8,2004.0246508288546
64,27.900000000000002,1897.7683897526786
64,28.0,1888.3437055577265
64,28.1,1904.4427368024744
64,28.200000000000003,1929.7745904728326
64,28.3,1972.3963932898544
64,28.400000000000002,1914.3680419664342
64,28.5,1891.8720379637043
64,28.6,1963.2038026792493
64,28.700000000000003,2109.622310830902
64,28.8,2176.3640247970397
64,28.900000000000002,1984.1424179861745
64,29.0,1960.6476081602407
64,29.1,2013.1595966630373
64,29.200000000000003,2296.2132614449933
64,29.3,2073.9275303150566
64,29.400000000000002,1903.93014296049
64,29.5,1890.2018370037124
64,29.6,1892.6722036810052
64,29.700000000000003,2150.297129623145
64,29.8,2010.4740679670665
64,29.900000000000002,1878.2700788210625
64,30.0,1907.1947846408257
64,30.1,1898.4219270124017
64,30.200000000000003,1893.0370257230209
64,30.3,1904.5066392310111
64,30.400000000000002,1907.4248732255487
64,30.5,1904.9435658394195
64,30.6,1893.1322335909183
64,30.700000000000003,2016.5712440880843
64,30.8,2052.920486066538
64,30.900000000000002,2116.026156397264
64,31.0,1992.4216879722449
64,31.1,1906.2912317760483
64,31.200000000000003,1904.6773479126161
64,31.3,1878.4576943480838
64,31.400000000000002,2290.4818916355644
64,31.5,2455.9677662925633
64,31.6,2527.4553270921965
64,31.700000000000003,2197.392270397704
64,31.8,1932.5113781130556
64,31.900000000000002,1911.9139947086599
64,32.0,2296.1009055521668
64,32.1,2125.460654078542
64,32.2,1934.926331559685
64,32.300000000000004,1894.9876827417918
64,32.4,1956.567677536489
64,32.5,1942.5286745765295
64,32.6,1883.611390035739
64,32.7,1882.913887511259
64,32.800000000000004,1918.7089158087124
64,32.9,2034.319018330063
64,33.0,1958.5678109338703
64,33.1,1902.298398279683
64,33.2,1903.972696872096
64,33.300000000000004,1887.8303788494707
64,33.4,1956.3527123507781
64,33.5,1937.043225709908
64,33.6,2230.30241481288
64,33.7,2066.8223744149273
64,33.800000000000004,1928.6329471682131
64,33.9,1952.2275405357102
64,34.0,2068.462804145769
64,34.1,1998.2820754530371
64,34.2,1915.469055437258
64,34.300000000000004,1914.1805085024916
64,34.4,1916.5624498839557
64,34.5,1946.710685032991
64,34.6,1908.9449124959779
64,34.7,1912.1828121083747
64,34.800000000000004,1948.1860033684102
64,34.9,1913.2155787103347
64,35.0,1917.7313836901772
64,35.1,1906.7604919431544
64,35.2,1907.6983521625953
64,35.300000000000004,1931.3453719703252
64,35.4,1951.2401567774032
64,35.5,1971.6791828934702
64,35.6,2232.2979271427607
64,35.7,2171.5913959853797
64,35.800000000000004,1987.0791130126001
64,35.9,1931.5146594263715
64,36.0,1978.5343535002405
64,36.1,1993.4049049891578
64,36.2,1927.0613276016932
64,36.300000000000004,1909.8956365090344
64,36.4,1943.4919093620351
64,36.5,1904.5157868507526
64,36.6,1901.2801132346676
64,36.7,1873.8343547555544
64,36.800000000000004,1891.4068675672288
64,36.9,1890.7536444312598
64,37.0,1901.2141797897102
64,37.1,1947.4611308742592
64,37.2,2257.6306407890293
64,37.300000000000004,2039.8618865006035
64,37.4,2053.0848846843146
64,37.5,2267.9611342743724
64,37.6,2161.5700799800766
64,37.7,2070.0912675022337
64,37.800000000000004,2040.9635671468075
64,37.9,1937.405792446358
64,38.0,2112.6283386855434
64,38.1,2092.0970896233866
64,38.2,1974.128678620583
64,38.300000000000004,1946.4994336176896
64,38.400000000000006,1900.6457125072043
64,38.5,1903.211659684791
64,38.6,1920.5673292819156
64,38.7,1907.4222485206333
64,38.800000000000004,1915.3508993566202
64,38.900000000000006,1941.6804429011258
64,39.0,1910.328830927624
64,39.1,1911.9282721980635
64,39.2,1952.017493109341
64,39.300000000000004,1945.3794941152346
64,39.400000000000006,1929.4695361874599
64,39.5,1917.3705938127723
64,39.6,1963.031151537768
64,39.7,1967.3205527909747
64,39.800000000000004,1939.9509716627065
64,39.900000000000006,1938.0094377221455
64,40.0,1928.043073835561
64,40.1,2126.1211822213163
64,40.2,2048.551606639525
64,40.300000000000004,2027.728824356403
64,40.400000000000006,2022.9350387658753
64,40.5,1949.5367012166935
64,40.6,1925.4622299304685
64,40.7,1996.9135411190068
64,40.800000000000004,1974.2589452589343
64,40.900000000000006,1937.1770393994348
64,41.0,1926.0632567933003
64,41.1,1919.2845669663432
64,41.2,1912.1936272862656
64,41.300000000000004,1907.6903024002136
64,41.400000000000006,1920.0144959092654
64,41.5,1918.2128017041719
64,41.6,1920.2703161108307
64,41.7,1910.067733625294
64,41.800000000000004,1918.616080943963
64,41.900000000000006,1919.8479925560548
64,42.0,1907.071768735928
64,42.1,1910.3166468795275
64,42.2,1929.7112048804324
64,42.300000000000004,2047.3414769594137
64,42.400000000000006,1992.6856187074245
64,42.5,1975.330458354481
64,42.6,1984.1030227579347
64,42.7,2286.1633609556097
64,42.800000000000004,2149.5116493412484
64,42.900000000000006,1972.2620910974279
64,43.0,2084.5055918304133
64,43.1,1999.740183259623
64,43.2,1922.7976318544347
64,43.300000000000004,1933.0328698568903
64,43.400000000000006,1927.2348300283793
64,43.5,1950.6018158526822
64,43.6,2082.484843106495
64,43.7,1996.2130982598362
64,43.800000000000004,1904.9063133208645
64,43.900000000000006,1916.9926348787947
64,44.0,1914.5888605105529
64,44.1,1923.7335136759839
64,44.2,1949.7665408210883
64,44.300000000000004,1948.1276582625449
64,44.400000000000006,1929.6603114081736
64,44.5,1929.938289425462
64,44.6,1920.2741916499067
64,44.7,1907.0161946447379
64,44.800000000000004,1909.9716386688783
64,44.900000000000006,2000.5720312706337
64,45.0,1996.1229403431023
64,45.1,1970.9582427864068
64,45.2,2062.068810526069
64,45.300000000000004,1975.0618371546523
64,45.400000000000006,1940.7836490341122
64,45.5,1965.7060923942636
64,45.6,1932.3456325934942
64,45.7,1931.6415745423792
64,45.800000000000004,1889.2027947378667
64,45.900000000000006,1995.967829543795
64,46.0,2047.4325207561465
64,46.1,2023.816287895403
64,46.2,1981.4007213267857
64,46.300000000000004,1906.1718579749484
64,46.400000000000006,1895.5215721389307
64,46.5,2005.5678599212704
64,46.6,1994.0095682691256
64,46.7,1966.0130972385657
64,46.800000000000004,2122.83905025437
64,46.900000000000006,2053.9456830345152
64,47.0,1906.7540122152866
64,47.1,2003.4206056917824
64,47.2,2040.3458835888296
64,47.300000000000004,1966.3173128079363
64,47.400000000000006,1931.0706101362455
64,47.5,1898.4415337841704
64,47.6,2268.7698590769355
64,47.7,2309.3423080909915
64,47.800000000000004,2090.745841106287
64,47.900000000000006,2073.4503704537883
64,48.0,1974.0903689802747
64,48.1,1934.449857698412
64,48.2,2199.0056240745844
64,48.300000000000004,2134.8069719948544
64,48.400000000000006,1913.8247574394834
64,48.5,1892.0250927744403
64,48.6,1900.32836184578
64,48.7,1899.1999027496004
64,48.800000000000004,1948.8740626590009
64,48.900000000000006,1969.4349346040276
64,49.0,1931.1382072108352
64,49.1,1980.6870850623316
64,49.2,2174.5136582512127
64,49.300000000000004,2222.3752776809006
64,49.400000000000006,2011.2670070684956
64,49.5,1910.38975991803
64,49.6,1893.6228165572516
64,49.7,1874.354405539723
64,49.800000000000004,1917.459636639878
64,49.900000000000006,1937.3177472674363
64,50.0,1911.1347623593217
64,50.1,1921.462182935808
64,50.2,1996.4566371352828
64,50.300000000000004,1961.1682224147978
64,50.400000000000006,1973.7482357879912
64,50.5,1964.1260139564697
64,50.6,2166.3582679101837
64,50.7,2133.744966729562
64,50.800000000000004,1949.674540291423
64,50.900000000000006,1987.3879616773097
64,51.0,1994.0415836669338
64,51.1,2190.110841660616
64,51.2,2297.545936317473
64,51.300000000000004,2056.6030021355036
64,51.400000000000006,1912.0886035341725
64,51.5,1898.2361753216737
64,51.6,1902.36188610671
64,51.7,1900.4963947729354
64,51.800000000000004,2014.7311099160852
64,51.900000000000006,1998.4313834705733
64,52.0,2273.5021431703103
64,52.1,2607.6841953152257
64,52.2,2224.555820882933
64,52.300000000000004,1903.4572971699808
64,52.400000000000006,2063.9878206850362
64,52.5,2027.6409501407088
64,52.6,1926.9103364793746
64,52.7,1913.5878801548797
64,52.800000000000004,1888.9595277787976
64,52.900000000000006,1909.8195710763175
64,53.0,1911.936654656236
64,53.1,1917.3125752044891
64,53.2,1910.1156441446349
64,53.300000000000004,1903.1628642274552
64,53.400000000000006,1895.7312216313444
64,53.5,1903.725230331697
64,53.6,1908.872670980932
64,53.7,1885.5543476555158
64,53.800000000000004,1867.209199441452
64,53.900000000000006,1876.1469189268548
64,54.0,1915.3675075703782
64,54.1,1912.1202152414073
64,54.2,1910.3829159706445
64,54.300000000000004,1921.7266365041764
64,54.400000000000006,1941.9417809261722
64,54.5,2083.3030153979225
64,54.6,2152.642618321235
64,54.7,2032.1504216480205
64,54.800000000000004,2062.908720173859
64,54.900000000000006,2176.468299269421
64,55.0,2144.5943670096412
64,55.1,2053.946065726007
64,55.2,1983.5613502050412
64,55.300000000000004,1961.1784741563933
64,55.400000000000006,2300.8597121669704
64,55.5,2591.6722794073494
64,55.6,2244.4278321732554
64,55.7,1934.7182865998539
64,55.800000000000004,1894.3678129167206
64,55.900000000000006,1913.8574956336552
64,56.0,1948.9544238085366
64,56.1,1941.9546468087235
64,56.2,1943.6755775620636
64,56.300000000000004,1936.1716069016782
64,56.400000000000006,2143.7084458392637
64,56.5,2190.225813192207
64,56.6,1973.3283337344321
64,56.7,1914.774071005512
64,56.800000000000004,1903.1599181625586
64,56.900000000000006,1901.4614302936604
64,57.0,1913.2661380611064
64,57.1,2081.974514059512
64,57.2,2086.8470605418456
64,57.300000000000004,1947.0917347876648
64,57.400000000000006,1919.789460680906
64,57.5,1904.0858205590732
64,57.6,1901.727592073545
64,57.7,1896.332366043392
64,57.800000000000004,1914.7507948510583
64,57.900000000000006,1917.4457565163514
64,58.0,1921.7095549447408
64,58.1,1922.1512689223216
64,58.2,1921.2583716774525
64,58.300000000000004,1907.3475769402114
64,58.400000000000006,1901.9772956820511
64,58.5,1923.585203418099
64,58.6,1909.4291833782863
64,58.7,1919.4928524670017
64,58.800000000000004,1923.8759129165512
64,58.900000000000006,1902.173678015516
64,59.0,1901.7593494799796
64,59.1,1894.518773692136
64,59.2,1912.8533114380077
64,59.300000000000004,1912.8258610810844
64,59.400000000000006,1901.2403545643228
64,59.5,1886.955374608621
64,59.6,1900.3899224029767
64,59.7,1940.40847656839
64,59.800000000000004,1918.0888874769137
64,59.900000000000006,1908.451626092304
64,60.0,1919.2565381185902
64,60.1,1927.8108768436032
64,60.2,1991.5092800618531
64,60.300000000000004,1994.7016750917317
64,60.400000000000006,2001.8410950342234
64,60.5,2080.6756597073963
64,60.6,2051.7167857749105
64,60.7,2038.104637437454
64,60.800000000000004,2013.3322532838276
64,60.900000000000006,1936.6472218481258
64,61.0,1952.5577632865668
64,61.1,2103.8619180810947
64,61.2,2368.42622358265
64,61.300000000000004,2259.590547819228
64,61.400000000000006,1963.9675601420097
64,61.5,2159.6216214161805
64,61.6,2415.923067535779
64,61.7,2189.2413123204688
64,61.800000000000004,1951.1975850947786
64,61.900000000000006,1944.9423017807212
64,62.0,1929.944580797358
64,62.1,1956.7145775298525
64,62.2,2019.8540971773994
64,62.300000000000004,2256.3418504778892
64,62.400000000000006,2463.5472519203
64,62.5,2207.998053983534
64,62.6,2142.553903585629
64,62.7,2516.7196220902206
64,62.800000000000004,2669.993499408336
64,62.900000000000006,2551.866382900159
64,63.0,2220.489705341867
64,63.1,1979.0784384746437
64,63.2,2205.2250093168664
64,63.300000000000004,2203.4755469830443
64,63.400000000000006,1958.1651089470738
64,63.5,1955.5724896800848
64,63.6,1991.480173007493
64,63.7,2031.6563664027285
64,63.800000000000004,2063.775705730752
64,63.900000000000006,2060.41133822031
64,64.0,1969.6589929468728
64,64.10000000000001,2018.4087875175876
64,64.2,2024.0925589539124
64,64.3,1925.9873727911522
64,64.4,2091.1198466899914
64,64.5,2111.554127368258
64,64.60000000000001,1923.6417567014244
64,64.7,1922.597751134812
64,64.8,1916.4803844927956
64,64.9,1920.174967337369
64,65.0,1952.66334579074
64,65.10000000000001,1973.8649563772308
64,65.2,1930.327115423009
64,65.3,1903.9642460077957
64,65.4,1990.1803736134
64,65.5,2015.6873092710546
64,65.60000000000001,1955.028429777084
64,65.7,2271.550940531711
64,65.8,2577.662542853333
64,65.9,2241.8481123980114
64,66.0,1960.263591280602
64,66.10000000000001,2060.0438560577327
64,66.2,2035.5083932765326
64,66.3,1973.356804313863
64,66.4,2017.9433426073522
64,66.5,1976.1361686940195
64,66.60000000000001,1934.0849752771876
64,66.7,1937.1611487781809
64,66.8,1964.5953937606994
64,66.9,2006.7025929200274
64,67.0,1990.9282028889847
64,67.10000000000001,2115.615736870982
64,67.2,2132.2921490901704
64,67.3,1926.6949943021896
64,67.4,1923.1231197636284
64,67.5,1927.3841151482513
64,67.60000000000001,1943.2462729237905
64,67.7,1932.5199028079867
64,67.8,1925.3863715466252
64,67.9,1948.6309402148836
64,68.0,1958.9451439631323
64,68.10000000000001,1938.9325702073802
64,68.2,1941.9228481072025
64,68.3,1942.7425522306132
64,68.4,1927.9155714107344
64,68.5,1925.9080870064577
64,68.60000000000001,1920.8548579200215
64,68.7,1938.6212825627483
64,68.8,1949.5374830614533
64,68.9,2033.6540029690816
64,69.0,2066.538237770719
64,69.10000000000001,1958.7889800582332
64,69.2,2148.435501221074
64,69.3,2302.607532547329
64,69.4,2101.607996341357
64,69.5,1966.1358586617232
64,69.60000000000001,1933.2729932188306
64,69.7,1936.2453508321014
64,69.8,1945.6061382771456
64,69.9,1958.1056323585738
64,70.0,2060.2285872726147
64,70.10000000000001,2223.387399371418
64,70.2,2100.063586899111
64,70.3,1925.2228778194244
64,70.4,2019.3144901864473
64,70.5,2392.3933236678836
64,70.60000000000001,2690.417177751299
64,70.7,2666.552605833196
64,70.8,2690.9934156789836
64,70.9,2377.691634856679
64,71.0,1908.061926308942
64,71.10000000000001,1889.5790056767635
64,71.2,1922.9527219173258
64,71.3,1970.7332632444272
64,71.4,1991.8420945584232
64,71.5,1936.041550141184
64,71.60000000000001,1929.2124247082847
64,71.7,2177.494863910917
64,71.8,2204.3467339962417
64,71.9,1903.8653472878073
64,72.0,1939.2628891194993
64,72.10000000000001,1937.5552691585283
64,72.2,1927.1889759812043
64,72.3,1949.3628394126692
64,72.4,1971.0319380408291
64,72.5,2001.879033655977
64,72.60000000000001,1981.5082268762808
64,72.7,2114.341391598502
64,72.8,2426.3345963368083
64,72.9,2275.6138520236946
64,73.0,1977.4922493024762
64,73.10000000000001,1970.4955747083593
64,73.2,1961.2506560947515
64,73.3,1927.8913658510885
64,73.4,1945.0834576115692
64,73.5,1918.5103554338866
64,73.60000000000001,1911.2572817048958
64,73.7,1921.4111223890054
64,73.8,2064.836319279174
64,73.9,2119.594085298337
64,74.0,2129.892920199002
64,74.10000000000001,2210.949682325877
64,74.2,1921.8895154656075
64,74.3,1955.563432069095
64,74.4,1976.788232646474
64,74.5,1933.9511385484898
64,74.60000000000001,1916.3371549885742
64,74.7,1909.7884637300847
64,74.8,1911.1135786466707
64,74.9,1932.4425224912281
64,75.0,1959.9228135184528
64,75.10000000000001,1964.6069417559559
64,75.2,1944.6676016368938
64,75.3,1953.7649382441284
64,75.4,2016.8033436120802
64,75.5,2000.9014548140383
64,75.60000000000001,1994.9946895202054
64,75.7,2009.1481099589682
64,75.8,1941.810874611318
64,75.9,1940.6548123390792
64,76.0,1944.3846890023065
64,76.10000000000001,1925.8031690047542
64,76.2,1954.190815838723
64,76.3,1985.2697394583743
64,76.4,1941.2451134724017
64,76.5,1960.6568019800095
64,76.60000000000001,1991.5699860908833
64,76.7,2037.019558889465
64,76.80000000000001,2053.8969436372804
64,76.9,1950.123913419492
64,77.0,1952.7807382507322
64,77.10000000000001,1970.012827317414
64,77.2,1992.1174860045562
64,77.30000000000001,2001.9134250681402
64,77.4,1977.7706737043234
64,77.5,1975.1229941418426
64,77.60000000000001,2004.6846827436152
64,77.7,2034.2463713453835
64,77.80000000000001,2022.2078945260032
64,77.9,1958.1141827805543
64,78.0,1970.239827930317
64,78.10000000000001,2005.581373290977
64,78.2,1940.3515320982372
64,78.30000000000001,1921.7945611471455
64,78.4,1957.4728540888184
64,78.5,1953.705937135123
64,78.60000000000001,1960.2777115296512
64,78.7,2029.779120952578
64,78.80000000000001,2022.4778712012655
64,78.9,1941.0241067021534
64,79.0,1934.478802541973
64,79.10000000000001,2020.9158414120616
64,79.2,2079.8618694906204
64,79.30000000000001,1973.4166280136428
64,79.4,1939.7460804449079
64,79.5,1926.7351865982305
64,79.60000000000001,1929.2695543345283
64,79.7,1938.6066243316607
64,79.80000000000001,1949.7224973278467
64,79.9,1935.0889428267792
64,80.0,1972.7773925493307
64,80.10000000000001,2065.395646744212
64,80.2,2077.4286154966762
64,80.30000000000001,1979.207814162797
64,80.4,1914.7499536434632
64,80.5,1907.0820694637061
64,80.60000000000001,1947.382342475199
64,80.7,1930.1245917467693
64,80.80000000000001,1922.7859307954077
64,80.9,1939.8962148283365
64,81.0,1945.1777910415753
64,81.10000000000001,1930.8349766304866
64,81.2,1930.6020248609632
64,81.30000000000001,1945.5687241932403
64,81.4,1935.814564387967
64,81.5,1935.683351623764
64,81.60000000000001,1976.3513426549482
64,81.7,1994.783770373193
64,81.80000000000001,1965.9098866784552
64,81.9,1994.674033058989
64,82.0,1991.8002046645952
64,82.10000000000001,1931.295902717439
64,82.2,1928.3248243806538
64,82.30000000000001,1940.4804020251981
64,82.4,1966.2755781091357
64,82.5,1919.215251980756
64,82.60000000000001,1932.7953727949716
64,82.7,2132.1275123735127
64,82.80000000000001,2261.215891997721
64,82.9,1968.5480428005626
64,83.0,1942.8005652739585
64,83.10000000000001,2177.921437447211
64,83.2,2615.2367927313335
64,83.30000000000001,2451.0828881700886
64,83.4,1947.4485772402347
64,83.5,2082.533183261768
64,83.60000000000001,2202.889607348989
64,83.7,1955.7947485920834
64,83.80000000000001,2033.8011449816622
64,83.9,2136.085972048091
64,84.0,1968.958002094548
64,84.10000000000001,2013.113078930205
64,84.2,2149.1043109104207
64,84.30000000000001,2061.610173685651
64,84.4,1935.3579379128305
64,84.5,1982.2860787475872
64,84.60000000000001,1958.9459492547712
64,84.7,1935.8560761355582
64,84.80000000000001,1953.1745701335783
64,84.9,1952.2668270571733
64,85.0,1966.8451085248598
64,85.10000000000001,1907.6869725309673
64,85.2,1908.847594372774
64,85.30000000000001,1920.6984363626502
64,85.4,1963.7515363690497
64,85.5,1937.8845586553973
64,85.60000000000001,1929.0057806200084
64,85.7,1913.2218571684555
64,85.80000000000001,2010.57949884964
64,85.9,2089.787946586972
64,86.0,1927.4076059076676
64,86.10000000000001,1929.6030722419885
64,86.2,1933.4670684604564
64,86.30000000000001,1922.1523190683254
64,86.4,1924.975017221973
64,86.5,1922.5296961272522
64,86.60000000000001,1977.908748274125
64,86.7,2121.117019109006
64,86.80000000000001,2106.29320166972
64,86.9,2170.354291540359
64,87.0,2502.137695809328
64,87.10000000000001,2141.5953025939643
64,87.2,1928.6713446381457
64,87.30000000000001,1906.7149371707335
64,87.4,1938.3657209652526
64,87.5,1926.9613470762458
64,87.60000000000001,1900.483923047636
64,87.7,1922.8959510755055
64,87.80000000000001,1905.2223424566096
64,87.9,1913.0226580365727
64,88.0,1964.0329234284898
64,88.10000000000001,1933.2552713939829
64,88.2,1920.1617730867208
64,88.30000000000001,1934.5716866220457
64,88.4,2147.278017758869
64,88.5,2360.0114801421078
64,88.60000000000001,1944.522437685356
64,88.7,1916.294524691843
64,88.80000000000001,2106.0422656289243
64,88.9,2326.8791800830845
64,89.0,1958.68501110661
64,89.10000000000001,1921.4494829737216
64,89.2,1947.0825928529055
64,89.30000000000001,1940.046975769988
64,89.4,1909.2910555410501
64,89.5,1958.044325075474
64,89.60000000000001,1968.1698957815852
64,89.7,1896.834323355089
64,89.80000000000001,1903.5734835159776
64,89.9,1893.226997347886
64,90.0,1911.7670788773269
64,90.10000000000001,1908.159389911952
64,90.2,1938.5161167682986
64,90.30000000000001,2031.9967385860705
64,90.4,2005.2532614920876
64,90.5,1922.0910465125146
64,90.60000000000001,1916.6212670502991
64,90.7,1949.1563506711293
64,90.80000000000001,1925.7224684258454
64,90.9,1999.7241619617566
64,91.0,2172.65755195486
64,91.10000000000001,2216.6684745853704
64,91.2,2056.225928717287
64,91.30000000000001,1945.752729878412
64,91.4,1970.3179584321856
64,91.5,1917.6103680967415
64,91.60000000000001,1924.1285771642417
64,91.7,2035.8960853395142
64,91.80000000000001,2065.985930512246
64,91.9,1912.3206654107566
64,92.0,1937.5028179797127
64,92.10000000000001,1926.4745188735874
64,92.2,1957.670910385777
64,92.30000000000001,1927.2421006083482
64,92.4,1953.2475975559091
64,92.5,1913.6415140641866
64,92.60000000000001,1934.944976720807
64,92.7,1905.5274929575125
64,92.80000000000001,1931.1460246437057
64,92.9,2041.1316197803253
64,93.0,2235.3545058069435
64,93.10000000000001,2102.124073847728
64,93.2,2271.750598330581
64,93.30000000000001,2363.1888802055228
64,93.4,1937.7488345072911
64,93.5,1982.6047236897286
64,93.60000000000001,2024.3961828699034
64,93.7,1926.156250791464
64,93.80000000000001,1909.3279791186308
64,93.9,1901.358494593745
64,94.0,1917.0608185912297
64,94.10000000000001,1925.5910461367955
64,94.2,1917.3688114881857
64,94.30000000000001,1956.4612372343654
64,94.4,1911.1428511378117
64,94.5,1913.5147516423033
64,94.60000000000001,1928.425654591722
64,94.7,1982.6779330100796
64,94.80000000000001,2098.96663901939
64,94.9,2094.2148877131986
64,95.0,2396.548163688916
64,95.10000000000001,2167.183653578547
64,95.2,1924.1777947396145
64,95.30000000000001,1950.2422558430615
64,95.4,1965.9566071964127
64,95.5,1997.5500701328408
64,95.60000000000001,2063.7869639096334
64,95.7,1972.8544154274396
64,95.80000000000001,2077.1226244429936
64,95.9,1989.1588598819146
64,96.0,2059.33961044259
64,96.10000000000001,2022.6307541360625
64,96.2,2062.5903617920103
64,96.30000000000001,1888.335071094672
64,96.4,1928.4293774102143
64,96.5,1904.6237723763595
64,96.60000000000001,1899.7929412031563
64,96.7,1906.750322577388
64,96.80000000000001,1938.3490348157331
64,96.9,1904.4870652820716
64,97.0,1916.4835051718837
64,97.10000000000001,1906.1922706266987
64,97.2,1909.5571589602082
64,97.30000000000001,1913.1866070274973
64,97.4,1929.2168336075729
64,97.5,1913.2211963180243
64,97.60000000000001,1917.7436332738382
64,97.7,1893.683533109668
64,97.80000000000001,1927.1588705490997
64,97.9,1917.883356288319
64,98.0,1905.316841478583
64,98.10000000000001,1897.866150434878
64,98.2,1902.1310196229117
64,98.30000000000001,1913.262359878475
64,98.4,1915.8210100956614
64,98.5,1916.1761594399395
64,98.60000000000001,1940.6237666255186
64,98.7,2083.031940155716
64,98.80000000000001,2412.6816666893305
64,98.9,2030.387534476159
64,99.0,1925.6100735299024
64,99.10000000000001,1948.7465074114168
64,99.2,1930.7631036860741
64,99.30000000000001,2183.135204834386
64,99.4,2455.4660873435787
64,99.5,2030.2066067801536
64,99.60000000000001,2039.3128546112976
64,99.7,2283.4259706629387
64,99.80000000000001,2096.2400592729605
64,99.9,1896.580406283062
64,100.0,1911.0105207060972
64,100.10000000000001,1980.8200053571568
64,100.2,2176.149183669072
64,100.30000000000001,2269.8508658874507
64,100.4,1945.6662768433075
64,100.5,1925.9582381410773
64,100.60000000000001,2000.857879598192
64,100.7,2204.8950101707514
64,100.80000000000001,2145.2842325369043
64,100.9,1977.8017380871656
64,101.0,1922.4010748177095
64,101.10000000000001,1932.2725819811706
64,101.2,1932.250162982891
64,101.30000000000001,1922.4067713744435
64,101.4,1897.1211635818697
64,101.5,1901.8477726409544
64,101.60000000000001,1930.9965552011176
64,101.7,1908.8728800690951
64,101.80000000000001,1927.019324069853
64,101.9,1931.1456249581836
64,102.0,1914.386537349208
64,102.10000000000001,1911.3150841124882
64,102.2,1913.6508109592112
64,102.30000000000001,2078.704950477211
64,102.4,2400.3145257127826
64,102.5,1964.7394128274896
64,102.60000000000001,1930.513176012309
64,102.7,1923.4360664449248
64,102.80000000000001,2061.6045276619498
64,102.9,2205.6680725821
64,103.0,2126.052226228118
64,103.10000000000001,1950.8210359582238
64,103.2,1938.037384765092
64,103.30000000000001,1962.0559227333474
64,103.4,1966.6733035611517
64,103.5,2184.360522248009
64,103.60000000000001,2720.4278424608146
64,103.7,2675.471250511329
64,103.80000000000001,2513.583926913418
64,103.9,1906.5923781675388
64,104.0,1904.9814898379796
64,104.10000000000001,2034.143200390329
64,104.2,2290.9532750696776
64,104.30000000000001,1951.3684966047506
64,104.4,2028.8762449824915
64,104.5,1929.9999591098617
64,104.60000000000001,2023.99518047665
64,104.7,2180.302991918028
64,104.80000000000001,1938.9263327030446
64,104.9,1922.5280741057554
64,105.0,1943.8764597491095
64,105.10000000000001,1953.6860542508832
64,105.2,1990.7624053389522
64,105.30000000000001,2057.8176851714056
64,105.4,2044.0364111661124
64,105.5,2008.989588459119
64,105.60000000000001,2212.1901745357522
64,105.7,1970.9277565206264
64,105.80000000000001,2091.5846597746554
64,105.9,1937.6286416020512
64,106.0,1933.4734084995355
64,106.10000000000001,1911.2208003807839
64,106.2,1908.2304123867589
64,106.30000000000001,1937.146224911892
64,106.4,1904.7829894371657
64,106.5,1914.8612746615456
64,106.60000000000001,1919.544765710594
64,106.7,1934.839099404526
64,106.80000000000001,2059.4156515765576
64,106.9,2076.6457710868563
64,107.0,1901.81581353501
64,107.10000000000001,1906.540635044333
64,107.2,1904.969185471408
64,107.30000000000001,2019.4644977697003
64,107.4,2410.0978361591206
64,107.5,2693.592064588992
64,107.60000000000001,2513.2692504619677
64,107.7,1913.8755329725661
64,107.80000000000001,1920.3122816242758
64,107.9,1915.5715467331693
64,108.0,1953.8582519086879
64,108.10000000000001,1932.6575616447096
64,108.2,2012.670570964125
64,108.30000000000001,1902.954775756654
64,108.4,1915.3020006252445
64,108.5,1908.4465796643929
64,108.60000000000001,1941.5580085627157
64,108.7,1951.8282059265048
64,108.80000000000001,1945.8316886297455
64,108.9,1933.5981325666828
64,109.0,1920.7868788408794
64,109.10000000000001,1959.5340435960313
64,109.2,1908.9329861559359
64,109.30000000000001,1971.3022753344603
64,109.4,2154.351038905124
64,109.5,2009.4807139194845
64,109.60000000000001,1893.0125440875947
64,109.7,1932.5770879170198
64,109.80000000000001,1906.0422251386256
64,109.9,1933.1086313851044
64,110.0,1898.7385314582002
64,110.10000000000001,1945.203052934094
64,110.2,1912.9323653320378
64,110.30000000000001,1919.6163930912483
64,110.4,1885.0325044957106
64,110.5,1921.014818088683
64,110.60000000000001,1931.2261512545638
64,110.7,2068.361534356841
64,110.80000000000001,1958.1246021069026
64,110.9,2060.388654912839
64,111.0,2041.8882158059782
64,111.10000000000001,1910.7690539996772
64,111.2,1920.6699587356584
64,111.30000000000001,1922.5662874759632
64,111.4,1920.5788292507173
64,111.5,1905.4659611868392
64,111.60000000000001,1906.8413483253437
64,111.7,1919.379361674944
64,111.80000000000001,1937.273809805891
64,111.9,1920.9398821548823
64,112.0,1918.2280321913468
64,112.10000000000001,1922.0119425575895
64,112.2,1987.0480553394373
64,112.30000000000001,2009.5017781040867
64,112.4,2134.763217377427
64,112.5,1917.4668716081799
64,112.60000000000001,1965.923431541924
64,112.7,1938.8674325132297
64,112.80000000000001,1960.54741166331
64,112.9,2133.0403661867513
64,113.0,1923.6062842304916
64,113.10000000000001,1916.9315499853574
64,113.2,2014.6038818850518
64,113.30000000000001,1937.664349031967
64,113.4,1911.2739008442486
64,113.5,1906.1229958184617
64,113.60000000000001,1906.604931663602
64,113.7,1914.5631989925175
64,113.80000000000001,1905.570628611731
64,113.9,1907.1465352834812
64,114.0,1935.7769463563188
64,114.10000000000001,1920.4142812970629
64,114.2,1913.280735987874
64,114.30000000000001,1873.9350401160975
64,114.4,1921.6804890348217
64,114.5,1912.8392466327539
64,114.60000000000001,1919.3341446192082
64,114.7,1952.1106931244735
64,114.80000000000001,1929.4666406912206
64,114.9,1917.5742952731098
64,115.0,1886.8619081555332
64,115.10000000000001,1895.17576832281
64,115.2,1924.9784312229672
64,115.30000000000001,1870.223353607576
64,115.4,1898.2681066053492
64,115.5,1897.2084147221342
64,115.60000000000001,1921.589426983296
64,115.7,2040.1028180472174
64,115.80000000000001,2188.247292545206
64,115.9,2124.5240996840134
64,116.0,1915.7834871336013
64,116.10000000000001,1967.6990886646363
64,116.2,2022.2154821354575
64,116.30000000000001,2100.882953900789
64,116.4,1907.1516053494288
64,116.5,1911.6645419417869
64,116.60000000000001,1901.37303590743
64,116.7,1889.4611245001495
64,116.80000000000001,1903.8805597787746
64,116.9,1897.3160262840092
64,117.0,1898.7008981625995
64,117.10000000000001,1937.45260898235
64,117.2,2029.8681151712385
64,117.30000000000001,1919.0202323564365
64,117.4,1912.9848060467446
64,117.5,1941.495105265666
64,117.60000000000001,1908.5930314707414
64,117.7,1914.7735852286246
64,117.80000000000001,1935.2610197523293
64,117.9,1942.8621997674286
64,118.0,1912.313599017309
64,118.10000000000001,1907.3322940244595
64,118.2,1896.7398592112352
64,118.30000000000001,1979.343084830567
64,118.4,1909.4607213081024
64,118.5,1938.5981527229058
64,118.60000000000001,1921.8174186654962
64,118.7,1906.1921364396055
64,118.80000000000001,1899.104355421587
64,118.9,1901.9059778944852
64,119.0,1896.282962614885
64,119.10000000000001,1920.5693863356007
64,119.2,1890.3067379006511
64,119.30000000000001,1949.335613029527
64,119.4,1908.2830368805094
64,119.5,1987.679009722156
64,119.60000000000001,2217.653126166618
64,119.7,1937.6844817350875
64,119.80000000000001,1979.1823528704103
64,119.9,1916.6458099180527
64,120.0,1938.704053860011
64,120.10000000000001,2018.6477257468455
64,120.2,1974.3429429321811
64,120.30000000000001,2276.518622276194
64,120.4,1963.0580261309226
64,120.5,1905.1755386107425
64,120.60000000000001,1932.7077318447036
64,120.7,2158.444172969749
64,120.80000000000001,2407.56964636565
64,120.9,2286.4549780379825
64,121.0,2167.426495337904
64,121.10000000000001,1957.2800007763376
64,121.2,1945.0776870372567
64,121.30000000000001,2163.7418266943932
64,121.4,2067.822833436344
64,121.5,1933.4543161860372
64,121.60000000000001,1916.8506508832108
64,121.7,1937.6733546535256
64,121.80000000000001,1924.614044289613
64,121.9,1931.4341318934369
64,122.0,1926.917919612646
64,122.10000000000001,1938.5813512201355
64,122.2,1900.1416739335061
64,122.30000000000001,1935.7382283896475
64,122.4,1917.6967891999375
64,122.5,1998.1863284436724
64,122.60000000000001,1916.7951937431067
64,122.7,1975.8715850114936
64,122.80000000000001,2198.624660327234
64,122.9,2010.3726943481759
64,123.0,1909.786642110831
64,123.10000000000001,1966.8581818625069
64,123.2,2371.0006055354056
64,123.30000000000001,1972.317022020617
64,123.4,2281.516957514762
64,123.5,2311.3329522231147
64,123.60000000000001,1925.3685982271631
64,123.7,1936.6531924692126
64,123.80000000000001,1920.8805779510462
64,123.9,1980.9872187712936
64,124.0,1927.8651416514163
64,124.10000000000001,1941.9397992508382
64,124.2,2049.6704588304783
64,124.30000000000001,1928.7378458045478
64,124.4,1913.9760795282828
64,124.5,1932.651638142328
64,124.60000000000001,1937.8036968257659
64,124.7,2019.2741279915701
64,124.80000000000001,1901.8018693628212
64,124.9,1925.8504171271156
64,125.0,1917.1326876222654
64,125.10000000000001,1957.1505842222623
64,125.2,1930.6494389439567
64,125.30000000000001,1910.8046864802823
64,125.4,1943.9769491098857
64,125.5,1944.0466759638755
64,125.60000000000001,1915.0211639174977
64,125.7,1925.3146275657473
64,125.80000000000001,1909.9155111753932
64,125.9,1914.4162262146665
64,126.0,2057.67034142
64,126.10000000000001,1943.03515357373
64,126.2,1896.4263013365687
64,126.30000000000001,1925.5341883844048
64,126.4,1912.1100900569754
64,126.5,1921.1897326718517
64,126.60000000000001,1910.9731999504388
64,126.7,1945.2011314510269
64,126.80000000000001,2014.9534796531539
64,126.9,2126.298454931388
64,127.0,2719.701372665968
64,127.10000000000001,2599.311210398429
64,127.2,1938.6817204352105
64,127.30000000000001,1901.5683668854965
64,127.4,1913.9980923759535
64,127.5,1926.280985216639
64,127.60000000000001,1960.3210653948709
64,127.7,2138.7196883587226
64,127.80000000000001,2001.8848411761808
64,127.9,1927.8482421605959
64,128.0,1923.1693809923224
64,128.1,1955.3471000655095
64,128.20000000000002,2214.97336454665
64,128.3,1929.2069102198786
64,128.4,2010.7089430322446
64,128.5,1933.5565530583017
64,128.6,2005.369203795892
64,128.70000000000002,2029.7585310735444
64,128.8,1944.0792267927136
64,128.9,2016.766209704801
64,129.0,2111.2938025013195
64,129.1,2176.8192760151082
64,129.20000000000002,1997.1862810255748
64,129.3,1908.2640114831345
64,129.4,1924.9925752085037
64,129.5,1944.3500927536577
64,129.6,1911.3913490282657
64,129.70000000000002,1988.0946074931776
64,129.8,2017.2958863061924
64,129.9,2042.0127393154414
64,130.0,1920.1115889664113
64,130.1,1906.7642984344527
64,130.20000000000002,1930.5435564425165
64,130.3,1898.1766595634615
64,130.4,1941.715687306721
64,130.5,1948.3777653679076
64,130.6,1870.7709659972347
64,130.70000000000002,1889.6911209791763
64,130.8,1898.4704829310324
64,130.9,1959.4773490760415
64,131.0,2023.8380352239205
64,131.1,2362.754223070009
64,131.20000000000002,2108.637320985714
64,131.3,1926.3422736191217
64,131.4,1934.3385282889544
64,131.5,1905.3952649412975
64,131.6,1928.9960915214901
64,131.70000000000002,1921.8213191939362
64,131.8,1948.8239183625183
64,131.9,2216.9800456967705
64,132.0,2130.2651367958024
64,132.1,1956.3579677736664
64,132.20000000000002,1967.5391731076
64,132.3,2157.5373109185016
64,132.4,1985.2506077992307
64,132.5,1960.0333674607791
64,132.6,1936.826357241302
64,132.70000000000002,1962.2729673286974
64,132.8,1969.204948252124
64,132.9,2333.591320081088
64,133.0,1940.263977295906
64,133.1,1933.8883658321784
64,133.20000000000002,1924.5136014835703
64,133.3,1919.52819946339
64,133.4,1945.943804269164
64,133.5,2157.1598781069574
64,133.6,1919.2331585981096
64,133.70000000000002,1918.4604474401044
64,133.8,1905.7216289501673
64,133.9,1924.0498474918024
64,134.0,1918.14878597691
64,134.1,1944.7255919678564
64,134.20000000000002,1996.2088260409434
64,134.3,1925.485583357601
64,134.4,1941.63506284501
64,134.5,1930.7307446260966
64,134.6,1919.9208984058746
64,134.70000000000002,1926.3166529516325
64,134.8,1928.6646423316945
64,134.9,1994.7007219441143
64,135.0,1946.3374990480456
64,135.1,1951.1191460509615
64,135.20000000000002,1935.7465408653297
96,0.0,2540.7029999999995
96,0.1,2438.754362638399
96,0.2,1963.5195007226368
96,0.30000000000000004,1991.7513029930192
96,0.4,2042.1743373812271
96,0.5,2149.8814658289193
96,0.6000000000000001,2112.063130936435
96,0.7000000000000001,2442.193056508407
96,0.8,2133.3287208032425
96,0.9,2037.6469114554272
96,1.0,2025.370904843594
96,1.1,1965.3489033897458
96,1.2000000000000002,2005.734547025273
96,1.3,1974.3721279918034
96,1.4000000000000001,1954.3027198701832
96,1.5,1959.8804151833583
96,1.6,1968.0979526203673
96,1.7000000000000002,1926.8407920108657
96,1.8,1926.6853925884977
96,1.9000000000000001,2009.438784823422
96,2.0,2019.8101959554128
96,2.1,1961.6713674591167
96,2.2,1997.912347880498
96,2.3000000000000003,2002.9664881978697
96,2.4000000000000004,1949.884399933281
96,2.5,1952.6827799043062
96,2.6,1945.9647032742314
96,2.7,1961.7783784212945
96,2.8000000000000003,1990.5948428078184
96,2.9000000000000004,1989.9071483281111
96,3.0,2016.5373083693933
96,3.1,2005.9287421689849
96,3.2,2082.8786232767493
96,3.3000000000000003,2016.164717745372
96,3.4000000000000004,2146.9575361676166
96,3.5,2047.4314645019551
96,3.6,2374.5030557758837
96,3.7,1953.8390918702792
96,3.8000000000000003,2006.6295329053814
96,3.9000000000000004,2070.4792567034015
96,4.0,1965.8455679353592
96,4.1000000000000005,1998.4608419798508
96,4.2,1934.9513859765668
96,4.3,1792.1260182108879
96,4.4,2077.4940179488217
96,4.5,2010.8252356036037
96,4.6000000000000005,1954.996530971183
96,4.7,2012.8987769347348
96,4.800000000000001,2092.3701176000186
96,4.9,2049.304366735132
96,5.0,1982.3495622920975
96,5.1000000000000005,1864.3874420436143
96,5.2,2026.4003996840395
96,5.300000000000001,1981.7209539875473
96,5.4,2024.1466612287702
96,5.5,2239.8432533949376
96,5.6000000000000005,2049.868119196155
96,5.7,2031.0628657114748
96,5.800000000000001,2344.1593388737956
96,5.9,2080.5873333333334
96,6.0,2125.9984264125947
96,6.1000000000000005,2697.1046695090454
96,6.2,2688.1524937024174
96,6.300000000000001,2471.426301254561
96,6.4,2505.5673687096246
96,6.5,2106.052421060031
96,6.6000000000000005,2018.8342568296928
96,6.7,2435.0947895246004
96,6.800000000000001,1988.2037835829324
96,6.9,2003.3886827063802
96,7.0,2160.309311867363
96,7.1000000000000005,2700.903994477129
96,7.2,2677.1579488108537
96,7.300000000000001,2393.2683536480845
96,7.4,2052.8579015690784
96,7.5,1998.4291790159934
96,7.6000000000000005,1946.6347131058872
96,7.7,1991.2223049038764
96,7.800000000000001,2004.0215028620044
96,7.9,2062.8847506801717
96,8.0,2034.9046103233247
96,8.1,2131.273872262664
96,8.200000000000001,2133.2327295097134
96,8.3,2179.3040296939084
96,8.4,1876.7008965551593
96,8.5,2013.3966149661517
96,8.6,1980.0651896785077
96,8.700000000000001,2097.7170904455247
96,8.8,2528.426362724078
96,8.9,2619.540196519211
96,9.0,2514.150208540642
96,9.1,2088.5845084461603
96,9.200000000000001,1950.3445293313098
96,9.3,1981.4732972114002
96,9.4,1987.8716481944189
96,9.5,2012.6716543823823
96,9.600000000000001,1959.1691288877826
96,9.700000000000001,1988.7007237327857
96,9.8,2018.614434223312
96,9.9,2092.583201644162
96,10.0,2391.9140726193086
96,10.100000000000001,2100.286547318356
96,10.200000000000001,2074.0315263943717
96,10.3,1984.8166516640656
96,10.4,2045.1199554821112
96,10.5,2147.5506480280796
96,10.600000000000001,2005.066238223939
96,10.700000000000001,2319.5261480910976
96,10.8,2091.162735893783
96,10.9,2210.0820922517505
96,11.0,2140.614629018038
96,11.100000000000001,2092.1565520821273
96,11.200000000000001,2472.6278218963075
96,11.3,2785.763819021703
96,11.4,2832.4625073039733
96,11.5,2798.6811819652676
96,11.600000000000001,2777.2702201216207
96,11.700000000000001,2810.6500297860657
96,11.8,2587.0482419778637
96,11.9,2035.8521149155997
96,12.0,2010.6401949264416
96,12.100000000000001,2107.9677537356984
96,12.200000000000001,2032.7545716769307
96,12.3,2217.2144217946297
96,12.4,2137.6159501504762
96,12.5,2071.790425527504
96,12.600000000000001,2135.123289604359
96,12.700000000000001,2004.257319222047
96,12.8,2218.8444942506653
96,12.9,2118.3146560180903
96,13.0,2116.7948418535602
96,13.100000000000001,2065.4630271628366
96,13.200000000000001,2111.873942668148
96,13.3,1988.7253270170281
96,13.4,2282.4232834145078
96,13.5,2045.2673247010719
96,13.600000000000001,2157.090535844675
96,13.700000000000001,1987.0081942039621
96,13.8,1984.2815664877924
96,13.9,1976.6997857143201
96,14.0,2023.0840726936963
96,14.100000000000001,2174.3722802797456
96,14.200000000000001,2086.0250888094074
96,14.3,2042.2418391142514
96,14.4,1938.5410446235262
96,14.5,1857.6122930823724
96,14.600000000000001,2015.1526833727671
96,14.700000000000001,1896.8606484782088
96,14.8,2164.3539708476987
96,14.9,1970.1759902956858
96,15.0,2067.7223537321433
96,15.100000000000001,2022.448099985701
96,15.200000000000001,1906.6193377375996
96,15.3,2042.3243444104755
96,15.4,2022.0931570096222
96,15.5,2096.3508311792293
96,15.600000000000001,1976.303942108461
96,15.700000000000001,1951.1584231341665
96,15.8,1935.0154424585278
96,15.9,2073.167969804847
96,16.0,2105.034044821251
96,16.1,1984.4808699429304
96,16.2,1972.4880154670223
96,16.3,2007.9682975304286
96,16.400000000000002,1988.151312862547
96,16.5,1926.63650852708
96,16.6,2020.0014318191118
96,16.7,1925.87395665665
96,16.8,1991.2440596859583
96,16.900000000000002,1930.2276173761586
96,17.0,1988.9973421522302
96,17.1,2147.450844138166
96,17.2,2034.2051523901212
96,17.3,1967.9256241849466
96,17.400000000000002,1937.421128795145
96,17.5,2025.4337741053068
96,17.6,1935.8113175010933
96,17.7,2129.7942068944667
96,17.8,1901.9124360948952
96,17.900000000000002,2023.7318659500772
96,18.0,2528.305818342118
96,18.1,2278.1941928709616
96,18.2,2174.6139512375257
96,18.3,2527.121520381253
96,18.400000000000002,2107.383744594695
96,18.5,2128.714124862689
96,18.6,1955.6160633923425
96,18.7,2159.783505469332
96,18.8,2722.821331247855
96,18.900000000000002,2717.7812333661336
96,19.0,2594.281113838147
96,19.1,2688.7003438983675
96,19.200000000000003,2104.9571055193724
96,19.3,2013.1286773443676
96,19.400000000000002,2442.7345709658944
96,19.5,2608.7371696857485
96,19.6,2053.56548909975
96,19.700000000000003,2497.5193423658643
96,19.8,2328.463443872986
96,19.900000000000002,2460.8919974756186
96,20.0,1995.1109844424268
96,20.1,2090.132190603215
96,20.200000000000003,2125.6782247286815
96,20.3,2202.8704178262806
96,20.400000000000002,2453.1734769666127
96,20.5,1957.4513518999888
96,20.6,1936.4856563668084
96,20.700000000000003,2005.9405529227313
96,20.8,1969.903413476261
96,20.900000000000002,2043.8142833407578
96,21.0,1994.4057682262007
96,21.1,2027.3982739633072
96,21.200000000000003,2052.409147512363
96,21.3,2345.1357210791525
96,21.400000000000002,2091.666672648036
96,21.5,1986.740210713792
96,21.6,2471.8557101797137
96,21.700000000000003,2020.2939228571815
96,21.8,2176.6682587986934
96,21.900000000000002,2104.3185222511697
96,22.0,2031.3280985773542
96,22.1,1951.951883790237
96,22.200000000000003,1998.1815202334026
96,22.3,1955.817119109171
96,22.400000000000002,1955.9024347641073
96,22.5,2000.4596556469696
96,22.6,2395.253795128084
96,22.700000000000003,2138.3467868545717
96,22.8,1974.5878479628896
96,22.900000000000002,2027.5761534888375
96,23.0,2022.5597190260057
96,23.1,2050.1011719930566
96,23.200000000000003,2341.080585078649
96,23.3,2003.4857979861617
96,23.400000000000002,2025.2324047957943
96,23.5,1998.0441351963746
96,23.6,2085.396989332961
96,23.700000000000003,2237.870423011126
96,23.8,2223.932950253865
96,23.900000000000002,2485.725812265809
96,24.0,2148.200586907471
96,24.1,1944.9589582558972
96,24.200000000000003,1980.9433637311663
96,24.3,2505.6575054816326
96,24.400000000000002,2048.1704608059604
96,24.5,1970.1093953364248
96,24.6,1886.2812252428203
96,24.700000000000003,2528.1126653259234
96,24.8,2487.6135015183413
96,24.900000000000002,2210.8355495024534
96,25.0,1940.040572976734
96,25.1,1980.5513883775632
96,25.200000000000003,2013.110964376298
96,25.3,2075.0350627018274
96,25.400000000000002,2006.286851729239
96,25.5,1937.0689763859268
96,25.6,1857.1235371871392
96,25.700000000000003,2041.676522936039
96,25.8,1936.5934352376303
96,25.900000000000002,1972.4265106460853
96,26.0,1967.7741749387012
96,26.1,2076.1790847156085
96,26.200000000000003,1974.5730595157622
96,26.3,2076.783444606688
96,26.400000000000002,1895.3206089279474
96,26.5,1965.9749592198539
96,26.6,1921.0942745449972
96,26.700000000000003,2048.420346947682
96,26.8,1967.0283702929728
96,26.900000000000002,2108.2591386489858
96,27.0,2533.525986234291
96,27.1,2499.968314256297
96,27.200000000000003,2093.808706419686
96,27.3,2471.4069933690744
96,27.400000000000002,2233.921876960694
96,27.5,2419.5795901770202
96,27.6,2016.7198659856458
96,27.700000000000003,2036.4579047004263
96,27.8,2015.5741078851684
96,27.900000000000002,2077.817972398245
96,28.0,1988.6103820124051
96,28.1,2540.6554346838284
96,28.200000000000003,2021.5601891947654
96,28.3,1980.4767230713142
96,28.400000000000002,1956.60391074565
96,28.5,2559.6655502375697
96,28.6,1983.4860907597956
96,28.700000000000003,2047.1700763215313
96,28.8,1981.254978535793
96,28.900000000000002,2679.8225586149724
96,29.0,1987.3582413295176
96,29.1,2105.5895847123093
96,29.200000000000003,2023.8139920636509
96,29.3,2019.341090543738
96,29.400000000000002,2019.9366579813477
96,29.5,2050.3971672846155
96,29.6,2016.0603698512666
96,29.700000000000003,2291.262619967681
96,29.8,2002.7785202989057
96,29.900000000000002,2379.510864877944
96,30.0,2055.976857944175
96,30.1,2198.1859770665264
96,30.200000000000003,2101.5538077919264
96,30.3,2060.45301607913
96,30.400000000000002,2023.0943027750498
96,30.5,2087.7874333064865
96,30.6,2038.4819105233928
96,30.700000000000003,2129.3140379980437
96,30.8,1943.8780814726902
96,30.900000000000002,1983.8255281092295
96,31.0,2175.503656557762
96,31.1,1973.0019440451567
96,31.200000000000003,2011.4801621650997
96,31.3,1997.3449998465446
96,31.400000000000002,2001.0907649792337
96,31.5,2023.734289337924
96,31.6,2472.9640507949284
96,31.700000000000003,2070.6175340218056
96,31.8,2196.9533722435103
96,31.900000000000002,2038.470428459572
96,32.0,2007.5247480615537
96,32.1,2020.5318968284305
96,32.2,1965.2875459357044
96,32.300000000000004,2013.8573714324543
96,32.4,1991.1134728545594
96,32.5,2010.0366084819225
96,32.6,2060.9038974625005
96,32.7,2389.9136197567673
96,32.800000000000004,2543.345904618441
96,32.9,2127.241555782301
96,33.0,2305.950607728527
96,33.1,2041.3963296506033
96,33.2,1974.039747669812
96,33.300000000000004,2238.929027420865
96,33.4,2083.4214029718755
96,33.5,2168.3623895669416
96,33.6,2249.231013905345
96,33.7,2329.9246871254786
96,33.800000000000004,2065.961608508122
96,33.9,2174.940754032858
96,34.0,2531.5644257157496
96,34.1,2484.913157641278
96,34.2,2129.6196175047376
96,34.300000000000004,2039.2122819708031
96,34.4,2019.0755893325966
96,34.5,2103.8139996044492
96,34.6,2194.800015890582
96,34.7,2207.557358640459
96,34.800000000000004,2079.3810211409414
96,34.9,2094.449660724004
96,35.0,2054.255768651008
96,35.1,2075.382191924054
96,35.2,2004.0010895897005
96,35.300000000000004,1965.837395275788
96,35.4,2301.5120750829774
96,35.5,2002.098127471281
96,35.6,1991.1024406718677
96,35.7,1963.2197222273578
96,35.800000000000004,2045.8063690283784
96,35.9,1957.8947344326139
96,36.0,2114.348125495036
96,36.1,2017.072411792205
96,36.2,2024.494980090071
96,36.300000000000004,2051.8092502197005
96,36.4,1990.4625867674788
96,36.5,1968.916559692708
96,36.6,2127.592435529209
96,36.7,2028.531438442198
96,36.800000000000004,1986.5820416756203
96,36.9,2019.0939952519718
96,37.0,1948.692563518218
96,37.1,2073.673194401304
96,37.2,2022.3855012140502
96,37.300000000000004,1957.5808830266972
96,37.4,2025.6332561190463
96,37.5,1995.146591221135
96,37.6,2076.7362663329095
96,37.7,2012.7931328440557
96,37.800000000000004,1986.1363713683859
96,37.9,2009.4009979869606
96,38.0,2111.5194361748268
96,38.1,2355.317397393169
96,38.2,2037.4567996330413
96,38.300000000000004,2011.9666963199302
96,38.400000000000006,2034.467482264665
96,38.5,2058.5542925786044
96,38.6,2218.110063882385
96,38.7,2101.3587029392315
96,38.800000000000004,2209.7963723922044
96,38.900000000000006,2209.3780768623687
96,39.0,2041.2306854425753
96,39.1,2048.0475231888067
96,39.2,1997.7111771819616
96,39.300000000000004,2015.882380723857
96,39.400000000000006,2017.7208670682542
96,39.5,2027.623428220134
96,39.6,2046.6922793213798
96,39.7,2011.7525485003646
96,39.800000000000004,2049.531916564524
96,39.900000000000006,1994.9307647099718
96,40.0,2165.5134969523383
96,40.1,2033.1548535303139
96,40.2,2042.081830144377
96,40.300000000000004,2020.2858495550033
96,40.400000000000006,2020.0053116798201
96,40.5,2029.6235531433258
96,40.6,2066.595433209425
96,40.7,2034.0428449916471
96,40.800000000000004,2130.357111125307
96,40.900000000000006,2160.6035892714185
96,41.0,2014.960160931126
96,41.1,1975.949912882526
96,41.2,2050.4700864076885
96,41.300000000000004,2004.1047254551152
96,41.400000000000006,2013.874112451599
96,41.5,2044.4413607771837
96,41.6,2068.641064725282
96,41.7,2030.9470822230046
96,41.800000000000004,1957.7949756758335
96,41.900000000000006,1992.640974453973
96,42.0,2017.9929921223254
96,42.1,2015.2890429940883
96,42.2,2007.7712305022062
96,42.300000000000004,2007.5658647016496
96,42.400000000000006,2081.503319678417
96,42.5,2092.008901410464
96,42.6,2014.9024065669698
96,42.7,1967.8989879479877
96,42.800000000000004,2026.2590109383816
96,42.900000000000006,2023.5616828933066
96,43.0,2128.7753718915906
96,43.1,2073.8547867524476
96,43.2,2075.2267665556287
96,43.300000000000004,2088.201619597686
96,43.400000000000006,2026.2469753690386
96,43.5,2077.873641650424
96,43.6,2205.9580837603435
96,43.7,2361.279147807236
96,43.800000000000004,2028.8792352029657
96,43.900000000000006,2020.7643628716044
96,44.0,2390.705892806763
96,44.1,2358.77683531559
96,44.2,2486.5467569142097
96,44.300000000000004,2137.2713762535127
96,44.400000000000006,2054.9894136632433
96,44.5,2177.0106908944904
96,44.6,2278.230510442542
96,44.7,2541.4646598673803
96,44.800000000000004,2092.6435526895852
96,44.900000000000006,2031.4299453881279
96,45.0,2124.0276287663432
96,45.1,2049.200333202436
96,45.2,1957.9111998536923
96,45.300000000000004,1909.2054991366945
96,45.400000000000006,2045.361682767454
96,45.5,2048.3145044594885
96,45.6,2057.992517725552
96,45.7,2014.1382878511963
96,45.800000000000004,2025.6152409888846
96,45.900000000000006,1972.2365031710747
96,46.0,1995.0605132664077
96,46.1,1962.0484219908205
96,46.2,1966.9339353098164
96,46.300000000000004,2317.142275381626
96,46.400000000000006,2077.9234429086973
96,46.5,1996.6638197785387
96,46.6,2027.6344875542397
96,46.7,2045.7933066986288
96,46.800000000000004,2032.6565099471718
96,46.900000000000006,2015.8361454841352
96,47.0,2014.4969055250947
96,47.1,2020.0206214910538
96,47.2,2068.1313103358893
96,47.300000000000004,2017.4975127292803
96,47.400000000000006,1968.7497210341432
96,47.5,2025.4516844794023
96,47.6,1997.58381283795
96,47.7,1919.2503258622226
96,47.800000000000004,2055.905530159539
96,47.900000000000006,2057.501103326176
96,48.0,2093.440498710886
96,48.1,1963.2046035732988
96,48.2,1989.1571759225692
96,48.300000000000004,2000.5631639505518
96,48.400000000000006,2045.4873935702196
96,48.5,2052.550454584876
96,48.6,2081.5127286785873
96,48.7,2073.3981145373355
96,48.800000000000004,2244.904975674113
96,48.900000000000006,2211.174157794454
96,49.0,2304.2140734105847
96,49.1,2243.8773406218033
96,49.2,2170.1227027180926
96,49.300000000000004,2237.473663212854
96,49.400000000000006,2298.355111516726
96,49.5,2168.830402979029
96,49.6,1954.8639715388597
96,49.7,2004.9032952629698
96,49.800000000000004,1954.6784299684484
96,49.900000000000006,2037.136673111178
96,50.0,2398.875862326887
96,50.1,2539.142062055278
96,50.2,2063.958223153304
96,50.300000000000004,1994.9981485400292
96,50.400000000000006,2116.201339328528
96,50.5,2039.5130903263778
96,50.6,1978.608320161839
96,50.7,1999.6069359331484
96,50.800000000000004,2029.5416740528242
96,50.900000000000006,2032.396232875511
96,51.0,2047.4508711776607
96,51.1,1987.7242294717266
96,51.2,2042.8585673931866
96,51.300000000000004,1951.0599681900883
96,51.400000000000006,1951.8868204723744
96,51.5,1991.1110437534253
96,51.6,1923.7580636696791
96,51.7,1955.9061765663512
96,51.800000000000004,2010.4363160348585
96,51.900000000000006,1988.14982220284
96,52.0,1959.8371737107102
96,52.1,2046.2454194117815
96,52.2,2025.4904887243154
96,52.300000000000004,2030.9736068282225
96,52.400000000000006,2032.2578468308582
96,52.5,1918.3646853846376
96,52.6,2024.5131587176118
96,52.7,2055.5765259088585
96,52.800000000000004,2046.1520773504064
96,52.900000000000006,2079.141862599038
96,53.0,2045.835977415696
96,53.1,2220.5228525237244
96,53.2,2430.7046251016336
96,53.300000000000004,2115.581858025713
96,53.400000000000006,2121.2723415445507
96,53.5,2331.5777700539475
96,53.6,2184.7590240439763
96,53.7,2008.1361167414425
96,53.800000000000004,1989.6165302418349
96,53.900000000000006,2041.3788155880025
96,54.0,2065.2656857673887
96,54.1,2289.7936181715972
96,54.2,2543.183759954924
96,54.300000000000004,2073.971674294894
96,54.400000000000006,2451.9806019515495
96,54.5,2495.9410116282397
96,54.6,2119.2973222012997
96,54.7,2436.0103854596096
96,54.800000000000004,2021.5181359102676
96,54.900000000000006,2108.958710337969
96,55.0,2332.626900893559
96,55.1,2081.469119999042
96,55.2,2017.1190065226656
96,55.300000000000004,2152.398950044208
96,55.400000000000006,2179.3129887540213
96,55.5,2100.865451246274
96,55.6,1981.0290657904063
96,55.7,2449.6408030671955
96,55.800000000000004,2511.3343746090363
96,55.900000000000006,2122.587758929022
96,56.0,2081.5105853084915
96,56.1,2048.3578582312075
96,56.2,1984.7609613399145
96,56.300000000000004,2055.0935585931848
96,56.400000000000006,2207.4684472721124
96,56.5,2060.3711979674263
96,56.6,2076.780815564394
96,56.7,2546.1157144093636
96,56.800000000000004,2076.6793670842726
96,56.900000000000006,2022.3664027917534
96,57.0,2146.718332140338
96,57.1,2307.729123187562
96,57.2,2224.945558530639
96,57.300000000000004,2097.2394451019986
96,57.400000000000006,1999.75171051402
96,57.5,1976.6681886814483
96,57.6,2209.1658113422222
96,57.7,2359.0770147530593
96,57.800000000000004,2041.820932095524
96,57.900000000000006,2111.098425217025
96,58.0,2751.063848274005
96,58.1,2781.409883088931
96,58.2,2708.247732940956
96,58.300000000000004,2613.125207321021
96,58.400000000000006,2055.7547826650384
96,58.5,2053.388161408927
96,58.6,2030.3268937807384
96,58.7,2041.6373929668557
96,58.800000000000004,2011.987751897309
96,58.900000000000006,1951.0797469623571
96,59.0,2110.3382870306386
96,59.1,2040.7743357593185
96,59.2,2388.8532944625795
96,59.300000000000004,2158.861912412445
96,59.400000000000006,1985.265294253545
96,59.5,1978.1648702713524
96,59.6,2107.1614698720446
96,59.7,2075.1928732079014
96,59.800000000000004,2008.2189518151265
96,59.900000000000006,2020.4105317174544
96,60.0,2094.7815512942407
96,60.1,2066.3750825619595
96,60.2,2118.6058547795797
96,60.300000000000004,2439.742191338884
96,60.400000000000006,2165.495979225132
96,60.5,2062.6926277334173
96,60.6,1967.4325900524454
96,60.7,1972.9464490320129
96,60.800000000000004,2392.4972445488875
96,60.900000000000006,2499.6445004663187
96,61.0,2248.8197976662505
96,61.1,2029.5500815926082
96,61.2,2064.605321052634
96,61.300000000000004,2360.130829335654
96,61.400000000000006,2090.132224458194
96,61.5,2004.3255135213703
96,61.6,2004.3284044720958
96,61.7,1989.6373279246643
96,61.800000000000004,2002.1119228307962
96,61.900000000000006,2012.4426254259345
96,62.0,1983.5925089508219
96,62.1,1989.096919838354
96,62.2,2045.958102601288
96,62.300000000000004,2054.364239338332
96,62.400000000000006,2035.7787025036266
96,62.5,2052.543273041373
96,62.6,2098.6115781864114
96,62.7,2065.8061233483436
96,62.800000000000004,1947.2372341700247
96,62.900000000000006,1961.4492213806623
96,63.0,2163.704702237218
96,63.1,2171.547007614931
96,63.2,2042.0037508749565
96,63.300000000000004,2041.5021648524694
96,63.400000000000006,2043.6740526056433
96,63.5,2015.8704961612698
96,63.6,2063.2172533666935
96,63.7,2066.671460854107
96,63.800000000000004,2030.068098499537
96,63.900000000000006,2044.0828531849002
96,64.0,2010.1293723017684
96,64.10000000000001,2180.226498328956
96,64.2,2029.5491929672744
96,64.3,2031.4193054454804
96,64.4,2112.9783591165406
96,64.5,2146.8880389567066
96,64.60000000000001,2050.638890337205
96,64.7,2133.657191426022
96,64.8,2029.3507155715095
96,64.9,1977.2689726839924
96,65.0,2003.9674188064737
96,65.10000000000001,1978.183409148093
96,65.2,1874.795155810675
96,65.3,2356.6544306793985
96,65.4,2178.923795207573
96,65.5,2052.626453601197
96,65.60000000000001,2033.7007762371559
96,65.7,2212.3496861061003
96,65.8,2130.5181734147673
96,65.9,2394.0295214840444
96,66.0,2076.857834461609
96,66.10000000000001,1948.0780187322148
96,66.2,2003.0748350493623
96,66.3,2024.8906426058566
96,66.4,2027.224276500472
96,66.5,1964.1898512014259
96,66.60000000000001,2144.0029466956626
96,66.7,2061.311672194378
96,66.8,2041.220998323444
96,66.9,2070.804789042717
96,67.0,2024.0976284205613
96,67.10000000000001,1969.6017643000068
96,67.2,1975.0593466866828
96,67.3,1978.6666786888684
96,67.4,2178.065021841513
96,67.5,2090.5508359786973
96,67.60000000000001,2049.421392948762
96,67.7,2016.6539230266626
96,67.8,2298.3262300013953
96,67.9,2522.566334269787
96,68.0,2166.87970321257
96,68.10000000000001,2093.4432728074707
96,68.2,2008.5336627746792
96,68.3,1983.2837649208423
96,68.4,2015.2063253200745
96,68.5,2032.6664031315306
96,68.60000000000001,2357.0979342083606
96,68.7,2619.892922027709
96,68.8,2501.7393710791184
96,68.9,2415.5031693815813
96,69.0,2269.1822928872684
96,69.10000000000001,2092.122447620984
96,69.2,2027.7559746893073
96,69.3,1995.8171055752346
96,69.4,2039.4009109867313
96,69.5,2082.51450327995
96,69.60000000000001,2003.4460565321622
96,69.7,1980.2354281218875
96,69.8,2037.03859599731
96,69.9,2045.1640077885554
96,70.0,2074.0249207236143
96,70.10000000000001,2094.6370914769113
96,70.2,2031.5672294946708
96,70.3,1937.1935218441229
96,70.4,1966.3524510253333
96,70.5,2019.3188439112148
96,70.60000000000001,2019.070401271471
96,70.7,1971.5745074380386
96,70.8,2045.4376603450667
96,70.9,2088.2906226240216
96,71.0,2170.013038947361
96,71.10000000000001,2083.384635506542
96,71.2,2101.1776075574403
96,71.3,2099.8529822593528
96,71.4,1984.4419633719033
96,71.5,1978.7519684132017
96,71.60000000000001,2053.946988444683
96,71.7,2081.912338753676
96,71.8,2056.444926980202
96,71.9,2008.6471143954582
96,72.0,2057.9513783797306
96,72.10000000000001,2000.381934524235
96,72.2,2031.5954050935036
96,72.3,2608.574449815909
96,72.4,2765.524762211466
96,72.5,2794.0731210885747
96,72.60000000000001,2840.458920680267
96,72.7,2230.597693855849
96,72.8,2021.1762770349972
96,72.9,1999.5162289638463
96,73.0,2299.8588089909595
96,73.10000000000001,2272.9386297749106
96,73.2,2531.548100737017
96,73.3,2354.2713915471045
96,73.4,2074.5517440652175
96,73.5,2020.648302701904
96,73.60000000000001,2050.0030267122925
96,73.7,2063.4182174513726
96,73.8,2057.3490163338643
96,73.9,2097.7390117006807
96,74.0,2074.670946810082
96,74.10000000000001,2065.3368183344933
96,74.2,2194.0427283359077
96,74.3,2064.0474958562745
96,74.4,2014.0835313609812
96,74.5,2212.288907858116
96,74.60000000000001,2143.8517579260747
96,74.7,2046.874711775553
96,74.8,2069.1817697799197
96,74.9,2124.982686735232
96,75.0,2057.689735130473
96,75.10000000000001,2096.477796566521
96,75.2,2032.1888100589963
96,75.3,2084.271203680075
96,75.4,2113.9718195234814
96,75.5,2103.22335963562
96,75.60000000000001,2056.056523334043
96,75.7,2091.5190583163176
96,75.8,2040.3353386595015
96,75.9,2290.592424621506
96,76.0,2152.8132196270367
96,76.10000000000001,2025.5049759243984
96,76.2,1982.8011120602177
96,76.3,1951.636884774083
96,76.4,1981.9742025119945
96,76.5,1986.4839322627995
96,76.60000000000001,2024.4959167596828
96,76.7,2030.7153465138772
96,76.80000000000001,1994.925953472773
96,76.9,2024.071083763359
96,77.0,1989.8750090762437
96,77.10000000000001,2000.1364714615254
96,77.2,2135.0598083933864
96,77.30000000000001,2043.941208827496
96,77.4,2008.1935278297512
96,77.5,2003.935459746752
96,77.60000000000001,2356.5225576573494
96,77.7,2359.9614066557324
96,77.80000000000001,2185.7867099276136
96,77.9,1997.4074465989509
96,78.0,1998.7050565112029
96,78.10000000000001,2007.0218015593116
96,78.2,1986.780105912096
96,78.30000000000001,2012.227977436247
96,78.4,2012.3900343426149
96,78.5,2000.9385214295926
96,78.60000000000001,2230.9046534293393
96,78.7,2100.759889022795
96,78.80000000000001,2010.930927489306
96,78.9,2016.7478394982777
96,79.0,1977.6630620366907
96,79.10000000000001,2032.3804163275115
96,79.2,2060.918417764169
96,79.30000000000001,1999.960347913455
96,79.4,1987.8672533523018
96,79.5,1975.9602883006964
96,79.60000000000001,2054.554504007197
96,79.7,2096.582254822038
96,79.80000000000001,2149.3026676388804
96,79.9,2294.2530399465395
96,80.0,2257.3011732758905
96,80.10000000000001,2127.546118843559
96,80.2,2173.839048320827
96,80.30000000000001,2173.9833670305943
96,80.4,2067.368604222378
96,80.5,2010.5152966140065
96,80.60000000000001,1983.2283842876523
96,80.7,2036.794026638456
96,80.80000000000001,2232.3870121715536
96,80.9,2062.627938242522
96,81.0,2014.8019112053662
96,81.10000000000001,2036.7152867962925
96,81.2,2081.8916524462447
96,81.30000000000001,2017.9472126314304
96,81.4,2026.4616375908495
96,81.5,1987.390645679986
96,81.60000000000001,1985.8130561684204
96,81.7,2141.732695154271
96,81.80000000000001,2227.7830705324523
96,81.9,2045.0314779404564
96,82.0,1989.592715300812
96,82.10000000000001,2073.1027482003337
96,82.2,2553.3758733894592
96,82.30000000000001,2760.8266680252036
96,82.4,2360.9576694361176
96,82.5,2052.0619710460223
96,82.60000000000001,1982.577819363062
96,82.7,2247.3669092380937
96,82.80000000000001,2250.308618848943
96,82.9,2266.775550506596
96,83.0,2064.974744829854
96,83.10000000000001,1909.1838024228548
96,83.2,1908.8436254539918
96,83.30000000000001,2039.6342519786028
96,83.4,2063.7659643966163
96,83.5,2104.364175860861
96,83.60000000000001,2063.2704034388926
96,83.7,2035.7051084102395
96,83.80000000000001,1998.5289586289987
96,83.9,1980.2325406387013
96,84.0,2026.1101324029107
96,84.10000000000001,2038.128451826081
96,84.2,2042.1297977143734
96,84.30000000000001,2106.708464264108
96,84.4,2041.0319990539997
96,84.5,2040.4244956894292
96,84.60000000000001,2103.4975625206466
96,84.7,2033.7065231358306
96,84.80000000000001,1987.047899311356
96,84.9,2091.890185092916
96,85.0,2211.5956989424876
96,85.10000000000001,2083.4209198670183
96,85.2,2316.310093130009
96,85.30000000000001,2644.3588855479275
96,85.4,2706.121964195896
96,85.5,2222.2176488303876
96,85.60000000000001,2004.9936498620332
96,85.7,2037.905275715516
96,85.80000000000001,1997.3648527584874
96,85.9,2138.6769589943524
96,86.0,2321.1285405109807
96,86.10000000000001,2069.4805305530163
96,86.2,1980.4137600374606
96,86.30000000000001,2184.4307071683666
96,86.4,2143.8452480127044
96,86.5,2042.6880436419526
96,86.60000000000001,2018.1020620582833
96,86.7,2019.2237827195092
96,86.80000000000001,2206.4539351735757
96,86.9,2193.857487472291
96,87.0,2068.8950838672936
96,87.10000000000001,2040.4957083492397
96,87.2,2013.8512803551416
96,87.30000000000001,2178.274417442223
96,87.4,2186.0674435889428
96,87.5,2084.3784044207005
96,87.60000000000001,1987.772637225963
96,87.7,1972.846796784579
96,87.80000000000001,1987.7004299244168
96,87.9,1984.1668495471338
96,88.0,1982.6844435773467
96,88.10000000000001,2004.0126778957328
96,88.2,1966.5027643047754
96,88.30000000000001,2100.387764470651
96,88.4,2065.6317218600457
96,88.5,1975.3633923219345
96,88.60000000000001,2042.422398369198
96,88.7,2041.5994298370592
96,88.80000000000001,2150.2612477615858
96,88.9,2101.1262974872716
96,89.0,2163.268646842124
96,89.10000000000001,2056.820177058034
96,89.2,1997.9345772991453
96,89.30000000000001,2265.8227681731537
96,89.4,2152.8058322441157
96,89.5,2000.3129217399592
96,89.60000000000001,1974.530420146304
96,89.7,1990.2882440099709
96,89.80000000000001,2147.4148967060087
96,89.9,2089.969735997339
96,90.0,2037.7430863994548
96,90.10000000000001,2047.8755519694048
96,90.2,2078.1212088370708
96,90.30000000000001,2079.7690678449026
96,90.4,2045.6594121391752
96,90.5,2114.676659549068
96,90.60000000000001,2085.8101902695344
96,90.7,2065.418237609046
96,90.80000000000001,2054.824187215422
96,90.9,2031.1602931101684
96,91.0,2017.4973830674467
96,91.10000000000001,2061.0398309456955
96,91.2,2132.982662350077
96,91.30000000000001,2141.041914226821
96,91.4,2033.0858355052003
96,91.5,1980.7086993370997
96,91.60000000000001,1981.364822961558
96,91.7,1999.5157355505153
96,91.80000000000001,2091.5483101051454
96,91.9,2133.573065967865
96,92.0,2068.7806343100606
96,92.10000000000001,2019.210525394301
96,92.2,1995.8126125485799
96,92.30000000000001,1975.3092598467804
96,92.4,1967.2994964021302
96,92.5,1996.184755777795
96,92.60000000000001,2106.2151856154455
96,92.7,2097.9508593042488
96,92.80000000000001,2046.3813817307935
96,92.9,2042.3510965126952
96,93.0,2037.710328928243
96,93.10000000000001,2118.0971831594106
96,93.2,2076.807223642776
96,93.30000000000001,2029.0952500897142
96,93.4,1994.7976645386018
96,93.5,2161.7674276564107
96,93.60000000000001,2089.0204740656136
96,93.7,1969.6956635142951
96,93.80000000000001,1986.6900731022502
96,93.9,2068.9360533387403
96,94.0,2027.3269336999722
96,94.10000000000001,1970.2075225331255
96,94.2,2408.8170765028744
96,94.30000000000001,2682.661293082121
96,94.4,2295.9809514717335
96,94.5,2031.1029017549713
96,94.60000000000001,1992.5775955907982
96,94.7,1965.16515493839
96,94.80000000000001,2116.9893171562503
96,94.9,2121.126811604541
96,95.0,2005.9574081750336
96,95.10000000000001,1987.9492465037174
96,95.2,2057.17804355782
96,95.30000000000001,2091.54632368048
96,95.4,2056.9414248543007
96,95.5,1940.6592100227062
96,95.60000000000001,2001.1314446060535
96,95.7,2006.9008507385988
96,95.80000000000001,2385.5637758077914
96,95.9,2666.5632339127337
96,96.0,2274.5948177568757
96,96.10000000000001,2002.7660932433557
96,96.2,2007.6242032290893
96,96.30000000000001,2014.925000185382
96,96.4,2325.7109105644695
96,96.5,2171.046145884321
96,96.60000000000001,2020.0185359127004
96,96.7,1987.7517613165771
96,96.80000000000001,1967.6488631581744
96,96.9,2019.068084264708
96,97.0,2036.0698097634554
96,97.10000000000001,2003.6728458480732
96,97.2,2046.2913932876017
96,97.30000000000001,2055.751030660971
96,97.4,2057.64486131818
96,97.5,1966.7142529225343
96,97.60000000000001,2208.2014670508256
96,97.7,2136.610588313131
96,97.80000000000001,2070.4185809872793
96,97.9,1995.4319513468952
96,98.0,1973.9988544468035
96,98.10000000000001,2061.2773143855966
96,98.2,2039.661781573828
96,98.30000000000001,1978.4586154256317
96,98.4,2093.7427491717385
96,98.5,2104.214683208235
96,98.60000000000001,1992.5646427259423
96,98.7,2060.775449857749
96,98.80000000000001,2058.437752800183
96,98.9,1972.6605968832466
96,99.0,2052.456151302574
96,99.10000000000001,2108.047553522162
96,99.2,2085.2549113963073
96,99.30000000000001,2093.1695136048293
96,99.4,2028.9262008840228
96,99.5,1980.1058055010806
96,99.60000000000001,2205.3819362390227
96,99.7,2196.3562026030213
96,99.80000000000001,2045.0602508396942
96,99.9,2005.8152116557133
96,100.0,2331.3181712560527
96,100.10000000000001,2541.626549119311
96,100.2,2190.4156239095514
96,100.30000000000001,1968.161952024325
96,100.4,2106.0182504361874
96,100.5,2160.191019079413
96,100.60000000000001,2081.959991214062
96,100.7,2007.6088137351085
96,100.80000000000001,1945.1923204015475
96,100.9,2003.3947991865057
96,101.0,1997.510045901202
96,101.10000000000001,2016.8459245201102
96,101.2,2077.956161502518
96,101.30000000000001,2137.5772201658538
96,101.4,2252.9789230539095
96,101.5,2174.1183028936885
96,101.60000000000001,2047.2033454175416
96,101.7,2027.8552792708558
96,101.80000000000001,2010.4519099955162
96,101.9,1948.7583725208146
96,102.0,1996.8394001901459
96,102.10000000000001,2065.240617820628
96,102.2,2076.4035569354824
96,102.30000000000001,2059.5182429013234
96,102.4,2025.9404447688266
96,102.5,2042.1489638782455
128,0.0,2250.8729999999996
128,0.1,2134.5590770498793
128,0.2,2182.9285775754643
128,0.30000000000000004,2222.09695405294
128,0.4,2087.285615374058
128,0.5,2118.640226283773
128,0.6000000000000001,2176.6753203171947
128,0.7000000000000001,2172.303589054916
128,0.8,2280.0908891539048
128,0.9,2329.5984602904173
128,1.0,2205.033559070991
128,1.1,2144.291371545936
128,1.2000000000000002,2109.3771645471893
128,1.3,2139.5983576292024
128,1.4000000000000001,2054.585772835105
128,1.5,2103.9726306501652
128,1.6,2051.9075946111966
128,1.7000000000000002,2149.105772795875
128,1.8,2048.124850147137
128,1.9000000000000001,2076.7193114485044
128,2.0,2102.6573298354965
128,2.1,2180.4031463349893
128,2.2,2232.9987440251616
128,2.3000000000000003,1952.7794541397304
128,2.4000000000000004,2152.4035840384117
128,2.5,2048.152522534651
128,2.6,2300.8301490446593
128,2.7,2287.8375058937904
128,2.8000000000000003,2134.387491484261
128,2.9000000000000004,2103.2420659963163
128,3.0,2089.059946038811
128,3.1,2118.614502982994
128,3.2,2111.49186983661
128,3.3000000000000003,2257.1785582524785
128,3.4000000000000004,2201.5478204377578
128,3.5,2158.693141882586
128,3.6,2069.003812703579
128,3.7,2137.171850452129
128,3.8000000000000003,2121.257068043949
128,3.9000000000000004,2119.5046639444886
128,4.0,2081.5683811200893
128,4.1000000000000005,2118.2851627802133
128,4.2,2105.501538235175
128,4.3,2148.3216002516224
128,4.4,2070.9177138203045
128,4.5,2118.997222127702
128,4.6000000000000005,2086.5081566183753
128,4.7,2066.297531754171
128,4.800000000000001,2081.5736600150585
128,4.9,2191.7638300703866
128,5.0,2148.4758826949424
128,5.1000000000000005,2132.6257647478174
128,5.2,2091.0391603988705
128,5.300000000000001,2132.195271652482
128,5.4,2095.8662182518688
128,5.5,2003.4315955309446
128,5.6000000000000005,1896.240358385951
128,5.7,2119.851718445464
128,5.800000000000001,2093.3603242302206
128,5.9,2088.5795026915744
128,6.0,2054.014596156183
128,6.1000000000000005,2095.003035730488
128,6.2,2074.4708238011276
128,6.300000000000001,2180.1018816647775
128,6.4,2170.6064503551656
128,6.5,2129.12096619184
128,6.6000000000000005,2217.3809709364727
128,6.7,2157.438086054425
128,6.800000000000001,2050.6996983519984
128,6.9,2078.7346572730307
128,7.0,2031.5734034980696
128,7.1000000000000005,2094.2056107363105
128,7.2,2073.54025
128,7.300000000000001,2114.977427811111
128,7.4,2133.101466057328
128,7.5,2169.6337645211406
128,7.6000000000000005,2131.731196878425
128,7.7,2147.3794873074044
128,7.800000000000001,2232.7196892951442
128,7.9,2125.7861403831075
128,8.0,2088.065494192946
128,8.1,2034.3115583872245
128,8.200000000000001,2116.386703637816
128,8.3,2071.9386545697153
128,8.4,2109.3873025252933
128,8.5,2122.363690194275
128,8.6,2112.7876820483248
128,8.700000000000001,2064.8216133708233
128,8.8,2372.2416278281785
128,8.9,2142.0923917218884
128,9.0,2089.3692011981097
128,9.1,2265.7194122444694
128,9.200000000000001,2507.2584792188227
128,9.3,2185.017439979028
128,9.4,2239.254450255912
128,9.5,2225.1987492118715
128,9.600000000000001,2101.9676796201716
128,9.700000000000001,2300.475888190765
128,9.8,2226.8609732132677
128,9.9,2564.7886761282957
128,10.0,2537.6404766476394
128,10.100000000000001,2431.50872495124
128,10.200000000000001,2151.609794967984
128,10.3,2213.4568008178016
128,10.4,2229.0350817331127
128,10.5,2194.8512281394464
128,10.600000000000001,2129.4123661112176
128,10.700000000000001,2137.470138085923
128,10.8,2149.2159136540918
128,10.9,2045.8977057489226
128,11.0,2074.7250455763947
128,11.100000000000001,2096.9598894261794
128,11.200000000000001,2130.6526001443935
128,11.3,2169.3137853337503
128,11.4,2161.0387137389644
128,11.5,2111.2986769191175
128,11.600000000000001,2082.541838503201
128,11.700000000000001,2104.5345899784597
128,11.8,2133.6900572837835
128,11.9,2328.088525128553
128,12.0,2211.039931382454
128,12.100000000000001,2112.808595938265
128,12.200000000000001,2127.8882850548644
128,12.3,2084.4385171133986
128,12.4,2160.544761089415
128,12.5,2075.4987937155834
128,12.600000000000001,2151.6958124709604
128,12.700000000000001,2142.589731051491
128,12.8,2092.4213725015484
128,12.9,2201.550253048659
128,13.0,2040.401345338347
128,13.100000000000001,2085.256642762264
128,13.200000000000001,2055.233041844527
128,13.3,2074.408871638577
128,13.4,2080.245701010736
128,13.5,2080.8784284795197
128,13.600000000000001,2088.3759107267792
128,13.700000000000001,2052.228608873723
128,13.8,2044.477071879088
128,13.9,2063.3158985545997
128,14.0,2101.7757239655443
128,14.100000000000001,2117.324543581605
128,14.200000000000001,2038.0390977908244
128,14.3,2081.987042439305
128,14.4,2090.415187697711
128,14.5,2158.3107926133316
128,14.600000000000001,2085.3057593754897
128,14.700000000000001,2117.4024887031287
128,14.8,2089.5853591159403
128,14.9,2160.878916134415
128,15.0,2256.6802873427914
128,15.100000000000001,2173.8336005270867
128,15.200000000000001,2259.854493335845
128,15.3,2129.66714778999
128,15.4,2099.5746811827307
128,15.5,2099.817041975238
128,15.600000000000001,2078.3129572054586
128,15.700000000000001,2110.0689731467123
128,15.8,2202.8176419424562
128,15.9,2134.6934403004316
128,16.0,2150.177572541712
128,16.1,2142.5883288954656
128,16.2,2114.459104352675
128,16.3,2120.035176544875
128,16.400000000000002,2111.326951817954
128,16.5,2122.625845860935
128,16.6,2122.642333185594
128,16.7,2110.0346114606245
128,16.8,2073.732930827189
128,16.900000000000002,2116.2674197688148
128,17.0,2488.5780616951815
128,17.1,2561.7940831394058
128,17.2,2480.1594611591127
128,17.3,2150.81523397075
128,17.400000000000002,2127.538875147262
128,17.5,2106.3213885240434
128,17.6,2103.4456692203034
128,17.7,2150.161052329831
128,17.8,2122.4873727996637
128,17.900000000000002,2073.377579788024
128,18.0,2127.536968611575
128,18.1,2129.934893466072
128,18.2,2135.8002136801097
128,18.3,2119.399612205548
128,18.400000000000002,2364.817618875763
128,18.5,2160.642489869204
128,18.6,2122.796751884329
128,18.7,2131.0731030896295
128,18.8,2295.919282012669
128,18.900000000000002,2179.2536449201693
128,19.0,2107.6303037697185
128,19.1,2188.921280613071
128,19.200000000000003,2143.847903904358
128,19.3,2221.345085050959
128,19.400000000000002,2447.935555765309
128,19.5,2238.182184160926
128,19.6,2402.4383330242063
128,19.700000000000003,2386.725003796395
128,19.8,2292.0335645099253
128,19.900000000000002,2502.0962222920175
128,20.0,2235.576234691543
128,20.1,2105.9188202773116
128,20.200000000000003,2149.2418233097546
128,20.3,2124.8027299276573
128,20.400000000000002,2087.4828373874125
128,20.5,2181.52059166206
128,20.6,2193.725430038936
128,20.700000000000003,2105.373649406542
128,20.8,2154.7318622333955
128,20.900000000000002,2334.033758407763
128,21.0,2169.266132452809
128,21.1,2116.166956607627
128,21.200000000000003,2174.5892615437792
128,21.3,2288.4021576004393
128,21.400000000000002,2200.5095594043732
128,21.5,2133.433828870175
128,21.6,2123.4372271294515
128,21.700000000000003,2157.9570417108107
128,21.8,2119.727001062752
128,21.900000000000002,2196.1408101836455
128,22.0,2296.615581280418
128,22.1,2393.16700168443
128,22.200000000000003,2644.727530382328
128,22.3,2517.1760669351306
128,22.400000000000002,2205.1546759827797
128,22.5,2176.1810450652674
128,22.6,2130.147259935377
128,22.700000000000003,2246.1289214861213
128,22.8,2233.760146328107
128,22.900000000000002,2255.4143313940417
128,23.0,2391.7540399536765
128,23.1,2198.1040767306827
128,23.200000000000003,2092.050004875374
128,23.3,2087.8061712057383
128,23.400000000000002,2273.040327368481
128,23.5,2353.4852422014064
128,23.6,2223.0898961905123
128,23.700000000000003,2171.2000026425962
128,23.8,2150.1979700371016
128,23.900000000000002,2113.8425612487213
128,24.0,2105.746155922293
128,24.1,2088.9848351035794
128,24.200000000000003,2098.3175372449787
128,24.3,2087.1524100900247
128,24.400000000000002,2132.8970723277425
128,24.5,2116.6589707630205
128,24.6,2116.617999454798
128,24.700000000000003,2083.0247757747306
128,24.8,2109.791350724154
128,24.900000000000002,2107.9121359754467
128,25.0,2118.6388309143636
128,25.1,2196.1719970776567
128,25.200000000000003,2109.342295390096
128,25.3,2281.5416377772503
128,25.400000000000002,2176.5094311424227
128,25.5,2110.3126601296285
128,25.6,2119.0338769737846
128,25.700000000000003,2109.9606528651216
128,25.8,2104.0503750825624
128,25.900000000000002,2259.1417566231053
128,26.0,2170.5517578406093
128,26.1,2121.9497613457547
128,26.200000000000003,2086.6381525753923
128,26.3,2075.410489331465
128,26.400000000000002,2140.5676637311385
128,26.5,2114.147021962233
128,26.6,2143.358179835638
128,26.700000000000003,2085.9484982543067
128,26.8,2116.081933734449
128,26.900000000000002,2088.4776674892046
128,27.0,2100.477781185441
128,27.1,2100.7211038311784
128,27.200000000000003,2086.739683315541
128,27.3,2104.624881190964
128,27.400000000000002,2117.102936673794
128,27.5,2097.617921701087
128,27.6,2087.5041656140684
128,27.700000000000003,2089.45006409042
128,27.8,2118.808919116435
128,27.900000000000002,2088.3837992180806
128,28.0,2099.896047773341
128,28.1,2109.679693261251
128,28.200000000000003,2085.6759828853956
128,28.3,2098.363623818102
128,28.400000000000002,2084.366813153379
128,28.5,2096.6046587984674
128,28.6,2102.122261981604
128,28.700000000000003,2069.9956924569697
128,28.8,2089.1538416192493
128,28.900000000000002,2068.1479251197948
128,29.0,2083.2835597790604
128,29.1,2110.1955032472674
128,29.200000000000003,2174.6577630235784
128,29.3,2119.9976595298735
128,29.400000000000002,2140.1913571759123
128,29.5,2119.150604878258
128,29.6,2110.2116898365343
128,29.700000000000003,2141.239120880714
128,29.8,2136.1951202693585
128,29.900000000000002,2126.1591132954613
128,30.0,2324.1183751131844
128,30.1,2281.9711685356287
128,30.200000000000003,2445.625741883099
128,30.3,2211.847398916268
128,30.400000000000002,2177.79816676945
128,30.5,2269.104372005633
128,30.6,2227.7544915761173
128,30.700000000000003,2086.1309545367417
128,30.8,2176.28491694896
128,30.900000000000002,2121.010411567878
128,31.0,2242.4736516474013
128,31.1,2147.501333290758
128,31.200000000000003,2066.9585884312755
128,31.3,2100.6108172481254
128,31.400000000000002,2120.0663853453843
128,31.5,2206.4702845667553
128,31.6,2115.098791344543
128,31.700000000000003,2113.7475209316085
128,31.8,2123.1536621140594
128,31.900000000000002,2114.026337266835
128,32.0,2116.6283702256337
128,32.1,2164.661608953852
128,32.2,2124.1592094323278
128,32.300000000000004,2101.3920511271026
128,32.4,2138.020869048259
128,32.5,2303.7286115769634
128,32.6,2137.4223702817935
128,32.7,2095.807074909155
128,32.800000000000004,2081.3732734489618
128,32.9,2106.691151183222
128,33.0,2154.9572440386123
128,33.1,2110.186549303365
128,33.2,2076.864152813593
128,33.300000000000004,2170.0974068580035
128,33.4,2142.8297090489286
128,33.5,2165.028059298145
128,33.6,2132.379102801069
128,33.7,2105.897108635097
128,33.800000000000004,2103.6583648561286
128,33.9,2103.904727938932
128,34.0,2112.624523533112
128,34.1,2081.4901542219473
128,34.2,2094.5327985713275
128,34.300000000000004,2080.8380169228517
128,34.4,2017.3374627943228
128,34.5,2069.905733841011
128,34.6,2045.9430789201906
128,34.7,2152.697306046069
128,34.800000000000004,2191.3336849367224
128,34.9,2162.2570826726273
128,35.0,2170.6227919904304
128,35.1,2228.01006383139
128,35.2,2175.9601909845996
128,35.300000000000004,2219.4484472127615
128,35.4,2253.0297265353097
128,35.5,2203.546100853552
128,35.6,2152.2361764753814
128,35.7,2151.088922958367
128,35.800000000000004,2147.7166439102148
128,35.9,2385.1217245565954
128,36.0,2582.5813520813326
128,36.1,2509.4404018512937
128,36.2,2256.699355592559
128,36.300000000000004,2240.4570238189685
128,36.4,2184.4178553298275
128,36.5,2318.0533515883376
128,36.6,2379.5284290129953
128,36.7,2171.0613381188423
128,36.800000000000004,2092.670015494593
128,36.9,2053.9415145717926
128,37.0,2132.868742634654
128,37.1,2177.5946535886787
128,37.2,2113.427658878696
128,37.300000000000004,2095.694417917021
128,37.4,2368.8411645788847
128,37.5,2433.6831768608117
128,37.6,2340.7515367250203
128,37.7,2191.1730550540383
128,37.800000000000004,2103.1081990425587
128,37.9,2149.1781474136787
128,38.0,2158.1886891587283
128,38.1,2080.123142166876
128,38.2,2117.4662405361446
128,38.300000000000004,2115.637336207991
128,38.400000000000006,2143.3368558785933
128,38.5,2149.303529303558
128,38.6,2120.4908149195185
128,38.7,2090.2234680912907
128,38.800000000000004,2115.5414157954956
128,38.900000000000006,2118.6069944098126
128,39.0,2122.905758246498
128,39.1,2114.83537269127
128,39.2,2182.22994556442
128,39.300000000000004,2203.3326669986695
128,39.400000000000006,2373.8478050707618
128,39.5,2339.7329742651264
128,39.6,2346.53789913884
128,39.7,2235.6271990428922
128,39.800000000000004,2346.563705054078
128,39.900000000000006,2465.316463290135
128,40.0,2206.0901120893473
128,40.1,2106.5834809526427
128,40.2,2071.528675683945
128,40.300000000000004,2173.1276108016614
128,40.400000000000006,2401.0610075975083
128,40.5,2415.9317811009287
128,40.6,2292.4242102491135
128,40.7,2159.0270675678535
128,40.800000000000004,2158.886857354524
128,40.900000000000006,2093.0400760388525
128,41.0,2379.8015535690465
128,41.1,2271.597930142386
128,41.2,2075.6005641610423
128,41.300000000000004,2080.6479258047934
128,41.400000000000006,2083.842366657532
128,41.5,2206.132655358024
128,41.6,2297.684945740654
128,41.7,2292.2072564209475
128,41.800000000000004,2471.764375487711
128,41.900000000000006,2580.6396904244734
128,42.0,2243.5085760443767
128,42.1,2168.2643235325677
128,42.2,2235.2395290168242
128,42.300000000000004,2189.317518972432
128,42.400000000000006,2156.881991924968
128,42.5,2417.9762380059383
128,42.6,2288.460119807934
128,42.7,2288.7908717455334
128,42.800000000000004,2246.671597016647
128,42.900000000000006,2232.288563690305
128,43.0,2305.3731307497283
128,43.1,2319.7116785609264
128,43.2,2415.6261361799006
128,43.300000000000004,2256.7097720936968
128,43.400000000000006,2132.2568576258973
128,43.5,2398.46315774562
128,43.6,2269.9629412502773
128,43.7,2141.0035761081226
128,43.800000000000004,2536.5316174967134
128,43.900000000000006,2735.0364970278247
128,44.0,2704.658437020445
128,44.1,2694.237834903365
128,44.2,2338.1307807095145
128,44.300000000000004,2136.051739657719
128,44.400000000000006,2132.85280874631
128,44.5,2144.027913592955
128,44.6,2330.4583899999325
128,44.7,2251.8384089358483
128,44.800000000000004,2123.016124741578
128,44.900000000000006,2179.377911629886
128,45.0,2153.0841699913494
128,45.1,2110.783820085353
128,45.2,2108.2590831805564
128,45.300000000000004,2115.8735449579194
128,45.400000000000006,2102.2838266001386
128,45.5,2114.4636753719606
128,45.6,2125.5105498891976
128,45.7,2141.266972305186
128,45.800000000000004,2108.1705984678156
128,45.900000000000006,2119.933010341877
128,46.0,2173.344180806462
128,46.1,2124.3616831508853
128,46.2,2186.211128717264
128,46.300000000000004,2202.4676391181447
128,46.400000000000006,2144.073188801613
128,46.5,2127.173515466865
128,46.6,2154.5647254159276
128,46.7,2163.725511851121
128,46.800000000000004,2148.2521293724662
128,46.900000000000006,2177.6026112857835
128,47.0,2187.20410067661
128,47.1,2182.4898081538718
128,47.2,2196.4676936689925
128,47.300000000000004,2176.5052303793586
128,47.400000000000006,2139.618483766278
128,47.5,2118.241865480479
128,47.6,2097.983399043041
128,47.7,2106.623207952572
128,47.800000000000004,2154.210336741475
128,47.900000000000006,2170.3854124567224
128,48.0,2222.1821285936576
128,48.1,2245.8578220181953
128,48.2,2124.5342453450585
128,48.300000000000004,2150.3704561474974
128,48.400000000000006,2154.187658934377
128,48.5,2149.5563549709177
128,48.6,2193.9115234788374
128,48.7,2178.433621388148
128,48.800000000000004,2175.638598204317
128,48.900000000000006,2207.677064585818
128,49.0,2164.73067383902
128,49.1,2162.522870828985
128,49.2,2165.5527635209933
128,49.300000000000004,2122.51169995258
128,49.400000000000006,2109.264032374422
128,49.5,2120.902023589683
128,49.6,2184.1617417968505
128,49.7,2204.013768947399
128,49.800000000000004,2268.9690424956325
128,49.900000000000006,2194.595204502216
128,50.0,2087.8816458438578
128,50.1,2120.229761306866
128,50.2,2137.001600730113
128,50.300000000000004,2093.070773724504
128,50.400000000000006,2133.9445916298764
128,50.5,2127.4066951635923
128,50.6,2151.829475008103
128,50.7,2274.7970135003866
128,50.800000000000004,2211.028379046535
128,50.900000000000006,2206.249073232738
128,51.0,2305.2329619169714
128,51.1,2385.030203589939
128,51.2,2292.0417304664174
128,51.300000000000004,2190.7605113799405
128,51.400000000000006,2167.6815643864925
128,51.5,2130.3345742007123
128,51.6,2135.481496364677
128,51.7,2183.005224036011
128,51.800000000000004,2185.9629328486553
128,51.900000000000006,2383.076584621929
128,52.0,2455.979557099387
128,52.1,2568.7464471543667
128,52.2,2603.2082547974296
128,52.300000000000004,2452.771838391841
128,52.400000000000006,2212.435177289273
128,52.5,2191.8224452948707
128,52.6,2186.272781952055
128,52.7,2189.4857134607205
128,52.800000000000004,2248.810498638665
128,52.900000000000006,2193.6855268330273
128,53.0,2119.7512754668514
128,53.1,2096.3235205171645
128,53.2,2105.26117571431
128,53.300000000000004,2122.2200901393758
128,53.400000000000006,2109.136107912557
128,53.5,2114.64605268099
128,53.6,2122.212674568759
128,53.7,2147.6481891686853
128,53.800000000000004,2149.3511105781085
128,53.900000000000006,2138.2434905850646
128,54.0,2161.6051259844207
128,54.1,2149.515017126109
128,54.2,2146.2596488876825
128,54.300000000000004,2201.441470444145
128,54.400000000000006,2183.023272412515
128,54.5,2392.2928814203915
128,54.6,2663.6570539973054
128,54.7,2787.1019156253824
128,54.800000000000004,2813.8221485596637
128,54.900000000000006,2599.1382729642783
128,55.0,2227.5936760655004
128,55.1,2140.308825075299
128,55.2,2164.373967523786
128,55.300000000000004,2128.360051354744
128,55.400000000000006,2259.7925074009877
128,55.5,2469.4199669018567
128,55.6,2472.847305812381
128,55.7,2286.736912243447
128,55.800000000000004,2229.2368171437583
128,55.900000000000006,2220.529669259139
128,56.0,2243.627441660253
128,56.1,2229.329875466266
128,56.2,2180.0570724319678
128,56.300000000000004,2173.9735966316716
128,56.400000000000006,2346.644366755165
128,56.5,2367.860069053684
128,56.6,2228.33758230416
128,56.7,2168.7935734203875
128,56.800000000000004,2265.2460922989007
128,56.900000000000006,2239.593641702357
128,57.0,2219.653078400023
128,57.1,2187.2789354096954
128,57.2,2080.315020034119
128,57.300000000000004,2123.441871378947
128,57.400000000000006,2156.6220696313535
128,57.5,2192.261918632275
128,57.6,2203.554324705842
128,57.7,2210.3225060935056
128,57.800000000000004,2210.4302385606466
128,57.900000000000006,2156.1121837897695
128,58.0,2162.025847247175
128,58.1,2204.4862776052187
128,58.2,2233.8150479575856
128,58.300000000000004,2240.2091369127384
128,58.400000000000006,2152.7764276340695
128,58.5,2308.4287627640438
128,58.6,2480.197967504814
128,58.7,2312.3830401622185
128,58.800000000000004,2166.114032289149
128,58.900000000000006,2196.8292541720916
128,59.0,2283.8196071396233
128,59.1,2228.70255933586
128,59.2,2221.7082290276417
128,59.300000000000004,2186.1531778092776
128,59.400000000000006,2160.0845070443647
128,59.5,2167.4446389442232
128,59.6,2168.014259547395
128,59.7,2192.4375824958724
128,59.800000000000004,2154.1763916727596
128,59.900000000000006,2175.152381793926
128,60.0,2249.114514101892
128,60.1,2186.8472088497874
128,60.2,2126.0969740595388
128,60.300000000000004,2146.507003952258
128,60.400000000000006,2148.4632612297114
128,60.5,2149.5989536648717
128,60.6,2178.9790568462895
128,60.7,2197.8158431798197
128,60.800000000000004,2171.472157651565
128,60.900000000000006,2126.4388854574067
128,61.0,2113.444514903341
128,61.1,2139.3441644771056
128,61.2,2116.3246550908684
128,61.300000000000004,2125.1235825819485
128,61.400000000000006,2104.3676640536555
128,61.5,2144.08339620933
128,61.6,2300.4425720836493
128,61.7,2381.236878837053
128,61.800000000000004,2260.999394851195
128,61.900000000000006,2181.656727967863
128,62.0,2262.1604684222943
128,62.1,2246.208738462563
128,62.2,2168.20532514321
128,62.300000000000004,2145.514215786075
128,62.400000000000006,2188.484536245233
128,62.5,2170.467302552066
128,62.6,2112.004040953347
128,62.7,2088.7461349402006
128,62.800000000000004,2106.9860695801385
128,62.900000000000006,2111.1547045058423
128,63.0,2124.0710069030265
128,63.1,2160.7715824261504
128,63.2,2228.72287425007
128,63.300000000000004,2231.5822025162593
128,63.400000000000006,2134.718779743499
128,63.5,2088.244688686933
128,63.6,2206.0072660228348
128,63.7,2269.5449954941096
128,63.800000000000004,2223.4066080953876
128,63.900000000000006,2169.7614680682805
128,64.0,2283.8750265356407
128,64.10000000000001,2286.1593654412172
128,64.2,2215.503304325408
128,64.3,2236.0423249551422
128,64.4,2275.223698096559
128,64.5,2297.2301764630192
128,64.60000000000001,2213.399850994603
128,64.7,2277.0088133655245
128,64.8,2590.0218220497436
128,64.9,2814.8821900361063
128,65.0,2664.9179778342786
128,65.10000000000001,2290.100850557539
128,65.2,2258.8719175492756
128,65.3,2258.132716255925
128,65.4,2134.922177835759
128,65.5,2174.5880878081325
128,65.60000000000001,2197.2461965314915
128,65.7,2215.0937350912163
128,65.8,2161.376808081934
128,65.9,2136.0842535042707
128,66.0,2115.714441314677
128,66.10000000000001,2146.42195692562
128,66.2,2145.2129062721565
128,66.3,2093.650743485471
128,66.4,2140.607907994056
128,66.5,2162.333586975636
128,66.60000000000001,2112.143499191518
128,66.7,2145.4985046263573
128,66.8,2227.9154802221806
128,66.9,2209.5933434075164
128,67.0,2132.4700270744916
128,67.10000000000001,2131.898925732266
128,67.2,2182.400277038849
128,67.3,2222.60486667715
128,67.4,2494.4197586203877
128,67.5,2695.7045783220665
128,67.60000000000001,2497.8691463846735
128,67.7,2230.056917590707
128,67.8,2156.2224525765228
128,67.9,2183.7243097935134
128,68.0,2283.2646653568822
128,68.10000000000001,2255.452165580326
128,68.2,2155.0006992665735
128,68.3,2190.962555168213
128,68.4,2176.195102350203
128,68.5,2130.954623681075
128,68.60000000000001,2114.640202383798
128,68.7,2135.2701806702526
128,68.8,2167.0758885421533
128,68.9,2162.794073679996
128,69.0,2144.3877650394843
128,69.10000000000001,2122.0881792505406
128,69.2,2219.22365746404
128,69.3,2254.684038080809
128,69.4,2167.23059232162
128,69.5,2124.996377355973
128,69.60000000000001,2133.6842531511093
128,69.7,2125.9829503295364
128,69.8,2095.615356985865
128,69.9,2096.964304709597
128,70.0,2092.0607328612978
128,70.10000000000001,2080.5328593964555
128,70.2,2080.154695983206
128,70.3,2093.073319024664
128,70.4,2078.43246299039
128,70.5,2094.8518284310458
128,70.60000000000001,2112.637302001784
128,70.7,2092.7634532715692
128,70.8,2091.0118278221917
128,70.9,2228.0295938242843
128,71.0,2348.3619180882574
128,71.10000000000001,2217.4938532876577
128,71.2,2119.8451261349674
128,71.3,2248.978428821283
128,71.4,2254.360221681619
128,71.5,2146.2597874331327
128,71.60000000000001,2120.957128847286
128,71.7,2139.7485688347115
128,71.8,2146.3158157894754
128,71.9,2119.8940708340588
128,72.0,2130.2127123475025
128,72.10000000000001,2122.800270268182
128,72.2,2133.100787572917
128,72.3,2117.5922363097006
128,72.4,2104.271262090939
128,72.5,2119.228658636662
128,72.60000000000001,2107.476945892994
128,72.7,2115.0998080948552
128,72.8,2139.647877469302
128,72.9,2171.077124857154
128,73.0,2305.0347762622687
128,73.10000000000001,2303.40573978471
128,73.2,2281.8971397669143
128,73.3,2366.1616826557834
128,73.4,2224.613426590799
128,73.5,2238.0622475713235
128,73.60000000000001,2372.5675213342947
128,73.7,2462.262491051635
128,73.8,2347.8023309257055
128,73.9,2123.348249746232
128,74.0,2135.933070349304
128,74.10000000000001,2144.819154319905
128,74.2,2090.355020219126
128,74.3,2054.890565375422
128,74.4,2144.719226949379
128,74.5,2199.348739306871
128,74.60000000000001,2183.8250857915596
128,74.7,2122.8090450918444
128,74.8,2077.4730268393446
128,74.9,2089.848385336153
128,75.0,2110.243939241725
128,75.10000000000001,2140.9637814846665
128,75.2,2183.680965509389
128,75.3,2182.891668862829
128,75.4,2104.935300701008
128,75.5,2227.590603795795
128,75.60000000000001,2440.201795729542
128,75.7,2489.2209567941854
128,75.8,2258.304020394463
128,75.9,2071.4321287744547
128,76.0,2092.348435465769
128,76.10000000000001,2114.5789591402677
128,76.2,2185.153088001029
128,76.3,2138.4454366595924
128,76.4,2110.103099999288
128,76.5,2108.7965968632047
128,76.60000000000001,2101.7883444521267
128,76.7,2072.3788000753193
128,76.80000000000001,2070.223805050221
128,76.9,2123.626912913124
128,77.0,2126.8266140865076
128,77.10000000000001,2151.944695796866
128,77.2,2154.1493629368583
128,77.30000000000001,2137.6216487997194
128,77.4,2122.4527211931468
128,77.5,2129.683163881535
128,77.60000000000001,2108.3611521964935
128,77.7,2185.7723363891996
128,77.80000000000001,2340.0426423082317
128,77.9,2297.4544363325635
128,78.0,2167.1883138461762
128,78.10000000000001,2114.2267736471626
128,78.2,2148.761202207493
128,78.30000000000001,2140.969270611433
128,78.4,2119.333075910077
128,78.5,2191.7256774856137
128,78.60000000000001,2244.8267641442276
128,78.7,2251.1884701750687
128,78.80000000000001,2149.4431252842614
128,78.9,2120.3331516667085
128,79.0,2113.3424197091945
128,79.10000000000001,2096.2661086000885
128,79.2,2144.9234660534707
128,79.30000000000001,2140.690349125956
128,79.4,2166.3530956573336
128,79.5,2152.534981466655
128,79.60000000000001,2130.8878718177225
128,79.7,2122.3162282901208
128,79.80000000000001,2090.4541634287916
128,79.9,2098.7029651821294
128,80.0,2139.6803761642996
128,80.10000000000001,2191.483776189193
128,80.2,2328.406299165555
128,80.30000000000001,2414.62129019735
128,80.4,2279.695055876953
128,80.5,2127.1335569442294
128,80.60000000000001,2145.926401843344
128,80.7,2270.7162266193986
128,80.80000000000001,2279.038222789557
128,80.9,2109.7153610164455
128,81.0,2138.663984759127
128,81.10000000000001,2158.1470687852066
128,81.2,2108.241885130746
128,81.30000000000001,2102.520109563685
128,81.4,2197.147145251704
128,81.5,2213.5046859364315
128,81.60000000000001,2142.361727656838
128,81.7,2116.081800222087
128,81.80000000000001,2136.635629425244
128,81.9,2117.921123142176
128,82.0,2123.267852935114
128,82.10000000000001,2120.99014593161
192,0.0,2631.493
192,0.1,2470.92056139412
192,0.2,2238.755059396631
192,0.30000000000000004,2189.0291421868187
192,0.4,2152.575480607044
192,0.5,2157.563648685872
192,0.6000000000000001,2166.7780138608578
192,0.7000000000000001,2225.1273599339493
192,0.8,2275.8549638811446
192,0.9,2335.091282390057
192,1.0,2317.838699630662
192,1.1,2173.8835318373594
192,1.2000000000000002,2214.204705500224
192,1.3,2127.6831011046615
192,1.4000000000000001,2088.546293520147
192,1.5,2233.511515776682
192,1.6,2308.9054032349227
192,1.7000000000000002,2302.6367428041767
192,1.8,2296.2606806828258
192,1.9000000000000001,2194.1761029606528
192,2.0,2211.855453456287
192,2.1,2311.0852783633086
192,2.2,2321.9074285670026
192,2.3000000000000003,2270.088567699614
192,2.4000000000000004,2303.5529099811274
192,2.5,2219.342278580126
192,2.6,2321.7544756726106
192,2.7,2384.524645800053
192,2.8000000000000003,2188.9239057294058
192,2.9000000000000004,2191.819424011667
192,3.0,2264.951082768809
192,3.1,2238.3892552774546
192,3.2,2225.367476856944
192,3.3000000000000003,2229.406808471377
192,3.4000000000000004,2202.1301820289996
192,3.5,2233.768206380145
192,3.6,2218.6992840414223
192,3.7,2222.7910350982033
192,3.8000000000000003,2212.3761235873985
192,3.9000000000000004,2131.531255337421
192,4.0,2164.380180030214
192,4.1000000000000005,2176.443932128901
192,4.2,2192.5456739384467
192,4.3,2151.4034414379767
192,4.4,2148.8889299511766
192,4.5,2302.189801826704
192,4.6000000000000005,2375.154671459002
192,4.7,2230.07816522829
192,4.800000000000001,2324.3558337172913
192,4.9,2385.5158027659686
192,5.0,2209.705992996895
192,5.1000000000000005,2201.7449849721093
192,5.2,2275.190751850149
192,5.300000000000001,2302.376723465832
192,5.4,2218.058079053642
192,5.5,2243.749987540299
192,5.6000000000000005,2255.2356825358847
192,5.7,2203.8142093973165
192,5.800000000000001,2147.119749246674
192,5.9,2111.502088308644
192,6.0,2307.8803456027945
192,6.1000000000000005,2384.6858678753615
192,6.2,2277.183571821925
192,6.300000000000001,2296.471470244497
192,6.4,2284.071372871453
192,6.5,2349.689201353412
192,6.6000000000000005,2332.958124848697
192,6.7,2240.72412041822
192,6.800000000000001,2428.245476165379
192,6.9,2329.0596553010178
192,7.0,2218.729707372053
192,7.1000000000000005,2328.707404630348
192,7.2,2276.838703195153
192,7.300000000000001,2338.0923401329605
192,7.4,2254.468907303973
192,7.5,2254.202408835724
192,7.6000000000000005,2228.293185569545
192,7.7,2245.8998183975755
192,7.800000000000001,2294.9988680231513
192,7.9,2234.253289330862
192,8.0,2212.7405658418957
192,8.1,2245.7170797255044
192,8.200000000000001,2334.9078799557738
192,8.3,2264.2002512732774
192,8.4,2331.9085739689667
192,8.5,2351.9274606229133
192,8.6,2280.5623352333155
192,8.700000000000001,2390.6132456772657
192,8.8,2539.8140031505495
192,8.9,2658.6494688323105
192,9.0,2626.9954726114224
192,9.1,2564.564580151916
192,9.200000000000001,2413.6570026315267
192,9.3,2396.7407682469347
192,9.4,2430.9408984911393
192,9.5,2328.352019467306
192,9.600000000000001,2428.939640412754
192,9.700000000000001,2278.5811196961463
192,9.8,2303.565302092865
192,9.9,2439.137330685233
192,10.0,2493.3262730019323
192,10.100000000000001,2392.885913480231
192,10.200000000000001,2403.0267910147572
192,10.3,2613.432652751746
192,10.4,2483.72259777293
192,10.5,2211.64761073405
192,10.600000000000001,2260.334758588715
192,10.700000000000001,2406.228759533773
192,10.8,2395.821019976553
192,10.9,2184.7012046756095
192,11.0,2271.057474363373
192,11.100000000000001,2361.909594072808
192,11.200000000000001,2255.00539336623
192,11.3,2248.556910870518
192,11.4,2229.0675884710777
192,11.5,2390.246088493804
192,11.600000000000001,2489.516406148648
192,11.700000000000001,2165.1741736832328
192,11.8,2187.478888474634
192,11.9,2219.0634706423375
192,12.0,2325.630549781157
192,12.100000000000001,2399.3614471215287
192,12.200000000000001,2243.891519500601
192,12.3,2208.7034392580504
192,12.4,2203.322241021413
192,12.5,2211.5501892740044
192,12.600000000000001,2286.1393463165573
192,12.700000000000001,2350.136134569847
192,12.8,2359.370254157631
192,12.9,2230.00900998375
192,13.0,2299.4940941896375
192,13.100000000000001,2332.65601176347
192,13.200000000000001,2218.3055221057557
192,13.3,2249.3645780999946
192,13.4,2234.3094896284842
192,13.5,2216.029750415807
192,13.600000000000001,2254.7431230056586
192,13.700000000000001,2314.5273404989625
192,13.8,2274.8554268459834
192,13.9,2323.9020314755817
192,14.0,2315.956306919534
192,14.100000000000001,2270.8087919401423
192,14.200000000000001,2260.652504629373
192,14.3,2234.589205628339
192,14.4,2324.7966964666643
192,14.5,2397.8165294714768
192,14.600000000000001,2213.8965375132243
192,14.700000000000001,2198.5270787984646
192,14.8,2219.148475849497
192,14.9,2186.7152353326915
192,15.0,2158.03545336377
192,15.100000000000001,2225.0236809240714
192,15.200000000000001,2309.3585407058986
192,15.3,2319.5910575569974
192,15.4,2316.845734817223
192,15.5,2420.774208789952
192,15.600000000000001,2406.5814765426594
192,15.700000000000001,2247.142009366995
192,15.8,2238.0531299973077
192,15.9,2377.2024371463785
192,16.0,2620.096335303088
192,16.1,2486.6660688792854
192,16.2,2243.7953306607833
192,16.3,2232.291505138255
192,16.400000000000002,2245.0140135727465
192,16.5,2278.671994972526
192,16.6,2246.137150681653
192,16.7,2172.5499685465484
192,16.8,2201.1471860714355
192,16.900000000000002,2286.8654648941542
192,17.0,2280.555950613813
192,17.1,2272.7203761476408
192,17.2,2339.1741842498914
192,17.3,2420.1827968813122
192,17.400000000000002,2251.8639393723697
192,17.5,2391.4490050230424
192,17.6,2270.3534487472193
192,17.7,2212.369073504216
192,17.8,2246.011445151451
192,17.900000000000002,2183.826513414874
192,18.0,2182.645885610254
192,18.1,2227.4264779840464
192,18.2,2215.362162697446
192,18.3,2251.156840947741
192,18.400000000000002,2252.0214319491092
192,18.5,2243.6755270101235
192,18.6,2263.174630305298
192,18.7,2274.565505315547
192,18.8,2276.6823703480986
192,18.900000000000002,2262.1311120903274
192,19.0,2274.9227428184777
192,19.1,2214.2472490304376
192,19.200000000000003,2213.617871738271
192,19.3,2196.8474730390353
192,19.400000000000002,2185.2057064851906
192,19.5,2265.255465912259
192,19.6,2249.755219844446
192,19.700000000000003,2231.577817354092
192,19.8,2266.804737221504
192,19.900000000000002,2205.8386919306213
192,20.0,2194.8510825920675
192,20.1,2245.7442914927587
192,20.200000000000003,2270.3235993270814
192,20.3,2292.736295924018
192,20.400000000000002,2286.8840274235818
192,20.5,2290.600006738692
192,20.6,2348.03907194262
192,20.700000000000003,2308.240026580851
192,20.8,2282.542342405013
192,20.900000000000002,2274.2246642512664
192,21.0,2365.9324639449655
192,21.1,2414.440186365723
192,21.200000000000003,2227.382117101462
192,21.3,2229.760060130389
192,21.400000000000002,2351.586017127911
192,21.5,2479.9756808168418
192,21.6,2389.1040080683388
192,21.700000000000003,2395.609196867962
192,21.8,2515.9189916990326
192,21.900000000000002,2344.7736299854832
192,22.0,2192.6762634735533
192,22.1,2287.5203094297485
192,22.200000000000003,2439.834416048153
192,22.3,2367.609511738913
192,22.400000000000002,2196.3185527973355
192,22.5,2182.1470179858175
192,22.6,2235.27437510008
192,22.700000000000003,2206.8773114658916
192,22.8,2248.5692736232363
192,22.900000000000002,2412.5648535591604
192,23.0,2240.3732348032468
192,23.1,2229.2447232067716
192,23.200000000000003,2244.9454660433153
192,23.3,2363.395653012413
192,23.400000000000002,2662.6950645043066
192,23.5,2683.5093606757773
192,23.6,2586.1069991683726
192,23.700000000000003,2221.2276064480156
192,23.8,2247.6075827437735
192,23.900000000000002,2283.5757302273473
192,24.0,2220.8622522982782
192,24.1,2202.4889164310407
192,24.200000000000003,2165.9201927432237
192,24.3,2154.4632631706877
192,24.400000000000002,2253.0354696878253
192,24.5,2368.234125633541
192,24.6,2311.1424214748513
192,24.700000000000003,2341.2944748815094
192,24.8,2280.680395659903
192,24.900000000000002,2300.506787150674
192,25.0,2327.1345578489354
192,25.1,2363.060723202301
192,25.200000000000003,2441.68387599164
192,25.3,2430.8851250216208
192,25.400000000000002,2340.2862890156534
192,25.5,2267.930291766747
192,25.6,2283.655309136832
192,25.700000000000003,2363.7149968375015
192,25.8,2374.873479400572
192,25.900000000000002,2263.7276339382624
192,26.0,2212.54645813079
192,26.1,2258.636447864957
192,26.200000000000003,2281.022390788853
192,26.3,2581.0466642894944
192,26.400000000000002,2723.5088894236046
192,26.5,2549.692911147543
192,26.6,2180.050463715409
192,26.700000000000003,2194.266680744025
192,26.8,2393.4504272714717
192,26.900000000000002,2391.9859197921114
192,27.0,2169.1071134486624
192,27.1,2301.0772782221065
192,27.200000000000003,2508.236936510329
192,27.3,2339.8266611663616
192,27.400000000000002,2259.726851594319
192,27.5,2323.6869899064995
192,27.6,2528.49509883193
192,27.700000000000003,2533.0536808991574
192,27.8,2317.497575423547
192,27.900000000000002,2298.8077757212695
192,28.0,2297.8086594625765
192,28.1,2352.6285525593016
192,28.200000000000003,2283.344883214629
192,28.3,2286.9382218589158
192,28.400000000000002,2257.9994365777466
192,28.5,2259.4289681887612
192,28.6,2280.4759280059093
192,28.700000000000003,2261.4393262259164
192,28.8,2225.8884204163332
192,28.900000000000002,2238.6312418278467
192,29.0,2208.466822416767
192,29.1,2206.8519730322987
192,29.200000000000003,2171.43548305184
192,29.3,2189.630035431288
192,29.400000000000002,2330.277162038975
192,29.5,2354.2005840368674
192,29.6,2355.445073048566
192,29.700000000000003,2274.102562865883
192,29.8,2258.036180431245
192,29.900000000000002,2288.863483480829
192,30.0,2324.5716614515445
192,30.1,2414.8529183417045
192,30.200000000000003,2208.7009306284804
192,30.3,2270.0330815560906
192,30.400000000000002,2244.290196316093
192,30.5,2340.339767626467
192,30.6,2538.704119757043
192,30.700000000000003,2443.6925820042075
192,30.8,2162.2038872474773
192,30.900000000000002,2154.1045703109617
192,31.0,2268.813538156534
192,31.1,2363.806893689302
192,31.200000000000003,2589.545738661404
192,31.3,2469.442722542025
192,31.400000000000002,2279.2041357811813
192,31.5,2474.5840832995764
192,31.6,2510.8547042283335
192,31.700000000000003,2499.1055494599204
192,31.8,2262.252260554778
192,31.900000000000002,2224.043568312169
192,32.0,2295.1333023428156
192,32.1,2512.7693814921217
192,32.2,2389.756655578197
192,32.300000000000004,2450.2755855693
192,32.4,2273.96760287993
192,32.5,2275.924594685272
192,32.6,2293.271904328679
192,32.7,2219.20937259026
192,32.800000000000004,2284.308777328377
192,32.9,2227.78857357464
192,33.0,2193.1786900663387
192,33.1,2592.094663861909
192,33.2,2473.852476003338
192,33.300000000000004,2269.6334447867825
192,33.4,2267.727378789223
192,33.5,2252.998169591605
192,33.6,2343.90118311792
192,33.7,2219.1284152998987
192,33.800000000000004,2300.905487603533
192,33.9,2307.758031171676
192,34.0,2477.188593616859
192,34.1,2537.6330656223427
192,34.2,2263.0533467948385
192,34.300000000000004,2451.683897361481
192,34.4,2402.575420096987
192,34.5,2235.265829543776
192,34.6,2468.0512364034043
192,34.7,2277.9805199361417
192,34.800000000000004,2390.9477753799597
192,34.9,2507.6846498022833
192,35.0,2429.551072827396
192,35.1,2337.884189960514
192,35.2,2245.0974231210257
192,35.300000000000004,2286.4119474772783
192,35.4,2260.5209281520083
192,35.5,2264.186385272504
192,35.6,2299.7385152123748
192,35.7,2436.435002311364
192,35.800000000000004,2320.072418333622
192,35.9,2247.4824687043842
192,36.0,2420.218365867142
192,36.1,2692.8728031920537
192,36.2,2304.180985207258
192,36.300000000000004,2549.2521609191167
192,36.4,2467.110531251671
192,36.5,2266.972507069975
192,36.6,2198.222298049868
192,36.7,2201.602207121858
192,36.800000000000004,2315.0101662204347
192,36.9,2346.2674906811144
192,37.0,2442.3896125215056
192,37.1,2386.477416777227
192,37.2,2170.1257305101644
192,37.300000000000004,2218.515525794324
192,37.4,2250.6758430565546
192,37.5,2303.685814955845
192,37.6,2339.827744653209
192,37.7,2300.1843178988556
192,37.800000000000004,2264.1178411833384
192,37.9,2264.063226451483
192,38.0,2310.58958930716
192,38.1,2300.423018288353
192,38.2,2286.286286428396
192,38.300000000000004,2274.4045099079253
192,38.400000000000006,2276.1667169466996
192,38.5,2380.866231737045
192,38.6,2420.950621709696
192,38.7,2322.557560429861
192,38.800000000000004,2164.9854239182973
192,38.900000000000006,2221.819274511047
192,39.0,2344.8455733536034
192,39.1,2317.3549675097997
192,39.2,2317.777459667499
192,39.300000000000004,2288.7381474538033
192,39.400000000000006,2298.8853620940513
192,39.5,2304.5994659786543
192,39.6,2318.4034293873888
192,39.7,2302.267740798407
192,39.800000000000004,2300.935347266229
192,39.900000000000006,2235.0264167087257
192,40.0,2252.4865832823
192,40.1,2265.721165579934
192,40.2,2239.2780581522184
192,40.300000000000004,2263.755171410743
192,40.400000000000006,2395.39498843735
192,40.5,2241.830896533154
192,40.6,2273.811910501998
192,40.7,2272.542228629907
192,40.800000000000004,2225.695224325179
192,40.900000000000006,2419.938432165364
192,41.0,2856.7146499746223
192,41.1,2824.0079995300944
192,41.2,2781.3855321465035
192,41.300000000000004,2560.521860355742
192,41.400000000000006,2228.918773029317
192,41.5,2348.9973688557407
192,41.6,2445.9255631683222
192,41.7,2085.7237253144212
192,41.800000000000004,2210.9160131653266
192,41.900000000000006,2232.5313700262122
192,42.0,2267.093345301695
192,42.1,2414.476705510349
192,42.2,2458.0827610871215
192,42.300000000000004,2315.9531832623925
192,42.400000000000006,2121.0733033133683
192,42.5,2223.568415198269
192,42.6,2174.3327226032297
192,42.7,2273.3453764152196
192,42.800000000000004,2189.6392974948835
192,42.900000000000006,2210.565766190821
192,43.0,2222.651495270003
192,43.1,2225.852627916214
192,43.2,2259.0266773059766
192,43.300000000000004,2200.0053136523516
192,43.400000000000006,2203.602458595305
192,43.5,2162.8682768214576
192,43.6,2204.675127314665
192,43.7,2214.600157849688
192,43.800000000000004,2220.6470992615546
192,43.900000000000006,2234.305714755137
192,44.0,2254.299855692384
192,44.1,2349.3515970504677
192,44.2,2289.0077132287815
192,44.300000000000004,2432.126250524703
192,44.400000000000006,2388.705348364176
192,44.5,2382.1980620685545
192,44.6,2314.1636269986775
192,44.7,2318.2897426646077
192,44.800000000000004,2310.042489371445
192,44.900000000000006,2280.789483169673
192,45.0,2303.374355953649
192,45.1,2236.907773604345
192,45.2,2184.2216793123016
192,45.300000000000004,2232.3020578291225
192,45.400000000000006,2271.8642925483227
192,45.5,2243.0605018645824
192,45.6,2238.170814392025
192,45.7,2275.0610932042428
192,45.800000000000004,2227.865833327694
192,45.900000000000006,2253.9672602992437
192,46.0,2378.7521383964313
192,46.1,2505.123761944224
192,46.2,2368.324532357778
192,46.300000000000004,2423.918365427518
192,46.400000000000006,2472.05624322039
192,46.5,2391.045153772468
192,46.6,2235.39314631896
192,46.7,2295.46369304133
192,46.800000000000004,2474.799634945082
192,46.900000000000006,2148.1655474206723
192,47.0,2218.5019758995372
192,47.1,2288.655352433261
192,47.2,2249.2535554246006
192,47.300000000000004,2171.9905900562862
192,47.400000000000006,2219.1910094565847
192,47.5,2143.6798059533626
192,47.6,2213.9542101032957
192,47.7,2193.495886420978
192,47.800000000000004,2225.9864651756498
192,47.900000000000006,2208.514596711648
192,48.0,2231.0996376592643
192,48.1,2271.092241301612
192,48.2,2249.6256339905362
192,48.300000000000004,2283.108563888515
192,48.400000000000006,2278.1652875612845
192,48.5,2285.4009108000687
192,48.6,2338.390891768652
192,48.7,2276.497660257874
192,48.800000000000004,2282.9029162792904
192,48.900000000000006,2260.3393528393594
192,49.0,2222.7524096958286
192,49.1,2180.441853009938
192,49.2,2677.9359810715227
192,49.300000000000004,2627.351279968539
192,49.400000000000006,2469.470083266741
192,49.5,2281.5607745083207
192,49.6,2130.753775699016
192,49.7,2216.0502240612163
192,49.800000000000004,2380.9978656641315
192,49.900000000000006,2420.10660626548
192,50.0,2472.984551803181
192,50.1,2219.3185811783646
192,50.2,2182.4472561782222
192,50.300000000000004,2306.2325988379507
192,50.400000000000006,2125.4373740647247
192,50.5,2214.3915470458583
192,50.6,2301.46332707972
192,50.7,2641.23802099404
192,50.800000000000004,2701.511908965353
192,50.900000000000006,2641.3038731231386
192,51.0,2191.157901093245
192,51.1,2174.2715416371816
192,51.2,2355.95717328129
192,51.300000000000004,2297.5631049389553
192,51.400000000000006,2212.4626003059893
192,51.5,2621.964930929965
192,51.6,2299.3982643970444
192,51.7,2184.4002520170993
192,51.800000000000004,2190.907415947084
192,51.900000000000006,2236.035538567517
192,52.0,2185.925091723379
192,52.1,2192.082771323433
192,52.2,2103.2871679526725
192,52.300000000000004,2234.746573016442
192,52.400000000000006,2195.5738330975896
192,52.5,2218.2251787326113
192,52.6,2212.4810383045647
192,52.7,2233.7468619366123
192,52.800000000000004,2243.4142039402714
192,52.900000000000006,2337.0337304498053
192,53.0,2318.817569653674
192,53.1,2142.848601429237
192,53.2,2287.087762563216
192,53.300000000000004,2596.1770808181855
192,53.400000000000006,2535.6520881995634
192,53.5,2670.5988003860266
192,53.6,2257.776457229392
192,53.7,2370.8938670601533
192,53.800000000000004,2223.0207923909165
192,53.900000000000006,2204.338060747075
192,54.0,2321.529732214343
192,54.1,2264.948102884457
192,54.2,2244.441117386125
192,54.300000000000004,2287.132924291999
192,54.400000000000006,2350.667656180662
192,54.5,2139.575868027308
192,54.6,2130.9106951903486
192,54.7,2283.050691189143
192,54.800000000000004,2315.215663035816
192,54.900000000000006,2280.7293557444273
192,55.0,2152.1069831626405
192,55.1,2148.7097039831488
192,55.2,2165.1269373854457
192,55.300000000000004,2193.958557463563
192,55.400000000000006,2256.7187042929995
192,55.5,2257.5688752210112
192,55.6,2232.368952393254
192,55.7,2269.830199562502
192,55.800000000000004,2112.5173169939403
192,55.900000000000006,2034.9642995120025
192,56.0,2233.423399430498
192,56.1,2307.356629132136
192,56.2,2266.012988729796
192,56.300000000000004,2239.0553790724575
192,56.400000000000006,2285.8446081051293
192,56.5,2227.58981638795
192,56.6,2217.884658791599
192,56.7,2232.904314856581
192,56.800000000000004,2360.491631226616
192,56.900000000000006,2303.9919029085077
192,57.0,2350.894150309416
192,57.1,2212.666610606556
192,57.2,2266.170733743029
192,57.300000000000004,2309.62503345684
192,57.400000000000006,2209.9449901259686
192,57.5,2373.7698601067996
192,57.6,2193.722396658231
192,57.7,2184.6239018009755
192,57.800000000000004,2251.82049336914
192,57.900000000000006,2250.666814218584
192,58.0,2232.333587957061
192,58.1,2279.996927816273
192,58.2,2220.054981189803
192,58.300000000000004,2196.869027487982
192,58.400000000000006,2189.9711880380487
192,58.5,2603.267618018224
192,58.6,2311.0710678727064
192,58.7,2212.4014792473968
192,58.800000000000004,2233.897186090709
192,58.900000000000006,2192.4075319970275
192,59.0,2205.3578192844293
192,59.1,2175.8941976519263
192,59.2,2229.933585087962
192,59.300000000000004,2165.356803735829
192,59.400000000000006,2193.6810585836797
192,59.5,2297.544079015405
192,59.6,2252.8890053433474
192,59.7,2220.46019532339
192,59.800000000000004,2218.2808623307624
192,59.900000000000006,2362.2046547489126
192,60.0,2316.8150910427207
192,60.1,2205.653249818815
192,60.2,2206.2006374078837
192,60.300000000000004,2298.5331814600677
192,60.400000000000006,2356.416394696678
192,60.5,2328.6623209664467
192,60.6,2250.681117285932
192,60.7,2358.2352457264014
192,60.800000000000004,2281.642986070222
192,60.900000000000006,2359.0000992160894
192,61.0,2378.3101203936476
192,61.1,2469.509921964133
192,61.2,2414.5468793012506
192,61.300000000000004,2198.123800077681
192,61.400000000000006,2207.185820985366
192,61.5,2297.324793536719
192,61.6,2190.1951471665557
192,61.7,2159.500670944931
192,61.800000000000004,2229.5283178405475
192,61.900000000000006,2214.1697984682905
192,62.0,2197.466057622975
192,62.1,2172.3075798954414
192,62.2,2257.80576431011
192,62.300000000000004,2449.37074738337
192,62.400000000000006,2429.8993672706406
192,62.5,2316.793623317702
192,62.6,2302.000938617602
192,62.7,2485.2313267025115
192,62.800000000000004,2166.2052045960677
192,62.900000000000006,2159.452384445733
192,63.0,2262.987258812961
192,63.1,2176.8290044678547
192,63.2,2494.664866739257
192,63.300000000000004,2266.663350634672
192,63.400000000000006,2180.979369681101
192,63.5,2223.847807264234
192,63.6,2215.36196987674
192,63.7,2258.0869256321935
192,63.800000000000004,2317.0055990187584
192,63.900000000000006,2339.937100586417
192,64.0,2232.972344825121
192,64.10000000000001,2184.4266092950147
192,64.2,2229.513241060476
192,64.3,2313.4601838336
192,64.4,2303.5473997822482
192,64.5,2308.992177832841
192,64.60000000000001,2261.499937395555
192,64.7,2262.0726355644088
192,64.8,2286.501832220867
192,64.9,2267.108380990502
192,65.0,2293.9858685821296
192,65.10000000000001,2418.265812042589
192,65.2,2285.2746613295194
192,65.3,2226.715447233893
192,65.4,2181.645234096466
192,65.5,2205.8514619352964
192,65.60000000000001,2346.373436654251
192,65.7,2247.1296173990336
192,65.8,2268.8910545800254
192,65.9,2306.197324061736
192,66.0,2158.0498086635976
192,66.10000000000001,2291.806380321106
192,66.2,2236.096481995035
192,66.3,2264.263047743547
192,66.4,2250.306523967944
256,0.0,2261.351
256,0.1,2279.220845217491
256,0.2,2382.3213371813627
256,0.30000000000000004,2437.8377116612655
256,0.4,2344.2091209538376
256,0.5,2274.956316718729
256,0.6000000000000001,2286.027407160745
256,0.7000000000000001,2266.439604465243
256,0.8,2195.424589818861
256,0.9,2247.8165369534654
256,1.0,2415.3033126840705
256,1.1,2612.799574095344
256,1.2000000000000002,2683.365916873338
256,1.3,2536.588174037918
256,1.4000000000000001,2383.3589614777397
256,1.5,2348.0356061488387
256,1.6,2355.9110160151736
256,1.7000000000000002,2435.3931130467936
256,1.8,2437.2035501778746
256,1.9000000000000001,2430.3029514317845
256,2.0,2458.1960797162574
256,2.1,2444.867389007653
256,2.2,2498.8125237009594
256,2.3000000000000003,2580.0252201010794
256,2.4000000000000004,2525.455155494505
256,2.5,2363.631134326011
256,2.6,2233.5029595928404
256,2.7,2303.493399348544
256,2.8000000000000003,2364.603883610335
256,2.9000000000000004,2348.3722010931874
256,3.0,2374.894917412874
256,3.1,2519.671296762111
256,3.2,2695.321599745995
256,3.3000000000000003,2809.0124079934617
256,3.4000000000000004,2784.5846959453274
256,3.5,2554.491070320281
256,3.6,2366.1476065173
256,3.7,2315.897426416029
256,3.8000000000000003,2254.000188900485
256,3.9000000000000004,2294.902499333794
256,4.0,2384.4227054851317
256,4.1000000000000005,2499.494847523738
256,4.2,2407.9185244986656
256,4.3,2302.2946893845165
256,4.4,2402.983226875011
256,4.5,2486.02461206989
256,4.6000000000000005,2375.6103607789028
256,4.7,2433.274864345133
256,4.800000000000001,2443.503773970541
256,4.9,2295.3981838208283
256,5.0,2292.3227095962484
256,5.1000000000000005,2313.0916784120486
256,5.2,2361.6826481910484
256,5.300000000000001,2290.2581835376263
256,5.4,2312.8200632186454
256,5.5,2350.6207701758567
256,5.6000000000000005,2371.857188876709
256,5.7,2310.9141357496705
256,5.800000000000001,2286.674311422042
256,5.9,2274.7999290977937
256,6.0,2308.4832445438365
256,6.1000000000000005,2323.248665367202
256,6.2,2308.8313412337156
256,6.300000000000001,2263.7130178215275
256,6.4,2308.8480623802934
256,6.5,2345.15754056102
256,6.6000000000000005,2220.6220754638825
256,6.7,2234.9645263948005
256,6.800000000000001,2365.961973602528
256,6.9,2258.1684193369906
256,7.0,2266.9764286824015
256,7.1000000000000005,2287.7641129086305
256,7.2,2408.671089352272
256,7.300000000000001,2357.084013856766
256,7.4,2384.836049063897
256,7.5,2392.513378582662
256,7.6000000000000005,2259.71561511887
256,7.7,2297.946873386455
256,7.800000000000001,2348.1045739909123
256,7.9,2391.168244432689
256,8.0,2408.6593838862336
256,8.1,2447.699739734358
256,8.200000000000001,2315.5992243747946
256,8.3,2246.761588187132
256,8.4,2291.613005568317
256,8.5,2322.069192219527
256,8.6,2282.00645661032
256,8.700000000000001,2281.566023943613
256,8.8,2338.0438939942146
256,8.9,2362.2150717513814
256,9.0,2378.0823142250533
256,9.1,2332.856622530936
256,9.200000000000001,2286.2273208026445
256,9.3,2334.0830943532997
256,9.4,2329.7114212400006
256,9.5,2298.630746462025
256,9.600000000000001,2234.6784661471975
256,9.700000000000001,2189.22939161899
256,9.8,2277.610317756672
256,9.9,2320.859977866155
256,10.0,2266.814895172782
256,10.100000000000001,2274.511810370704
256,10.200000000000001,2285.4118462457864
256,10.3,2264.6088127608077
256,10.4,2326.44476338941
256,10.5,2278.4103132791947
256,10.600000000000001,2307.4417191390194
256,10.700000000000001,2302.2390851368837
256,10.8,2314.12188822031
256,10.9,2323.2054201476426
256,11.0,2409.2329636759623
256,11.100000000000001,2480.153089410787
256,11.200000000000001,2370.6389116772825
256,11.3,2308.04349434758
256,11.4,2242.207153524614
256,11.5,2280.6826310218535
256,11.600000000000001,2273.6032731160194
256,11.700000000000001,2258.823169945408
256,11.8,2303.585792924783
256,11.9,2393.5992876032074
256,12.0,2306.4339083676064
256,12.100000000000001,2208.8150555974953
256,12.200000000000001,2338.428097935259
256,12.3,2333.6184676434627
256,12.4,2289.41198290879
256,12.5,2342.391620439783
256,12.600000000000001,2253.1872572551883
256,12.700000000000001,2218.7315160842973
256,12.8,2303.9777410042325
256,12.9,2311.2367655564844
256,13.0,2280.2798205365266
256,13.100000000000001,2327.8890318046433
256,13.200000000000001,2341.385985584623
256,13.3,2316.198186053671
256,13.4,2299.11910390173
256,13.5,2308.0668201418275
256,13.600000000000001,2346.1960220149113
256,13.700000000000001,2211.8893816195787
256,13.8,2258.7816061820777
256,13.9,2455.5969388731473
256,14.0,2254.3141973769493
256,14.100000000000001,2268.120934210707
256,14.200000000000001,2240.4797152558854
256,14.3,2284.996008120783
256,14.4,2269.7304092035965
256,14.5,2309.9633005559276
256,14.600000000000001,2412.2758352936357
256,14.700000000000001,2285.1012596432483
256,14.8,2401.0317315242787
256,14.9,2295.572420009293
256,15.0,2303.4676670041717
256,15.100000000000001,2276.8338869743375
256,15.200000000000001,2321.4407843732292
256,15.3,2383.5723531897756
256,15.4,2338.8771408738457
256,15.5,2297.0900059523524
256,15.600000000000001,2283.927404572163
256,15.700000000000001,2218.1031937244875
256,15.8,2236.7005381728077
256,15.9,2369.465709706628
256,16.0,2386.994026204359
256,16.1,2388.6879953133584
256,16.2,2319.3924133975124
256,16.3,2315.529437488175
256,16.400000000000002,2341.1037932841527
256,16.5,2380.364646653736
256,16.6,2362.913027478107
256,16.7,2370.0621486188943
256,16.8,2342.1860896333965
256,16.900000000000002,2299.4725853249333
256,17.0,2553.354072617272
256,17.1,2625.0009346853662
256,17.2,2544.9916815100587
256,17.3,2468.5099432070106
256,17.400000000000002,2392.613603203028
256,17.5,2321.337241051706
256,17.6,2338.7336100381262
256,17.7,2349.3980435333983
256,17.8,2313.0022977968397
256,17.900000000000002,2196.171181269342
256,18.0,2159.4694821712815
256,18.1,2257.8701228594623
256,18.2,2200.3340202061645
256,18.3,2267.141768070972
256,18.400000000000002,2260.638485440052
256,18.5,2321.753283599659
256,18.6,2472.5491278559216
256,18.7,2381.240119765908
256,18.8,2222.9311631384417
256,18.900000000000002,2135.066725012991
256,19.0,2293.6162132925706
256,19.1,2329.972120275363
256,19.200000000000003,2327.5151140398743
256,19.3,2348.827627140435
256,19.400000000000002,2221.481427601952
256,19.5,2330.450130443796
256,19.6,2410.694496161232
256,19.700000000000003,2373.907442821128
256,19.8,2345.4371038104196
256,19.900000000000002,2317.3778387584443
256,20.0,2451.586459120066
256,20.1,2528.8189054155355
256,20.200000000000003,2535.7470534731915
256,20.3,2520.1833572597175
256,20.400000000000002,2419.5745546715743
256,20.5,2450.1644993161162
256,20.6,2299.027926124759
256,20.700000000000003,2241.381478833937
256,20.8,2373.8056890317544
256,20.900000000000002,2383.9635180460577
256,21.0,2309.1765869876544
256,21.1,2339.0955722614863
256,21.200000000000003,2313.9429824392846
256,21.3,2288.921429998975
256,21.400000000000002,2308.766473682031
256,21.5,2362.6554903922224
256,21.6,2342.930589762667
256,21.700000000000003,2393.7858873426662
256,21.8,2332.5829967664313
256,21.900000000000002,2384.5838375067588
256,22.0,2329.9382421484056
256,22.1,2375.033752723857
256,22.200000000000003,2328.537090913382
256,22.3,2319.668008670289
256,22.400000000000002,2261.1312742499335
256,22.5,2399.311708573607
256,22.6,2449.4675743565044
256,22.700000000000003,2356.924754869286
256,22.8,2346.451838743376
256,22.900000000000002,2380.043701973726
256,23.0,2396.175540937707
256,23.1,2434.6248432131406
256,23.200000000000003,2363.9303237503595
256,23.3,2354.4441271439673
256,23.400000000000002,2324.723216559396
256,23.5,2364.228341351595
256,23.6,2601.662745582873
256,23.700000000000003,2453.302741419849
256,23.8,2342.060353037307
256,23.900000000000002,2579.2016636420117
256,24.0,2454.2260127484155
256,24.1,2572.7304878956493
256,24.200000000000003,2563.4521302076405
256,24.3,2465.157497816125
256,24.400000000000002,2375.151844272664
256,24.5,2267.702103786151
256,24.6,2199.9823171915355
256,24.700000000000003,2243.8112931432806
256,24.8,2375.844735166859
256,24.900000000000002,2351.285527166623
256,25.0,2288.873773097049
256,25.1,2356.5884080478913
256,25.200000000000003,2639.515215230867
256,25.3,2598.2406484108774
256,25.400000000000002,2377.0932011818927
256,25.5,2364.5933929176504
256,25.6,2426.7826087188555
256,25.700000000000003,2326.2396706023687
256,25.8,2504.1513720125067
256,25.900000000000002,2523.7010624684185
256,26.0,2254.4531449315423
256,26.1,2285.1616720042316
256,26.200000000000003,2261.104914129468
256,26.3,2270.5577210487945
256,26.400000000000002,2392.0208006891244
256,26.5,2460.9433257121204
256,26.6,2330.0363433553703
256,26.700000000000003,2564.794715081191
256,26.8,2728.1058542842507
256,26.900000000000002,2741.351793326058
256,27.0,2657.0122038402333
256,27.1,2417.8088245454683
256,27.200000000000003,2375.705372503841
256,27.3,2237.4100350384
256,27.400000000000002,2368.612905509197
256,27.5,2383.1029451680392
256,27.6,2260.9545420978247
256,27.700000000000003,2226.2486609815014
256,27.8,2318.523844441797
256,27.900000000000002,2305.490244667269
256,28.0,2332.8942395565014
256,28.1,2322.526579819376
256,28.200000000000003,2253.216791498356
256,28.3,2228.3686968884326
256,28.400000000000002,2205.614432471696
256,28.5,2312.2412589434857
256,28.6,2274.4558657074936
256,28.700000000000003,2394.416761732425
256,28.8,2388.083373963995
256,28.900000000000002,2377.137049944715
256,29.0,2360.564136721486
256,29.1,2348.8823308827878
256,29.200000000000003,2303.8002951392136
256,29.3,2261.351535017051
256,29.400000000000002,2418.4259627981223
256,29.5,2305.566543432158
256,29.6,2162.1512627073107
256,29.700000000000003,2325.2444221536553
256,29.8,2430.6946514911924
256,29.900000000000002,2372.258389290133
256,30.0,2394.960477726494
256,30.1,2265.4567676992424
256,30.200000000000003,2231.011920822565
256,30.3,2390.00145686141
256,30.400000000000002,2413.4824711702613
256,30.5,2229.484684251411
256,30.6,2462.3759122267165
256,30.700000000000003,2443.2887752028937
256,30.8,2298.910997684816
256,30.900000000000002,2383.0969010458334
256,31.0,2328.5720645946867
256,31.1,2360.618472221074
256,31.200000000000003,2436.7479035688048
256,31.3,2279.328383390009
256,31.400000000000002,2602.55476363359
256,31.5,2540.2576747427765
256,31.6,2406.244144315184
256,31.700000000000003,2304.6228095657975
256,31.8,2406.361947101841
256,31.900000000000002,2405.6385748980165
256,32.0,2417.6574228307545
256,32.1,2232.9301221986325
256,32.2,2244.0143546233726
256,32.300000000000004,2211.1037370465106
256,32.4,2335.439671348707
256,32.5,2456.7480427206174
256,32.6,2331.3497758416834
256,32.7,2294.2002415446605
256,32.800000000000004,2213.588252894727
256,32.9,2284.905022521349
256,33.0,2458.0651621876655
256,33.1,2725.4001227644353
256,33.2,2771.546598411243
256,33.300000000000004,2787.463867762272
256,33.4,2717.377714157662
256,33.5,2543.458839789655
256,33.6,2338.241941928857
256,33.7,2375.712575964229
256,33.800000000000004,2632.940413639418
256,33.9,2558.63263088284
256,34.0,2357.271750520642
256,34.1,2307.085158000984
256,34.2,2237.543553332752
256,34.300000000000004,2359.574163002212
256,34.4,2250.9489785587143
256,34.5,2258.168405394779
256,34.6,2312.624653111352
256,34.7,2306.5681686186704
256,34.800000000000004,2221.181420022984
256,34.9,2400.2116338001347
256,35.0,2241.7980969356145
256,35.1,2247.9060176835465
256,35.2,2344.0690456574102
256,35.300000000000004,2316.8234293222376
256,35.4,2294.4926934673367
256,35.5,2293.618297849529
256,35.6,2306.5031949674517
256,35.7,2339.7754807160977
256,35.800000000000004,2287.892706833794
256,35.9,2425.5021048039803
256,36.0,2354.5177058841755
256,36.1,2433.2655783227624
256,36.2,2454.599203421291
256,36.300000000000004,2396.3832452281895
256,36.4,2299.833554687991
256,36.5,2301.298558819044
256,36.6,2286.6763034808787
256,36.7,2210.7544620382014
256,36.800000000000004,2272.3535944316977
256,36.9,2491.1669101245548
256,37.0,2317.2401285194824
256,37.1,2266.175294953084
256,37.2,2401.336183467443
256,37.300000000000004,2277.7053276208794
256,37.4,2298.3231885499663
256,37.5,2404.0957330953647
256,37.6,2279.1300420719544
256,37.7,2342.452715682828
256,37.800000000000004,2356.4931488673274
256,37.9,2373.1887906648303
256,38.0,2634.89909198007
256,38.1,2406.4095639711777
256,38.2,2410.193026313488
256,38.300000000000004,2297.858093296995
256,38.400000000000006,2415.2323156745106
256,38.5,2275.9749759140072
256,38.6,2204.4230101908165
256,38.7,2234.51427266679
256,38.800000000000004,2191.3904598578893
256,38.900000000000006,2307.857423082656
256,39.0,2423.415843358393
256,39.1,2208.6911495864615
256,39.2,2288.4572519216904
256,39.300000000000004,2231.8715772664896
256,39.400000000000006,2264.674865644276
256,39.5,2298.39256977351
256,39.6,2229.369157460134
256,39.7,2403.7350231315145
256,39.800000000000004,2508.665494276894
256,39.900000000000006,2327.8024495735926
256,40.0,2365.608123455025
256,40.1,2399.8272636652828
256,40.2,2381.642864843956
256,40.300000000000004,2311.455221847607
256,40.400000000000006,2413.1491415744977
256,40.5,2255.854942837467
256,40.6,2417.1792699006623
256,40.7,2559.3647499748586
256,40.800000000000004,2458.927251478672
256,40.900000000000006,2294.643536592424
256,41.0,2183.8960811471543
256,41.1,2264.936604668454
256,41.2,2424.5730605082135
256,41.300000000000004,2630.538059953394
256,41.400000000000006,2679.7367769539987
256,41.5,2618.2441451480695
256,41.6,2453.8819578521498
256,41.7,2509.7565717413227
256,41.800000000000004,2275.3104665985206
256,41.900000000000006,2287.8593446598684
256,42.0,2180.901204340533
256,42.1,2381.210452579779
256,42.2,2217.498093028941
256,42.300000000000004,2481.7216490325522
256,42.400000000000006,2314.13714531538
256,42.5,2222.2623662858855
256,42.6,2351.2192337970387
256,42.7,2338.9067495074523
256,42.800000000000004,2155.3138562358167
256,42.900000000000006,2325.9040717089642
256,43.0,2269.0434841027964
256,43.1,2185.495358182049
256,43.2,2273.1488791986953
256,43.300000000000004,2286.8142251963523
256,43.400000000000006,2396.9399289240996
256,43.5,2475.839381869782
256,43.6,2396.6811893226404
256,43.7,2383.334079920024
256,43.800000000000004,2287.989632883401
256,43.900000000000006,2611.1726781476445
256,44.0,2208.7277662969273
256,44.1,2291.7339843537134
256,44.2,2479.8157869829547
256,44.300000000000004,2633.3727502973875
256,44.400000000000006,2751.832239640282
256,44.5,2660.901170624188
256,44.6,2379.0692456137403
256,44.7,2294.167132922532
256,44.800000000000004,2373.198045779478
256,44.900000000000006,2339.511327863248
256,45.0,2396.00719731117
256,45.1,2393.3059653583978
256,45.2,2524.388080925209
256,45.300000000000004,2347.280849849167
256,45.400000000000006,2423.846139913366
256,45.5,2472.450757556045
256,45.6,2268.9560808586884
256,45.7,2273.5261874317957
256,45.800000000000004,2426.711219937901
256,45.900000000000006,2383.8280176651188
256,46.0,2277.651751490485
256,46.1,2296.5896834674504
256,46.2,2363.626130734586
256,46.300000000000004,2287.428973001537
256,46.400000000000006,2228.6326601500327
256,46.5,2363.024811005948
256,46.6,2437.075729437497
256,46.7,2303.2914169382325
256,46.800000000000004,2315.0522015984175
256,46.900000000000006,2246.8266201693737
256,47.0,2257.163018960451
256,47.1,2244.177300058143
256,47.2,2313.624553028836
256,47.300000000000004,2279.1885219537535
256,47.400000000000006,2274.4211528636047
256,47.5,2293.9449174190595
256,47.6,2488.8998008311423
256,47.7,2358.8124688652433
256,47.800000000000004,2458.8666461140374
256,47.900000000000006,2460.165895133934
256,48.0,2214.5759895916485
256,48.1,2305.497980514655
256,48.2,2295.271328484052
256,48.300000000000004,2441.3364913230507
256,48.400000000000006,2279.611830805885
256,48.5,2251.972346391399
256,48.6,2379.64151949874
256,48.7,2326.6383425460053
256,48.800000000000004,2256.5074816799056
256,48.900000000000006,2168.4818647176767
256,49.0,2279.5852817274604
256,49.1,2372.9267905487177
256,49.2,2320.83075847897
256,49.300000000000004,2390.48752042395
256,49.400000000000006,2265.768542173335
256,49.5,2396.287901872666
256,49.6,2375.919681363575
256,49.7,2403.065614583195
256,49.800000000000004,2324.4015936239416
256,49.900000000000006,2505.2207913902494
256,50.0,2416.0529212582474
256,50.1,2357.915064466318
256,50.2,2318.9043455068827
256,50.300000000000004,2314.4969949464003
256,50.400000000000006,2198.0419584239
256,50.5,2446.9030481767513
256,50.6,2414.4780445230813
256,50.7,2484.0777235596115
256,50.800000000000004,2286.391997577584
256,50.900000000000006,2272.2155456930964
256,51.0,2331.5506421453456
256,51.1,2302.103587306367
256,51.2,2263.3896523008907
256,51.300000000000004,2310.3434009202533
256,51.400000000000006,2276.2380471280844
256,51.5,2515.0556714999216
256,51.6,2337.3131215700273
256,51.7,2234.786605869951
256,51.800000000000004,2333.4737114877094
256,51.900000000000006,2448.105995719472
256,52.0,2719.26236605411
256,52.1,2636.34900865692
256,52.2,2323.6773798032723
256,52.300000000000004,2396.56772868911
256,52.400000000000006,2414.4048072682444
256,52.5,2349.5085346755245
256,52.6,2281.8162195293885
256,52.7,2384.7334950739014
256,52.800000000000004,2279.9467924177593
256,52.900000000000006,2243.508259427422
256,53.0,2345.7710352205304
256,53.1,2265.27151275994
256,53.2,2303.4153034611095
256,53.300000000000004,2291.6717020889464
256,53.400000000000006,2316.5065184692917
256,53.5,2319.9284877425753
256,53.6,2233.3074682450842
256,53.7,2271.7515021393197
256,53.800000000000004,2268.2467072853215
256,53.900000000000006,2352.1001630772166
256,54.0,2332.3057947367665
256,54.1,2200.1156736474904
256,54.2,2285.7278168991556
256,54.300000000000004,2383.9150142801022
256,54.400000000000006,2473.8312799212686
256,54.5,2446.879057703856
256,54.6,2407.8987861784967
256,54.7,2250.89890799999
256,54.800000000000004,2248.5175370043394
256,54.900000000000006,2261.3629565237343
256,55.0,2347.7282501757354
256,55.1,2312.0488362425003
384,0.0,2366.101
384,0.1,2534.4538743864864
384,0.2,2226.4915643654003
384,0.30000000000000004,2292.7987414188974
384,0.4,2212.298285853642
384,0.5,2353.098643106821
384,0.6000000000000001,2307.1282563583377
384,0.7000000000000001,2357.0070266408693
384,0.8,2250.776861729589
384,0.9,1823.903921365957
384,1.0,2073.650103837246
384,1.1,2114.4851103375313
384,1.2000000000000002,2280.683042467624
384,1.3,2327.0696868706605
384,1.4000000000000001,2345.808252796569
384,1.5,2115.9789719877813
384,1.6,2319.75787927305
384,1.7000000000000002,2288.1069584374427
384,1.8,2041.9683410225127
384,1.9000000000000001,2272.081091239826
384,2.0,2351.662066995816
384,2.1,2305.309733657237
384,2.2,2213.4897348066957
384,2.3000000000000003,2264.7965492121134
384,2.4000000000000004,2202.5621335169676
384,2.5,2254.7165280902623
384,2.6,2253.829883634726
384,2.7,2249.135837658788
384,2.8000000000000003,2296.0145985560325
384,2.9000000000000004,2275.966050556033
384,3.0,2296.9994462847135
384,3.1,2285.5409866284776
384,3.2,2227.1971224580443
384,3.3000000000000003,2344.08277536952
384,3.4000000000000004,2492.6133352383454
384,3.5,2434.1362896616142
384,3.6,2331.987788229182
384,3.7,2269.5138991381423
384,3.8000000000000003,2161.5031946996314
384,3.9000000000000004,2256.3079408825447
384,4.0,2365.359124800736
384,4.1000000000000005,2332.7118592786214
384,4.2,2545.6914841786215
384,4.3,2680.9421251815156
384,4.4,2402.993896880911
384,4.5,2454.7726968046322
384,4.6000000000000005,2379.036439667168
384,4.7,2444.5250688168967
384,4.800000000000001,2491.4012836989855
384,4.9,2415.699763437615
384,5.0,2341.5000318525363
384,5.1000000000000005,2301.3349263466903
384,5.2,2377.7737136347932
384,5.300000000000001,2303.3015132702194
384,5.4,2437.00228508508
384,5.5,2377.9366778532603
384,5.6000000000000005,2249.3317582970544
384,5.7,2277.9437213919778
384,5.800000000000001,2233.6922926915163
384,5.9,2482.2205380815326
384,6.0,2272.560338555753
384,6.1000000000000005,2179.1072745713277
384,6.2,2222.005238441138
384,6.300000000000001,2283.1473184313245
384,6.4,2247.600942135137
384,6.5,2195.3497603528513
384,6.6000000000000005,2262.3942556927827
384,6.7,2256.142756470207
384,6.800000000000001,2243.781113863882
384,6.9,2219.0738528321126
384,7.0,2282.790160902915
384,7.1000000000000005,2240.8302289808034
384,7.2,2159.9481683304302
384,7.300000000000001,2200.687710184164
384,7.4,2313.887378453342
384,7.5,2124.403050670765
384,7.6000000000000005,2222.49097639902
384,7.7,2419.4521507493914
384,7.800000000000001,2424.22811034108
384,7.9,2209.6785932432617
384,8.0,2388.1407825815522
384,8.1,2657.615256704553
384,8.200000000000001,2715.8080072958887
384,8.3,2423.153346247159
384,8.4,2314.8520193241848
384,8.5,2429.7058903916677
384,8.6,2463.702193926729
384,8.700000000000001,2424.9922461645865
384,8.8,2519.7799068655263
384,8.9,2263.735291135933
384,9.0,2287.4323939027845
384,9.1,2334.6226112533395
384,9.200000000000001,2234.4212996454326
384,9.3,2280.8917039536022
384,9.4,2303.628479545926
384,9.5,2284.303409438256
384,9.600000000000001,2255.236698668719
384,9.700000000000001,2135.8129135378804
384,9.8,2230.869687959646
384,9.9,2298.4408130516213
384,10.0,2329.138130804533
384,10.100000000000001,2214.3600904127716
384,10.200000000000001,2167.784596833718
384,10.3,2311.0279158683843
384,10.4,2326.6053684829044
384,10.5,2181.652858716191
384,10.600000000000001,2073.7341685665797
384,10.700000000000001,2318.861169560155
384,10.8,2380.5745659989184
384,10.9,2320.0244100144455
384,11.0,2257.2615708556627
384,11.100000000000001,2186.362888547769
384,11.200000000000001,2246.9370253406896
384,11.3,2487.1399871526733
384,11.4,2451.4895384963274
384,11.5,2395.7381878618917
384,11.600000000000001,2341.944101855266
384,11.700000000000001,2260.232652382937
384,11.8,2444.1742959091102
384,11.9,2483.8764944542804
384,12.0,2317.8525953600756
384,12.100000000000001,2181.1444611266643
384,12.200000000000001,2312.9409306413663
384,12.3,2343.440242477589
384,12.4,2348.2994406510848
384,12.5,2401.505156791262
384,12.600000000000001,2459.5858486696443
384,12.700000000000001,2600.718316306502
384,12.8,2536.9267409309255
384,12.9,2342.854795924873
384,13.0,2313.6671572983905
384,13.100000000000001,2308.9669831457245
384,13.200000000000001,2381.538447189181
384,13.3,2411.1818421164003
384,13.4,2212.845479440701
384,13.5,2378.307759312785
384,13.600000000000001,2516.3851217972096
384,13.700000000000001,2480.2568413510608
384,13.8,2655.8193521001594
384,13.9,2434.1822770696053
384,14.0,2289.8848775499505
384,14.100000000000001,2268.411423670308
384,14.200000000000001,2358.614435840884
384,14.3,2374.2929743461073
384,14.4,2407.9726289336922
384,14.5,2357.834153519348
384,14.600000000000001,2412.6834185945672
384,14.700000000000001,2207.3836885933065
384,14.8,2413.238446890849
384,14.9,2314.898560531375
384,15.0,2362.0667695916773
384,15.100000000000001,2240.8702398388186
384,15.200000000000001,2272.617347313392
384,15.3,2267.9947319690896
384,15.4,2551.4467748709103
384,15.5,2645.358300074822
384,15.600000000000001,2406.7886818090574
384,15.700000000000001,2462.773907290237
384,15.8,2438.593913803086
384,15.9,2562.179840483714
384,16.0,2684.201125912035
384,16.1,2728.0455738568076
384,16.2,2653.3580119173525
384,16.3,2456.0741273285707
384,16.400000000000002,2287.196163698661
384,16.5,2320.3635538131603
384,16.6,2421.702260646282
384,16.7,2286.580062355749
384,16.8,2262.7016508261336
384,16.900000000000002,2425.1690522566964
384,17.0,2291.0192444955965
384,17.1,2465.030774883779
384,17.2,2581.3319486384476
384,17.3,2555.739541273521
384,17.400000000000002,2476.193627325387
384,17.5,2562.9299887193856
384,17.6,2432.1606855719247
384,17.7,2418.0943441923964
384,17.8,2156.6370224594953
384,17.900000000000002,2289.0506908439825
384,18.0,2363.5566829757067
384,18.1,2275.5180219272793
384,18.2,2117.5068442189754
384,18.3,2323.8879959696737
384,18.400000000000002,2408.389386452276
384,18.5,2317.1135706024197
384,18.6,2137.7781158441503
384,18.7,2250.455173915984
384,18.8,2321.6916286785904
384,18.900000000000002,2187.6027331346017
384,19.0,2278.3676088422485
384,19.1,2315.260839802512
384,19.200000000000003,2312.620270959933
384,19.3,2341.5003414871744
384,19.400000000000002,2325.7183619128855
384,19.5,2380.826701201931
384,19.6,2395.8636956486303
384,19.700000000000003,2320.3792678510977
384,19.8,2248.9177462658536
384,19.900000000000002,2297.9592749261333
384,20.0,2219.7660998389197
384,20.1,2292.6778308101448
384,20.200000000000003,2424.726062988516
384,20.3,2425.2699870666584
384,20.400000000000002,2318.6360332295963
384,20.5,2277.4759480865464
384,20.6,2204.3844371283267
384,20.700000000000003,2278.625435999719
384,20.8,2309.901837297966
384,20.900000000000002,2369.714885638513
384,21.0,2405.710087646098
384,21.1,2475.555730313776
384,21.200000000000003,2294.60925529592
384,21.3,2397.006926613167
384,21.400000000000002,2479.2683596061597
384,21.5,2311.0234819858456
384,21.6,2338.192371043107
384,21.700000000000003,2294.6477069115604
384,21.8,2281.360439199381
384,21.900000000000002,2272.801018932243
384,22.0,2304.6106414709934
384,22.1,2202.688317287999
384,22.200000000000003,2220.339493839613
384,22.3,2247.0405643050835
384,22.400000000000002,2305.730876236161
384,22.5,2375.9706914920234
384,22.6,2415.930736691433
384,22.700000000000003,2478.9778572872606
384,22.8,2674.4340749972616
384,22.900000000000002,2712.2301386690674
384,23.0,2646.9107427566537
384,23.1,2480.48522779141
384,23.200000000000003,2434.8205784979864
384,23.3,2323.570069930562
384,23.400000000000002,2325.086404581577
384,23.5,2443.288426534785
384,23.6,2471.157507187075
384,23.700000000000003,2498.4778001772897
384,23.8,2438.0111047985206
384,23.900000000000002,2322.316075224852
384,24.0,2327.7561338402375
384,24.1,2346.527744748706
384,24.200000000000003,2258.151203509479
384,24.3,2252.8887272657093
384,24.400000000000002,2225.7892852797986
384,24.5,2267.117006374117
384,24.6,2440.963727988146
384,24.700000000000003,2397.941137833563
384,24.8,2252.94470048968
384,24.900000000000002,2245.0732511730766
384,25.0,2329.2961913835006
384,25.1,2306.0435925570787
384,25.200000000000003,2285.2566826345856
384,25.3,2256.4417164454653
384,25.400000000000002,2504.5580294708684
384,25.5,2397.8092285845
384,25.6,2290.7272589933
384,25.700000000000003,2294.2610968176846
384,25.8,2298.1576085276324
384,25.900000000000002,2271.6926744455186
384,26.0,2498.6460253719533
384,26.1,2462.7736653902202
384,26.200000000000003,2336.0420579323077
384,26.3,2341.231706143846
384,26.400000000000002,2337.3426415566214
384,26.5,2327.510524067548
384,26.6,2388.0486387806563
384,26.700000000000003,2400.155602055453
384,26.8,2273.9677492572723
384,26.900000000000002,2397.4922040717574
384,27.0,2513.065598261006
384,27.1,2289.237527766481
384,27.200000000000003,2235.6849539328923
384,27.3,2305.6934993265945
384,27.400000000000002,2303.095580182618
384,27.5,2315.013548870102
384,27.6,2478.0188958824237
384,27.700000000000003,2517.0483625854827
384,27.8,2498.507457477274
384,27.900000000000002,2435.5229600147713
384,28.0,2379.9829297437946
384,28.1,2444.324638076177
384,28.200000000000003,2421.394101260258
384,28.3,2329.954428540928
384,28.400000000000002,2360.0569257978905
384,28.5,2363.9241584461815
384,28.6,2241.409697745878
384,28.700000000000003,2285.640767541942
384,28.8,2408.285596356714
384,28.900000000000002,2485.9014858762457
384,29.0,2463.8522823311037
384,29.1,2457.64728964413
384,29.200000000000003,2305.2780614347116
384,29.3,2356.3508174706403
384,29.400000000000002,2428.663325119497
384,29.5,2296.4918456342257
384,29.6,2373.122750289632
384,29.700000000000003,2453.6474809832557
384,29.8,2356.3498235475768
384,29.900000000000002,2292.881801932017
384,30.0,2359.176523112593
384,30.1,2199.658745959944
384,30.200000000000003,2307.252608836588
384,30.3,2222.9602321827992
384,30.400000000000002,2282.2486427259255
384,30.5,2315.3816949115385
384,30.6,2493.973628150896
384,30.700000000000003,2352.1664104014194
384,30.8,2285.2143770392126
384,30.900000000000002,2355.963301104453
384,31.0,2334.5250940719807
384,31.1,2317.2784157331266
384,31.200000000000003,2285.6287226701156
384,31.3,2371.1200545719694
384,31.400000000000002,2406.967937156037
384,31.5,2388.9272424453266
384,31.6,2507.625328983866
384,31.700000000000003,2727.049090623592
384,31.8,2806.297316345336
384,31.900000000000002,2673.7673758058054
384,32.0,2382.5428313309853
384,32.1,2395.2630570705583
384,32.2,2403.2533424601606
384,32.300000000000004,2445.2807518802933
384,32.4,2379.7306481489363
384,32.5,2296.704455587829
384,32.6,2324.722117601648
384,32.7,2278.3399222585695
384,32.800000000000004,2219.8468238904325
384,32.9,2300.702722195347
384,33.0,2401.163102664913
384,33.1,2356.877711295682
384,33.2,2190.0627672278038
384,33.300000000000004,2302.509695608137
384,33.4,2447.491088053374
384,33.5,2270.1252621453605
384,33.6,2293.2786173579902
384,33.7,2377.6579690372437
384,33.800000000000004,2393.077435797478
384,33.9,2325.0478864351994
384,34.0,2237.5729538570417
384,34.1,2470.980214926126
384,34.2,2445.069764858133
384,34.300000000000004,2425.816348132446
384,34.4,2400.3101438297367
384,34.5,2395.870349645317
384,34.6,2360.478167333778
384,34.7,2257.0669409586735
384,34.800000000000004,2247.4704446890255
384,34.9,2294.6433015448106
384,35.0,2335.759470585432
384,35.1,2313.548675354983
384,35.2,2176.2857337819237
384,35.300000000000004,2289.259014515808
384,35.4,2468.068930575762
384,35.5,2426.4520344078232
384,35.6,2433.4419137074383
384,35.7,2363.5758781585478
384,35.800000000000004,2340.827632437987
384,35.9,2379.071010586615
384,36.0,2314.0331835340485
384,36.1,2236.377828970864
384,36.2,2194.484566011551
384,36.300000000000004,2280.2299686120396
384,36.4,2301.246811296308
384,36.5,2351.950491257625
384,36.6,2493.2729677448738
384,36.7,2437.892491665013
384,36.800000000000004,2316.22780088782
384,36.9,2340.972532550674
384,37.0,2343.2293652618987
384,37.1,2392.0948829028403
384,37.2,2343.072736547282
384,37.300000000000004,2271.949524203352
384,37.4,2278.8404150711044
384,37.5,2364.8764971227874
384,37.6,2256.541648401344
384,37.7,2232.023998514068
384,37.800000000000004,2339.5555938034804
384,37.9,2322.777742268514
384,38.0,2423.053702082132
384,38.1,2390.0717327882926
384,38.2,2269.9280133656116
384,38.300000000000004,2216.1952598692037
384,38.400000000000006,2330.389951587689
384,38.5,2368.7951665876367
384,38.6,2286.8633588210896
384,38.7,2310.1516511008413
384,38.800000000000004,2280.878019554034
384,38.900000000000006,2361.546465067218
384,39.0,2399.9791958959404
384,39.1,2304.1719144597246
384,39.2,2338.1686431247
384,39.300000000000004,2560.256831374766
384,39.400000000000006,2547.4447349637458
384,39.5,2323.9001109141336
384,39.6,2240.0968569485613
384,39.7,2167.3563239720033
384,39.800000000000004,2280.141058942791
384,39.900000000000006,2251.386756317612
384,40.0,2090.6076183847463
384,40.1,2251.671086657744
384,40.2,2362.0844979788862
384,40.300000000000004,2240.356862470982
384,40.400000000000006,2295.5470040831037
384,40.5,2366.8732611592304
384,40.6,2332.7816899070936
384,40.7,2459.4635318181886
384,40.800000000000004,2537.9708899957564
384,40.900000000000006,2431.052757631217
384,41.0,2189.991712893487
384,41.1,2282.7119967651442
384,41.2,2408.8977559668683
384,41.300000000000004,2473.9041933815997
384,41.400000000000006,2380.847527288567
384,41.5,2368.009334683607
384,41.6,2258.3103622860144
384,41.7,2335.0186465123043
384,41.800000000000004,2309.6917660184426
384,41.900000000000006,2257.137568928708
384,42.0,2244.0232712681036
384,42.1,2158.932466583746
384,42.2,2265.2161142935493
384,42.300000000000004,2458.1100821033447
384,42.400000000000006,2601.307917528315
384,42.5,2452.6391961845848
384,42.6,2283.614095467098
384,42.7,2290.2572911205953
384,42.800000000000004,2361.634050980406
384,42.900000000000006,2437.54225394396
384,43.0,2470.709757149461
384,43.1,2270.525734426224
384,43.2,2291.862990750881
384,43.300000000000004,2433.6775415189873
384,43.400000000000006,2403.800625786433
384,43.5,2383.217540263299
384,43.6,2330.393770785059
384,43.7,2153.304738667403
512,0.0,2724.747
512,0.1,2810.5902240585024
512,0.2,2857.1420825469067
512,0.30000000000000004,2735.3289765716477
512,0.4,2178.2068779624424
512,0.5,2016.3120442691268
512,0.6000000000000001,2490.075401569756
512,0.7000000000000001,2488.2468980721255
512,0.8,2532.681747070275
512,0.9,2537.943969630816
512,1.0,2261.4786507765552
512,1.1,2107.749091532677
512,1.2000000000000002,2468.981023014696
512,1.3,2827.8033045161565
512,1.4000000000000001,2658.9598088052376
512,1.5,2537.989581537098
512,1.6,2556.471892352854
512,1.7000000000000002,2433.3592036212613
512,1.8,2451.3511378025796
512,1.9000000000000001,2556.6126867631046
512,2.0,2531.88097619076
512,2.1,2331.3451765464724
512,2.2,2473.2799544618633
512,2.3000000000000003,2624.5863046677746
512,2.4000000000000004,2531.416465142035
512,2.5,2631.085713782594
512,2.6,2730.842086276827
512,2.7,2568.655133457394
512,2.8000000000000003,2329.314917177094
512,2.9000000000000004,2348.0160393253877
512,3.0,2513.7102202980323
512,3.1,2633.084179085858
512,3.2,2392.732494266052
512,3.3000000000000003,2358.8485842098753
512,3.4000000000000004,2578.560717751224
512,3.5,2428.530873621281
512,3.6,2209.957411511014
512,3.7,2283.8980762797287
512,3.8000000000000003,2451.3287763129297
512,3.9000000000000004,2490.1095291474767
512,4.0,2621.131952506785
512,4.1000000000000005,2632.1804023179793
512,4.2,2656.1752546609955
512,4.3,2616.9704995422694
512,4.4,2638.8466842545713
512,4.5,2561.643132508417
512,4.6000000000000005,2521.998959389432
512,4.7,2520.70185742879
512,4.800000000000001,2444.3560416268565
512,4.9,2492.2715727424134
512,5.0,2507.228528783835
512,5.1000000000000005,2587.9822806509865
512,5.2,2610.1353965202397
512,5.300000000000001,2615.781327910792
512,5.4,2358.4954148150614
512,5.5,2308.9858342415714
512,5.6000000000000005,2487.5579855757082
512,5.7,2634.525498737217
512,5.800000000000001,2569.0804241770343
512,5.9,2435.3330581587343
512,6.0,2440.20152339878
512,6.1000000000000005,2737.8327646396124
512,6.2,2738.03636616675
512,6.300000000000001,2717.612487657086
512,6.4,2575.2051542011463
512,6.5,2530.852139704341
512,6.6000000000000005,2691.171353567914
512,6.7,2721.0213813191267
512,6.800000000000001,2790.0640447894207
512,6.9,2794.77431783174
512,7.0,2578.0798514718426
512,7.1000000000000005,2303.930868002764
512,7.2,2399.923900017157
512,7.300000000000001,2500.8136564730266
512,7.4,2348.092000637614
512,7.5,2370.534983670775
512,7.6000000000000005,2467.840264061035
512,7.7,2441.6057149105905
512,7.800000000000001,2476.078152849676
512,7.9,2431.520536679225
512,8.0,2591.71115716083
512,8.1,2597.9755140396023
512,8.200000000000001,2742.2328013333895
512,8.3,2852.627454488267
512,8.4,2819.618301055827
512,8.5,2726.1341747097185
512,8.6,2647.836694951796
512,8.700000000000001,2669.5943843780087
512,8.8,2536.463374171132
512,8.9,2405.8277036899726
512,9.0,2633.4793451846804
512,9.1,2572.4811053940402
512,9.200000000000001,2269.8898818233147
512,9.3,2318.820236782876
512,9.4,2355.122940726937
512,9.5,2267.5641082351035
512,9.600000000000001,2414.111707870472
512,9.700000000000001,2394.102817369235
512,9.8,2378.96533190575
512,9.9,2608.1308400886383
512,10.0,2610.9861219283216
512,10.100000000000001,2420.9739886100942
512,10.200000000000001,2407.339636623186
512,10.3,2502.6863630167577
512,10.4,2324.61498962874
512,10.5,2442.6378358062434
512,10.600000000000001,2593.869779236972
512,10.700000000000001,2501.408193244849
512,10.8,2310.3139170620484
512,10.9,2371.368101311005
512,11.0,2297.331806742312
512,11.100000000000001,2356.7359817899383
512,11.200000000000001,2500.410537668254
512,11.3,2402.3379973722444
512,11.4,2239.622565518408
512,11.5,2274.7421974571466
512,11.600000000000001,2455.5462586309204
512,11.700000000000001,2530.906482671051
512,11.8,2464.6316443610453
512,11.9,2516.281703443594
512,12.0,2761.2340508803327
512,12.100000000000001,2653.690918409666
512,12.200000000000001,2629.3686820079884
512,12.3,2575.165818436199
512,12.4,2439.042267782581
512,12.5,2519.557201780387
512,12.600000000000001,2492.879428316192
512,12.700000000000001,2405.40702775653
512,12.8,2454.043208525586
512,12.9,2590.7694236064444
512,13.0,2466.355800172992
512,13.100000000000001,2269.079071771247
512,13.200000000000001,2254.179654975879
512,13.3,2537.353513640068
512,13.4,2460.9593754049524
512,13.5,2404.0035069196897
512,13.600000000000001,2400.6640315729223
512,13.700000000000001,2312.120689343161
512,13.8,2333.2850844036566
512,13.9,2165.2152534415477
512,14.0,2476.9754896596587
512,14.100000000000001,2499.012444439466
512,14.200000000000001,2497.1756321051507
512,14.3,2462.020402766437
512,14.4,2375.985301038652
512,14.5,2452.682774273487
512,14.600000000000001,2358.587979153574
512,14.700000000000001,2465.480378909669
512,14.8,2444.1734567976896
512,14.9,2388.1566974716266
512,15.0,2276.5528065765957
512,15.100000000000001,2392.7038271298675
512,15.200000000000001,2485.8294018742963
512,15.3,2415.053374143988
512,15.4,2461.6831266906693
512,15.5,2409.092659618322
512,15.600000000000001,2504.3668913258252
512,15.700000000000001,2476.7702179516364
512,15.8,2430.508174027065
512,15.9,2450.2864741219405
512,16.0,2398.8427661859873
512,16.1,2455.2086606485136
512,16.2,2335.3088394580495
512,16.3,2529.9730448119853
512,16.400000000000002,2450.3379380490014
512,16.5,2387.0918056614564
512,16.6,2483.760368128786
512,16.7,2408.0549010584496
512,16.8,2474.224225961437
512,16.900000000000002,2406.3115380823124
512,17.0,2422.521051139329
512,17.1,2480.709941983828
512,17.2,2397.9232929181053
512,17.3,2509.352376107055
512,17.400000000000002,2438.4377258400355
512,17.5,2384.0060188714315
512,17.6,2492.093333741261
512,17.7,2411.6610864150925
512,17.8,2490.3854151429655
512,17.900000000000002,2375.5032828651033
512,18.0,2342.1630905109664
512,18.1,2448.0319647428546
512,18.2,2340.6443310189034
512,18.3,2483.3629021531315
512,18.400000000000002,2468.7665406740507
512,18.5,2401.9443236465186
512,18.6,2449.840446800241
512,18.7,2344.6113659287894
512,18.8,2570.51925301346
512,18.900000000000002,2492.092385942925
512,19.0,2534.019164344262
512,19.1,2431.982600912126
512,19.200000000000003,2288.29681912921
512,19.3,2510.934867215958
512,19.400000000000002,2455.80270024637
512,19.5,2452.742819262496
512,19.6,2506.5645867776675
512,19.700000000000003,2348.4828317205465
512,19.8,2324.360043234626
512,19.900000000000002,2386.89523736216
512,20.0,2455.33408161077
512,20.1,2394.1862251129464
512,20.200000000000003,2560.994939201961
512,20.3,2506.0979089242423
512,20.400000000000002,2397.877435692026
512,20.5,2457.0432514403897
512,20.6,2389.1051140673176
512,20.700000000000003,2468.4194246297757
512,20.8,2521.0369497661213
512,20.900000000000002,2425.1412415005907
512,21.0,2486.2949454682353
512,21.1,2359.520464109799
512,21.200000000000003,2491.7774223143624
512,21.3,2512.552112025884
512,21.400000000000002,2390.6656979967597
512,21.5,2501.0490550988607
512,21.6,2441.1368192701048
512,21.700000000000003,2493.263026504669
512,21.8,2410.682026637119
512,21.900000000000002,2317.0896133530036
512,22.0,2422.59734817082
512,22.1,2355.6909090180584
512,22.200000000000003,2405.889117701955
512,22.3,2562.8340173437728
512,22.400000000000002,2511.0168441936107
512,22.5,2513.4904586761595
512,22.6,2409.0795356148155
512,22.700000000000003,2323.918959145537
512,22.8,2541.011293588226
512,22.900000000000002,2497.3558378535954
512,23.0,2372.6666461350037
512,23.1,2583.4968996804605
512,23.200000000000003,2460.438936744677
512,23.3,2376.0625753830936
512,23.400000000000002,2676.819688107929
512,23.5,2625.327512736934
512,23.6,2478.648883526771
512,23.700000000000003,2453.277625043078
512,23.8,2560.8003756277462
512,23.900000000000002,2417.6303070802655
512,24.0,2648.089007567815
512,24.1,2586.8657677774304
512,24.200000000000003,2557.445588741314
512,24.3,2494.0551644254974
512,24.400000000000002,2507.2583727546617
512,24.5,2679.1617415165692
512,24.6,2546.5138719442234
512,24.700000000000003,2634.9663045142097
512,24.8,2651.79418321463
512,24.900000000000002,2602.7123503259663
512,25.0,2592.8867737138444
512,25.1,2549.690236939765
512,25.200000000000003,2566.9518710761176
512,25.3,2422.9900269139657
512,25.400000000000002,2420.4493068663237
512,25.5,2714.7180218653198
512,25.6,2603.593162068353
512,25.700000000000003,2462.133421939899
512,25.8,2625.031544818351
512,25.900000000000002,2548.8345616858787
512,26.0,2391.498510053137
512,26.1,2376.047177754054
512,26.200000000000003,2305.919946194594
512,26.3,2445.588520629151
512,26.400000000000002,2543.9411367680564
512,26.5,2365.6787846675848
512,26.6,2482.450905310014
512,26.700000000000003,2575.742370977743
512,26.8,2431.50310902861
512,26.900000000000002,2441.56111105514
512,27.0,2382.364246922582
512,27.1,2341.4557333663756
512,27.200000000000003,2424.322705531388
512,27.3,2499.0295847131138
512,27.400000000000002,2456.64140522975
512,27.5,2458.572180956239
512,27.6,2394.6008991555645
512,27.700000000000003,2462.894588691412
512,27.8,2471.1942361283923
512,27.900000000000002,2464.6198336879756
512,28.0,2526.9568782209217
512,28.1,2442.117640072057
512,28.200000000000003,2417.6474670761927
512,28.3,2406.659218490887
512,28.400000000000002,2402.8332008620905
512,28.5,2445.8557182775407
512,28.6,2448.867197762521
512,28.700000000000003,2377.8452430391862
512,28.8,2428.514280902048
512,28.900000000000002,2506.468346082905
512,29.0,2334.7379426727157
512,29.1,2512.6570186578183
512,29.200000000000003,2598.4796657131697
512,29.3,2452.6778395135334
512,29.400000000000002,2479.5559915092053
512,29.5,2417.4374096777115
512,29.6,2293.4342942375774
512,29.700000000000003,2386.2016608495005
512,29.8,2285.4723051706083
512,29.900000000000002,2431.7299267044527
512,30.0,2287.576250058975
512,30.1,2449.1640783890107
512,30.200000000000003,2685.3050753833204
512,30.3,2373.1294757297305
512,30.400000000000002,2161.641576258355
512,30.5,2320.810860188766
512,30.6,2450.9118293495753
512,30.700000000000003,2497.7856280208716
512,30.8,2457.4914388487255
512,30.900000000000002,2469.838093278685
512,31.0,2519.0945505441273
512,31.1,2465.7180970226123
512,31.200000000000003,2460.997572726399
512,31.3,2320.081727067638
512,31.400000000000002,2467.858239788697
512,31.5,2506.2907256089134
512,31.6,2382.555493390934
512,31.700000000000003,2385.8959467977556
512,31.8,2422.8494064856013
512,31.900000000000002,2459.6309180121266
512,32.0,2908.3250158507003
512,32.1,2939.110581562215
512,32.2,2841.7559856364333
512,32.300000000000004,2850.6444351354444
512,32.4,2792.337383585685
512,32.5,2636.4113385446826
512,32.6,2608.5467763283154
512,32.7,2511.651810864256
512,32.800000000000004,2580.916446752915
512,32.9,2463.629406680977
512,33.0,2538.7968241262306
512,33.1,2338.483312220437
512,33.2,2280.697100472751
512,33.300000000000004,2314.0223562692886
512,33.4,2374.321106709333
512,33.5,2423.1284241615535
512,33.6,2451.3421597091115
512,33.7,2572.453517535326
512,33.800000000000004,2610.9643980351257
512,33.9,2301.658795651395
512,34.0,2424.580650445114
512,34.1,2443.068331511863
512,34.2,2477.2600723404285
512,34.300000000000004,2538.947683446116
512,34.4,2530.713291580765
512,34.5,2600.9866565556677
512,34.6,2328.8166085066005
512,34.7,2286.4476998184355
512,34.800000000000004,2507.204451148517
512,34.9,2415.6284502689045
512,35.0,2211.905527814314
512,35.1,2544.509157917038
512,35.2,2706.053952959621
512,35.300000000000004,2623.949706363724
512,35.4,2567.516290967788
512,35.5,2847.9630211071612
512,35.6,2736.459270822282
512,35.7,2645.923636947335
512,35.800000000000004,2476.907451837026
512,35.9,2267.5010791252107
512,36.0,2492.7375730063454
512,36.1,2468.8175955155352
512,36.2,2510.0696245272497
512,36.300000000000004,2454.225792784373
512,36.4,2368.2338918345718
512,36.5,2519.889909158494
512,36.6,2395.034722483138
512,36.7,2488.438916438672
512,36.800000000000004,2438.194916031562
512,36.9,2389.4510338343616
512,37.0,2488.58673582325
512,37.1,2383.328693363834
512,37.2,2476.2255682017644
512,37.300000000000004,2551.581660213004
512,37.4,2300.34110720765
512,37.5,2424.4153711037557
512,37.6,2527.6666659429225
512,37.7,2323.4523559319864
512,37.800000000000004,2419.170588163063
512,37.9,2534.553165691306
512,38.0,2375.2557960798144
512,38.1,2606.0723948616296
512,38.2,2572.0097082868965
512,38.300000000000004,2298.519652363158
512,38.400000000000006,2449.4191200669065
512,38.5,2416.947480129815
512,38.6,2446.1052411436344
512,38.7,2623.686229757856
512,38.800000000000004,2448.9962010207532
512,38.900000000000006,2250.505307013676
512,39.0,2488.260939472863
512,39.1,2539.5463192677007
512,39.2,2429.467282811344
512,39.300000000000004,2534.4576155786835
512,39.400000000000006,2401.98417561244
512,39.5,2431.1526746363256
512,39.6,2570.6882754752587
512,39.7,2511.966303804129
512,39.800000000000004,2441.7234453183687
512,39.900000000000006,2565.36164522694
512,40.0,2254.9327400802536
512,40.1,2347.980308432876
512,40.2,2512.5848960903045
512,40.300000000000004,2671.328256905328
512,40.400000000000006,2637.5323128259515
512,40.5,2490.239691461072
512,40.6,2476.3589406300694
512,40.7,2408.032551084075
512,40.800000000000004,2437.705500936682
512,40.900000000000006,2460.2933948131963
512,41.0,2515.401876131246
512,41.1,2417.5217781569136
512,41.2,2399.6067206717785
512,41.300000000000004,2656.2524172092294
512,41.400000000000006,2517.051103947682
512,41.5,2470.708983820621
512,41.6,2642.286000130103
512,41.7,2669.305468132555
512,41.800000000000004,2492.242723010928
512,41.900000000000006,2411.284792346958
512,42.0,2675.381737493983
512,42.1,2483.3299267961634
512,42.2,2410.537467521598
512,42.300000000000004,2425.886425927753
512,42.400000000000006,2590.3453718544088
512,42.5,2538.9241049387274
512,42.6,2476.2361797966532
512,42.7,2540.880046517862
512,42.800000000000004,2445.2935761413005
512,42.900000000000006,2618.7724296009915
512,43.0,2450.781772054776
512,43.1,2361.387359602577
512,43.2,2530.5981231815776
512,43.300000000000004,2398.210826657767
512,43.400000000000006,2413.087353475127
512,43.5,2692.475372058168
512,43.6,2643.289944669626
512,43.7,2563.34812359479
512,43.800000000000004,2377.031425083229
512,43.900000000000006,2542.8185651173726
512,44.0,2471.5558685778146
512,44.1,2390.6933622760193
512,44.2,2401.1934480564855
512,44.300000000000004,2501.534277393033
512,44.400000000000006,2420.904941471058
512,44.5,2351.4235628976226
512,44.6,2359.125553513742
512,44.7,2433.223150916186
512,44.800000000000004,2413.054861183773
512,44.900000000000006,2450.2348764345325
512,45.0,2400.0029657086893
512,45.1,2567.624721094008
512,45.2,2742.462330067484
512,45.300000000000004,2746.0308976877213
512,45.400000000000006,2385.2146761093463
512,45.5,2428.47098358523
512,45.6,2722.2386926337335
512,45.7,2528.3354018490627
512,45.800000000000004,2389.933508093269
512,45.900000000000006,2364.232233959045
512,46.0,2427.606792647448
512,46.1,2641.3971514438667
512,46.2,2464.195479522958
512,46.300000000000004,2327.5651340497757
512,46.400000000000006,2490.444478679833
512,46.5,2533.791575475542
512,46.6,2568.606086411915
512,46.7,2780.9301604627467
512,46.800000000000004,2586.93415603696
512,46.900000000000006,2260.834733996397
512,47.0,2569.161414398422
512,47.1,2717.0300490971713
512,47.2,2511.513628764424
512,47.300000000000004,2276.643044096197
512,47.400000000000006,2461.834377955113
512,47.5,2471.0366273756645
512,47.6,2363.499537156767
512,47.7,2817.7678667244886
512,47.800000000000004,2800.762384814157
512,47.900000000000006,2883.29391990639
512,48.0,2646.556445151882
512,48.1,2438.495998277204
512,48.2,2380.5695413206504
512,48.300000000000004,2572.0704349226557
512,48.400000000000006,2599.02764996283
512,48.5,2551.440793039359
512,48.6,2285.1549222028452
512,48.7,2480.5348274850335
512,48.800000000000004,2579.559696996923
512,48.900000000000006,2587.9282521131627
512,49.0,2342.9893926337536
512,49.1,2547.8124752432327
512,49.2,2643.8242338616815
512,49.300000000000004,2577.1837891487617
512,49.400000000000006,2409.7375457397975
512,49.5,2475.3843187250995
512,49.6,2273.9332208850883
512,49.7,2746.4500481966134
512,49.800000000000004,2856.336500765107
512,49.900000000000006,2390.630530478126
512,50.0,2391.020571792458
512,50.1,2543.432272529069
512,50.2,2525.291034740592
512,50.300000000000004,2611.92359439474
512,50.400000000000006,2644.1453138516295
512,50.5,2501.4478336426996
512,50.6,2400.0019318631303
512,50.7,2403.1311453951103
512,50.800000000000004,2541.3746979105163
512,50.900000000000006,2515.0692190414356
512,51.0,2416.079209894988
512,51.1,2610.8023365669947
512,51.2,2302.263915201054
512,51.300000000000004,2452.506674926904
512,51.400000000000006,2421.306869116864
512,51.5,2546.9749732122223
512,51.6,2307.1876957537497
512,51.7,2525.9035842076983
512,51.800000000000004,2378.3479888627417
512,51.900000000000006,2585.241002176943
512,52.0,2550.0280270453172
512,52.1,2451.1670237331055
512,52.2,2625.633639458918
512,52.300000000000004,2624.99307215158
512,52.400000000000006,2483.22074951533
512,52.5,2385.6811907798174
512,52.6,2649.819880861028
512,52.7,2518.2107940687724
512,52.800000000000004,2548.6561348427726
512,52.900000000000006,2573.784901024822
512,53.0,2419.841239613987
512,53.1,2678.0238161629804
512,53.2,2492.174853326847
512,53.300000000000004,2412.838952518626
512,53.400000000000006,2693.9454611237757
512,53.5,2447.7702377761684
512,53.6,2468.9672550119244
512,53.7,2395.149696538961
512,53.800000000000004,2522.3772357810963
512,53.900000000000006,2380.7868479001695
512,54.0,2648.7620785334575
512,54.1,2582.1049347158173
512,54.2,2499.4971161313356
512,54.300000000000004,2458.44378064632
512,54.400000000000006,2614.843510375387
512,54.5,2780.0160268547534
512,54.6,2788.9656882899026
512,54.7,2750.0150058548443
512,54.800000000000004,2448.3429039231937
512,54.900000000000006,2329.0624993504453
512,55.0,2314.4207916584264
512,55.1,2502.0893052943593
512,55.2,2477.9578650072826
512,55.300000000000004,2531.213444449782
512,55.400000000000006,2330.278622724895
512,55.5,2417.930201215226
512,55.6,2483.9649805280665
512,55.7,2420.4621116628628
512,55.800000000000004,2439.433814135462
512,55.900000000000006,2420.5562962428266
512,56.0,2594.3744008668755
512,56.1,2670.343486840965
512,56.2,2666.2443381534904
512,56.300000000000004,2326.3392595475657
512,56.400000000000006,2482.7680553789123
512,56.5,2480.766139216588
512,56.6,2400.324095315958
512,56.7,2570.9806479484128
512,56.800000000000004,2448.721506950782
512,56.900000000000006,2497.3599760293673
512,57.0,2398.2614685449994
512,57.1,2531.102802889873
512,57.2,2410.436953706822
512,57.300000000000004,2629.5030286593837
512,57.400000000000006,2566.230523551958
512,57.5,2625.972166736562
512,57.6,2306.744414353321
512,57.7,2437.519492175651
512,57.800000000000004,2479.317945095122
512,57.900000000000006,2469.8913757852156
512,58.0,2648.9460117187873
512,58.1,2465.9521083275386
512,58.2,2629.506373549211
512,58.300000000000004,2412.191129239823
512,58.400000000000006,2295.593026672716
512,58.5,2529.605476453152
512,58.6,2674.6888702447395
512,58.7,2469.3613481179323
512,58.800000000000004,2043.1887320366675
512,58.900000000000006,2488.485922050747
512,59.0,2585.906193610263
512,59.1,2501.4904884109933
512,59.2,2655.7429535702545
512,59.300000000000004,2385.9873672646586
512,59.400000000000006,2404.6131577827264
512,59.5,2820.3226872773625
512,59.6,2522.217643005863
512,59.7,2417.6244004088744
512,59.800000000000004,2165.0868125828993
512,59.900000000000006,2319.2680330512803
512,60.0,2212.1177375955813
512,60.1,2481.282509309644
512,60.2,2437.4972293877686
512,60.300000000000004,2813.908600008562
512,60.400000000000006,2469.9743633389776
512,60.5,2303.86004080806
512,60.6,2352.8359129121986
512,60.7,2484.8684741060342
512,60.800000000000004,2351.7084430047717
512,60.900000000000006,2356.7134549921407
512,61.0,2568.920949846786
512,61.1,2313.7659511805427
512,61.2,2537.445759008112
512,61.300000000000004,2611.060839202446
512,61.400000000000006,2427.7038565270136
512,61.5,2493.2160816481164
512,61.6,2810.7774662939896
512,61.7,2740.6068003760015
512,61.800000000000004,2434.427716263407
512,61.900000000000006,2479.278066717896
512,62.0,2545.7898055920264
512,62.1,2786.695187870183
512,62.2,2933.389351208003
512,62.300000000000004,2847.5774266888666
512,62.400000000000006,2656.954351928621
512,62.5,2514.3181075030025
512,62.6,2595.139051490071
512,62.7,2357.774953388153
512,62.800000000000004,2394.8809727406
512,62.900000000000006,2524.7054526702896
512,63.0,2614.563008582852
512,63.1,2160.9515128081016
512,63.2,2425.3051865266266
512,63.300000000000004,2597.55098319068
512,63.400000000000006,2543.220795832037
512,63.5,2462.1127008804433
512,63.6,2513.934437923105
512,63.7,2495.411688150857
512,63.800000000000004,2410.7767472415744
512,63.900000000000006,2258.797594462798
512,64.0,2356.7479136899447
512,64.10000000000001,2495.367831047073
512,64.2,2620.2358494307673
512,64.3,2690.0240984811985
512,64.4,2551.3008788127872
512,64.5,2278.475627353804
512,64.60000000000001,2254.5386699240958
512,64.7,2393.030740754585
512,64.8,2557.8366358238413
512,64.9,2090.7255262052845
512,65.0,2218.7420145755295
512,65.10000000000001,2406.7708083028688
512,65.2,2557.791452496127
512,65.3,2358.0383581900246
512,65.4,2479.928235467175
512,65.5,2571.283911737725
512,65.60000000000001,2369.3259582304295
512,65.7,2313.5806761349954
512,65.8,2473.955251375711
512,65.9,2523.2720047822227
512,66.0,2125.022736774759
512,66.10000000000001,2481.546998713259
512,66.2,2342.2630494913874
512,66.3,2301.791714276989
512,66.4,2642.3928885617456
512,66.5,2507.2722213729
512,66.60000000000001,2560.894753156148
512,66.7,2410.817820284368
512,66.8,2524.9796987540526
512,66.9,2375.890319793949
512,67.0,2579.5708802493377
512,67.10000000000001,2474.5670051556
512,67.2,2823.2505317965633
512,67.3,2499.861176365177
512,67.4,2707.5750215225244
512,67.5,2720.938499253
512,67.60000000000001,2468.1072636483705
512,67.7,2556.2767057282936
512,67.8,2896.1431740126673
512,67.9,2889.849463048831
512,68.0,2819.527227308904
512,68.10000000000001,2687.2369629742743
512,68.2,2467.160198030853
512,68.3,2470.9642561845785
512,68.4,2478.7455809649246
512,68.5,2732.7219297548327
512,68.60000000000001,2503.753372867773
512,68.7,2720.0443354581666
512,68.8,2688.344882783518
512,68.9,2613.356548772501
512,69.0,2497.861806430244
512,69.10000000000001,2597.027797084867
512,69.2,2232.997528582223
512,69.3,2389.5957806417664
512,69.4,2776.772213672566
512,69.5,2505.403237851516
512,69.60000000000001,2527.500073858033
512,69.7,2544.0173342959865
512,69.8,2498.247374760536
512,69.9,2303.6326601476458
512,70.0,2430.1812204269045
512,70.10000000000001,2525.731286908667
512,70.2,2393.620104379345
512,70.3,2500.1991324426717
512,70.4,2297.998409310122
512,70.5,2558.8100603120442
512,70.60000000000001,2461.3071200917598
512,70.7,2169.639849174127
512,70.8,2495.424419942673
512,70.9,2389.500629042741
512,71.0,2245.723373090194
512,71.10000000000001,2434.6448662269627
512,71.2,2411.280505089187
512,71.3,2401.884746014371
512,71.4,2606.595939833565
512,71.5,2262.884921559984
512,71.60000000000001,2373.0131497562625
512,71.7,2628.3395694751675
512,71.8,2567.3969570944537
512,71.9,2544.3846701470356
512,72.0,2504.023698551015
512,72.10000000000001,2393.5238412169633
512,72.2,2533.38664214544
512,72.3,2408.319543202299
512,72.4,2611.1589960054494
512,72.5,2580.9683981923854
512,72.60000000000001,2845.4797298873805
512,72.7,2765.931451567061
512,72.8,2275.187613682072
512,72.9,2569.66945439134
512,73.0,2415.480842060491
512,73.10000000000001,2509.9834136696436
512,73.2,2353.6048391662207
512,73.3,2437.1629275094033
512,73.4,2532.557293763671
512,73.5,2524.745274974445
512,73.60000000000001,2477.4505764928745
512,73.7,2475.614620862135
512,73.8,2447.277055253533
512,73.9,2224.5167402265292
512,74.0,2540.511291434739
512,74.10000000000001,2511.7406953501704
512,74.2,2434.667582121199
512,74.3,2725.4109464289313
512,74.4,2619.6977298344277
512,74.5,2559.631687055087
512,74.60000000000001,2503.854557429212
512,74.7,2555.1977616848967
512,74.8,2086.3796836812535
512,74.9,2475.8513249708158
512,75.0,2559.414100828983
512,75.10000000000001,2272.9724588778213
512,75.2,2509.6434418002696
512,75.3,2712.73397012025
512,75.4,2166.7283094432405
512,75.5,2604.1525350808847
512,75.60000000000001,2605.467534151082
512,75.7,2384.982320509351
512,75.8,2425.3909614656686
512,75.9,2715.763972201863
512,76.0,2492.3030623650743
512,76.10000000000001,2584.086226831077
512,76.2,2195.8086192890732
512,76.3,2183.519547073445
512,76.4,2578.4628506519184
512,76.5,2257.255876326907
512,76.60000000000001,2521.8949908544205
512,76.7,2550.1711384214245
512,76.80000000000001,2241.168748835966
512,76.9,2796.8535754641
512,77.0,2562.1181706920133
512,77.10000000000001,2567.6002280023895
512,77.2,2325.315902528883
512,77.30000000000001,2646.883738182831
512,77.4,2714.2744092757066
512,77.5,2740.038690262302
512,77.60000000000001,2750.085600983141
512,77.7,2795.971958461254
512,77.80000000000001,2845.1628968000564
512,77.9,2488.8255566867333
512,78.0,2554.1061100372435
512,78.10000000000001,2436.825659418384
512,78.2,2282.8147474791153
512,78.30000000000001,2518.7781356732607
512,78.4,2460.959004338098
512,78.5,2286.199837227201
512,78.60000000000001,2529.6658461309826
512,78.7,2664.1461003321665
512,78.80000000000001,2695.667478105353
512,78.9,2406.015792193023
512,79.0,2698.995252901692
512,79.10000000000001,2286.8798582623103
512,79.2,2344.620200994578
512,79.30000000000001,2410.003217035537
512,79.4,2533.978991092542
512,79.5,2454.877998055643
512,79.60000000000001,2064.0555163395848
512,79.7,2486.903247915876
512,79.80000000000001,2435.8968280261106
512,79.9,2475.189840253532
512,80.0,2419.8907778709736
512,80.10000000000001,2787.7345622750586
512,80.2,2059.449206338279
512,80.30000000000001,2443.8788508968137
512,80.4,2638.2631256324216
512,80.5,2477.1979432220555
512,80.60000000000001,2678.0268537744855
512,80.7,2498.049992670601
512,80.80000000000001,2803.186491174095
512,80.9,2556.886137683787
512,81.0,2674.942188279822
512,81.10000000000001,2504.951436061825
512,81.2,2267.2426892886688
512,81.30000000000001,2594.963223366016
512,81.4,2790.583065286526
512,81.5,2599.0193714248953
512,81.60000000000001,2294.1538267832075
512,81.7,2302.617823007163
512,81.80000000000001,2820.900309414599
512,81.9,2341.1220366129382
512,82.0,2394.727270610216
512,82.10000000000001,2702.7015331255893
512,82.2,2511.4559521833767
512,82.30000000000001,2424.4822327410484
512,82.4,2386.665618017535
512,82.5,2410.5928671746738
512,82.60000000000001,2741.731704795656
512,82.7,2526.0041629255024
512,82.80000000000001,2269.9952109553824
512,82.9,2505.6624660067996
512,83.0,2844.5297453178164
512,83.10000000000001,2179.2036032139417
512,83.2,2320.670011240372
512,83.30000000000001,2264.3987084141836
512,83.4,2543.373559775466
512,83.5,2428.4418392847783
512,83.60000000000001,2454.635080017159
512,83.7,2733.127556604456
512,83.80000000000001,2566.2464315711027
512,83.9,2459.8255259817997
512,84.0,2333.3881979489333
512,84.10000000000001,2494.603270178078
512,84.2,2348.788784829945
512,84.30000000000001,2693.40323045775
512,84.4,2496.075992565223
512,84.5,2445.980802148785
512,84.60000000000001,2321.2002753846305
512,84.7,2534.1354656152294
512,84.80000000000001,2363.6986013009832
512,84.9,2481.590491455457
512,85.0,2441.802807236093
512,85.10000000000001,2611.714515349823
512,85.2,2249.495432271936
512,85.30000000000001,2335.322935648617
512,85.4,2437.297037577358
512,85.5,2357.3601555485666
512,85.60000000000001,2660.6269565282305
512,85.7,2699.8332820963847
512,85.80000000000001,2545.98725057149
512,85.9,2373.7200399370836
512,86.0,2455.5448424903975
512,86.10000000000001,2533.414356918332
512,86.2,2509.4325134630362
512,86.30000000000001,2365.749153207473
512,86.4,2818.5358233015904
512,86.5,2303.3132217234247
512,86.60000000000001,2462.0775928213666
512,86.7,2429.4041625112573
512,86.80000000000001,2564.541261332384
512,86.9,2536.923514946087
512,87.0,2407.1059105015343
512,87.10000000000001,2652.612732488239
512,87.2,2549.5484113659886
512,87.30000000000001,2312.34708884989
512,87.4,2712.834172072324
512,87.5,2723.5734344370103
512,87.60000000000001,2568.2632311778166
512,87.7,2715.3143095513647
512,87.80000000000001,2489.6609885092034
512,87.9,2507.1817861030013
512,88.0,2536.5652651791065
512,88.10000000000001,2576.075697868349
512,88.2,2708.626106605162
512,88.30000000000001,2459.9428957259274
512,88.4,2512.140249269703
512,88.5,2645.410433191714
512,88.60000000000001,2373.5464442346256
512,88.7,2289.7883430220263
512,88.80000000000001,2432.5358142666696
512,88.9,2505.1046343444445
512,89.0,2333.33861757053
512,89.10000000000001,2463.991505008769
512,89.2,2887.4575317948756
512,89.30000000000001,2590.228091948189
512,89.4,2590.6301425775378
512,89.5,2251.1775100946684
512,89.60000000000001,2414.8523772601047
512,89.7,2662.436295838781
512,89.80000000000001,2327.7472190375465
512,89.9,2600.6581284985677
512,90.0,2733.1419378484766
512,90.10000000000001,2450.3903447988187
512,90.2,2622.378697637441
512,90.30000000000001,2592.1534169388574
512,90.4,2499.7129931670393
768,0.0,2181.685
768,0.1,2278.75862002197
768,0.2,2464.825373848852
768,0.30000000000000004,2459.0591818324788
768,0.4,2446.1265768208355
768,0.5,2502.0307526699294
768,0.6000000000000001,2535.5848127889435
768,0.7000000000000001,2549.502989630473
768,0.8,2471.6203722984324
768,0.9,2424.2956157446397
768,1.0,2605.4489216908523
768,1.1,2413.665412795444
768,1.2000000000000002,2530.76524914468
768,1.3,2718.882075616672
768,1.4000000000000001,2451.9426959764005
768,1.5,2443.657506576596
768,1.6,2592.2413953172622
768,1.7000000000000002,2587.3650113860076
768,1.8,2528.0518297255953
768,1.9000000000000001,2468.8835414321593
768,2.0,2400.809565204234
768,2.1,2445.1999561847847
768,2.2,2452.907967685577
768,2.3000000000000003,2510.7335635958134
768,2.4000000000000004,2612.5821442779907
768,2.5,2649.2090287610354
768,2.6,2620.6226800120094
768,2.7,2465.679124398154
768,2.8000000000000003,2437.763417778128
768,2.9000000000000004,2526.5653991326476
768,3.0,2501.842284564392
768,3.1,2491.220060861526
768,3.2,2447.957183818998
768,3.3000000000000003,2344.8546553639253
768,3.4000000000000004,2366.207542971928
768,3.5,2472.01302765526
768,3.6,2496.092974844104
768,3.7,2466.0991386606684
768,3.8000000000000003,2469.298587222402
768,3.9000000000000004,2479.8127943540953
768,4.0,2560.5341629267964
768,4.1000000000000005,2601.8063925165015
768,4.2,2603.394466931796
768,4.3,2510.5799673097085
768,4.4,2504.8557711442686
768,4.5,2424.111201378216
768,4.6000000000000005,2477.040576986571
768,4.7,2604.6445197475177
768,4.800000000000001,2598.72775740711
768,4.9,2423.0076317575827
768,5.0,2494.538261921839
768,5.1000000000000005,2572.8136991648175
768,5.2,2552.3367491576637
768,5.300000000000001,2553.6717088926575
768,5.4,2453.7897052331596
768,5.5,2623.5954923986806
768,5.6000000000000005,2600.562730467601
768,5.7,2380.708511999581
768,5.800000000000001,2527.6080750952533
768,5.9,2573.2014000295467
768,6.0,2428.007784798605
768,6.1000000000000005,2293.9417379709676
768,6.2,2302.213118657323
768,6.300000000000001,2313.343600266394
768,6.4,2342.634772853345
768,6.5,2530.7191212423036
768,6.6000000000000005,2579.1398254355177
768,6.7,2569.7498962563886
768,6.800000000000001,2509.4912559930617
768,6.9,2575.808039023426
768,7.0,2548.544160522127
768,7.1000000000000005,2395.7866829815066
768,7.2,2410.5108175876703
768,7.300000000000001,2519.6566450607984
768,7.4,2577.8982007339027
768,7.5,2515.2308635408326
768,7.6000000000000005,2621.4323195092375
768,7.7,2707.351900225411
768,7.800000000000001,2617.329912788496
768,7.9,2491.0938886078243
768,8.0,2496.108769991803
768,8.1,2433.436820371575
768,8.200000000000001,2499.4881611434785
768,8.3,2552.037723923083
768,8.4,2572.8976015326175
768,8.5,2489.9609406898394
768,8.6,2551.531086850953
768,8.700000000000001,2532.107721995935
768,8.8,2478.4554402283666
768,8.9,2372.136906408815
768,9.0,2358.552879047823
768,9.1,2382.4272995961046
768,9.200000000000001,2710.812752502679
768,9.3,2572.570693782645
768,9.4,2587.4208210437278
768,9.5,2619.1242015650355
768,9.600000000000001,2495.432144819844
768,9.700000000000001,2450.546310389381
768,9.8,2617.729689288667
768,9.9,2635.787747499196
768,10.0,2624.7598247054198
768,10.100000000000001,2516.681237614109
768,10.200000000000001,2496.5302108634255
768,10.3,2482.6014867693993
768,10.4,2602.92118980294
768,10.5,2526.5565360000573
768,10.600000000000001,2496.483419509278
768,10.700000000000001,2521.839594191627
768,10.8,2578.7004892644227
768,10.9,2663.9888554849717
768,11.0,2665.173850492655
768,11.100000000000001,2666.71894506324
768,11.200000000000001,2660.539481413791
768,11.3,2630.33180725187
768,11.4,2580.4512045807423
768,11.5,2624.9285202851793
768,11.600000000000001,2565.988728951828
768,11.700000000000001,2600.692666398042
768,11.8,2569.427045088391
768,11.9,2545.0444155551163
768,12.0,2519.869109445292
768,12.100000000000001,2496.048274447243
768,12.200000000000001,2454.4843062542136
768,12.3,2359.576385287186
768,12.4,2356.362634168182
768,12.5,2453.6578527482375
768,12.600000000000001,2448.6547675250376
768,12.700000000000001,2475.4233846293887
768,12.8,2450.0609906750756
768,12.9,2345.046207849024
768,13.0,2298.0063566501217
768,13.100000000000001,2295.8769896903987
768,13.200000000000001,2403.7141437016294
768,13.3,2475.574197600007
768,13.4,2454.7990649240364
768,13.5,2508.5100950318106
768,13.600000000000001,2523.7129948206793
768,13.700000000000001,2509.1138062377745
768,13.8,2589.6158051479088
768,13.9,2542.020103589946
768,14.0,2471.0085297916194
768,14.100000000000001,2584.244464311788
768,14.200000000000001,2545.5486840937424
768,14.3,2598.5432405621596
768,14.4,2551.4891473788553
768,14.5,2570.0439939023076
768,14.600000000000001,2597.1984905928384
768,14.700000000000001,2640.7961499753387
768,14.8,2603.8712573585303
768,14.9,2626.3835662306037
768,15.0,2658.082328500965
768,15.100000000000001,2550.198940632119
768,15.200000000000001,2550.1404718369936
768,15.3,2553.219569527631
768,15.4,2522.6432465972775
768,15.5,2512.583807353943
768,15.600000000000001,2549.0957430044687
768,15.700000000000001,2476.8710843382223
768,15.8,2445.7548818936957
768,15.9,2348.8728658053446
768,16.0,2303.910238462199
768,16.1,2298.667928304108
768,16.2,2302.5506519366454
768,16.3,2293.391625160958
768,16.400000000000002,2264.052687382228
768,16.5,2327.088020135108
768,16.6,2394.916291879631
768,16.7,2456.114342515786
768,16.8,2523.1257331752727
768,16.900000000000002,2546.216340752599
768,17.0,2438.29958703728
768,17.1,2445.0485502273223
768,17.2,2435.3915101469024
768,17.3,2517.765836761052
768,17.400000000000002,2669.020621178424
768,17.5,2679.8781593915237
768,17.6,2462.7754566725607
768,17.7,2533.9142198765685
768,17.8,2659.6583818456497
768,17.900000000000002,2655.30131905505
768,18.0,2637.2418357904166
768,18.1,2648.3270172350076
768,18.2,2542.4874094275397
768,18.3,2778.918767198207
768,18.400000000000002,2697.2910808617403
768,18.5,2645.6943277074847
768,18.6,2581.770174457673
768,18.7,2634.8095087568804
768,18.8,2612.5209923377884
768,18.900000000000002,2579.362559694425
768,19.0,2691.0039648790457
768,19.1,2680.6476605972357
768,19.200000000000003,2538.1987125552146
768,19.3,2309.3987201731825
768,19.400000000000002,2336.9729148877636
768,19.5,2635.8999547732346
768,19.6,2722.7968986136584
768,19.700000000000003,2695.250748610442
768,19.8,2696.241050577592
768,19.900000000000002,2447.4141289566655
768,20.0,2407.4229863126966
768,20.1,2581.6938014411517
768,20.200000000000003,2654.9666023046193
768,20.3,2529.321311359559
768,20.400000000000002,2559.8624202329447
768,20.5,2577.2483880117616
768,20.6,2570.2240505323266
768,20.700000000000003,2601.0500867649803
768,20.8,2568.114800532802
768,20.900000000000002,2670.6140786517817
768,21.0,2675.900001060385
768,21.1,2681.777007986027
768,21.200000000000003,2660.2231147817492
768,21.3,2504.4342515394346
768,21.400000000000002,2487.063114940704
768,21.5,2525.6461648553013
768,21.6,2662.6887812347304
768,21.700000000000003,2484.130707108415
768,21.8,2645.061257936687
768,21.900000000000002,2573.4108045131666
768,22.0,2593.3579714059006
768,22.1,2624.5271524688646
768,22.200000000000003,2437.4392598063732
768,22.3,2508.528065514638
768,22.400000000000002,2668.984330775719
768,22.5,2678.454218706215
768,22.6,2643.4389171827265
768,22.700000000000003,2301.614685421188
768,22.8,2122.6244598921576
768,22.900000000000002,2571.7363368321494
768,23.0,2630.0864327195955
768,23.1,2592.9728124803414
768,23.200000000000003,2586.025366530844
768,23.3,2511.2665501820456
768,23.400000000000002,2366.361913938022
768,23.5,2398.345974858638
768,23.6,2481.4352760298502
768,23.700000000000003,2373.6831737679568
768,23.8,2296.404171336254
768,23.900000000000002,2483.840558706974
768,24.0,2797.315099061617
768,24.1,2796.1119787419384
768,24.200000000000003,2673.1093979907605
768,24.3,2574.2683205585276
768,24.400000000000002,2548.6630501267664
768,24.5,2450.4810911012355
768,24.6,2356.9485642030336
768,24.700000000000003,2509.2044590238625
768,24.8,2667.9397694739955
768,24.900000000000002,2440.386453094729
768,25.0,2468.654278284926
768,25.1,2725.8531895288625
768,25.200000000000003,2551.243530896477
768,25.3,2618.9874488535074
768,25.400000000000002,2629.899820105556
768,25.5,2479.572612265857
768,25.6,2564.0304921209777
768,25.700000000000003,2639.959083453505
768,25.8,2649.669434458896
768,25.900000000000002,2428.0875406214905
768,26.0,2361.960938122516
768,26.1,2505.205472281596
768,26.200000000000003,2577.6984279840817
768,26.3,2495.072222351901
768,26.400000000000002,2507.1067664897023
768,26.5,2535.073110671607
768,26.6,2487.8978179106953
768,26.700000000000003,2379.954132987664
768,26.8,2273.5473916036217
768,26.900000000000002,2256.360415234907
768,27.0,2573.405134374948
768,27.1,2694.7743985950765
768,27.200000000000003,2644.0668023089665
768,27.3,2484.2389260481386
768,27.400000000000002,2609.3332543034903
768,27.5,2627.5356470605057
768,27.6,2609.604230490618
768,27.700000000000003,2287.3311515722953
768,27.8,2296.1642212540664
768,27.900000000000002,2397.8321555035045
768,28.0,2439.525510964489
768,28.1,2497.610263507192
768,28.200000000000003,2470.7176350005006
768,28.3,2485.9045127399495
768,28.400000000000002,2508.842090747577
768,28.5,2554.7248967288742
768,28.6,2576.498944324404
768,28.700000000000003,2591.771200908783
768,28.8,2643.5720490250696
768,28.900000000000002,2611.1779084324603
768,29.0,2584.7163496525823
768,29.1,2509.9712804952496
768,29.200000000000003,2518.510569816952
768,29.3,2571.914662013372
768,29.400000000000002,2512.8136511752255
768,29.5,2489.726422272632
768,29.6,2441.4108890035805
768,29.700000000000003,2366.183481367069
768,29.8,2326.993386048252
768,29.900000000000002,2424.8161253839885
768,30.0,2444.53022866429
768,30.1,2494.102038358326
768,30.200000000000003,2543.8721913747154
768,30.3,2590.615591440934
768,30.400000000000002,2528.0887358769323
768,30.5,2593.5650595198663
768,30.6,2682.271320905562
768,30.700000000000003,2656.8131300714363
768,30.8,2664.495039303169
768,30.900000000000002,2698.598693337493
768,31.0,2565.55385748973
768,31.1,2404.5448428932255
768,31.200000000000003,2409.942309163436
768,31.3,2452.1396580437004
768,31.400000000000002,2368.080891900225
768,31.5,2352.5218391593394
768,31.6,2337.43692949065
768,31.700000000000003,2354.971738746598
768,31.8,2435.6647280237908
768,31.900000000000002,2505.269004456822
768,32.0,2418.689541336345
768,32.1,2544.871377309155
768,32.2,2677.561133146676
768,32.300000000000004,2628.497060223028
768,32.4,2630.9372506636305
768,32.5,2562.266196722171
768,32.6,2647.9333577769994
768,32.7,2616.4585070914004
768,32.800000000000004,2465.8783545777546
768,32.9,2502.6864023447274
768,33.0,2494.362562402453
768,33.1,2477.349487274556
768,33.2,2480.6411768567386
768,33.300000000000004,2413.344168736479
768,33.4,2742.9812341044258
768,33.5,2733.480877228223
768,33.6,2564.0688965461204
768,33.7,2563.736198332023
768,33.800000000000004,2676.852563673793
768,33.9,2616.8889052877134
768,34.0,2622.471526281552
768,34.1,2656.8531276077065
768,34.2,2487.583418913304
768,34.300000000000004,2622.5549361240774
768,34.4,2297.755680740208
768,34.5,2691.976822336598
768,34.6,2596.9628949219505
768,34.7,2593.3477036516174
768,34.800000000000004,2583.934397649256
768,34.9,2550.2323545959016
768,35.0,2501.142144689815
768,35.1,2481.7982969671693
768,35.2,2449.2472910927813
768,35.300000000000004,2379.388700363862
768,35.4,2553.6529210076556
768,35.5,2699.1461723294087
768,35.6,2425.8198503460817
768,35.7,2483.124838094609
768,35.800000000000004,2668.8048259097563
768,35.9,2625.4428456927453
768,36.0,2589.3387067560066
768,36.1,2506.4281659140875
768,36.2,2399.4683932952908
768,36.300000000000004,2478.683628227081
768,36.4,2465.6997003924525
768,36.5,2342.418649941621
768,36.6,2290.9791579841285
768,36.7,2209.579501185599
768,36.800000000000004,2359.935769141541
768,36.9,2400.2766761744488
768,37.0,2697.75443308854
768,37.1,2489.4943654492313
768,37.2,2490.320900187649
768,37.300000000000004,2505.433715846314
768,37.4,2596.508804548844
768,37.5,2609.5252980286937
768,37.6,2617.4124921174416
768,37.7,2675.234217323915
768,37.800000000000004,2436.9604551917405
768,37.9,2469.119455840254
768,38.0,2420.387927388186
768,38.1,2366.0042767425703
768,38.2,2518.0761309994305
768,38.300000000000004,2547.694448560958
768,38.400000000000006,2660.665483788684
768,38.5,2529.0053315890686
768,38.6,2430.345232147244
768,38.7,2653.263716586757
768,38.800000000000004,2481.540374991013
768,38.900000000000006,2649.863180805689
768,39.0,2663.3619959015027
768,39.1,2704.5748848552425
768,39.2,2629.5729557290742
768,39.300000000000004,2574.196145543315
768,39.400000000000006,2553.958869957226
768,39.5,2491.3489409875283
768,39.6,2363.0317634678854
768,39.7,2904.6451440066035
768,39.800000000000004,2569.911402478612
768,39.900000000000006,2643.6302063163917
768,40.0,2648.5191012264313
768,40.1,2614.793994485626
768,40.2,2528.6198214854567
768,40.300000000000004,2622.6920539274706
768,40.400000000000006,2417.2914801727097
768,40.5,2471.1658154407037
768,40.6,2591.4782795934034
768,40.7,2643.993886229797
768,40.800000000000004,2664.2367766340194
768,40.900000000000006,2598.394344610362
768,41.0,2492.6975765173484
768,41.1,2538.1466802425757
768,41.2,2595.3305644686116
768,41.300000000000004,2576.721341395714
768,41.400000000000006,2501.5781278623026
768,41.5,2680.5003000333595
768,41.6,2525.799446143067
768,41.7,2437.5555138391687
768,41.800000000000004,2325.06556363335
768,41.900000000000006,2702.3341756278123
768,42.0,2600.494628729987
768,42.1,2642.326776656674
768,42.2,2603.5085134212927
768,42.300000000000004,2634.279570266299
768,42.400000000000006,2546.5679944093417
768,42.5,2616.8871577699515
768,42.6,2600.5363453616164
768,42.7,2647.655031390854
768,42.800000000000004,2604.6610786655256
768,42.900000000000006,2485.6114475176664
768,43.0,2735.1812672476035
768,43.1,2789.335819608779
768,43.2,2847.6304874000634
768,43.300000000000004,2689.9681190060837
768,43.400000000000006,2554.55751753919
768,43.5,2621.4236526874624
768,43.6,2591.4566436577106
768,43.7,2463.0075693605518
768,43.800000000000004,2719.5600645360823
768,43.900000000000006,2392.9062711862834
768,44.0,2581.6414762696763
768,44.1,2455.2150094364797
768,44.2,2158.579534162393
768,44.300000000000004,2362.1847070400504
768,44.400000000000006,2610.377366743078
768,44.5,2620.9003585577343
768,44.6,2509.3274517053696
768,44.7,2394.396767013124
768,44.800000000000004,2402.925463000639
768,44.900000000000006,2623.2640055510196
768,45.0,2681.428894906401
768,45.1,2538.791174304741
768,45.2,2438.0602582649085
768,45.300000000000004,2519.1993510010266
768,45.400000000000006,2538.2521349860476
768,45.5,2329.260249401914
768,45.6,2319.0407279688534
768,45.7,2461.939505255119
768,45.800000000000004,2854.261486342932
768,45.900000000000006,2649.362456612332
768,46.0,2073.753246541594
768,46.1,2405.0229128465203
768,46.2,2698.603101899577
768,46.300000000000004,2619.681282470649
768,46.400000000000006,2610.190679406864
768,46.5,2681.398970576882
768,46.6,2527.9931877966605
768,46.7,2543.6700976460243
768,46.800000000000004,2560.0205099239447
768,46.900000000000006,2649.823775956653
768,47.0,2672.2990349414067
768,47.1,2499.3259466423588
768,47.2,2330.097509701422
768,47.300000000000004,2420.1435880697336
768,47.400000000000006,2501.3841251795006
768,47.5,2685.1988206281126
768,47.6,2634.3515273389253
768,47.7,2650.5111717995323
768,47.800000000000004,2415.069968195869
768,47.900000000000006,2473.2560343252903
768,48.0,2383.0255415861475
768,48.1,2397.122135503302
768,48.2,2406.851401128529
768,48.300000000000004,2770.695366461019
768,48.400000000000006,2536.5886812347867
768,48.5,2615.23518323361
768,48.6,2289.769967756823
768,48.7,2697.974429030763
768,48.800000000000004,2570.983421439976
768,48.900000000000006,2596.907589931061
768,49.0,2552.3069895418075
768,49.1,2740.7376294221635
768,49.2,2643.4111071176835
768,49.300000000000004,2596.947359959584
768,49.400000000000006,2511.0642067191047
768,49.5,2499.6298750464653
768,49.6,2394.0404415845815
768,49.7,2623.0058277890553
768,49.800000000000004,2585.525880533385
768,49.900000000000006,2555.3469550524114
768,50.0,2531.0461041088843
768,50.1,2583.286571106282
768,50.2,2559.3571089242014
768,50.300000000000004,2557.7173649083634
768,50.400000000000006,2632.485844342562
768,50.5,2548.224530171726
768,50.6,2577.5145201913847
768,50.7,2595.2184272111836
768,50.800000000000004,2523.518238862551
768,50.900000000000006,2627.601569413327
768,51.0,2587.166521720379
768,51.1,2482.131582010974
768,51.2,2405.374248209553
768,51.300000000000004,2380.7664148558524
768,51.400000000000006,2399.6287771637517
768,51.5,2516.3396496534206
768,51.6,2533.939981410854
768,51.7,2574.311583847826
768,51.800000000000004,2651.8244308339704
768,51.900000000000006,2677.274495725748
768,52.0,2630.1152912188986
768,52.1,2643.4826056916004
768,52.2,2583.414155904239
768,52.300000000000004,2577.1185118697476
768,52.400000000000006,2616.9884704104093
768,52.5,2442.8845141621496
768,52.6,2501.573540233228
768,52.7,2612.159473498902
768,52.800000000000004,2517.4726068696827
768,52.900000000000006,2517.808879403924
768,53.0,2772.7703023134454
768,53.1,2598.971252528666
768,53.2,2640.366558098506
768,53.300000000000004,2637.3949743186317
768,53.400000000000006,2503.9756701670653
768,53.5,2563.6377302588467
768,53.6,2379.998473398159
768,53.7,2370.5402831274973
768,53.800000000000004,2352.4666917299933
768,53.900000000000006,2424.2242142983423
768,54.0,2408.3617400964085
768,54.1,2374.8269911776297
768,54.2,2558.1252958410605
768,54.300000000000004,2662.74917712208
768,54.400000000000006,2681.93113862591
768,54.5,2569.7814742869396
768,54.6,2566.216551570388
768,54.7,2502.3274702535773
768,54.800000000000004,2487.4697084882846
768,54.900000000000006,2352.484098082116
768,55.0,2680.5060762868766
768,55.1,2633.374924422817
768,55.2,2512.949936466879
768,55.300000000000004,2601.42296636501
768,55.400000000000006,2697.004432266056
768,55.5,2648.8933903334027
768,55.6,2486.170383217489
768,55.7,2430.1601614284286
768,55.800000000000004,2320.952802703497
768,55.900000000000006,2386.8624018214377
768,56.0,2706.215960917377
768,56.1,2542.6866574031324
768,56.2,2578.2864642377835
768,56.300000000000004,2510.004476284211
768,56.400000000000006,2763.4722188794376
768,56.5,2367.770186984276
768,56.6,2461.223352732724
768,56.7,2552.8915291447015
768,56.800000000000004,2760.3464355240367
768,56.900000000000006,2690.5810224543557
768,57.0,2565.901018397657
768,57.1,2624.1500521405937
768,57.2,2514.7975713244
768,57.300000000000004,2196.590530458594
768,57.400000000000006,2296.742617789316
768,57.5,2575.5805481546613
768,57.6,2775.6467381303287
768,57.7,2455.2035333379404
768,57.800000000000004,2464.6517333444726
768,57.900000000000006,2900.647998527857
768,58.0,2792.285801923434
768,58.1,2284.721577555069
768,58.2,2778.587257920281
768,58.300000000000004,2671.165654451906
768,58.400000000000006,2450.437392100885
768,58.5,2544.0430618684677
768,58.6,2553.2973347774478
768,58.7,2466.9618519986866
768,58.800000000000004,2537.0568697557164
768,58.900000000000006,2538.081618376032
768,59.0,2454.846008134789
768,59.1,2424.9649827386143
768,59.2,2482.253505003712
768,59.300000000000004,2720.752807983292
768,59.400000000000006,2495.47383038585
768,59.5,2457.6407961646237
768,59.6,2171.141178623411
768,59.7,2391.9240341617524
768,59.800000000000004,2341.726428884802
768,59.900000000000006,2477.6763615631944
768,60.0,2277.8845322715542
768,60.1,2221.698993790337
768,60.2,2769.699649421239
768,60.300000000000004,2742.3243486752517
768,60.400000000000006,2122.5196822133685
768,60.5,2217.2804412313453
768,60.6,2704.537505015297
768,60.7,2673.206406488367
768,60.800000000000004,2589.8767142834718
768,60.900000000000006,2691.327129188643
768,61.0,2603.2618862410854
768,61.1,2589.5671420113063
768,61.2,2704.639750092451
768,61.300000000000004,2633.3148704281734
768,61.400000000000006,2626.8372699679658
768,61.5,2458.3273458636936
768,61.6,2388.576856087343
768,61.7,2443.8409550681968
768,61.800000000000004,2759.469669595938
768,61.900000000000006,2614.481453425175
768,62.0,2471.0807873616486
768,62.1,2131.6097132312802
768,62.2,2390.6015209478064
768,62.300000000000004,2704.676202399512
768,62.400000000000006,2637.638126885278
768,62.5,2568.862243120818
768,62.6,2649.7242563984655
768,62.7,2731.3399173445314
768,62.800000000000004,2451.098680035825
768,62.900000000000006,2715.143661771442
768,63.0,2613.3260306073093
768,63.1,2507.4758267340194
768,63.2,2596.6682770053044
768,63.300000000000004,2684.5360660039632
768,63.400000000000006,2573.2914407747353
768,63.5,2479.2081203082407
768,63.6,2454.6156931037603
768,63.7,2564.9261309203926
768,63.800000000000004,2608.8921470949035
768,63.900000000000006,2414.4342114359265
768,64.0,2709.357159358544
768,64.10000000000001,2511.03556875661
768,64.2,2898.025980998074
768,64.3,2337.6034052325494
768,64.4,2707.384368345877
768,64.5,2522.4241726511736
768,64.60000000000001,2694.039815989359
768,64.7,2335.653396343844
768,64.8,2286.2921738239293
768,64.9,2606.5255311337082
768,65.0,2781.360324664617
768,65.10000000000001,2489.1616303252003
768,65.2,2519.2675986637096
768,65.3,2249.890617162731
768,65.4,2710.6592485406904
768,65.5,2587.77035111468
768,65.60000000000001,2596.595568054253
768,65.7,2688.897755001385
768,65.8,2695.820622142001
768,65.9,2631.746910801978
768,66.0,2439.9919984440116
768,66.10000000000001,2377.4878704231137
768,66.2,2455.5677990973927
768,66.3,2488.215819316329
768,66.4,2599.317810058098
768,66.5,2679.0517061291794
768,66.60000000000001,2718.859663824782
768,66.7,2510.5403755190873
768,66.8,2592.2592389706174
768,66.9,2497.9241108439187
768,67.0,2697.399349320536
768,67.10000000000001,2640.4800879201416
768,67.2,2611.3535006519214
768,67.3,2765.6605589663386
768,67.4,2574.6881334832797
768,67.5,2515.187685840507
768,67.60000000000001,2698.2237461502154
768,67.7,2681.6669740179277
768,67.8,2549.554726576093
768,67.9,2593.4697252572837
768,68.0,2323.2003505943912
768,68.10000000000001,2330.2012340732776
768,68.2,2382.502247514888
768,68.3,2599.938959220819
768,68.4,2537.6964079404447
1024,0.0,2793.4489999999996
1024,0.1,2807.331743790136
1024,0.2,2831.4025466434423
1024,0.30000000000000004,2783.5783530127746
1024,0.4,2730.3438655782747
1024,0.5,2754.92326597144
1024,0.6000000000000001,2671.915333376539
1024,0.7000000000000001,2643.2077800327875
1024,0.8,2754.404571273077
1024,0.9,2507.2417754415387
1024,1.0,2445.724487462387
1024,1.1,2759.1736921478223
1024,1.2000000000000002,2711.0097501551036
1024,1.3,2440.3990489616012
1024,1.4000000000000001,2503.0376149340645
1024,1.5,2716.9546638331126
1024,1.6,2696.090340453355
1024,1.7000000000000002,2750.738852702226
1024,1.8,2686.302529301286
1024,1.9000000000000001,2607.7933359207664
1024,2.0,2604.094942416798
1024,2.1,2682.1477775143726
1024,2.2,2450.563490747945
1024,2.3000000000000003,2498.1758704452377
1024,2.4000000000000004,2860.357715811696
1024,2.5,2819.1248691232468
1024,2.6,2695.7527604162797
1024,2.7,2693.302998776348
1024,2.8000000000000003,2798.889023199512
1024,2.9000000000000004,2621.46729409452
1024,3.0,2516.9536454316267
1024,3.1,2622.695337065646
1024,3.2,2627.471303651406
1024,3.3000000000000003,2696.6465096171164
1024,3.4000000000000004,2602.9552568256972
1024,3.5,2571.6189643480084
1024,3.6,2644.219226470974
1024,3.7,2622.8940437776378
1024,3.8000000000000003,2523.7576291710743
1024,3.9000000000000004,2625.134826259913
1024,4.0,2769.3387707420407
1024,4.1000000000000005,2642.514192912675
1024,4.2,2638.6151844922974
1024,4.3,2505.097057646311
1024,4.4,2518.5071110088215
1024,4.5,2653.075155575833
1024,4.6000000000000005,2558.6161450849595
1024,4.7,2421.1137178501995
1024,4.800000000000001,2445.154141875174
1024,4.9,2682.5125845086154
1024,5.0,2588.283943241595
1024,5.1000000000000005,2500.9249371404603
1024,5.2,2413.711253744544
1024,5.300000000000001,2470.9564618406384
1024,5.4,2413.931824058473
1024,5.5,2517.172440268354
1024,5.6000000000000005,2639.391598014932
1024,5.7,2577.8196164020515
1024,5.800000000000001,2547.4899021175593
1024,5.9,2434.9655685746357
1024,6.0,2593.1647149429396
1024,6.1000000000000005,2584.8638339800295
1024,6.2,2524.268341959831
1024,6.300000000000001,2505.3237924896184
1024,6.4,2517.3083123575593
1024,6.5,2555.119466685727
1024,6.6000000000000005,2567.7382521373893
1024,6.7,2509.23090019512
1024,6.800000000000001,2441.115047162979
1024,6.9,2552.522929101796
1024,7.0,2645.2551699395303
1024,7.1000000000000005,2484.350816487942
1024,7.2,2449.1356345441773
1024,7.300000000000001,2610.7961591924063
1024,7.4,2573.874586049348
1024,7.5,2413.905043892011
1024,7.6000000000000005,2389.4468446385295
1024,7.7,2546.225398986823
1024,7.800000000000001,2659.8773814369333
1024,7.9,2727.319203751718
1024,8.0,2524.3147437680623
1024,8.1,2354.4705230009076
1024,8.200000000000001,2426.9879566671852
1024,8.3,2611.6145358920294
1024,8.4,2580.6437091651646
1024,8.5,2453.604807326814
1024,8.6,2518.8688414827907
1024,8.700000000000001,2670.189390800782
1024,8.8,2702.0556916809624
1024,8.9,2445.3416185096567
1024,9.0,2442.7662611630703
1024,9.1,2729.715374399458
1024,9.200000000000001,2758.154902912112
1024,9.3,2545.206364288179
1024,9.4,2353.9249865035217
1024,9.5,2498.0175994781553
1024,9.600000000000001,2628.8041011704586
1024,9.700000000000001,2700.649015783602
1024,9.8,2444.967376029755
1024,9.9,2389.0117693900174
1024,10.0,2639.6041230359383
1024,10.100000000000001,2705.7364421966126
1024,10.200000000000001,2497.7629765511815
1024,10.3,2401.6118126519978
1024,10.4,2511.915647938713
1024,10.5,2500.7586327149165
1024,10.600000000000001,2583.126217948896
1024,10.700000000000001,2550.4384889193298
1024,10.8,2475.6052379099797
1024,10.9,2540.766339626625
1024,11.0,2628.4558717024834
1024,11.100000000000001,2673.2559130144514
1024,11.200000000000001,2488.721549702898
1024,11.3,2442.781789026261
1024,11.4,2660.6289832927096
1024,11.5,2652.8855059159614
1024,11.600000000000001,2585.449375689968
1024,11.700000000000001,2369.6767113839223
1024,11.8,2397.014825850538
1024,11.9,2672.505636298997
1024,12.0,2687.0550808646917
1024,12.100000000000001,2468.3308877769978
1024,12.200000000000001,2355.0217409288844
1024,12.3,2648.403110067696
1024,12.4,2679.370673396463
1024,12.5,2517.958592872887
1024,12.600000000000001,2268.348692723519
1024,12.700000000000001,2414.994412812156
1024,12.8,2509.295516066562
1024,12.9,2609.422234011165
1024,13.0,2586.8149678002687
1024,13.100000000000001,2398.8112830853606
1024,13.200000000000001,2498.3948061199762
1024,13.3,2602.2699450416217
1024,13.4,2523.130870287143
1024,13.5,2436.6620257252193
1024,13.600000000000001,2469.0391288795304
1024,13.700000000000001,2670.25738269417
1024,13.8,2651.820088986478
1024,13.9,2559.0393230701784
1024,14.0,2469.0783428894133
1024,14.100000000000001,2369.888643491883
1024,14.200000000000001,2730.4953998165197
1024,14.3,2644.8417057266824
1024,14.4,2494.1213435858085
1024,14.5,2456.991951551948
1024,14.600000000000001,2639.90609761189
1024,14.700000000000001,2689.9901178441887
1024,14.8,2599.830003118641
1024,14.9,2535.2327801782862
1024,15.0,2469.2364138622074
1024,15.100000000000001,2524.9308086211404
1024,15.200000000000001,2474.147235257898
1024,15.3,2490.857133621497
1024,15.4,2454.803136341909
1024,15.5,2521.7599867038384
1024,15.600000000000001,2702.4959994104834
1024,15.700000000000001,2587.593763505436
1024,15.8,2477.526385271585
1024,15.9,2552.2520143148204
1024,16.0,2720.8419287642705
1024,16.1,2637.7259331769546
1024,16.2,2486.942766626398
1024,16.3,2417.3261151144166
1024,16.400000000000002,2654.218868870829
1024,16.5,2663.261153873465
1024,16.6,2476.5525754531577
1024,16.7,2427.3587032492487
1024,16.8,2657.5071843244914
1024,16.900000000000002,2683.727049450863
1024,17.0,2578.0873867784703
1024,17.1,2502.1440692233255
1024,17.2,2535.1521402759354
1024,17.3,2699.1872137873506
1024,17.400000000000002,2619.3714861677777
1024,17.5,2586.449237089672
1024,17.6,2525.4152751765128
1024,17.7,2635.713489894676
1024,17.8,2625.1884752042115
1024,17.900000000000002,2534.7824481621456
1024,18.0,2471.532420075776
1024,18.1,2404.727268614596
1024,18.2,2567.1111131135344
1024,18.3,2652.913472469832
1024,18.400000000000002,2595.704202306314
1024,18.5,2476.0036579728653
1024,18.6,2644.8338771772715
1024,18.7,2633.9233540160694
1024,18.8,2671.394360210552
1024,18.900000000000002,2615.9059953333626
1024,19.0,2525.9364481034736
1024,19.1,2501.764920852109
1024,19.200000000000003,2545.138702956393
1024,19.3,2563.9361213468046
1024,19.400000000000002,2527.343887198744
1024,19.5,2516.6264862556714
1024,19.6,2583.0161644466266
1024,19.700000000000003,2613.8223152863866
1024,19.8,2615.727632031568
1024,19.900000000000002,2512.425554137263
1024,20.0,2449.082534937807
1024,20.1,2541.9664188461165
1024,20.200000000000003,2484.3734369418157
1024,20.3,2575.919757172268
1024,20.400000000000002,2468.9158528447624
1024,20.5,2442.3730462413696
1024,20.6,2521.145217552202
1024,20.700000000000003,2563.2715564143323
1024,20.8,2584.781837116691
1024,20.900000000000002,2467.5732466431796
1024,21.0,2663.469636441621
1024,21.1,2647.8366864953246
1024,21.200000000000003,2657.1521424701596
1024,21.3,2445.7308951458895
1024,21.400000000000002,2394.5287166507446
1024,21.5,2573.6346201913916
1024,21.6,2742.510407303972
1024,21.700000000000003,2513.9030441282507
1024,21.8,2349.3902117080247
1024,21.900000000000002,2686.389065457433
1024,22.0,2757.5632404452185
1024,22.1,2670.1353545497172
1024,22.200000000000003,2427.8749872263547
1024,22.3,2405.510076509962
1024,22.400000000000002,2490.187671689942
1024,22.5,2589.5146851049126
1024,22.6,2595.2601759920312
1024,22.700000000000003,2479.8930121503467
1024,22.8,2462.375603460764
1024,22.900000000000002,2615.410346497157
1024,23.0,2647.362693893353
1024,23.1,2479.6436853091304
1024,23.200000000000003,2396.001563850278
1024,23.3,2609.735506591816
1024,23.400000000000002,2657.4128743852843
1024,23.5,2501.4474589627994
1024,23.6,2520.2828671206807
1024,23.700000000000003,2639.7520637849757
1024,23.8,2756.559555697891
1024,23.900000000000002,2536.2741190958354
1024,24.0,2356.7459357867247
1024,24.1,2624.6404890155536
1024,24.200000000000003,2755.7932114854034
1024,24.3,2506.0134785313926
1024,24.400000000000002,2203.795033722778
1024,24.5,2453.294503021465
1024,24.6,2665.3782337015696
1024,24.700000000000003,2624.429376645004
1024,24.8,2395.087377148304
1024,24.900000000000002,2453.247698205466
1024,25.0,2556.4428360906913
1024,25.1,2647.617738039363
1024,25.200000000000003,2497.6198782397314
1024,25.3,2473.5661169181
1024,25.400000000000002,2627.708585137637
1024,25.5,2697.0307336841934
1024,25.6,2483.2551824433
1024,25.700000000000003,2322.9294461284567
1024,25.8,2749.6582275954765
1024,25.900000000000002,2767.04782620167
1024,26.0,2499.2354831615294
1024,26.1,2445.593162624035
1024,26.200000000000003,2700.729067583279
1024,26.3,2673.4943414854306
1024,26.400000000000002,2632.1239022796562
1024,26.5,2390.208405027367
1024,26.6,2539.4551113540483
1024,26.700000000000003,2695.331410658145
1024,26.8,2587.121899674501
1024,26.900000000000002,2664.856842137443
1024,27.0,2529.265558755758
1024,27.1,2490.017447451914
1024,27.200000000000003,2750.6680644677476
1024,27.3,2653.479613548489
1024,27.400000000000002,2475.41106712449
1024,27.5,2486.754712277976
1024,27.6,2685.2604046666243
1024,27.700000000000003,2668.533216795021
1024,27.8,2535.1530984668602
1024,27.900000000000002,2396.188496060389
1024,28.0,2442.816328481764
1024,28.1,2700.8857678900417
1024,28.200000000000003,2617.957042081111
1024,28.3,2531.4857749632415
1024,28.400000000000002,2314.271619158807
1024,28.5,2666.4047076416077
1024,28.6,2702.095924197682
1024,28.700000000000003,2560.5610021321872
1024,28.8,2477.81313137604
1024,28.900000000000002,2611.607331406857
1024,29.0,2699.187648133365
1024,29.1,2597.4534651123995
1024,29.200000000000003,2490.0772930982157
1024,29.3,2383.0828411197595
1024,29.400000000000002,2579.178404099494
1024,29.5,2654.068550595479
1024,29.6,2446.6307348188166
1024,29.700000000000003,2368.9861542244803
1024,29.8,2410.434523260443
1024,29.900000000000002,2561.77282857463
1024,30.0,2564.527048396321
1024,30.1,2481.1856076142412
1024,30.200000000000003,2387.228194591325
1024,30.3,2299.2648570098286
1024,30.400000000000002,2722.4683364154953
1024,30.5,2639.881150300792
1024,30.6,2524.521992801029
1024,30.700000000000003,2508.5807935986795
1024,30.8,2341.1379821714527
1024,30.900000000000002,2481.625291288704
1024,31.0,2519.4912261809445
1024,31.1,2562.332882934918
1024,31.200000000000003,2510.129527080367
1024,31.3,2507.256286279638
1024,31.400000000000002,2347.910897687187
1024,31.5,2421.03582948461
1024,31.6,2527.3532380121087
1024,31.700000000000003,2449.9752354858665
1024,31.8,2397.6196282803785
1024,31.900000000000002,2459.101929468955
1024,32.0,2489.623781417093
1024,32.1,2472.290862738109
1024,32.2,2442.1809264757126
1024,32.300000000000004,2377.344182198628
1024,32.4,2629.226824480476
1024,32.5,2637.248636649145
1024,32.6,2336.244248917822
1024,32.7,2395.813647901165
1024,32.800000000000004,2534.7738680978155
1024,32.9,2458.0034143150892
1024,33.0,2544.21351116973
1024,33.1,2523.272196836507
1024,33.2,2401.515249758256
1024,33.300000000000004,2364.8075448870763
1024,33.4,2417.143978060437
1024,33.5,2536.194976088298
1024,33.6,2526.5576246833148
1024,33.7,2534.739450703189
1024,33.800000000000004,2630.107412006405
1024,33.9,2686.7738687921888
1024,34.0,2843.5324667195664
1024,34.1,2767.9785089984944
1024,34.2,2700.4806783952686
1024,34.300000000000004,2771.37643264936
1024,34.4,2625.4685411068936
1024,34.5,2501.878930480264
1024,34.6,2559.7725945246534
1024,34.7,2485.5529605469137
1024,34.800000000000004,2439.795099727875
1024,34.9,2414.267828745038
1024,35.0,2342.755193530016
1024,35.1,2388.225391650852
1024,35.2,2864.2226839523096
1024,35.300000000000004,2505.6226418449282
1024,35.4,2571.2055746926694
1024,35.5,2630.762069299853
1024,35.6,2467.3545484728165
1024,35.7,2314.4697390317365
1024,35.800000000000004,2181.99673657184
1024,35.9,2336.5565564376916
1024,36.0,2586.589682044879
1024,36.1,2541.04316067683
1024,36.2,2402.65994591812
1024,36.300000000000004,2285.240800982223
1024,36.4,2304.860305351199
1024,36.5,2316.022171838289
1024,36.6,2371.9560251659655
1024,36.7,2306.83928334505
1024,36.800000000000004,2353.0699968546087
1024,36.9,2465.422095937662
1024,37.0,2567.1671947376694
1024,37.1,2601.0493930343273
1024,37.2,2591.502235378897
1024,37.300000000000004,2672.9776059275955
1024,37.4,2609.684158024791
1024,37.5,2601.1812887726664
1024,37.6,2582.4553962374566
1024,37.7,2547.443808042243
1024,37.800000000000004,2573.7776375539515
1024,37.9,2698.289110750295
1024,38.0,2550.729062958259
1024,38.1,2490.5593059445605
1024,38.2,2516.524666255229
1024,38.300000000000004,2556.9838824722815
1024,38.400000000000006,2564.4621054832105
1024,38.5,2631.9453021734107
1024,38.6,2759.152063977695
1024,38.7,2697.2909484150305
1024,38.800000000000004,2699.510727995216
1024,38.900000000000006,2626.614800285928
1024,39.0,2413.627872358272
1024,39.1,2480.399403111545
1024,39.2,2482.932208744716
1024,39.300000000000004,2416.6180116494347
1024,39.400000000000006,2552.5236425766493
1024,39.5,2700.39404253489
1024,39.6,2487.418636726349
1024,39.7,2483.3717763449995
1024,39.800000000000004,2466.9333308407245
1024,39.900000000000006,2398.943518279215
1024,40.0,2648.560312058428
1024,40.1,2368.485937432117
1024,40.2,2274.4301700534
1024,40.300000000000004,2412.1309651984543
1024,40.400000000000006,2766.8751478821046
1024,40.5,2685.9857702007807
1024,40.6,2883.3551101453554
1024,40.7,2751.682437679269
1024,40.800000000000004,2446.420613540836
1024,40.900000000000006,2537.1991473063244
1024,41.0,2579.7383772315256
1024,41.1,2383.0129825566055
1024,41.2,2439.9331286197657
1024,41.300000000000004,2448.5739490416263
1024,41.400000000000006,2498.316921213246
1024,41.5,2479.0354972037485
1024,41.6,2473.950137058491
1024,41.7,2453.1478123283764
1024,41.800000000000004,2547.2713389486466
1024,41.900000000000006,2727.682342364221
1024,42.0,2540.5468149783514
1024,42.1,2720.0383562149705
1024,42.2,2687.0192058032853
1024,42.300000000000004,2661.0235193919707
1024,42.400000000000006,2407.235422888545
1024,42.5,2607.192802253183
1024,42.6,2541.9373373251
1024,42.7,2633.1100970211814
1024,42.800000000000004,2557.28013499273
1024,42.900000000000006,2337.280614254204
1024,43.0,2513.7399763953463
1024,43.1,2595.709426274354
1024,43.2,2644.573900337173
1024,43.300000000000004,2639.8402115121494
1024,43.400000000000006,2639.7314380795997
1024,43.5,2593.250042148205
1024,43.6,2513.1766921268145
1024,43.7,2475.1398501538174
1024,43.800000000000004,2571.000516226033
1024,43.900000000000006,2512.6893285621077
1024,44.0,2569.3179175058267
1024,44.1,2460.9857565685884
1024,44.2,2464.38654352509
1024,44.300000000000004,2516.207156435526
1024,44.400000000000006,2599.7895522365275
1024,44.5,2503.8221372833095
1024,44.6,2255.3887314567564
1024,44.7,2195.4194658984334
1024,44.800000000000004,2203.6323429304002
1024,44.900000000000006,2303.827674258896
1024,45.0,2572.62804254366
1024,45.1,2592.3526282540333
1024,45.2,2646.6409531315194
1024,45.300000000000004,2571.5719327096645
1024,45.400000000000006,2696.2661540299255
1024,45.5,2678.6573955106514
1024,45.6,2730.179022091741
1024,45.7,2463.218265118765
1024,45.800000000000004,2584.3876324079124
1024,45.900000000000006,2568.054408545259
1024,46.0,2219.5002650595234
1024,46.1,2361.021403315043
1024,46.2,2445.3066098040795
1024,46.300000000000004,2368.6512035794954
1024,46.400000000000006,2240.625565472277
1024,46.5,2416.02413756112
1024,46.6,2443.5484547503365
1024,46.7,2437.8961475598508
1024,46.800000000000004,2476.6115676887694
1024,46.900000000000006,2646.716359525329
1024,47.0,2530.489709054646
1024,47.1,2392.8429882468145
1024,47.2,2315.3565388457337
1024,47.300000000000004,2330.9036395645962
1024,47.400000000000006,2231.4190949304625
1024,47.5,2378.5750985014383
1024,47.6,2614.7380639929274
1024,47.7,2625.6664472313205
1024,47.800000000000004,2734.6379341930706
1024,47.900000000000006,2751.72040342128
1024,48.0,2699.102913062749
1024,48.1,2659.9337077195405
1024,48.2,2338.855482941949
1024,48.300000000000004,2332.3498794612988
1024,48.400000000000006,2555.403187925961
1024,48.5,2467.96215217728
1024,48.6,2619.2762314935435
1024,48.7,2709.72747864168
1024,48.800000000000004,2497.27721903051
1024,48.900000000000006,2583.3425117530714
1024,49.0,2718.0799315925674
1024,49.1,2460.9595067178193
1024,49.2,2475.4811617442683
1024,49.300000000000004,2449.384671149026
1024,49.400000000000006,2457.7957410556164
1024,49.5,2478.5835869985845
1024,49.6,2591.374223440769
1024,49.7,2610.260790524734
1024,49.800000000000004,2635.8650732348437
1024,49.900000000000006,2604.9133836916662
1024,50.0,2444.463623376376
1024,50.1,2278.415054032691
1024,50.2,2296.51737627228
1024,50.300000000000004,2452.048242922757
1024,50.400000000000006,2600.915945901171
1024,50.5,1938.4789616050896
1024,50.6,2500.584373148518
1024,50.7,2497.0706667854947
1024,50.800000000000004,2609.6433324913937
1024,50.900000000000006,2729.7026793799723
1024,51.0,2574.111461906521
1024,51.1,2491.9382970926545
1024,51.2,2538.378483271574
1024,51.300000000000004,2461.341277376746
1024,51.400000000000006,2631.2137056507822
1024,51.5,2803.498555387167
1024,51.6,2443.0947971767846
1024,51.7,2558.3711077855673
1024,51.800000000000004,2481.463890853805
1024,51.900000000000006,2467.2597462675776
1024,52.0,2683.3613214412517
1024,52.1,2546.8786989744103
1024,52.2,2443.7885523574905
1024,52.300000000000004,2535.4668805389033
1024,52.400000000000006,2432.724104535035
1024,52.5,2436.313004181917
1024,52.6,2510.706121951293
1024,52.7,2753.7756138664663
1024,52.800000000000004,2829.924543270877
1024,52.900000000000006,2805.2258574121875
1024,53.0,2750.251743689519
1024,53.1,2653.462277333258
1024,53.2,2348.797735896589
1024,53.300000000000004,2442.574687591479
1024,53.400000000000006,2547.3663042450517
1024,53.5,2260.3874684674806
1024,53.6,2478.209097640733
1024,53.7,2799.381188597927
1536,0.0,2217.454
1536,0.1,2739.973012363047
1536,0.2,2580.6081582780716
1536,0.30000000000000004,2674.8741499417406
1536,0.4,2930.671984223945
1536,0.5,2631.5294505597144
1536,0.6000000000000001,2949.869855082852
1536,0.7000000000000001,2365.6217908675208
1536,0.8,2933.3447191221785
1536,0.9,2381.1122079367497
1536,1.0,2772.9218563956465
1536,1.1,2596.944112102706
1536,1.2000000000000002,2629.9397625751476
1536,1.3,2918.3332873336826
1536,1.4000000000000001,2714.440063457978
1536,1.5,2901.600571952071
1536,1.6,2531.0549258358906
1536,1.7000000000000002,2851.126771435788
1536,1.8,2252.838741704215
1536,1.9000000000000001,2630.8730706569454
1536,2.0,2712.849625280871
1536,2.1,2632.6558057759667
1536,2.2,2914.340587409485
1536,2.3000000000000003,2539.708570487411
1536,2.4000000000000004,2948.185376732773
1536,2.5,2479.450080443584
1536,2.6,2916.838338660599
1536,2.7,2675.9091450865462
1536,2.8000000000000003,2703.4824689956895
1536,2.9000000000000004,2904.1125218228617
1536,3.0,2578.4676975246866
1536,3.1,2822.8682037358194
1536,3.2,2594.087993001334
1536,3.3000000000000003,2926.882337600078
1536,3.4000000000000004,2284.5267654213994
1536,3.5,2711.712065999185
1536,3.6,2465.589882571006
1536,3.7,2632.4523174349097
1536,3.8000000000000003,2848.32358476363
1536,3.9000000000000004,2731.8538459550837
1536,4.0,2901.403215756917
1536,4.1000000000000005,2683.724320099219
1536,4.2,2879.5094132844074
1536,4.3,2328.90153310458
1536,4.4,2746.856558004196
1536,4.5,2766.804375050932
1536,4.6000000000000005,2704.436324402454
1536,4.7,2956.3509966102824
1536,4.800000000000001,2792.6980291067557
1536,4.9,2912.7312064396074
1536,5.0,2444.0730979276427
1536,5.1000000000000005,2733.053716146806
1536,5.2,2330.5116420582094
1536,5.300000000000001,2614.8876819696225
1536,5.4,2618.17782715008
1536,5.5,2619.2345801814295
1536,5.6000000000000005,2966.135623043493
1536,5.7,2771.2397076121347
1536,5.800000000000001,2937.110432436453
1536,5.9,2475.0147223516274
1536,6.0,2832.165614895229
1536,6.1000000000000005,2361.901413133062
1536,6.2,2666.8953690699846
1536,6.300000000000001,2819.08778118242
1536,6.4,2660.0933554550516
1536,6.5,2945.786069681496
1536,6.6000000000000005,2769.1960513135273
1536,6.7,2985.356275778819
1536,6.800000000000001,2373.645603623378
1536,6.9,2790.7717069749733
1536,7.0,2493.836819819906
1536,7.1000000000000005,2683.8187330753462
1536,7.2,3076.4015078490625
1536,7.300000000000001,2670.717501558825
1536,7.4,2870.7545629995893
1536,7.5,2526.480630889067
1536,7.6000000000000005,2905.4210849789506
1536,7.7,2445.9011900497762
1536,7.800000000000001,2824.6535140252386
1536,7.9,2356.12664094587
1536,8.0,2670.763943098962
1536,8.1,2883.8646384673666
1536,8.200000000000001,2656.060215556177
1536,8.3,2862.715608743786
1536,8.4,2674.04149360246
1536,8.5,3036.910977396687
1536,8.6,2495.221480649376
1536,8.700000000000001,2906.3573384083165
1536,8.8,2386.135807705133
1536,8.9,2650.2461948177483
1536,9.0,2883.6120498395157
1536,9.1,2918.5674627209514
1536,9.200000000000001,3025.717294039547
1536,9.3,2457.8695154457
1536,9.4,2748.5377374169293
1536,9.5,2406.9357942859865
1536,9.600000000000001,2719.442366311161
1536,9.700000000000001,2846.892734554579
1536,9.8,2689.953546026676
1536,9.9,2850.360026445549
1536,10.0,2619.651747600484
1536,10.100000000000001,2836.976750529343
1536,10.200000000000001,2430.8070752889703
1536,10.3,2822.5968709969543
1536,10.4,2663.0493005246817
1536,10.5,2717.317224657952
1536,10.600000000000001,2905.249589156695
1536,10.700000000000001,2474.345253438903
1536,10.8,2903.1731574742817
1536,10.9,2461.880343703055
1536,11.0,2814.478998722794
1536,11.100000000000001,2368.670828446695
1536,11.200000000000001,2776.3398492676406
1536,11.3,2476.0834786939818
1536,11.4,2702.9672332121304
1536,11.5,2859.6281741326725
1536,11.600000000000001,2616.136925993452
1536,11.700000000000001,2830.0471051870136
1536,11.8,2657.8315823367643
1536,11.9,2844.6685022803213
1536,12.0,2452.8269283311097
1536,12.100000000000001,2641.506392584708
1536,12.200000000000001,2488.5034871511602
1536,12.3,2650.680722066152
1536,12.4,2784.278544391574
1536,12.5,2677.0982973937034
1536,12.600000000000001,2924.453882422384
1536,12.700000000000001,2778.0924220886786
1536,12.8,2955.976681535494
1536,12.9,2412.929012470451
1536,13.0,2809.3625405181288
1536,13.100000000000001,2533.7673578059002
1536,13.200000000000001,2643.065108848468
1536,13.3,2718.037255124873
1536,13.4,2647.4144747074533
1536,13.5,2917.1534425424843
1536,13.600000000000001,2589.0764893271594
1536,13.700000000000001,2873.1691538743858
1536,13.8,2644.680218301174
1536,13.9,2718.927796164625
1536,14.0,2707.549677578467
1536,14.100000000000001,2863.4082632750346
1536,14.200000000000001,2488.3940674367677
1536,14.3,2663.1235725520123
1536,14.4,2698.07004069929
1536,14.5,2686.579513525878
1536,14.600000000000001,2885.894325259249
1536,14.700000000000001,2658.3267414673633
1536,14.8,2774.572490871055
1536,14.9,2813.2300736295815
1536,15.0,2551.5482073866683
1536,15.100000000000001,2588.5030378335377
1536,15.200000000000001,2755.408668826102
1536,15.3,2626.667827998607
1536,15.4,2760.452439160987
1536,15.5,2551.7289710872888
1536,15.600000000000001,2749.948128893553
1536,15.700000000000001,2363.153206920389
1536,15.8,2484.8533545835817
1536,15.9,2715.617795287828
1536,16.0,2661.616531014106
1536,16.1,2717.624276386547
1536,16.2,2546.1808861885265
1536,16.3,2651.3867632014008
1536,16.400000000000002,2894.2518743706005
1536,16.5,2593.915271172871
1536,16.6,2676.6828321355756
1536,16.7,2674.678641627709
1536,16.8,2604.449216588192
1536,16.900000000000002,2810.4742638950306
1536,17.0,2792.8989283712754
1536,17.1,2646.8434346959125
1536,17.2,2817.5124327681333
1536,17.3,2848.903358900689
1536,17.400000000000002,2650.2631325155603
1536,17.5,2781.406519538696
1536,17.6,2789.7464655296144
1536,17.7,2587.6271575278442
1536,17.8,2740.3360287994983
1536,17.900000000000002,2824.2175546527455
1536,18.0,2485.2994223777423
1536,18.1,2612.35316359898
1536,18.2,2838.375945786668
1536,18.3,2390.094689201775
1536,18.400000000000002,2582.660672178665
1536,18.5,2870.7735256475935
1536,18.6,2487.663261199506
1536,18.7,2709.9083854650435
1536,18.8,2828.265724431821
1536,18.900000000000002,2839.191807066539
1536,19.0,2427.2967261120693
1536,19.1,2575.497912677196
1536,19.200000000000003,2892.2433982357525
1536,19.3,2503.146126866169
1536,19.400000000000002,2639.0183867490255
1536,19.5,2757.785151734655
1536,19.6,2855.946242381065
1536,19.700000000000003,2378.3857223911136
1536,19.8,2601.7767256351513
1536,19.900000000000002,2869.4024280579815
1536,20.0,2867.1440032930086
1536,20.1,2654.1469904321166
1536,20.200000000000003,2693.9823438286353
1536,20.3,2857.920833191243
1536,20.400000000000002,2507.672758824205
1536,20.5,2590.9302092599346
1536,20.6,2693.921353746587
1536,20.700000000000003,2792.0500806692007
1536,20.8,2614.657047130195
1536,20.900000000000002,2526.7019277558957
1536,21.0,2750.9612768207976
1536,21.1,2918.7191031227158
1536,21.200000000000003,2933.690719950724
1536,21.3,2467.8129082679598
1536,21.400000000000002,2664.394301294137
1536,21.5,2713.3556391654315
1536,21.6,2857.1430286961527
1536,21.700000000000003,2599.264740224023
1536,21.8,2239.833219569323
1536,21.900000000000002,2668.4622402280042
1536,22.0,2779.930614645584
1536,22.1,2828.127598381625
1536,22.200000000000003,2738.4400000285887
1536,22.3,2590.9675452319757
1536,22.400000000000002,2820.8123958925826
1536,22.5,2880.524625165601
1536,22.6,2784.1829219935266
1536,22.700000000000003,2628.210180084822
1536,22.8,2391.956841305558
1536,22.900000000000002,2448.7983711955353
1536,23.0,2807.23826584429
1536,23.1,2881.9103928111035
1536,23.200000000000003,2834.935229727854
1536,23.3,2677.247660244098
1536,23.400000000000002,2524.8193618294786
1536,23.5,2439.1823297225424
1536,23.6,2565.5852293645735
1536,23.700000000000003,2724.2886573355263
1536,23.8,2842.1191121045977
1536,23.900000000000002,2815.7347298359296
1536,24.0,2711.5693676056403
1536,24.1,2580.1770085074527
1536,24.200000000000003,2457.520461716254
1536,24.3,2564.0945906111733
1536,24.400000000000002,2722.9228648495277
1536,24.5,2864.395308689985
1536,24.6,2812.7437904252643
1536,24.700000000000003,2698.7829138416855
1536,24.8,2600.3543717493653
1536,24.900000000000002,2446.9552397033835
1536,25.0,2844.4293658676074
1536,25.1,2576.2981116652486
1536,25.200000000000003,2418.6517876573866
1536,25.3,2602.3472232586087
1536,25.400000000000002,2738.2949332678863
1536,25.5,2689.8044900027876
1536,25.6,2491.9464500225185
1536,25.700000000000003,2533.921779357581
1536,25.8,2675.666396503648
1536,25.900000000000002,2816.822640031265
1536,26.0,2828.9302580024873
1536,26.1,2883.5556538549345
1536,26.200000000000003,2539.743187101925
1536,26.3,2784.636679496952
1536,26.400000000000002,2826.1399834033055
1536,26.5,2746.406629718763
1536,26.6,2662.68912746079
1536,26.700000000000003,2674.6642156556272
1536,26.8,2732.1521027064123
1536,26.900000000000002,2580.7152452563987
1536,27.0,2542.0673666886673
1536,27.1,2453.6934903966603
1536,27.200000000000003,2564.7002906491985
1536,27.3,2798.2123612181017
1536,27.400000000000002,2847.8783829455656
1536,27.5,2787.25792437171
1536,27.6,2801.9931488849343
1536,27.700000000000003,2256.8474105890486
1536,27.8,2390.4812690745193
1536,27.900000000000002,2640.1208016350624
1536,28.0,2770.9765667011375
1536,28.1,2852.141048809082
1536,28.200000000000003,2827.352447722164
1536,28.3,2713.8811961004076
1536,28.400000000000002,2674.633512749004
1536,28.5,2810.5045322512237
1536,28.6,2885.12924026545
1536,28.700000000000003,2759.6382017361248
1536,28.8,2656.470420440725
1536,28.900000000000002,2658.318931756762
1536,29.0,2485.9802045220063
1536,29.1,2610.5113495452474
1536,29.200000000000003,2781.485699139588
1536,29.3,2825.0314177854875
1536,29.400000000000002,2809.1297760707216
1536,29.5,2846.6728219640286
1536,29.6,2607.4419859124
1536,29.700000000000003,2403.9253490399924
1536,29.8,2644.919073347665
1536,29.900000000000002,2766.5068362076736
1536,30.0,2740.6744407868873
1536,30.1,2717.536727711934
1536,30.200000000000003,2665.438466307819
1536,30.3,2648.9150043188815
1536,30.400000000000002,2483.7079036989508
1536,30.5,2474.8380073058097
1536,30.6,2555.487702745955
1536,30.700000000000003,2584.477773340768
1536,30.8,2571.0961932291593
1536,30.900000000000002,2557.7073307052615
1536,31.0,2461.318082770584
1536,31.1,2480.350861424784
1536,31.200000000000003,2427.480132195293
1536,31.3,2686.344670926883
1536,31.400000000000002,2711.082785185429
1536,31.5,2735.798819931278
1536,31.6,2736.7982573305558
1536,31.700000000000003,2762.7378877732517
1536,31.8,2783.2918857827754
1536,31.900000000000002,2798.508904655358
1536,32.0,2812.296634560947
1536,32.1,2827.190214772083
1536,32.2,2802.209413595498
1536,32.300000000000004,2789.1500939247794
1536,32.4,2817.359151849601
1536,32.5,2818.8592883027572
1536,32.6,2811.4710487626344
1536,32.7,2832.998574328463
1536,32.800000000000004,2848.3271144918594
1536,32.9,2879.7044705617714
1536,33.0,2677.6532288155586
1536,33.1,2621.391965271719
1536,33.2,2671.007986709844
1536,33.300000000000004,2627.286189707869
1536,33.4,2653.9239079281256
1536,33.5,2703.998468933554
1536,33.6,2890.9553484362636
1536,33.7,2875.269171603402
1536,33.800000000000004,2367.459632052564
1536,33.9,2258.5220651877494
1536,34.0,2367.591672251266
1536,34.1,2461.100270841595
1536,34.2,2501.8420325355096
1536,34.300000000000004,2578.2621030594782
1536,34.4,2590.041392110255
1536,34.5,2784.0697199308047
1536,34.6,2869.429344001906
1536,34.7,2756.091615414561
1536,34.800000000000004,2569.7982109696995
1536,34.9,2399.2362980537205
1536,35.0,2346.8122057472356
1536,35.1,2471.3034269559066
1536,35.2,2589.7931659582605
1536,35.300000000000004,2621.694441883894
1536,35.4,2648.960918960998
1536,35.5,2672.2446151064214
1536,35.6,2760.753772423441
1536,35.7,2788.484791458942
1536,35.800000000000004,2822.5992270770807
1536,35.9,2834.9526537720703
1536,36.0,2755.9816327258086
1536,36.1,2537.3019477478256
1536,36.2,2346.4366877963193
1536,36.300000000000004,2474.207860075401
1536,36.4,2620.112587821196
1536,36.5,2496.0310796204603
1536,36.6,2313.607566443728
1536,36.7,2588.897710872107
1536,36.800000000000004,2778.730269002099
1536,36.9,2565.145945862746
1536,37.0,2567.4537756621194
1536,37.1,2725.241890270929
1536,37.2,2811.2666518614196
1536,37.300000000000004,2775.2920233153473
1536,37.4,2800.4373158733474
1536,37.5,2737.375222946874
1536,37.6,2501.8503100962857
1536,37.7,2391.108331857888
1536,37.800000000000004,2522.058584315921
1536,37.9,2752.986489067117
1536,38.0,2740.6991103396017
1536,38.1,2628.8510670990663
1536,38.2,2770.1693747781655
1536,38.300000000000004,2784.481802185983
1536,38.400000000000006,2703.6862284838066
1536,38.5,2629.263371961361
1536,38.6,2530.62553750116
1536,38.7,2620.97700229322
1536,38.800000000000004,2721.38968996445
1536,38.900000000000006,2729.191315336133
1536,39.0,2898.261257791111
1536,39.1,2691.1336419072063
1536,39.2,2470.535148469278
1536,39.300000000000004,2631.9248697943526
1536,39.400000000000006,2525.493490351187
1536,39.5,2695.7523803042436
1536,39.6,2676.5275910458395
1536,39.7,2812.0730076779473
1536,39.800000000000004,2711.6772764177867
1536,39.900000000000006,2633.2188334002913
1536,40.0,2707.2043379082916
1536,40.1,2703.6367825866078
1536,40.2,2941.2966059302435
1536,40.300000000000004,2951.285122307968
1536,40.400000000000006,2718.4534247572383
1536,40.5,2532.5340539211948
1536,40.6,2655.4970701371835
1536,40.7,2842.94961112287
1536,40.800000000000004,2739.1271831150193
1536,40.900000000000006,2720.928022071532
1536,41.0,2530.642833586702
1536,41.1,2707.7590594921303
1536,41.2,2581.503020005134
1536,41.300000000000004,2738.010237459573
1536,41.400000000000006,2970.2947578159337
1536,41.5,2900.5490095455043
1536,41.6,2835.418749365689
1536,41.7,2611.4600690113566
1536,41.800000000000004,2602.016386849042
1536,41.900000000000006,2657.30020372912
1536,42.0,2710.912168725398
1536,42.1,2725.7742926094566
1536,42.2,2820.108888918917
1536,42.300000000000004,2687.0458882128405
1536,42.400000000000006,2537.4982074187
1536,42.5,2428.2829901188265
1536,42.6,2574.7341849304994
1536,42.7,2736.773412305803
1536,42.800000000000004,2619.174654363916
1536,42.900000000000006,2720.529700391024
1536,43.0,2608.073873179833
1536,43.1,2819.0412616095123
1536,43.2,2874.7777499960625
1536,43.300000000000004,2876.7594792142404
1536,43.400000000000006,2872.0131685904526
1536,43.5,2532.123040713232
1536,43.6,2439.507471249865
1536,43.7,2642.482445823273
1536,43.800000000000004,2803.328932974323
1536,43.900000000000006,2823.226197727704
1536,44.0,2781.394937806796
1536,44.1,2615.6758833723284
1536,44.2,2534.680157998075
1536,44.300000000000004,2718.5353589370766
1536,44.400000000000006,2675.9682960673126
1536,44.5,2659.062720342173
1536,44.6,2542.903361827692
1536,44.7,2655.325251063089
1536,44.800000000000004,2723.849172922466
1536,44.900000000000006,2649.6194310440924
1536,45.0,2656.7721987771374
1536,45.1,2602.5466210201234
1536,45.2,2778.75804565523
1536,45.300000000000004,2874.450645130756
1536,45.400000000000006,2520.258048775192
1536,45.5,2512.104347727977
1536,45.6,2744.95559144332
1536,45.7,2675.540718825068
1536,45.800000000000004,2724.1784120753837
1536,45.900000000000006,2780.2505647024022
1536,46.0,2553.3689818093435
1536,46.1,2473.863624556205
1536,46.2,2417.8339220881485
1536,46.300000000000004,2596.3337770029543
1536,46.400000000000006,2617.8921557468025
1536,46.5,2769.734013600968
1536,46.6,2587.919556374165
1536,46.7,2670.332541792651
1536,46.800000000000004,2483.9892992322207
1536,46.900000000000006,2614.896296189898
1536,47.0,2916.603113763138
1536,47.1,2925.8667269341013
1536,47.2,2922.442322467499
1536,47.300000000000004,2435.040437846574
1536,47.400000000000006,2314.6181813430235
1536,47.5,2497.482154386517
1536,47.6,2776.052086491374
1536,47.7,2549.8489937342406
1536,47.800000000000004,2666.3817531506115
1536,47.900000000000006,2774.796485270179
1536,48.0,2866.448203192577
1536,48.1,2934.2640746737825
1536,48.2,2862.170442002524
1536,48.300000000000004,2811.6844766233535
1536,48.400000000000006,2777.51182188371
1536,48.5,2784.402767172935
1536,48.6,2616.3437897219446
1536,48.7,2545.977472777531
1536,48.800000000000004,2785.341844849268
1536,48.900000000000006,2548.96569519433
1536,49.0,2604.8868649759575
1536,49.1,2669.996443123329
1536,49.2,2737.057048562375
1536,49.300000000000004,2872.234103536489
1536,49.400000000000006,2676.678308263239
1536,49.5,2535.00945361488
1536,49.6,2596.194589865752
1536,49.7,2710.944005137361
1536,49.800000000000004,2731.9252822005787
1536,49.900000000000006,2703.753622229105
1536,50.0,2565.7327875285055
1536,50.1,2603.322916547568
1536,50.2,2751.472751582321
1536,50.300000000000004,2890.2780812972164
1536,50.400000000000006,2930.4942849946715
1536,50.5,2917.7553827725314
1536,50.6,2670.549121025938
1536,50.7,2641.8131238510146
1536,50.800000000000004,2875.7678742635294
1536,50.900000000000006,2696.8143087423073
1536,51.0,2759.3249548572808
1536,51.1,2584.608641183008
1536,51.2,2658.49363478913
1536,51.300000000000004,2663.668604420579
1536,51.400000000000006,2525.8229347738256
1536,51.5,2627.6923525156544
1536,51.6,2879.8931737391063
1536,51.7,2918.5760997061866
1536,51.800000000000004,2724.6733578861995
1536,51.900000000000006,2820.869358208191
1536,52.0,2919.336719037509
1536,52.1,2832.930034622312
1536,52.2,2675.5782825525375
1536,52.300000000000004,2662.6935602019785
1536,52.400000000000006,2485.3178825539726
1536,52.5,2476.0679380764827
1536,52.6,2569.5475256817836
1536,52.7,2735.3604600636786
1536,52.800000000000004,2907.127873951721
1536,52.900000000000006,2787.3189411257163
1536,53.0,2585.0014973541947
1536,53.1,2731.921122913654
1536,53.2,2711.791177507777
1536,53.300000000000004,2662.3020408564603
1536,53.400000000000006,2700.6664667448185
1536,53.5,2781.360868559188
1536,53.6,2898.520775040688
1536,53.7,2785.7635051109564
1536,53.800000000000004,2670.7556197539093
1536,53.900000000000006,2781.32203895048
1536,54.0,2669.9088356991206
1536,54.1,2797.39884760655
1536,54.2,3046.384074607371
1536,54.300000000000004,2953.60178357446
1536,54.400000000000006,2505.175473656059
1536,54.5,2263.1648494435085
1536,54.6,2728.5486013963427
1536,54.7,2929.364796637303
1536,54.800000000000004,2941.9752700899353
1536,54.900000000000006,2761.566641070482
1536,55.0,2720.8623325652607
1536,55.1,2796.9764184227884
1536,55.2,2791.7082606852005
1536,55.300000000000004,2715.5215227611434
1536,55.400000000000006,2756.214177154034
1536,55.5,2849.4851569125044
1536,55.6,2901.811479015165
1536,55.7,2718.9723791542347
1536,55.800000000000004,2588.616277285858
1536,55.900000000000006,2767.6602165000036
1536,56.0,2745.6240419163673
1536,56.1,2402.970665269041
1536,56.2,2546.92762512178
1536,56.300000000000004,2898.6190648389706
1536,56.400000000000006,2806.606677646706
1536,56.5,2859.5381933413873
1536,56.6,2659.271615381527
1536,56.7,2564.4443989463316
1536,56.800000000000004,2466.851536717577
1536,56.900000000000006,2629.4040558597394
1536,57.0,2708.3153796806605
1536,57.1,2488.507425404895
1536,57.2,2556.875921510475
1536,57.300000000000004,2646.2600035208284
1536,57.400000000000006,2817.2823394637066
1536,57.5,2654.2911269116576
1536,57.6,2658.6417765276133
1536,57.7,2840.138916486249
1536,57.800000000000004,2869.27163675521
1536,57.900000000000006,2868.713508092261
1536,58.0,2905.037369583141
1536,58.1,2784.8657013443976
1536,58.2,2418.807901711802
1536,58.300000000000004,2562.16026640458
1536,58.400000000000006,2614.1161526986807
1536,58.5,2719.5973578860594
1536,58.6,2716.7169571105815
1536,58.7,2754.8394944639817
1536,58.800000000000004,2889.941991998622
1536,58.900000000000006,2880.5702471197433
1536,59.0,2824.8169893250474
1536,59.1,2794.2260665824747
1536,59.2,2580.9868157772075
1536,59.300000000000004,2661.9491792267754
1536,59.400000000000006,2738.707198807658
1536,59.5,2766.4282410591104
1536,59.6,2681.3946957903477
1536,59.7,2741.2898516071987
1536,59.800000000000004,2883.7502658877956
1536,59.900000000000006,2900.053472823201
1536,60.0,2830.0351287475514
1536,60.1,2911.528353131774
1536,60.2,2701.5535784366634
1536,60.300000000000004,2640.2682428447415
1536,60.400000000000006,2669.228981619612
1536,60.5,2607.4710618124113
1536,60.6,2827.737307378958
1536,60.7,2657.614752662603
1536,60.800000000000004,2682.098504805133
1536,60.900000000000006,2745.693018265804
1536,61.0,2764.035998668008
1536,61.1,2854.2633094571142
1536,61.2,2768.800408027962
1536,61.300000000000004,2836.5608939697563
1536,61.400000000000006,2764.187146229947
1536,61.5,2807.9977610543347
1536,61.6,2949.8143870930535
1536,61.7,2619.432996241415
1536,61.800000000000004,2546.4513707412552
1536,61.900000000000006,2853.5510919335065
1536,62.0,2738.484804219315
1536,62.1,2543.6346444994083
1536,62.2,2662.239818774489
1536,62.300000000000004,2679.468801179012
1536,62.400000000000006,2773.1147972559643
1536,62.5,2728.995661361313
1536,62.6,2589.7694980237734
1536,62.7,2559.609584750282
1536,62.800000000000004,2776.0550255191724
1536,62.900000000000006,2694.6607885770004
1536,63.0,2414.10848977423
1536,63.1,2677.3086249239373
1536,63.2,2614.170915321989
1536,63.300000000000004,2503.9184531764404
1536,63.400000000000006,2780.123086800039
1536,63.5,2878.379219416883
1536,63.6,2829.3759869555574
1536,63.7,2781.211068752709
1536,63.800000000000004,2853.739776995191
1536,63.900000000000006,2772.4728324064477
1536,64.0,2629.2337523267615
1536,64.10000000000001,2499.984609190611
1536,64.2,2630.7810863033797
1536,64.3,2732.0738907946843
1536,64.4,2671.0575387434465
1536,64.5,2726.697218254687
1536,64.60000000000001,2633.3811619712646
1536,64.7,2683.2038787587144
1536,64.8,2631.8616304318803
1536,64.9,2524.6153677669513
1536,65.0,2662.3561043326176
1536,65.10000000000001,2930.157152404764
1536,65.2,2784.301479393351
1536,65.3,2608.4377678586075
1536,65.4,2836.414735471307
1536,65.5,2671.354595505591
1536,65.60000000000001,2512.509735409163
1536,65.7,2563.321149024586
1536,65.8,2640.3240267110114
1536,65.9,2776.7086204048774
1536,66.0,2803.9571068839805
1536,66.10000000000001,2851.475864246846
1536,66.2,2682.484640705587
1536,66.3,2535.9434433563397
1536,66.4,2704.8972059865496
1536,66.5,2724.1590869444985
1536,66.60000000000001,2649.686667596435
1536,66.7,2658.991865465575
1536,66.8,2646.144418894009
1536,66.9,2721.304313260984
1536,67.0,2817.5306737919873
1536,67.10000000000001,2824.603535381409
1536,67.2,2803.0129078336618
1536,67.3,2609.1869066035188
1536,67.4,2506.626295769557
1536,67.5,2567.056982053121
1536,67.60000000000001,2670.7272157118823
1536,67.7,2685.648810543188
1536,67.8,2661.683599516294
1536,67.9,2879.1253167497985
1536,68.0,2811.1820338411167
1536,68.10000000000001,2643.2889117974655
1536,68.2,2653.0736927640587
1536,68.3,2602.256553497717
1536,68.4,2569.1576385772128
1536,68.5,2663.3688532554306
1536,68.60000000000001,2608.334972098716
1536,68.7,2629.403730540693
1536,68.8,2829.205776932589
1536,68.9,2830.825243130208
1536,69.0,2864.485782785645
1536,69.10000000000001,2701.560827705437
1536,69.2,2539.0781841488792
1536,69.3,2693.413980658162
1536,69.4,2815.366117152447
1536,69.5,2907.89175764291
1536,69.60000000000001,2738.5303303176756
1536,69.7,2671.5755495242906
1536,69.8,2722.783794034846
1536,69.9,2662.7456276420758
1536,70.0,2614.9733293770596
1536,70.10000000000001,2454.2602282573193
1536,70.2,2523.5977571707726
1536,70.3,2606.9149826096054
1536,70.4,2695.6413482786947
1536,70.5,2858.801724152064
1536,70.60000000000001,2892.7439538795725
1536,70.7,2852.5154083265056
1536,70.8,2921.1630553405016
1536,70.9,2836.9847874638895
1536,71.0,2601.764094633556
1536,71.10000000000001,2534.942845394795
1536,71.2,2811.4468929415893
1536,71.3,2807.1726955825693
1536,71.4,2611.977192748154
1536,71.5,2796.968580585129
1536,71.60000000000001,2893.88249848498
1536,71.7,2830.3910584057116
1536,71.8,2695.9379716970184
1536,71.9,2601.459045704444
1536,72.0,2704.8839609187353
1536,72.10000000000001,2798.614463235502
1536,72.2,2751.8606535278354
1536,72.3,2657.05431072764
1536,72.4,2548.287652603629
1536,72.5,2386.6293704893346
1536,72.60000000000001,2571.2583222812605
1536,72.7,2884.4337072172016
1536,72.8,2727.8979628720745
1536,72.9,2666.798430879511
1536,73.0,2885.1680725222673
1536,73.10000000000001,2781.9090291214566
1536,73.2,2578.899077511964
1536,73.3,2774.0291196949997
1536,73.4,2827.503452356929
1536,73.5,2740.019807980442
1536,73.60000000000001,2534.872368316308
1536,73.7,2532.2933201944543
1536,73.8,2797.0085102814064
1536,73.9,2752.1212537986785
1536,74.0,2884.7915376290543
1536,74.10000000000001,2923.4375173265107
1536,74.2,2970.5142827169793
1536,74.3,2952.3636666862067
1536,74.4,2751.1563855210507
1536,74.5,2639.76066740138
1536,74.60000000000001,2618.3610080053836
1536,74.7,2630.7197399923402
1536,74.8,2859.740918361552
1536,74.9,2658.415874750139
1536,75.0,2505.5754595271455
1536,75.10000000000001,2455.337622277108
1536,75.2,2581.360895272289
1536,75.3,2914.7586465466716
1536,75.4,2810.486541426207
1536,75.5,2608.608667735786
1536,75.60000000000001,2764.4998823890132
1536,75.7,2838.529702571064
1536,75.8,2696.489402228364
1536,75.9,2812.850200461786
1536,76.0,2795.5152879139523
1536,76.10000000000001,2823.944765369352
1536,76.2,2537.056808301495
1536,76.3,2438.286387279797
1536,76.4,2687.7000050895504
1536,76.5,2904.9325984002057
1536,76.60000000000001,2934.019968633468
1536,76.7,2866.0449738034717
1536,76.80000000000001,2867.4888262047493
1536,76.9,2676.224353534381
1536,77.0,2372.1878021111324
1536,77.10000000000001,2647.6411628501774
1536,77.2,2633.2867802322075
1536,77.30000000000001,2468.611025261127
1536,77.4,2694.632863981115
1536,77.5,2720.5559990302017
1536,77.60000000000001,2726.8559047667486
1536,77.7,2751.753179214637
1536,77.80000000000001,2784.1820739600403
1536,77.9,2722.2213764249836
1536,78.0,2698.8925031691115
1536,78.10000000000001,2768.583864560266
1536,78.2,2543.3091384766094
1536,78.30000000000001,2792.1617379374193
1536,78.4,2895.8451136764006
1536,78.5,2807.596008458866
1536,78.60000000000001,2680.1175153802674
1536,78.7,2539.6392954648545
1536,78.80000000000001,2613.208680691459
1536,78.9,2507.3014819407263
1536,79.0,2502.7954077345566
1536,79.10000000000001,2640.0789217967535
1536,79.2,2778.1381719844258
1536,79.30000000000001,2611.585780917944
1536,79.4,2796.938755220925
1536,79.5,2913.414359750664
1536,79.60000000000001,2701.659353774097
1536,79.7,2536.8203196280974
1536,79.80000000000001,2489.782796486781
1536,79.9,2423.798122596112
1536,80.0,2496.9637094254563
1536,80.10000000000001,2599.2126077773232
1536,80.2,2786.345270615689
1536,80.30000000000001,2981.4544469619386
1536,80.4,2874.235687387401
1536,80.5,2601.121537583755
1536,80.60000000000001,2643.4791775744475
1536,80.7,2953.5832729675412
1536,80.80000000000001,2923.511247689633
1536,80.9,2864.3580939469107
1536,81.0,2567.00535081386
1536,81.10000000000001,2576.828040848885
1536,81.2,2910.216638703591
1536,81.30000000000001,2943.507313890176
1536,81.4,2781.1539392872555
1536,81.5,2406.591126744186
1536,81.60000000000001,2500.496823639967
1536,81.7,2815.587445763446
1536,81.80000000000001,2590.747997552433
1536,81.9,2540.5130842873937
1536,82.0,2845.183916913282
1536,82.10000000000001,2926.5289697149747
1536,82.2,2824.578538078322
1536,82.30000000000001,2890.312294924392
1536,82.4,2895.3876585814905
1536,82.5,2736.2448606542926
1536,82.60000000000001,2749.795114967482
1536,82.7,2753.5227973032393
1536,82.80000000000001,2613.6167742576995
1536,82.9,2727.899696540728
1536,83.0,2468.614282909441
1536,83.10000000000001,2624.767920064958
1536,83.2,2981.827143607766
1536,83.30000000000001,2943.7213985722315
1536,83.4,2859.065603383088
1536,83.5,2609.01370541182
1536,83.60000000000001,2323.036753778921
1536,83.7,2456.2211808283523
1536,83.80000000000001,2692.5817572294895
1536,83.9,2738.5586202870295
1536,84.0,2798.482424786268
1536,84.10000000000001,2695.300332459143
1536,84.2,2729.3048068636676
1536,84.30000000000001,2795.8313404713367
1536,84.4,2520.4580793918667
1536,84.5,2672.0802735185703
1536,84.60000000000001,2752.8486822562913
1536,84.7,2676.232264776655
1536,84.80000000000001,2529.2099998103404
1536,84.9,2746.6262413866943
1536,85.0,2840.158196156128
1536,85.10000000000001,2623.4618123171517
1536,85.2,2532.3824972530233
1536,85.30000000000001,2454.506430276659
2048,0.0,2946.8250000000003
2048,0.1,2841.004632349367
2048,0.2,2827.376503182546
2048,0.30000000000000004,3029.2584345972195
2048,0.4,2652.6668935603093
2048,0.5,2495.2536613337525
2048,0.6000000000000001,2560.2397069081194
2048,0.7000000000000001,2288.774982539948
2048,0.8,2873.71651515267
2048,0.9,2798.557332129386
2048,1.0,3005.0329411359617
2048,1.1,2658.6086190765527
2048,1.2000000000000002,2422.95204677642
2048,1.3,2490.1039899542266
2048,1.4000000000000001,2268.1706634158445
2048,1.5,2941.9783070566314
2048,1.6,2938.6236473477657
2048,1.7000000000000002,3046.5908106258416
2048,1.8,2674.466028528537
2048,1.9000000000000001,2366.9263201269605
2048,2.0,2485.5041294238194
2048,2.1,2389.9267074066934
2048,2.2,2957.1907304942097
2048,2.3000000000000003,2930.6369606944572
2048,2.4000000000000004,2954.224509616095
2048,2.5,2630.9524916506625
2048,2.6,2356.3877126687003
2048,2.7,2717.9417628782403
2048,2.8000000000000003,2746.1751262288535
2048,2.9000000000000004,3028.3789620647494
2048,3.0,2713.2201470495024
2048,3.1,2598.616182958364
2048,3.2,2589.296262900956
2048,3.3000000000000003,2254.677174173536
2048,3.4000000000000004,2768.869790591452
2048,3.5,2667.1367185881154
2048,3.6,3041.7107020010767
2048,3.7,2822.085144899252
2048,3.8000000000000003,2687.892635737655
2048,3.9000000000000004,2541.4791946472833
2048,4.0,2296.258280984016
2048,4.1000000000000005,2738.2235731179876
2048,4.2,2692.981556644048
2048,4.3,3034.872239320403
2048,4.4,2719.1233791137165
2048,4.5,2675.3756013568095
2048,4.6000000000000005,2616.6066976592206
2048,4.7,2455.9174199767936
2048,4.800000000000001,2975.7068447784577
2048,4.9,2864.1863045525383
2048,5.0,2956.23857252636
2048,5.1000000000000005,2678.3810700511085
2048,5.2,2399.25265647022
2048,5.300000000000001,2573.837068769237
2048,5.4,2459.204271483244
2048,5.5,2955.1373201354418
2048,5.6000000000000005,2854.003543428004
2048,5.7,2901.1794569092053
2048,5.800000000000001,2597.128671959753
2048,5.9,2327.062562585519
2048,6.0,2748.9712987435096
2048,6.1000000000000005,2534.583727806958
2048,6.2,2994.375339806515
2048,6.300000000000001,2954.7790537014835
2048,6.4,2865.424574561025
2048,6.5,2507.3749505808064
2048,6.6000000000000005,2196.2775489742003
2048,6.7,2704.9812913671076
2048,6.800000000000001,2507.0602569021326
2048,6.9,3002.503199568238
2048,7.0,2900.1822611103303
2048,7.1000000000000005,2872.32159462802
2048,7.2,2575.617765687651
2048,7.300000000000001,2262.73326038731
2048,7.4,2881.100453073693
2048,7.5,2903.8493340505684
2048,7.6000000000000005,3013.471061887197
2048,7.7,2733.922303134873
2048,7.800000000000001,2466.0992429656358
2048,7.9,2624.4536408700314
2048,8.0,2452.88697067731
2048,8.1,2906.0699943692925
2048,8.200000000000001,2790.28877791535
2048,8.3,2947.608100395321
2048,8.4,2680.3267714297945
2048,8.5,2426.8187495418897
2048,8.6,2553.440519128538
2048,8.700000000000001,2243.219474862047
2048,8.8,2675.0066693834515
2048,8.9,2446.2582856680606
2048,9.0,2677.0331903522815
2048,9.1,2419.657300988652
2048,9.200000000000001,2750.1240190744807
2048,9.3,2455.499173555993
2048,9.4,2728.513276338757
2048,9.5,2494.392193858391
2048,9.600000000000001,2672.292026837648
2048,9.700000000000001,2347.019318396136
2048,9.8,2631.2582127873657
2048,9.9,2265.8047195081767
2048,10.0,2606.6637520218455
2048,10.100000000000001,2250.0172748070604
2048,10.200000000000001,2672.9503208581073
2048,10.3,2410.9557413678617
2048,10.4,2855.604075625482
2048,10.5,2797.128854539389
2048,10.600000000000001,2973.457709413985
2048,10.700000000000001,2966.483181999009
2048,10.8,2858.192805204167
2048,10.9,2896.9567183273607
2048,11.0,2391.930985569786
2048,11.100000000000001,2565.3297708065847
2048,11.200000000000001,2238.044001212375
2048,11.3,2793.7818624772153
2048,11.4,2865.623171446545
2048,11.5,3003.478768577515
2048,11.600000000000001,3082.2875322442223
2048,11.700000000000001,2594.867800457968
2048,11.8,2173.1428978838367
2048,11.9,2278.4853164510305
2048,12.0,2791.609640243423
2048,12.100000000000001,2596.704900891674
2048,12.200000000000001,2846.765427345167
2048,12.3,2712.3329691201984
2048,12.4,2350.190358769105
2048,12.5,2887.08587244081
2048,12.600000000000001,2674.886471243013
2048,12.700000000000001,2685.2392419001135
2048,12.8,2750.6534957758918
2048,12.9,2479.5435632979097
2048,13.0,2913.5523340354853
2048,13.100000000000001,2743.8675725824965
2048,13.200000000000001,2338.8121132769465
2048,13.3,2847.2406290444565
2048,13.4,2682.8904288752733
2048,13.5,2552.3334868215056
2048,13.600000000000001,2852.552169347852
2048,13.700000000000001,2636.806808483907
2048,13.8,2604.9087670477697
2048,13.9,2836.422113863742
2048,14.0,2633.12173266836
2048,14.100000000000001,2590.210483771696
2048,14.200000000000001,2850.822560203111
2048,14.3,2600.8059596629664
2048,14.4,2559.3540923330625
2048,14.5,2872.054736792943
2048,14.600000000000001,2610.133748880049
2048,14.700000000000001,2434.5604526629386
2048,14.8,2853.0702513228152
2048,14.9,2638.784590264915
2048,15.0,2381.786305925889
2048,15.100000000000001,2800.6594973155256
2048,15.200000000000001,2831.919908764844
2048,15.3,2478.63948724122
2048,15.4,2502.050693486888
2048,15.5,2779.033417877337
2048,15.600000000000001,2412.8275441915484
2048,15.700000000000001,2744.8712766102276
2048,15.8,2919.79219604636
2048,15.9,2631.2942739508026
2048,16.0,2314.7942480622
2048,16.1,2782.5330068529734
2048,16.2,2868.906169914078
2048,16.3,2660.1151094368543
2048,16.400000000000002,2398.5387851414353
2048,16.5,2695.9003599243206
2048,16.6,2985.2170294224475
2048,16.7,2716.190019006639
2048,16.8,2263.4566570550332
2048,16.900000000000002,2499.2940592009154
2048,17.0,2845.198520284696
2048,17.1,3021.8135139858164
2048,17.2,2956.154268180865
2048,17.3,2873.2300028984114
2048,17.400000000000002,2604.360024841
2048,17.5,2355.4915965354558
2048,17.6,2601.965345886933
2048,17.7,2826.996310263761
2048,17.8,2700.924187219237
2048,17.900000000000002,2473.5764799532894
2048,18.0,2364.3389436092466
2048,18.1,2697.507544759701
2048,18.2,2830.2773750304405
2048,18.3,2729.0751041669114
2048,18.400000000000002,2346.308262193265
2048,18.5,2384.3981736007854
2048,18.6,2793.3133966239448
2048,18.7,2910.9713734483466
2048,18.8,2675.001081760275
2048,18.900000000000002,2389.719021870316
2048,19.0,2522.3533237306187
2048,19.1,2747.384954598602
2048,19.200000000000003,2391.005361828519
2048,19.3,2708.915846132403
2048,19.400000000000002,2928.385204105158
2048,19.5,2839.696162594807
2048,19.6,2596.4563255386975
2048,19.700000000000003,2327.0194322261855
2048,19.8,2511.722664502079
2048,19.900000000000002,2727.7596082971577
2048,20.0,2881.701988891113
2048,20.1,2837.5090528050177
2048,20.200000000000003,2568.1901586085028
2048,20.3,2325.7265659342074
2048,20.400000000000002,2459.133115139452
2048,20.5,2820.0783887800712
2048,20.6,2862.2063089651356
2048,20.700000000000003,2764.1981219686236
2048,20.8,2547.1496309267195
2048,20.900000000000002,2600.4916196292565
2048,21.0,2830.141421805758
2048,21.1,2836.8447636664723
2048,21.200000000000003,2751.799429945761
2048,21.3,2568.787485131377
2048,21.400000000000002,2508.9858411456344
2048,21.5,2509.4712330497773
2048,21.6,2659.9199263741357
2048,21.700000000000003,2863.895547901818
2048,21.8,2826.0315972434955
2048,21.900000000000002,2728.913314327102
2048,22.0,2557.2860770708135
2048,22.1,2481.5217198303408
2048,22.200000000000003,2371.586632586967
2048,22.3,2485.4694040822183
2048,22.400000000000002,2764.2432520120515
2048,22.5,2892.8488715273224
2048,22.6,2832.249739022419
2048,22.700000000000003,2735.8737429353614
2048,22.8,2591.0226265183574
2048,22.900000000000002,2576.5114934618805
2048,23.0,2540.8053917705593
2048,23.1,2456.4093143574028
2048,23.200000000000003,2440.8955216317454
2048,23.3,2673.5806213957403
2048,23.400000000000002,2817.49353982758
2048,23.5,2813.1905683418954
2048,23.6,2729.357295399889
2048,23.700000000000003,2503.908086528737
2048,23.8,2587.346259445188
2048,23.900000000000002,2554.3242086618993
2048,24.0,2542.8860737228365
2048,24.1,2553.5889559771554
2048,24.200000000000003,2672.88188809844
2048,24.3,2764.2983732806265
2048,24.400000000000002,2876.0886805375644
2048,24.5,2853.3649055410997
2048,24.6,2844.696073197733
2048,24.700000000000003,2821.003848114772
2048,24.8,2831.9562957900453
2048,24.900000000000002,2860.114115595661
2048,25.0,2848.94811117227
2048,25.1,2787.1243330014845
2048,25.200000000000003,2800.8236602538655
2048,25.3,2802.587323709218
2048,25.400000000000002,2790.9535529618647
2048,25.5,2778.5482232666864
2048,25.6,2748.6067921443027
2048,25.700000000000003,2654.5398978154244
2048,25.8,2594.2682856816746
2048,25.900000000000002,2597.9266308314773
2048,26.0,2632.3037572347994
2048,26.1,2677.154208979848
2048,26.200000000000003,2665.513557100614
2048,26.3,2695.714428013449
2048,26.400000000000002,2799.072083402838
2048,26.5,2938.468928803923
2048,26.6,2858.509390092214
2048,26.700000000000003,2782.4493312910895
2048,26.8,2813.558719317175
2048,26.900000000000002,2849.7006781843697
2048,27.0,2837.802683431466
2048,27.1,2836.166264124706
2048,27.200000000000003,2816.391545557741
2048,27.3,2787.5144554364665
2048,27.400000000000002,2808.5198134968277
2048,27.5,2809.96094098206
2048,27.6,2821.37876318575
2048,27.700000000000003,2849.2500918637197
2048,27.8,2732.419028577079
2048,27.900000000000002,2770.2390662420435
2048,28.0,2898.4291727874074
2048,28.1,2743.0857403407053
2048,28.200000000000003,2915.1922913013927
2048,28.3,2845.2079688065223
2048,28.400000000000002,2841.3735475657177
2048,28.5,2835.3107459808375
2048,28.6,2743.5717740347054
2048,28.700000000000003,2313.6267283287552
2048,28.8,2327.960234967081
2048,28.900000000000002,2306.481498521235
2048,29.0,2414.449993995282
2048,29.1,2547.3135088797503
2048,29.200000000000003,2542.3539447700655
2048,29.3,2393.7578906999183
2048,29.400000000000002,2328.154662014734
2048,29.5,2308.502967974074
2048,29.6,2423.201063974078
2048,29.700000000000003,2594.749575483128
2048,29.8,2641.0470110841584
2048,29.900000000000002,2697.5686477495165
2048,30.0,2785.769714662549
2048,30.1,2832.968320382205
2048,30.200000000000003,2811.6879228783005
2048,30.3,2713.9606385167103
2048,30.400000000000002,2560.4367577930707
2048,30.5,2368.1924526127673
2048,30.6,2437.284243332686
2048,30.700000000000003,2702.590200173002
2048,30.8,2831.0838864483476
2048,30.900000000000002,2785.944583762401
2048,31.0,2698.940485804018
2048,31.1,2547.9538512702206
2048,31.200000000000003,2675.3072110012304
2048,31.3,2757.405732974023
2048,31.400000000000002,2726.290822017948
2048,31.5,2782.968471081194
2048,31.6,2721.1851266795607
2048,31.700000000000003,2468.5912780711565
2048,31.8,2470.09139575044
2048,31.900000000000002,2440.890271451414
2048,32.0,2573.9125851639515
2048,32.1,2947.4673129805346
2048,32.2,2932.474561572422
2048,32.300000000000004,2789.896369880883
2048,32.4,2535.002379394374
2048,32.5,2358.6960987268353
2048,32.6,2620.8659381524253
2048,32.7,2559.1195419729056
2048,32.800000000000004,2688.1039630854516
2048,32.9,2839.056972615281
2048,33.0,2789.000332495359
2048,33.1,2710.2259055987615
2048,33.2,2488.6628256673193
2048,33.300000000000004,2425.09940046608
2048,33.4,2530.223855519098
2048,33.5,2561.6178570019324
2048,33.6,2751.7397935606105
2048,33.7,2835.0973601650826
2048,33.800000000000004,2737.59616724697
2048,33.9,2589.5993650601336
2048,34.0,2364.824052758371
2048,34.1,2459.9082679047374
2048,34.2,2502.3846126232015
2048,34.300000000000004,2758.8659610369737
2048,34.4,2587.0584510389294
2048,34.5,2411.8620887898683
2048,34.6,2498.845233388698
2048,34.7,2675.3591915398197
2048,34.800000000000004,2714.9024629532178
2048,34.9,2635.014834107348
2048,35.0,2426.4572867198353
2048,35.1,2454.261389400452
2048,35.2,2863.4711413179552
2048,35.300000000000004,2790.633644758281
2048,35.4,2517.043450358497
2048,35.5,2474.023962584086
2048,35.6,2855.783916272505
2048,35.7,2627.4123707711065
2048,35.800000000000004,2540.928267982027
2048,35.9,2774.129644082628
2048,36.0,2725.166552235106
2048,36.1,2839.6556486485897
2048,36.2,2494.1114863855714
2048,36.300000000000004,2879.079245395776
2048,36.4,2814.915150878787
2048,36.5,2535.259756633878
2048,36.6,2709.172578384223
2048,36.7,2563.990128967755
2048,36.800000000000004,2666.9309130022584
2048,36.9,2914.0760230045794
2048,37.0,2778.092149992494
2048,37.1,2676.3801106754704
2048,37.2,2734.5037329987886
2048,37.300000000000004,3026.3512053977242
2048,37.4,2893.911624979987
2048,37.5,2657.0067069753477
2048,37.6,2591.535993171636
2048,37.7,2814.471359698419
2048,37.800000000000004,2536.0148344910767
2048,37.9,2868.503908467389
2048,38.0,2828.258469281743
2048,38.1,2926.199648267171
2048,38.2,3014.407824224241
2048,38.300000000000004,2622.551938045079
2048,38.400000000000006,2270.5339057934107
2048,38.5,2809.0956356990355
2048,38.6,2838.808974552553
2048,38.7,2437.5974955828838
2048,38.800000000000004,2388.339100754647
2048,38.900000000000006,2338.026163822514
2048,39.0,2739.8945316384816
2048,39.1,2747.955602551579
2048,39.2,2815.0560847343195
2048,39.300000000000004,2625.377975023881
2048,39.400000000000006,2488.6843190047634
2048,39.5,2481.7921671876934
2048,39.6,2435.140903566316
2048,39.7,2553.881579115171
2048,39.800000000000004,2665.5514555860377
2048,39.900000000000006,2831.3691089509744
2048,40.0,2882.5170166797725
2048,40.1,2870.4152096129515
2048,40.2,2790.4523859772617
2048,40.300000000000004,2354.349856062442
2048,40.400000000000006,2633.5958618964746
2048,40.5,2706.746462965964
2048,40.6,2537.03569911668
2048,40.7,2761.945970692608
2048,40.800000000000004,2841.495002738392
2048,40.900000000000006,2749.5043574334522
2048,41.0,2580.0153860859787
2048,41.1,2663.39359591531
2048,41.2,2499.496561824568
2048,41.300000000000004,2645.0430193383304
2048,41.400000000000006,2682.739011322403
2048,41.5,2643.1984837872615
2048,41.6,2994.312730379354
2048,41.7,2940.079036355055
2048,41.800000000000004,2787.7090190318067
2048,41.900000000000006,2456.8789181890465
2048,42.0,2711.2503295493534
2048,42.1,2886.652083548104
2048,42.2,2803.206711070221
2048,42.300000000000004,2530.0256116895116
2048,42.400000000000006,2857.5567054169533
2048,42.5,2642.3717273567777
2048,42.6,2490.2756853834194
2048,42.7,2691.7557805744996
2048,42.800000000000004,2885.4978649085965
2048,42.900000000000006,2651.3915158098753
2048,43.0,2454.6064507606084
2048,43.1,2656.823701738719
2048,43.2,2688.484877100943
2048,43.300000000000004,2613.8955678415973
2048,43.400000000000006,2859.426756514327
2048,43.5,2937.024545509135
2048,43.6,2867.5449588156334
2048,43.7,2629.9373552365773
2048,43.800000000000004,2853.85384856991
2048,43.900000000000006,2809.773242332864
2048,44.0,2489.56650526973
2048,44.1,2618.439551008195
2048,44.2,2756.4079569284954
2048,44.300000000000004,2583.369965976048
2048,44.400000000000006,2857.1484930539837
2048,44.5,2592.9138286629304
2048,44.6,2550.265235415734
2048,44.7,2893.1516912283873
2048,44.800000000000004,2791.1942834512956
2048,44.900000000000006,2296.3032701107263
2048,45.0,2944.509240901271
2048,45.1,2813.5543556961907
2048,45.2,2455.300207918255
2048,45.300000000000004,2418.8397794993825
2048,45.400000000000006,2836.4577264032064
2048,45.5,2847.550443791804
2048,45.6,2569.2858857018336
2048,45.7,2967.57558973838
2048,45.800000000000004,2783.6127655856208
2048,45.900000000000006,2457.21662572971
2048,46.0,2723.6468897430095
2048,46.1,2734.5013391227267
2048,46.2,2711.686272519304
2048,46.300000000000004,2490.0909385886903
2048,46.400000000000006,2836.445515901572
2048,46.5,2871.621267158329
2048,46.6,2716.1088798261435
2048,46.7,2607.0185556030115
2048,46.800000000000004,2967.8614921151516
2048,46.900000000000006,2817.568627726938
2048,47.0,2728.858630399558
2048,47.1,2720.3628155264873
2048,47.2,2800.657083363427
2048,47.300000000000004,2530.6715292877275
2048,47.400000000000006,2742.9576002859317
2048,47.5,2580.4037505194683
2048,47.6,2899.394755914312
2048,47.7,2905.72918595543
2048,47.800000000000004,2822.675243525965
2048,47.900000000000006,2528.8282719982635
2048,48.0,2779.1321892371034
2048,48.1,2612.654244483208
2048,48.2,2805.330345710417
2048,48.300000000000004,2741.2282106451753
2048,48.400000000000006,2606.0264958264247
