batch_size,relative_time_s,power_total_W
8,0.0,392.875
8,0.1,398.33952851721534
8,0.2,410.2762410844292
8,0.30000000000000004,413.1543534141885
8,0.4,414.29543284957407
8,0.5,415.39770175831455
8,0.6000000000000001,413.3879684678954
8,0.7000000000000001,411.71827586320256
8,0.8,414.9313561347128
8,0.9,414.8383775060927
8,1.0,411.69074460988685
8,1.1,407.61158523770047
8,1.2000000000000002,405.91734986502746
8,1.3,406.12920611224285
8,1.4000000000000001,406.8982593958252
8,1.5,409.82456881262897
8,1.6,412.74502573961115
8,1.7000000000000002,410.33054210586505
8,1.8,408.024639732663
8,1.9000000000000001,408.9501088322347
8,2.0,410.8515354885136
8,2.1,418.4987054478741
8,2.2,415.4103688543339
8,2.3000000000000003,406.7710189659116
8,2.4000000000000004,410.6644236160814
8,2.5,410.9038292730578
8,2.6,409.9641599831302
8,2.7,415.7045001979943
8,2.8000000000000003,418.267930189394
8,2.9000000000000004,414.9131520594325
8,3.0,416.6364442342469
8,3.1,418.18318231706155
8,3.2,425.1012751380689
8,3.3000000000000003,421.9962066501635
8,3.4000000000000004,408.7619560934701
8,3.5,415.8215865613929
8,3.6,417.7516377969603
8,3.7,417.8962687183568
8,3.8000000000000003,411.76865040289726
8,3.9000000000000004,412.2882940342534
8,4.0,415.015958982118
8,4.1000000000000005,418.0205633081029
8,4.2,407.93734143201243
8,4.3,411.5764885699446
8,4.4,408.83039821590256
8,4.5,416.91826858986275
8,4.6000000000000005,413.7611019542064
8,4.7,409.4053442449137
8,4.800000000000001,411.29795107114523
8,4.9,417.87181388603653
8,5.0,417.5575000536055
8,5.1000000000000005,411.104073627934
8,5.2,414.314929985823
8,5.300000000000001,415.09944223282804
8,5.4,404.02208169122815
8,5.5,359.59504805925985
8,5.6000000000000005,311.9616039650576
8,5.7,410.64777938126645
8,5.800000000000001,409.04723238924845
8,5.9,406.7059304844894
8,6.0,414.5211029584163
8,6.1000000000000005,406.02065940022686
8,6.2,409.8861805566146
8,6.300000000000001,412.221471607927
8,6.4,413.18002642508407
8,6.5,413.5282748922545
8,6.6000000000000005,403.06480517828044
8,6.7,410.1906734258652
8,6.800000000000001,409.04958474852924
8,6.9,408.8978927302924
8,7.0,409.22601270274714
8,7.1000000000000005,408.36750313412176
8,7.2,407.80414730270684
8,7.300000000000001,406.87278455830847
8,7.4,409.3517278556026
8,7.5,408.9306847289701
8,7.6000000000000005,411.1368334993329
8,7.7,418.2131267966069
8,7.800000000000001,410.33221754077454
8,7.9,408.86274863536937
8,8.0,416.1876456232486
8,8.1,412.0519254150295
8,8.200000000000001,404.3613003557565
8,8.3,400.51441783210623
8,8.4,404.3041117308426
8,8.5,405.7587564692763
8,8.6,409.7196645464445
8,8.700000000000001,404.3755184199615
8,8.8,403.2117714777927
8,8.9,408.3265674797407
8,9.0,417.5338827302577
8,9.1,441.20915086781247
8,9.200000000000001,412.18052308256836
8,9.3,404.6913634094792
8,9.4,405.1539308245666
8,9.5,405.7685981309302
8,9.600000000000001,411.15562943604107
8,9.700000000000001,407.89744034904845
8,9.8,406.54834772016557
8,9.9,406.68712427435696
8,10.0,410.7087358365133
8,10.100000000000001,412.23540692724856
8,10.200000000000001,406.29240337500056
8,10.3,401.6930562443859
8,10.4,407.12561588905965
8,10.5,404.3046935853966
8,10.600000000000001,393.88215841479933
8,10.700000000000001,414.4707156490432
8,10.8,453.22518257871707
8,10.9,518.8845358264963
8,11.0,403.45510784033394
8,11.100000000000001,412.95232186003284
8,11.200000000000001,408.10310802047286
8,11.3,404.91756288824877
8,11.4,411.90841947620873
8,11.5,409.1298606667143
8,11.600000000000001,404.1339943910447
8,11.700000000000001,402.469265017299
8,11.8,399.1762977808487
8,11.9,402.42456199694055
8,12.0,410.8316265657353
8,12.100000000000001,418.321383408469
8,12.200000000000001,403.7144278642432
8,12.3,397.782078730897
8,12.4,403.77807352805223
8,12.5,408.2111758768586
8,12.600000000000001,445.0710236589191
8,12.700000000000001,528.0766168472403
8,12.8,408.92506681010155
8,12.9,420.1678581276328
8,13.0,414.72314626568374
8,13.100000000000001,407.75775228489533
8,13.200000000000001,406.60374858595657
8,13.3,409.03318742342475
8,13.4,414.74171839849794
8,13.5,415.04239732943836
8,13.600000000000001,407.6500551249886
8,13.700000000000001,417.5836183088389
8,13.8,413.9833669841936
8,13.9,427.4673454849579
8,14.0,438.8082078611527
8,14.100000000000001,412.42830050752696
8,14.200000000000001,405.23258144057723
8,14.3,408.6605832728122
8,14.4,407.75743757505575
8,14.5,390.9681194442392
8,14.600000000000001,352.3017912702849
8,14.700000000000001,411.1238501455892
8,14.8,408.46092112725717
8,14.9,404.58730299008545
8,15.0,404.3131501149672
8,15.100000000000001,407.98517415291803
8,15.200000000000001,412.18926740501047
8,15.3,412.981870080562
8,15.4,414.3552360335116
8,15.5,409.0013455023316
8,15.600000000000001,410.42598293631977
8,15.700000000000001,410.7623966945772
8,15.8,474.68077588239686
8,15.9,615.1800910711595
8,16.0,416.0726749720625
8,16.1,409.3014524118936
8,16.2,413.14302121262665
8,16.3,411.29666560079295
8,16.400000000000002,409.94748947424847
8,16.5,409.392103161025
8,16.6,411.0596154783152
8,16.7,413.01193929801985
8,16.8,414.6694149064829
8,16.900000000000002,404.6141817767654
8,17.0,408.7991692491345
8,17.1,418.00117317136517
8,17.2,416.3376556488835
8,17.3,413.6507277743227
8,17.400000000000002,411.69346158773124
8,17.5,412.0192770189769
8,17.6,412.96631947788296
8,17.7,414.9703186273646
8,17.8,413.56668403889546
8,17.900000000000002,411.9775955432498
8,18.0,410.19460610609536
8,18.1,410.6209662448384
8,18.2,412.43838064583775
8,18.3,409.8373190609966
8,18.400000000000002,406.4245595713806
8,18.5,406.6914464036371
8,18.6,406.69875941191174
8,18.7,402.81256601607447
8,18.8,409.62045112535435
8,18.900000000000002,405.7006845691765
8,19.0,410.5007149767318
8,19.1,422.15026919387225
8,19.200000000000003,413.5349450895825
8,19.3,413.44681819802133
8,19.400000000000002,416.1184255825424
8,19.5,413.8773380457886
8,19.6,415.9143146453864
8,19.700000000000003,415.97685549272853
8,19.8,409.07383844914847
8,19.900000000000002,415.58953080356173
8,20.0,391.84134296314477
8,20.1,343.93979581955375
8,20.200000000000003,408.03886332404045
8,20.3,413.4923125571288
8,20.400000000000002,425.5441366273509
8,20.5,447.25992704744203
8,20.6,413.66209814190876
8,20.700000000000003,410.8424611419556
8,20.8,407.4958571372066
8,20.900000000000002,409.5881998908685
8,21.0,409.96142622470353
8,21.1,401.34356168390656
8,21.200000000000003,406.24937619344934
8,21.3,412.714200530418
8,21.400000000000002,414.46575783875255
8,21.5,419.61153002442364
8,21.6,406.19317015475895
8,21.700000000000003,407.06675780564365
8,21.8,404.8834919849643
8,21.900000000000002,405.0666695053173
8,22.0,414.4071619407537
8,22.1,419.889453948359
8,22.200000000000003,411.7546238160481
8,22.3,410.63361153752675
8,22.400000000000002,412.81229741200804
8,22.5,414.9322267030129
8,22.6,417.5929901788565
8,22.700000000000003,415.2466685481719
8,22.8,415.90455186612246
8,22.900000000000002,417.04029158517756
8,23.0,413.4532580121714
8,23.1,405.6409237827715
8,23.200000000000003,405.67814962041655
8,23.3,419.74094062435216
8,23.400000000000002,426.66653402990494
8,23.5,474.4913854728369
8,23.6,517.4150846917067
8,23.700000000000003,406.2070883942937
8,23.8,417.31480206495087
8,23.900000000000002,416.85475844855813
8,24.0,417.294590829916
8,24.1,412.8656591187775
8,24.200000000000003,410.6081323849624
8,24.3,413.38396771238905
8,24.400000000000002,419.09791084126647
8,24.5,425.04680905631426
8,24.6,415.3309924997319
8,24.700000000000003,412.8103846758724
8,24.8,413.07383498392784
8,24.900000000000002,419.29588447914733
8,25.0,411.7453122795982
8,25.1,413.78239129547944
8,25.200000000000003,412.8462508871257
8,25.3,417.38685287071485
8,25.400000000000002,422.7155393800753
8,25.5,416.63787577145416
8,25.6,418.59029616714446
8,25.700000000000003,415.6040281802298
8,25.8,403.97110650063036
8,25.900000000000002,415.9799344077925
8,26.0,413.90830295910723
8,26.1,416.0915531727868
8,26.200000000000003,417.27599441077996
8,26.3,414.8390693940867
8,26.400000000000002,415.3073249170764
8,26.5,411.1216731512503
8,26.6,409.3876098679177
8,26.700000000000003,403.5956798520747
8,26.8,408.5682681721343
8,26.900000000000002,412.2238201736889
8,27.0,400.5213844493264
8,27.1,411.1579626860978
8,27.200000000000003,414.54779354637304
8,27.3,408.9851203658628
8,27.400000000000002,411.81553385660726
8,27.5,413.8095070923929
8,27.6,412.04952408486747
8,27.700000000000003,412.48761569244203
8,27.8,418.4410625554021
8,27.900000000000002,422.0607988180905
8,28.0,410.5580289087724
8,28.1,413.28263391672965
8,28.200000000000003,453.0691238299545
8,28.3,594.7441894010179
8,28.400000000000002,423.4895985373975
8,28.5,410.9501737416869
8,28.6,413.51572012295367
8,28.700000000000003,407.4853553757293
8,28.8,410.2657841834619
8,28.900000000000002,407.90234011618764
8,29.0,411.219225214277
8,29.1,414.84844897644035
8,29.200000000000003,401.63650775763534
8,29.3,419.8709928532962
8,29.400000000000002,413.3461969204742
8,29.5,412.9132719543906
8,29.6,408.6644856158412
8,29.700000000000003,417.34750622593265
8,29.8,404.7659548383715
8,29.900000000000002,408.6497670526678
8,30.0,413.7120523317186
8,30.1,417.292210236211
8,30.200000000000003,410.476120923405
8,30.3,400.9656208661671
8,30.400000000000002,406.87927244949515
8,30.5,405.1579191684041
8,30.6,403.3200905698593
8,30.700000000000003,403.43860551392197
8,30.8,408.5409934769348
8,30.900000000000002,409.33098871102266
8,31.0,411.7049551754455
8,31.1,409.5018417372781
8,31.200000000000003,411.79950717936634
8,31.3,414.1626653405232
8,31.400000000000002,409.55546190493226
8,31.5,413.88872898652596
8,31.6,406.4781825456436
8,31.700000000000003,414.58570343823476
8,31.8,450.73573223849644
8,31.900000000000002,653.0899974648073
8,32.0,403.60900060285604
8,32.1,404.13139451272707
8,32.2,412.4302480229987
8,32.300000000000004,406.55760854526534
8,32.4,410.1404722508297
8,32.5,416.1249413882667
8,32.6,407.44623004212906
8,32.7,416.2750172390703
8,32.800000000000004,412.47096164627715
8,32.9,409.9682363805321
8,33.0,408.19581791125864
8,33.1,406.1128360692459
8,33.2,414.9825700660041
8,33.300000000000004,409.79449035566375
8,33.4,409.3734248533343
8,33.5,409.7548091582135
8,33.6,415.49924404354823
8,33.7,403.65957957032305
8,33.800000000000004,407.60460930776753
8,33.9,412.6256706478591
8,34.0,413.6963052009648
8,34.1,414.0316347164901
8,34.2,407.67959544825226
8,34.300000000000004,401.57183972173044
8,34.4,409.419459667663
8,34.5,416.34011533329203
8,34.6,417.2756728633996
8,34.7,417.7427418414299
8,34.800000000000004,415.16575006278794
8,34.9,404.5690953894101
8,35.0,407.49794418988114
8,35.1,409.2239777831786
8,35.2,406.15808789658684
8,35.300000000000004,412.90214257528726
8,35.4,413.2257094731487
8,35.5,413.54927637101014
8,35.6,413.87284326887163
8,35.7,413.9000767677874
8,35.800000000000004,412.0380681855337
8,35.9,412.41459792233525
8,36.0,420.47146446587413
8,36.1,417.6226695185764
8,36.2,417.12865752424557
8,36.300000000000004,424.8972292444868
8,36.4,415.49146533465824
8,36.5,412.998758478625
8,36.6,412.35663242337813
8,36.7,411.7604150289513
8,36.800000000000004,411.5964995050934
8,36.9,414.37464032987907
8,37.0,413.3903999451957
8,37.1,415.61745210176554
8,37.2,421.25832137888966
8,37.300000000000004,420.4812921965423
8,37.4,410.7189412072489
8,37.5,415.8459029849146
8,37.6,422.11955996568923
8,37.7,414.30527326958696
8,37.800000000000004,421.368670374237
8,37.9,444.22285363115225
8,38.0,416.94897177795997
8,38.1,424.62467649665916
8,38.2,417.98755116269666
8,38.300000000000004,422.0963231178339
8,38.400000000000006,424.8642651435761
8,38.5,425.3198087368022
8,38.6,423.092027672908
8,38.7,419.3177039945671
8,38.800000000000004,416.922075613388
8,38.900000000000006,409.08331545791384
8,39.0,408.78717629692113
8,39.1,414.52452360205984
8,39.2,421.17544188463734
8,39.300000000000004,427.817656495621
8,39.400000000000006,416.1336657651625
8,39.5,432.19261402823184
8,39.6,566.2300502521032
8,39.7,502.62477025989244
8,39.800000000000004,414.4991124775721
8,39.900000000000006,421.10512386498806
8,40.0,427.50071134288385
8,40.1,415.642803935006
8,40.2,416.9580879395716
8,40.300000000000004,417.4354421010492
8,40.400000000000006,413.0357113709957
8,40.5,409.4212777654664
8,40.6,416.43082284360867
8,40.7,429.66762666225026
8,40.800000000000004,421.51382251821633
8,40.900000000000006,421.04771741502884
8,41.0,420.07474052531626
8,41.1,421.74196018185586
8,41.2,420.29968961617635
8,41.300000000000004,417.42939897208345
8,41.400000000000006,410.1934755488202
8,41.5,411.6013906897834
8,41.6,422.50969587315666
8,41.7,425.3263999251801
8,41.800000000000004,422.4726739440291
8,41.900000000000006,414.93248276575247
8,42.0,412.2410160081208
8,42.1,410.1753395194228
8,42.2,413.41775364966196
8,42.300000000000004,412.547610179548
8,42.400000000000006,413.54704592674165
8,42.5,417.4798065532286
8,42.6,420.4954911626222
8,42.7,420.1116641918827
8,42.800000000000004,418.8260804969582
8,42.900000000000006,415.15405217447244
8,43.0,414.83227626586614
8,43.1,414.735701170977
8,43.2,416.8808586004136
8,43.300000000000004,417.5489055206774
8,43.400000000000006,421.2138542995673
8,43.5,417.5616094819206
8,43.6,417.9798422086942
8,43.7,415.56134945807435
8,43.800000000000004,416.12613410863236
8,43.900000000000006,415.929023306736
8,44.0,424.2517890763289
8,44.1,421.2045544388482
8,44.2,421.83697023177587
8,44.300000000000004,425.5800179450157
8,44.400000000000006,429.42405598705625
8,44.5,424.2975939967689
8,44.6,425.14083254232435
8,44.7,420.7030035670461
8,44.800000000000004,426.9643729583801
8,44.900000000000006,427.5473354267139
8,45.0,423.22354052353927
8,45.1,419.3939933724591
8,45.2,422.3379942997799
8,45.300000000000004,424.1484510097147
8,45.400000000000006,423.5891725293029
8,45.5,423.4218444123555
8,45.6,413.327880099697
8,45.7,415.75981963552164
8,45.800000000000004,423.42853660297504
8,45.900000000000006,421.48816664546115
8,46.0,416.0707957895991
8,46.1,415.0695741571911
8,46.2,427.7767807005044
8,46.300000000000004,425.20444654228237
8,46.400000000000006,406.51986437279
8,46.5,407.2511147648016
8,46.6,413.7660289904734
8,46.7,417.37736661384673
8,46.800000000000004,415.48379270251786
8,46.900000000000006,415.43021834787646
8,47.0,419.0522827582427
8,47.1,417.1619321045872
8,47.2,416.9150596579686
8,47.300000000000004,417.3372676315284
8,47.400000000000006,408.912504653385
8,47.5,411.2170158243759
8,47.6,423.1564591993901
8,47.7,428.1134505239781
8,47.800000000000004,426.283686930124
8,47.900000000000006,417.4891882820517
8,48.0,438.55219282591344
8,48.1,431.27727540947643
8,48.2,416.2792423865683
8,48.300000000000004,440.7554441749307
8,48.400000000000006,437.29239042947
8,48.5,425.6754740542885
8,48.6,411.62061206056046
8,48.7,431.3755931615373
8,48.800000000000004,415.8269345272762
8,48.900000000000006,421.50534465158796
8,49.0,414.90136194263687
8,49.1,421.6433731931937
8,49.2,417.6827531255216
8,49.300000000000004,426.6904375357114
8,49.400000000000006,410.53303964043073
8,49.5,424.5346370719851
8,49.6,425.0148424195924
8,49.7,427.26140727132343
8,49.800000000000004,421.5190666855703
8,49.900000000000006,420.95221465998543
8,50.0,423.2044459217957
8,50.1,423.1679201875765
8,50.2,429.8025795140499
8,50.300000000000004,420.48583373642714
8,50.400000000000006,427.2397202086421
8,50.5,434.925959720541
8,50.6,428.61573696174844
8,50.7,429.4831961026704
8,50.800000000000004,420.5900972526033
8,50.900000000000006,422.36263354794767
8,51.0,426.723243636316
8,51.1,432.08522534321907
8,51.2,436.7718047633459
8,51.300000000000004,424.6669580456841
8,51.400000000000006,428.623994213535
8,51.5,429.93356208136447
8,51.6,421.9206755483227
8,51.7,423.42930017274716
8,51.800000000000004,429.20373533196084
8,51.900000000000006,428.6155425830841
8,52.0,420.9345235664965
8,52.1,423.6386685798704
8,52.2,426.7076728488374
8,52.300000000000004,432.2150884146264
8,52.400000000000006,421.6721974338143
8,52.5,425.70282236047336
8,52.6,430.6995299876334
8,52.7,424.4892177127117
8,52.800000000000004,423.7299364757353
8,52.900000000000006,430.2886891492318
8,53.0,432.27860873356826
8,53.1,433.4955549235572
8,53.2,418.70060814582104
8,53.300000000000004,437.5940383665413
8,53.400000000000006,425.3129690244652
8,53.5,415.8923639616632
8,53.6,418.4927982455347
8,53.7,421.87990287548155
8,53.800000000000004,422.4697404168539
8,53.900000000000006,435.40940041932805
8,54.0,433.5814848803244
8,54.1,424.5157119830177
8,54.2,457.63079117017696
8,54.300000000000004,430.33255294128884
8,54.400000000000006,435.5283240250445
8,54.5,414.0987764382413
8,54.6,413.6884560614905
8,54.7,411.7410564707737
8,54.800000000000004,427.15717308288026
8,54.900000000000006,445.32626652656995
8,55.0,434.8857001167473
8,55.1,445.3892794764089
8,55.2,431.4746541547142
8,55.300000000000004,432.51475070870515
8,55.400000000000006,428.8044051259205
8,55.5,432.43031956198536
8,55.6,432.6455444864833
8,55.7,407.0416387940227
8,55.800000000000004,446.09932661852247
8,55.900000000000006,425.0143586938593
8,56.0,412.72291419354224
8,56.1,407.29258017273673
8,56.2,443.3717213148186
8,56.300000000000004,433.37243906297573
8,56.400000000000006,414.4692025703714
8,56.5,426.43653309189676
8,56.6,422.80913113833105
8,56.7,436.0575394822108
8,56.800000000000004,412.7683157037007
8,56.900000000000006,424.7787026513042
8,57.0,428.43519542407046
8,57.1,425.424496665793
8,57.2,426.7655025483534
8,57.300000000000004,429.4033224998989
8,57.400000000000006,429.7837970437153
8,57.5,432.0960175859941
8,57.6,422.4480911470456
8,57.7,433.71493710552494
8,57.800000000000004,422.46950508020575
8,57.900000000000006,429.36570353471615
8,58.0,420.46792002630684
8,58.1,422.76236955923946
8,58.2,431.0126505560337
8,58.300000000000004,425.7885557163211
8,58.400000000000006,424.4607583945136
8,58.5,457.11948367403835
8,58.6,433.0000755320337
8,58.7,421.87233803980786
8,58.800000000000004,430.3376746422158
8,58.900000000000006,440.65615435469556
8,59.0,425.92991857990813
8,59.1,432.02287906203094
8,59.2,426.83981774432203
8,59.300000000000004,429.05550047419126
8,59.400000000000006,429.53046137591355
8,59.5,430.9596636503575
8,59.6,432.403363030098
8,59.7,431.47765484417477
8,59.800000000000004,422.55614083266573
8,59.900000000000006,425.05210134267384
8,60.0,430.780774327058
8,60.1,428.1675786355578
8,60.2,430.1932179502209
8,60.300000000000004,367.67616170297663
8,60.400000000000006,420.943007994094
8,60.5,449.6581933669142
8,60.6,481.4833639050129
8,60.7,430.58444146121053
8,60.800000000000004,433.98780444230556
8,60.900000000000006,429.2054743367468
8,61.0,424.19372459952297
8,61.1,433.53465217331234
8,61.2,466.92199722270635
8,61.300000000000004,433.0294403981953
8,61.400000000000006,439.55795690969006
8,61.5,439.12766904937206
8,61.6,432.611501477053
8,61.7,431.80122644592655
8,61.800000000000004,425.91768954802774
8,61.900000000000006,432.042544802
8,62.0,423.1283509104686
8,62.1,427.2787776199316
8,62.2,431.46492360829495
8,62.300000000000004,435.63890984457333
8,62.400000000000006,427.6901308099757
8,62.5,430.3366869985058
8,62.6,433.66218134275016
8,62.7,432.78301023653
8,62.800000000000004,456.94254184100527
8,62.900000000000006,437.8500238671742
8,63.0,432.2851040078155
8,63.1,428.261649032713
8,63.2,423.2872657953989
8,63.300000000000004,414.07692659281656
8,63.400000000000006,426.26816008216014
8,63.5,419.0494910169653
8,63.6,427.07603453067713
8,63.7,423.2741418404497
8,63.800000000000004,435.2566179020764
8,63.900000000000006,432.5639990096955
8,64.0,433.0497762395394
8,64.10000000000001,430.54796873899414
8,64.2,431.41807908198285
8,64.3,431.76920652071306
8,64.4,424.4088804969401
8,64.5,422.47773697666605
8,64.60000000000001,432.5989354952629
8,64.7,430.55592829517013
8,64.8,421.95990472661794
8,64.9,425.54751310428986
8,65.0,417.17195234509774
8,65.10000000000001,429.78108831549565
8,65.2,427.6765670308199
8,65.3,435.97920575096595
8,65.4,411.3725032745817
8,65.5,416.71596814125553
8,65.60000000000001,424.38633341832366
8,65.7,420.3259811624143
8,65.8,429.5935320373633
8,65.9,432.60988190927367
8,66.0,425.5035965383048
8,66.10000000000001,422.5479959466896
8,66.2,414.1919113894731
8,66.3,421.3157693952974
8,66.4,424.9146265446957
8,66.5,412.17266544828095
8,66.60000000000001,411.71388310727735
8,66.7,424.64337915445475
8,66.8,432.0242258322787
8,66.9,412.41843887907805
8,67.0,415.5616670336348
8,67.10000000000001,441.18827375183713
8,67.2,425.8497758694798
8,67.3,425.1953204517022
8,67.4,431.08359100039826
8,67.5,421.3914092446046
8,67.60000000000001,421.9997751494068
8,67.7,413.3387809930941
8,67.8,418.0603495092606
8,67.9,422.17682628441145
8,68.0,426.1900624244937
8,68.10000000000001,416.11197851784686
8,68.2,425.0694028174051
8,68.3,460.0422781108506
8,68.4,427.8732927803783
8,68.5,426.97857106977585
8,68.60000000000001,418.9998142830583
8,68.7,421.8341992517718
8,68.8,770.1329787207065
8,68.9,570.5769541277621
8,69.0,416.1328738088486
8,69.10000000000001,425.30344275750497
8,69.2,432.1474617415859
8,69.3,421.92517126401754
8,69.4,420.45653648795803
8,69.5,432.8085193527095
8,69.60000000000001,429.72752910574343
8,69.7,430.0626575028189
8,69.8,429.8768103642351
8,69.9,424.5012238251144
8,70.0,642.9989890150216
8,70.10000000000001,745.4450939680106
8,70.2,460.75376951006194
8,70.3,445.24652250114946
8,70.4,429.55139084020294
8,70.5,430.558228118961
8,70.60000000000001,438.75506948353745
8,70.7,427.2263033808317
8,70.8,439.6259629065499
8,70.9,423.3771798092722
8,71.0,435.59506604409773
8,71.10000000000001,431.5396060444164
8,71.2,498.52816569028295
8,71.3,439.5582886420791
8,71.4,423.45034096649607
8,71.5,432.20243879347936
8,71.60000000000001,422.403540936222
8,71.7,429.67980328787644
8,71.8,437.1427168069387
8,71.9,437.59182394807203
8,72.0,428.69736548959986
8,72.10000000000001,432.9706378842076
8,72.2,427.5486890687659
8,72.3,421.0883641326857
8,72.4,427.44898366105934
8,72.5,428.31974223326824
8,72.60000000000001,428.5431207527073
8,72.7,433.0144843675462
8,72.8,417.36586037529986
8,72.9,424.54700218080836
8,73.0,434.8286007367904
8,73.10000000000001,427.3019259156875
8,73.2,439.2409556274069
8,73.3,427.7562026277731
8,73.4,428.8412186930498
8,73.5,423.1409528094172
8,73.60000000000001,431.19925705012963
8,73.7,437.51554214799245
8,73.8,422.73395851965574
8,73.9,429.9450436981283
8,74.0,430.47942372598635
8,74.10000000000001,426.83495650611536
8,74.2,432.7669018226705
8,74.3,437.97337443590374
8,74.4,425.3177560973625
8,74.5,426.2538033646285
8,74.60000000000001,425.6413894957822
8,74.7,432.3189018879616
8,74.8,425.617724484583
8,74.9,426.5655639782872
8,75.0,428.85073594212435
8,75.10000000000001,433.6982900076489
8,75.2,420.0514021698565
8,75.3,420.01615972398935
8,75.4,421.40979551669096
8,75.5,425.12357755147264
8,75.60000000000001,427.5083103890474
8,75.7,434.62247808649715
8,75.8,429.1876949641284
8,75.9,440.9457882178863
8,76.0,440.0529749219662
8,76.10000000000001,434.42675121735
8,76.2,422.7854694763324
8,76.3,418.46241577200647
8,76.4,422.0046291304008
8,76.5,426.40081384754313
8,76.60000000000001,423.0144462683256
8,76.7,433.69748819051875
8,76.80000000000001,428.29433662999645
8,76.9,421.2074121908443
8,77.0,438.43722676393924
8,77.10000000000001,421.56909023846106
8,77.2,427.0629981645258
8,77.30000000000001,437.9445531897875
8,77.4,434.70110667111413
8,77.5,432.90732637676047
8,77.60000000000001,428.94990057895154
8,77.7,424.92596019328636
8,77.80000000000001,434.40883889492517
8,77.9,429.6151432196359
8,78.0,437.28651349689886
8,78.10000000000001,437.967633391388
8,78.2,430.4534148060419
8,78.30000000000001,431.48969559207217
8,78.4,437.30163158890565
8,78.5,431.952569772457
8,78.60000000000001,436.0747049321119
8,78.7,428.8792262186794
8,78.80000000000001,438.5231111491862
8,78.9,431.6596218379377
8,79.0,431.61141120065577
8,79.10000000000001,430.60801251868065
8,79.2,434.8008983294137
8,79.30000000000001,428.45254264023527
8,79.4,445.15617203666795
8,79.5,445.00516919608924
8,79.60000000000001,440.224313998427
8,79.7,422.08096594792505
8,79.80000000000001,433.3359533278705
8,79.9,426.46712663513375
8,80.0,431.17405173568176
8,80.10000000000001,427.7592625694592
8,80.2,439.7863994490782
8,80.30000000000001,425.6104912120151
8,80.4,424.2668610342511
8,80.5,432.5087902856081
8,80.60000000000001,426.2808525772992
8,80.7,430.5915976757543
8,80.80000000000001,432.57136847533167
8,80.9,425.87714767457885
8,81.0,426.49244475951053
8,81.10000000000001,440.82858461527604
8,81.2,441.10282835792435
8,81.30000000000001,426.4140055778468
8,81.4,428.1066249437648
8,81.5,427.9932494310857
8,81.60000000000001,441.94173082288376
8,81.7,430.47640882809844
8,81.80000000000001,434.40637484481823
8,81.9,429.1669389548678
8,82.0,430.98022645366984
8,82.10000000000001,443.44686816721907
8,82.2,431.46540033503027
8,82.30000000000001,434.51732249609285
8,82.4,562.225066867629
8,82.5,454.3902752518092
8,82.60000000000001,434.9512423710682
8,82.7,432.32419613973207
8,82.80000000000001,437.53884992601246
8,82.9,429.94224427509965
8,83.0,430.13714412211846
8,83.10000000000001,430.2643115520988
8,83.2,434.3846535275702
8,83.30000000000001,438.349629477447
8,83.4,446.1668388964484
8,83.5,432.16068383039766
8,83.60000000000001,430.0063928279334
8,83.7,431.79960737692426
8,83.80000000000001,438.0316947076213
8,83.9,430.9085416428376
8,84.0,430.2769150900235
8,84.10000000000001,434.9417207497538
8,84.2,437.37404932135865
8,84.30000000000001,439.2715015910425
8,84.4,426.34122247099356
8,84.5,429.9418847140907
8,84.60000000000001,428.2695879212603
8,84.7,435.03658913705004
8,84.80000000000001,475.965583377541
8,84.9,444.53543736938536
8,85.0,434.3110737522101
8,85.10000000000001,426.2273638918932
8,85.2,436.79291831504145
8,85.30000000000001,430.44491707727275
8,85.4,431.29186429065004
8,85.5,426.4605997540878
8,85.60000000000001,431.82174080364933
8,85.7,499.72228271113005
8,85.80000000000001,447.47248559499656
8,85.9,426.12156483270803
8,86.0,425.25950376375215
8,86.10000000000001,437.09367128075615
8,86.2,429.1570522229949
8,86.30000000000001,429.6055666416489
8,86.4,426.21308373111435
8,86.5,434.01872860448105
8,86.60000000000001,438.5427317709689
8,86.7,428.8723691269503
8,86.80000000000001,421.76693703286185
8,86.9,438.7284930328106
8,87.0,436.9227200240194
8,87.10000000000001,434.12196591931547
8,87.2,432.12855712934277
8,87.30000000000001,407.77910454263514
8,87.4,433.9485371497492
8,87.5,482.05551675741367
8,87.60000000000001,444.0554149482867
8,87.7,443.4692864639334
8,87.80000000000001,439.7040980458494
8,87.9,440.9051046537897
8,88.0,426.72148751968854
8,88.10000000000001,436.59859641817354
8,88.2,439.1674057202905
8,88.30000000000001,434.15924022999394
8,88.4,436.39167231213565
8,88.5,440.3879810563187
8,88.60000000000001,433.2083930848609
8,88.7,447.2947479973222
8,88.80000000000001,463.3250847535188
8,88.9,451.1394993480488
8,89.0,416.78210471461296
8,89.10000000000001,434.38018321963193
8,89.2,422.4599915861856
8,89.30000000000001,445.11550065719615
8,89.4,435.36328114348515
8,89.5,439.3772694408304
8,89.60000000000001,428.60321374105695
8,89.7,425.319269290543
8,89.80000000000001,434.68981767768724
8,89.9,433.52223679329336
8,90.0,424.9177734697622
8,90.10000000000001,546.7857122415603
8,90.2,460.900392828256
8,90.30000000000001,431.49492310001824
8,90.4,436.4514191703009
8,90.5,424.5531529754898
8,90.60000000000001,421.5281880229704
8,90.7,437.4535855739382
8,90.80000000000001,433.8663265895406
8,90.9,420.63109518453746
8,91.0,430.1293395930583
8,91.10000000000001,433.37905234149935
8,91.2,439.0903615873464
8,91.30000000000001,437.5074549641017
8,91.4,437.83011438851844
8,91.5,436.2269119728546
8,91.60000000000001,441.9099989497917
8,91.7,431.9263147126449
8,91.80000000000001,431.35115003621974
8,91.9,442.7713154016992
8,92.0,423.09030930822166
8,92.10000000000001,559.9492468975628
8,92.2,454.83196575688623
8,92.30000000000001,429.0392999185212
8,92.4,423.55460092643943
8,92.5,418.2757631551983
8,92.60000000000001,420.41620591390324
8,92.7,419.49043478536447
8,92.80000000000001,430.5094776023464
8,92.9,425.78143951118216
8,93.0,416.13835616776197
8,93.10000000000001,422.3272335292851
8,93.2,424.50294649598965
8,93.30000000000001,420.74808396428455
8,93.4,412.07831839757466
8,93.5,417.8350197470321
8,93.60000000000001,421.3625963837566
8,93.7,413.830725661127
8,93.80000000000001,418.67798231056923
8,93.9,414.17654950066793
8,94.0,413.54824461245926
8,94.10000000000001,409.0319184035757
8,94.2,420.10119993995244
8,94.30000000000001,414.55969336256067
8,94.4,416.66009278177603
8,94.5,421.01892097192734
8,94.60000000000001,417.1282391191933
8,94.7,411.0452654529943
8,94.80000000000001,411.8480949597536
8,94.9,418.68223640544585
8,95.0,416.22595659322593
8,95.10000000000001,413.0456457966371
8,95.2,417.9699633001641
8,95.30000000000001,413.0026083953267
8,95.4,415.36197096479054
8,95.5,412.27660343328006
8,95.60000000000001,418.10470229157954
8,95.7,413.15044441500237
8,95.80000000000001,412.1977547722817
8,95.9,415.38349683444034
8,96.0,411.76215231030613
8,96.10000000000001,413.8000965598427
8,96.2,417.34694087785357
8,96.30000000000001,418.1770514448567
8,96.4,412.13865843954954
8,96.5,411.17945981399276
8,96.60000000000001,413.99539200259284
8,96.7,410.1543844740609
8,96.80000000000001,412.44658196561596
8,96.9,413.2621356002154
8,97.0,412.39582500792307
8,97.10000000000001,418.11860761336106
8,97.2,415.4261028597026
8,97.30000000000001,415.88682069083865
8,97.4,415.2179093196207
8,97.5,414.0696468499725
8,97.60000000000001,421.3001878960031
8,97.7,418.5671818316123
8,97.80000000000001,420.51058173564775
8,97.9,420.92483139027553
8,98.0,412.3809240298514
8,98.10000000000001,410.0867222385581
8,98.2,412.3954415318959
8,98.30000000000001,415.4737931221007
8,98.4,414.6003831689561
8,98.5,430.4071152588738
8,98.60000000000001,419.4832547836098
8,98.7,410.70833041513947
8,98.80000000000001,413.59035753630366
8,98.9,414.3229476507284
8,99.0,424.5922238579418
8,99.10000000000001,421.0101891344226
8,99.2,422.82069007660886
8,99.30000000000001,421.87186795515436
8,99.4,424.641985159186
8,99.5,421.00587921593296
8,99.60000000000001,421.4568557903468
8,99.7,424.8547659275852
8,99.80000000000001,416.486384122096
8,99.9,426.6492268978378
8,100.0,420.97089045469926
8,100.10000000000001,424.12439427446793
8,100.2,419.8322785697093
8,100.30000000000001,427.80349553524985
8,100.4,434.61483199765553
8,100.5,424.2033237843789
8,100.60000000000001,418.4190911258478
8,100.7,422.02385127078475
8,100.80000000000001,423.27299267315124
8,100.9,416.3778069884807
8,101.0,417.57901103561323
8,101.10000000000001,420.31745422195763
8,101.2,421.04443746083183
8,101.30000000000001,423.273839817284
8,101.4,426.1627102102383
8,101.5,419.06500642956547
8,101.60000000000001,421.49724001810984
8,101.7,424.1878978955395
8,101.80000000000001,439.9597837486233
8,101.9,416.8578829881766
8,102.0,415.13481501073454
8,102.10000000000001,416.13544678486437
8,102.2,413.79124958115244
8,102.30000000000001,418.310515131702
8,102.4,419.08461010243974
8,102.5,424.69249734791623
8,102.60000000000001,423.2963665491108
8,102.7,420.6035861895922
8,102.80000000000001,416.6178783304694
8,102.9,420.85599360825074
8,103.0,415.93228997621895
8,103.10000000000001,419.83906793292755
8,103.2,421.84030925991675
8,103.30000000000001,417.5829696420267
8,103.4,418.04155132976393
8,103.5,419.25596157649557
8,103.60000000000001,410.8367017313841
8,103.7,414.87248358933084
8,103.80000000000001,417.1675848464485
8,103.9,424.2777429118816
8,104.0,416.52706891194424
8,104.10000000000001,418.1270443874153
8,104.2,417.6412268888422
8,104.30000000000001,417.73233624373626
8,104.4,425.89534637259214
8,104.5,419.3202543880133
8,104.60000000000001,419.17048014888144
8,104.7,425.0455809552859
8,104.80000000000001,425.31787256948394
8,104.9,429.13159178346626
8,105.0,422.5643454477868
8,105.10000000000001,477.40506480301457
8,105.2,434.9568038521077
8,105.30000000000001,410.56553498197513
8,105.4,415.5312224357054
8,105.5,419.8274414179585
8,105.60000000000001,417.3781097079765
8,105.7,414.96961206111087
8,105.80000000000001,444.82359346968815
8,105.9,432.4742450012847
8,106.0,412.80095594037704
8,106.10000000000001,410.2414095390812
8,106.2,412.21281831567813
8,106.30000000000001,416.3582804611838
8,106.4,414.6299401145556
8,106.5,419.2505687426585
8,106.60000000000001,419.6161325543046
8,106.7,424.10796624097003
8,106.80000000000001,420.7062395045012
8,106.9,409.6213673259417
8,107.0,417.27861124983326
8,107.10000000000001,416.2931393855634
8,107.2,419.8747970335886
8,107.30000000000001,415.5421789488722
8,107.4,421.57415306944773
8,107.5,420.8024011517778
8,107.60000000000001,421.70359220675897
8,107.7,421.59488406039503
8,107.80000000000001,417.36664982952175
8,107.9,419.15788614418386
8,108.0,419.34068936966133
8,108.10000000000001,412.70397471872286
8,108.2,412.94940688537724
8,108.30000000000001,416.69028309961556
8,108.4,419.8612483665428
8,108.5,414.15924310833674
8,108.60000000000001,415.0176607716962
8,108.7,421.925426037291
8,108.80000000000001,423.88343607808184
8,108.9,413.67450239121496
8,109.0,410.3957304270335
8,109.10000000000001,413.5737334702673
8,109.2,419.7428004832439
8,109.30000000000001,560.3739196913473
8,109.4,757.9901226000882
8,109.5,799.1358890067078
8,109.60000000000001,741.2390730755973
8,109.7,515.1502503984057
8,109.80000000000001,426.13799491593267
8,109.9,437.6562683949391
8,110.0,429.1522614193905
8,110.10000000000001,426.454026945188
8,110.2,430.81379642434206
8,110.30000000000001,429.1595706549552
8,110.4,425.4936323443697
8,110.5,433.01023682166294
8,110.60000000000001,426.14454937033884
8,110.7,422.8157916066587
8,110.80000000000001,419.5096670852529
8,110.9,427.4580570859414
8,111.0,425.56267407497427
8,111.10000000000001,425.7554745234848
8,111.2,436.75988435467883
8,111.30000000000001,433.75220396552385
8,111.4,435.96696889797596
8,111.5,435.0159161464042
8,111.60000000000001,436.28769061928887
8,111.7,430.59762650155096
8,111.80000000000001,423.7558060430442
8,111.9,427.1089919511804
8,112.0,428.9692857306254
8,112.10000000000001,428.65399980817966
8,112.2,428.4890914566075
8,112.30000000000001,427.51600279652945
8,112.4,422.08428924896657
8,112.5,420.9835515105013
8,112.60000000000001,430.8069131392091
8,112.7,428.96918041897527
8,112.80000000000001,419.9477586338189
8,112.9,427.82539889624496
8,113.0,434.6218794804341
8,113.10000000000001,431.82281881683997
8,113.2,431.24690364628515
8,113.30000000000001,427.4680479040368
8,113.4,429.03715247045847
8,113.5,428.71475496587743
8,113.60000000000001,432.48047896516533
8,113.7,431.22449669563457
8,113.80000000000001,433.0556822431605
8,113.9,430.2710272650583
8,114.0,425.86477848894566
8,114.10000000000001,430.45342926233036
8,114.2,421.68333166405296
8,114.30000000000001,427.08254974503353
8,114.4,420.75858691359747
8,114.5,423.8813938845149
8,114.60000000000001,437.97953218700974
8,114.7,438.2946544476267
8,114.80000000000001,432.5176217615389
8,114.9,430.15512759428395
8,115.0,429.55831562543193
8,115.10000000000001,439.24528337261216
8,115.2,437.86141664811976
8,115.30000000000001,433.63234494202624
8,115.4,431.53026552019105
8,115.5,425.65703173967745
8,115.60000000000001,435.51413076651954
8,115.7,440.20813050979115
8,115.80000000000001,432.7722492935954
8,115.9,421.00259212787483
8,116.0,429.36795346005465
8,116.10000000000001,434.5344660774537
8,116.2,427.18064434208617
8,116.30000000000001,428.38762852758407
8,116.4,417.07381121288546
8,116.5,434.98928960994704
8,116.60000000000001,423.7758487774742
8,116.7,436.6043987523303
8,116.80000000000001,440.4902443247684
8,116.9,422.1404319362521
8,117.0,426.4887758529483
8,117.10000000000001,424.31346010136645
8,117.2,425.11357856412695
8,117.30000000000001,429.5096365757126
8,117.4,433.2621646201543
8,117.5,430.4899839871134
8,117.60000000000001,423.9975689521562
8,117.7,432.43498160900964
8,117.80000000000001,433.5904333293617
8,117.9,433.7620870151813
8,118.0,425.7377827910357
8,118.10000000000001,418.13603961492606
8,118.2,420.88438499217244
8,118.30000000000001,424.81986916025505
8,118.4,418.87789827837173
8,118.5,414.2344073662815
8,118.60000000000001,415.0922279119865
8,118.7,416.9164387830091
8,118.80000000000001,469.97729372132625
8,118.9,445.65397642256005
8,119.0,420.23528940351747
8,119.10000000000001,422.5333639671068
8,119.2,417.1795411491939
8,119.30000000000001,459.30003706627434
8,119.4,439.85082333221743
8,119.5,416.5470934061221
8,119.60000000000001,417.76874217360125
8,119.7,419.58016498420164
8,119.80000000000001,419.4085905181738
8,119.9,493.93262599923463
8,120.0,468.2711360761756
8,120.10000000000001,420.3871689834691
8,120.2,429.4762120070252
8,120.30000000000001,423.90852231997087
8,120.4,440.8204928087559
8,120.5,430.29873654449665
8,120.60000000000001,704.6091599462827
8,120.7,585.5404576166942
8,120.80000000000001,557.4255682473049
8,120.9,696.9208560235867
8,121.0,537.0323998903874
8,121.10000000000001,420.03919532908645
8,121.2,428.96916811689573
8,121.30000000000001,433.17172250660616
8,121.4,432.6025277830997
8,121.5,434.57416619167896
8,121.60000000000001,434.387890186015
8,121.7,435.23865548528846
8,121.80000000000001,433.3732515786509
8,121.9,425.4598835023585
8,122.0,419.24117276687207
8,122.10000000000001,420.27564586559185
8,122.2,427.49600469143945
8,122.30000000000001,427.3269090507025
8,122.4,422.1986880819333
8,122.5,427.8245065836816
8,122.60000000000001,428.6076995289117
8,122.7,421.0115558983106
8,122.80000000000001,419.014747186069
8,122.9,422.0546759928802
8,123.0,430.08899228445074
8,123.10000000000001,427.51276256957595
8,123.2,430.9592770393602
8,123.30000000000001,432.52520316112236
8,123.4,428.27539681124307
8,123.5,427.1726363493391
8,123.60000000000001,430.93265082911415
8,123.7,434.1944299850118
8,123.80000000000001,429.8506356162807
8,123.9,424.0818971356674
8,124.0,419.7472854431488
8,124.10000000000001,427.78815407784566
8,124.2,429.6452642443881
8,124.30000000000001,426.89124506334656
8,124.4,425.81451453012215
8,124.5,431.0905834193162
8,124.60000000000001,433.515953874528
8,124.7,428.641692560203
8,124.80000000000001,429.14899668158415
8,124.9,426.77738057389
8,125.0,423.1227853920884
8,125.10000000000001,429.221587548105
8,125.2,423.8463730273406
8,125.30000000000001,430.8231637214979
8,125.4,434.71051727751643
8,125.5,423.07638793600563
8,125.60000000000001,432.0775483548764
8,125.7,440.608323236906
8,125.80000000000001,426.2947927884796
8,125.9,432.23332316428474
8,126.0,428.3843335239634
8,126.10000000000001,426.145009767722
8,126.2,436.6470605392837
8,126.30000000000001,430.45672460336556
8,126.4,430.83310930021486
8,126.5,439.8810884946052
8,126.60000000000001,437.3338423561195
8,126.7,431.9515842201204
8,126.80000000000001,437.6706901718305
8,126.9,433.4871075982749
8,127.0,426.735600737733
8,127.10000000000001,437.52207961187884
8,127.2,440.493457332399
8,127.30000000000001,440.11434655829396
8,127.4,433.39813399624853
8,127.5,437.1429602226559
8,127.60000000000001,435.44832800188607
8,127.7,435.69074156841276
8,127.80000000000001,434.05191455225554
8,127.9,432.62211081685194
8,128.0,443.8473372094686
8,128.1,435.9050527916594
8,128.20000000000002,429.2834463015131
8,128.3,426.55637616356006
8,128.4,428.886929331364
8,128.5,434.15797685274543
8,128.6,427.79499996330406
8,128.70000000000002,427.5116959592771
8,128.8,432.93025301934625
8,128.9,433.43171036668315
8,129.0,434.15158074716203
8,129.1,431.0241298019119
8,129.20000000000002,433.26637001022397
8,129.3,439.52675550323886
8,129.4,433.2426974588945
8,129.5,428.4497006228882
8,129.6,431.0513477780768
8,129.70000000000002,430.2758444426434
8,129.8,430.3885167488357
8,129.9,425.00504217747635
8,130.0,426.09465426627014
8,130.1,431.4674893934193
8,130.20000000000002,427.0423136309681
8,130.3,428.8637430048145
8,130.4,429.952169475984
8,130.5,431.4988721026934
8,130.6,430.99047788855665
8,130.70000000000002,428.38802581441496
8,130.8,428.7551268997266
8,130.9,428.57651096146645
8,131.0,427.33360997159684
8,131.1,429.2677227605136
8,131.20000000000002,440.654240325981
8,131.3,438.0417344621899
8,131.4,425.68715687260317
8,131.5,431.9651874758739
8,131.6,451.97168107023316
8,131.70000000000002,446.19019326213316
8,131.8,427.4543152959888
8,131.9,417.5372395851896
8,132.0,423.4454411813059
8,132.1,431.44174248005
8,132.20000000000002,438.18038509654394
8,132.3,422.1864432712155
8,132.4,416.6319527614228
8,132.5,424.4041674482443
8,132.6,429.27219246529273
8,132.70000000000002,431.9695988800429
8,132.8,430.9785229604176
8,132.9,431.5157259413529
8,133.0,431.4659495876414
8,133.1,426.7089859061702
8,133.20000000000002,423.3600345522391
8,133.3,425.0920152485349
8,133.4,429.35937502936923
8,133.5,426.2401209404734
8,133.6,456.79780753653785
8,133.70000000000002,456.50869972476715
8,133.8,431.75424944418813
8,133.9,425.5480364388057
8,134.0,421.6092580612493
8,134.1,418.7523355893554
8,134.20000000000002,417.32279919268746
8,134.3,417.36302157058986
8,134.4,423.46403372087264
8,134.5,428.29611081933774
8,134.6,425.9159175031606
8,134.70000000000002,421.42086206165175
8,134.8,429.1929253291986
8,134.9,435.3194217511484
8,135.0,434.84768949116676
8,135.1,427.4483774619704
8,135.20000000000002,424.80566647762583
8,135.3,439.9152762601267
8,135.4,470.4803287976002
8,135.5,453.77324789294215
8,135.6,428.0208552823713
8,135.70000000000002,433.0079941509946
8,135.8,432.1781780697607
8,135.9,425.63121251361207
8,136.0,425.873814418987
8,136.1,427.4399084363533
8,136.20000000000002,422.95808075356655
8,136.3,422.52765230818414
8,136.4,430.2677217794538
8,136.5,432.93919119104805
8,136.6,502.6187155382855
8,136.70000000000002,481.0750248488991
8,136.8,418.08107847905865
8,136.9,419.46274121089647
8,137.0,415.86822880243244
8,137.1,420.5360687635966
8,137.20000000000002,417.8761862623078
8,137.3,410.1999937539763
8,137.4,410.8234397285442
8,137.5,413.93372660379066
8,137.6,417.0364518970027
8,137.70000000000002,415.36778424625624
8,137.8,447.50125690321454
8,137.9,446.782846268771
8,138.0,417.95695130570294
8,138.1,418.19311166786173
8,138.20000000000002,418.7506847133159
8,138.3,415.6670245401928
8,138.4,416.5537731963973
8,138.5,418.4406607230087
8,138.6,414.6136526814441
8,138.70000000000002,415.57940862404354
8,138.8,417.87742481383754
8,138.9,414.8504427944392
8,139.0,417.88124454981954
8,139.1,415.14105345540054
8,139.20000000000002,416.25364817782145
8,139.3,421.47322164016913
8,139.4,417.24528288062413
8,139.5,418.73403010770625
8,139.6,416.89082398490285
8,139.70000000000002,417.6150683585103
8,139.8,418.8536677098888
8,139.9,418.77609851163845
8,140.0,423.35931803224
8,140.1,416.9745593514774
8,140.20000000000002,412.8898100081981
8,140.3,413.82719974979415
8,140.4,413.65502736139285
8,140.5,418.2781075010544
8,140.6,415.0903114711916
8,140.70000000000002,416.2594025487321
8,140.8,419.0828585851021
8,140.9,423.334072185103
8,141.0,428.4036917354328
8,141.1,425.16901456431003
8,141.20000000000002,419.4467460751361
8,141.3,420.345819448033
8,141.4,420.95178841636425
8,141.5,422.8108381705364
8,141.6,422.2112719290602
8,141.70000000000002,419.35541914157034
8,141.8,423.3557173361361
8,141.9,419.7012844477057
8,142.0,413.3886410253966
8,142.1,414.67063536874184
8,142.20000000000002,415.71036582011203
8,142.3,417.17960123432425
8,142.4,417.3498478384778
8,142.5,419.38200170921425
8,142.6,429.31273775085594
8,142.70000000000002,426.49737110252465
8,142.8,423.2246342624043
8,142.9,419.66050936528154
8,143.0,413.6078959764007
8,143.1,416.6261430157692
8,143.20000000000002,420.66453807254493
8,143.3,638.0858574981592
8,143.4,628.9014719957443
8,143.5,421.82860611447364
8,143.6,425.25646278290543
8,143.70000000000002,429.876519243581
8,143.8,422.48793709005093
8,143.9,419.1204606332687
8,144.0,423.4515333052156
8,144.1,424.5614037963977
8,144.20000000000002,420.2272950345271
8,144.3,422.17406490207725
8,144.4,426.9311918552338
8,144.5,424.90802559184107
8,144.6,427.49552466664704
8,144.70000000000002,423.5569504071076
8,144.8,420.57192024618644
8,144.9,424.63785590136695
8,145.0,424.27020105752024
8,145.1,423.582347826688
8,145.20000000000002,423.5979984435098
8,145.3,425.77538725063164
8,145.4,430.2803508541422
8,145.5,426.4056982173792
8,145.6,420.919518903591
8,145.70000000000002,423.32181020731076
8,145.8,423.03449627008456
8,145.9,419.3198625557879
8,146.0,416.5799606545189
8,146.1,416.4244459963591
8,146.20000000000002,419.63345817763434
8,146.3,430.2797319681092
8,146.4,430.3337331789222
8,146.5,421.9911541262367
8,146.6,426.09256882754744
8,146.70000000000002,430.9584551567196
8,146.8,427.9569949287513
8,146.9,426.0900229169596
8,147.0,425.46322801261016
8,147.1,429.69781032454785
8,147.20000000000002,430.6753594588912
8,147.3,427.110407108612
8,147.4,430.1081016263284
8,147.5,430.47052873053775
8,147.6,424.36304288805275
8,147.70000000000002,422.2127694013946
8,147.8,421.9881760361586
8,147.9,427.5150241751863
8,148.0,433.00613902153094
8,148.1,428.4422520911969
8,148.20000000000002,425.7944977570092
8,148.3,421.4852864807541
8,148.4,420.19846523628894
8,148.5,417.8680939894773
8,148.6,419.7469483814387
8,148.70000000000002,422.74590814849995
8,148.8,419.27016968666027
8,148.9,418.5080979055769
8,149.0,423.99949149877057
8,149.1,426.11175141931994
8,149.20000000000002,423.6880818846202
8,149.3,422.83155419979647
8,149.4,416.815037935159
8,149.5,423.3642782785645
8,149.6,425.0954261646576
8,149.70000000000002,420.8964944323337
8,149.8,418.4248495413091
8,149.9,421.3837966752217
8,150.0,424.84023823525206
8,150.1,414.6651408769248
8,150.20000000000002,417.981854984585
8,150.3,427.38160549089037
8,150.4,426.4074331044238
8,150.5,419.21393091254816
8,150.6,424.10128583655734
8,150.70000000000002,428.26393222648886
8,150.8,425.88366280529374
8,150.9,422.6951081253152
8,151.0,419.10459880482074
8,151.1,421.25828635217744
8,151.20000000000002,425.8564102039419
8,151.3,425.5574416715105
8,151.4,417.94190358966506
8,151.5,418.79329448431645
8,151.6,425.6106647597895
8,151.70000000000002,426.5646373965602
8,151.8,427.1020013424552
8,151.9,426.5377290819277
8,152.0,420.18835506959766
8,152.1,423.7836833136763
8,152.20000000000002,431.1365251371887
8,152.3,438.31151433473474
8,152.4,439.2995444290079
8,152.5,431.0298013610824
8,152.6,435.4706394467011
8,152.70000000000002,436.2167624759619
8,152.8,432.1313211737933
8,152.9,428.8709039958439
8,153.0,423.94537061700385
8,153.1,420.22319858837795
8,153.20000000000002,422.55063447092806
8,153.3,425.5127352804784
8,153.4,421.25504345347866
8,153.5,423.15817236892894
8,153.60000000000002,430.420565972851
8,153.70000000000002,431.56281790683323
8,153.8,426.4547295246851
8,153.9,427.3030825485481
8,154.0,426.0799576655658
8,154.10000000000002,408.22101823163524
8,154.20000000000002,409.3954673422958
8,154.3,422.5212446054704
8,154.4,418.04576381650946
8,154.5,421.3299596105456
8,154.60000000000002,418.90894407792916
8,154.70000000000002,419.16703634279804
8,154.8,426.2407934833282
8,154.9,430.8902420334265
8,155.0,424.8545768077816
8,155.10000000000002,439.11000721255016
8,155.20000000000002,433.2507744622326
8,155.3,442.7620146413189
8,155.4,467.48559375970564
8,155.5,421.4418693035192
8,155.60000000000002,423.6053092743041
8,155.70000000000002,426.67264552553314
8,155.8,422.97402711118804
8,155.9,421.39477662239256
8,156.0,422.0405100092217
8,156.10000000000002,425.65331717222915
8,156.20000000000002,429.80104793661576
8,156.3,429.83752774979894
8,156.4,432.001715628165
8,156.5,426.12759646384615
8,156.60000000000002,417.4042929040357
8,156.70000000000002,421.86789957370615
8,156.8,422.7396435001832
8,156.9,423.61759188638587
8,157.0,426.2837801383964
8,157.10000000000002,429.5596351278208
8,157.20000000000002,432.060927454867
8,157.3,428.4039916647005
8,157.4,426.2277521997411
8,157.5,435.63596482670704
8,157.60000000000002,434.023522705992
8,157.70000000000002,417.0486468431688
8,157.8,422.012753124181
8,157.9,420.76374617408186
8,158.0,419.3904507606085
8,158.10000000000002,421.96503368441165
8,158.20000000000002,422.0869149499124
8,158.3,436.30798550335504
8,158.4,472.6693642245873
8,158.5,464.01841771551665
8,158.60000000000002,426.0125310041637
8,158.70000000000002,428.9667953848797
8,158.8,427.8932457682605
8,158.9,423.6990352326148
8,159.0,422.6542712037668
8,159.10000000000002,423.2127175758383
8,159.20000000000002,422.6999964104146
8,159.3,422.26838876516405
8,159.4,419.6923831814626
8,159.5,418.0978991917228
8,159.60000000000002,419.159047357133
8,159.70000000000002,417.716615894447
8,159.8,416.9627324343385
8,159.9,419.0354141316086
8,160.0,421.43197066280334
8,160.10000000000002,417.0671633716895
8,160.20000000000002,416.50188180728566
8,160.3,412.9062218077703
8,160.4,409.3173477975461
8,160.5,416.3135797393252
8,160.60000000000002,419.8046842952274
8,160.70000000000002,419.71076437961324
8,160.8,422.78417293259577
8,160.9,423.6121313322804
8,161.0,425.112493895407
8,161.10000000000002,428.58015939182354
8,161.20000000000002,434.467272496616
8,161.3,434.18683559815986
8,161.4,427.6807294290319
8,161.5,418.8406722263788
8,161.60000000000002,425.4984213232576
8,161.70000000000002,423.4529339284073
8,161.8,417.2620577771748
8,161.9,421.9668657012822
8,162.0,423.6667779416671
8,162.10000000000002,424.1767472046984
8,162.20000000000002,424.7310961350801
8,162.3,422.6545495103571
8,162.4,419.85919596694634
8,162.5,421.09134913864995
8,162.60000000000002,422.7220375492029
8,162.70000000000002,422.3688562945285
8,162.8,426.79834422621985
8,162.9,429.2419290339797
8,163.0,455.27989298989706
8,163.10000000000002,470.5075468434219
8,163.20000000000002,433.36250280975963
8,163.3,435.03829267925454
8,163.4,431.24506157064565
8,163.5,424.41049102666744
8,163.60000000000002,430.8449992122778
8,163.70000000000002,432.10479531271994
8,163.8,432.5627870971891
8,163.9,432.83079151133353
8,164.0,428.87110347949783
8,164.10000000000002,421.0693035277638
8,164.20000000000002,420.63467716565015
8,164.3,421.7098704231268
8,164.4,426.64159165469266
8,164.5,427.2295557649829
8,164.60000000000002,427.2526502382852
8,164.70000000000002,423.98305093932225
8,164.8,424.0983745380813
8,164.9,427.6150894455286
8,165.0,441.4947354096728
8,165.10000000000002,443.05001270496666
8,165.20000000000002,411.98396281575674
8,165.3,412.7943175272421
8,165.4,410.49950762302115
8,165.5,412.0653893408442
8,165.60000000000002,414.4771884372209
8,165.70000000000002,411.404137557071
8,165.8,414.30081353101787
8,165.9,414.49406870514247
8,166.0,416.8706624735797
8,166.10000000000002,417.1118553104895
8,166.20000000000002,419.58216615013725
8,166.3,425.7239566076274
8,166.4,423.1543207599404
8,166.5,413.96640580469904
8,166.60000000000002,417.3114597643807
8,166.70000000000002,419.3986809375271
8,166.8,420.04529804364574
8,166.9,421.9670993122969
8,167.0,417.03243460969315
8,167.10000000000002,417.4043645994399
8,167.20000000000002,420.7741865606439
8,167.3,418.3134166011377
8,167.4,420.6805612202345
8,167.5,436.3632063663057
8,167.60000000000002,481.21478122903704
8,167.70000000000002,471.632697840849
8,167.8,461.567240402535
8,167.9,501.54631235862786
8,168.0,446.3522433619775
8,168.10000000000002,457.84834817204825
8,168.20000000000002,415.5546765572955
8,168.3,414.44479546641537
8,168.4,411.40099097080446
8,168.5,411.8982883589687
8,168.60000000000002,408.81683043756004
8,168.70000000000002,412.0110707575741
8,168.8,414.68160102548285
8,168.9,417.23959280662086
8,169.0,414.0605717818922
8,169.10000000000002,416.8621737846896
8,169.20000000000002,424.60332754570754
8,169.3,420.4438972690242
8,169.4,416.0935334823367
8,169.5,421.96858177815056
8,169.60000000000002,423.8381200897798
8,169.70000000000002,416.182263272819
8,169.8,413.11968871760087
8,169.9,410.1602129419027
8,170.0,413.2358992709078
8,170.10000000000002,416.42578015238985
8,170.20000000000002,420.53264112554785
8,170.3,414.9969648191646
8,170.4,413.0925613799816
8,170.5,417.70218086668416
8,170.60000000000002,412.4009777544279
8,170.70000000000002,415.46634576226796
8,170.8,417.3457802514853
8,170.9,416.2715411255078
8,171.0,412.66143492475004
8,171.10000000000002,416.40811700863
8,171.20000000000002,420.75060451591764
8,171.3,415.65666048723693
8,171.4,413.10441735409006
8,171.5,416.2382795886223
8,171.60000000000002,413.50794757559817
8,171.70000000000002,407.6317919211569
8,171.8,413.5568816776366
8,171.9,417.7323488497995
8,172.0,421.298180049659
8,172.10000000000002,426.0373557668872
8,172.20000000000002,417.72291083204925
8,172.3,415.6837951732824
8,172.4,418.41470004360616
8,172.5,416.6758356379823
8,172.60000000000002,421.3705309434726
8,172.70000000000002,419.31792365826897
8,172.8,421.56878008778534
8,172.9,420.62695244310805
8,173.0,417.06537056672107
8,173.10000000000002,417.2722338151839
8,173.20000000000002,412.41110547263827
8,173.3,418.66953051592196
8,173.4,422.1744505528025
8,173.5,418.9698790226886
8,173.60000000000002,406.59193126621926
8,173.70000000000002,410.7258189372456
8,173.8,411.3458288819904
8,173.9,415.64212088009504
8,174.0,414.13976985429895
8,174.10000000000002,419.07656376737674
8,174.20000000000002,432.338686717146
8,174.3,432.38334918906185
8,174.4,441.2281310117374
8,174.5,412.64697429781836
8,174.60000000000002,411.55689416555407
8,174.70000000000002,412.83163861524537
8,174.8,418.62925254737684
8,174.9,415.54218529160113
8,175.0,412.5297324268874
8,175.10000000000002,417.05136200942604
8,175.20000000000002,416.6193936205962
8,175.3,416.43928213467825
8,175.4,411.06406153160646
8,175.5,411.29561302347855
8,175.60000000000002,412.74974594602355
8,175.70000000000002,416.27082871562106
8,175.8,419.0147515151074
8,175.9,415.8626806902668
8,176.0,417.2444153856785
8,176.10000000000002,413.74793982395425
8,176.20000000000002,418.72442940864045
8,176.3,422.3785095897453
8,176.4,419.185894604004
8,176.5,420.70556323318107
8,176.60000000000002,416.66598270024014
8,176.70000000000002,416.1822147605199
8,176.8,420.3805180567657
8,176.9,429.9135124438232
8,177.0,441.6846339788451
8,177.10000000000002,460.1996575935416
8,177.20000000000002,418.73577616866953
8,177.3,427.9280743366125
8,177.4,429.1433291880118
8,177.5,425.5886242026378
8,177.60000000000002,427.21345792369857
8,177.70000000000002,441.17606343934796
8,177.8,440.20567733167803
8,177.9,420.392561302775
8,178.0,418.9184311939285
8,178.10000000000002,419.59040746502006
8,178.20000000000002,422.74644977493847
8,178.3,424.24757859986886
8,178.4,422.81987100254815
8,178.5,435.60568319504745
8,178.60000000000002,433.97556579897497
8,178.70000000000002,417.688063879827
8,178.8,415.2863352460107
8,178.9,415.8873204285348
8,179.0,421.449022987328
8,179.10000000000002,419.87414403808594
8,179.20000000000002,415.5861469008545
8,179.3,420.9584518898375
8,179.4,429.48345043570686
8,179.5,428.6111837846854
8,179.60000000000002,423.2374754228364
8,179.70000000000002,426.0826217754133
8,179.8,426.029902238971
8,179.9,412.1534236413197
8,180.0,411.6974979876998
8,180.10000000000002,415.71025307852716
8,180.20000000000002,417.57215456009897
8,180.3,418.22822234713743
8,180.4,413.4605677012269
8,180.5,413.0576037534879
8,180.60000000000002,413.0695515287263
8,180.70000000000002,415.2978749488892
8,180.8,419.44480756806604
8,180.9,415.95403982643217
8,181.0,426.24712071648304
8,181.10000000000002,423.43662670351887
8,181.20000000000002,416.6271545037556
8,181.3,421.5343902754376
8,181.4,419.76842550254975
8,181.5,419.9645781580706
8,181.60000000000002,418.4843595801265
8,181.70000000000002,418.5298745717485
8,181.8,422.3856727509721
8,181.9,423.54291844997925
8,182.0,420.6472194940618
8,182.10000000000002,421.0104184765151
8,182.20000000000002,418.6266650193047
8,182.3,430.50658576653814
8,182.4,419.6586934646773
8,182.5,408.8135633314826
8,182.60000000000002,415.4955879816717
8,182.70000000000002,417.90464937616156
8,182.8,419.0856048010529
8,182.9,421.96336164913646
8,183.0,420.21764002440074
8,183.10000000000002,421.73935099721126
8,183.20000000000002,422.80740018491286
8,183.3,426.9771383391298
8,183.4,416.9891887630971
8,183.5,509.6150722966211
8,183.60000000000002,756.7223047198072
8,183.70000000000002,713.1961849492118
8,183.8,424.68153395398673
8,183.9,421.65972414282805
8,184.0,420.17212198562635
8,184.10000000000002,421.2746012829398
8,184.20000000000002,423.25647522036166
8,184.3,429.56118413982813
8,184.4,424.7892066033626
8,184.5,426.5543180326697
8,184.60000000000002,419.23755526346446
8,184.70000000000002,419.03184640350116
8,184.8,423.1390023743196
8,184.9,420.55347606497685
8,185.0,420.370973182989
8,185.10000000000002,422.595380401185
8,185.20000000000002,426.9103809726018
8,185.3,429.2575256166318
8,185.4,429.04951062426363
8,185.5,419.08027125421177
8,185.60000000000002,419.2528076948226
8,185.70000000000002,430.90198301625117
8,185.8,424.28949102671686
8,185.9,415.2390068561095
8,186.0,432.36379392645404
8,186.10000000000002,426.2395813371831
8,186.20000000000002,425.01272302131133
8,186.3,425.4795889138543
8,186.4,411.6302286424386
8,186.5,411.62867565571094
8,186.60000000000002,425.0560434321388
8,186.70000000000002,426.77713780583883
8,186.8,415.96752302303565
8,186.9,430.96014943155916
8,187.0,449.0221505920311
8,187.10000000000002,487.1548786837607
8,187.20000000000002,420.97740632039313
8,187.3,438.6913546111835
8,187.4,453.457681367982
8,187.5,422.97030185271234
8,187.60000000000002,419.9061789318985
8,187.70000000000002,438.68740797454967
8,187.8,433.85882259607257
8,187.9,436.150838367433
8,188.0,429.9105541369401
8,188.10000000000002,404.72309960468436
8,188.20000000000002,430.17561640863977
8,188.3,430.7961965938828
8,188.4,417.7019909698545
8,188.5,421.1936050860705
8,188.60000000000002,421.9874885323548
8,188.70000000000002,420.0047466230769
8,188.8,426.5039837696412
8,188.9,426.5425807199515
8,189.0,424.6439691703542
8,189.10000000000002,428.1762903633634
8,189.20000000000002,423.87770806645204
8,189.3,417.1804204727629
8,189.4,415.2342686959389
8,189.5,427.97966014068663
8,189.60000000000002,432.8069388429098
8,189.70000000000002,424.5905333001347
8,189.8,424.79778021912114
8,189.9,429.5570683640938
8,190.0,428.09124064141815
8,190.10000000000002,426.5348105328378
8,190.20000000000002,426.67249111808326
8,190.3,419.2477206597231
8,190.4,432.6072877855865
8,190.5,468.9739879688032
8,190.60000000000002,435.1071880012674
8,190.70000000000002,432.77062329022624
8,190.8,430.9183229744971
8,190.9,435.6277684151577
8,191.0,430.3522877012636
8,191.10000000000002,432.6464856592764
8,191.20000000000002,431.94132234551955
8,191.3,418.2701016277439
8,191.4,430.8402283293307
8,191.5,436.93651372526597
8,191.60000000000002,429.61518924131605
8,191.70000000000002,428.08634850624486
8,191.8,423.96797115493854
8,191.9,422.7119784480339
8,192.0,446.9681292745225
8,192.10000000000002,485.59820484478695
8,192.20000000000002,425.88983894009516
8,192.3,429.80969747633264
8,192.4,428.77412230003546
8,192.5,423.1017640011152
8,192.60000000000002,428.27148240878404
8,192.70000000000002,427.4275500990781
8,192.8,426.10713910954604
8,192.9,425.5696013801518
8,193.0,425.9093052504158
8,193.10000000000002,421.6263668140466
8,193.20000000000002,419.686440310249
8,193.3,418.326503342412
8,193.4,418.97666143449464
8,193.5,421.86130646310454
8,193.60000000000002,426.7008348643901
8,193.70000000000002,419.3894658693675
8,193.8,419.0757017216119
8,193.9,422.4211275842757
8,194.0,422.21095433987983
8,194.10000000000002,430.68180854912447
8,194.20000000000002,422.76472805081966
8,194.3,420.80813765899615
8,194.4,425.80141714340186
8,194.5,485.58885225000654
8,194.60000000000002,627.4030966284604
8,194.70000000000002,430.80398191306136
8,194.8,424.0913863914629
8,194.9,429.1198832990194
8,195.0,416.8778624246713
8,195.10000000000002,414.9315633731716
8,195.20000000000002,426.2621941156805
8,195.3,413.34392281341684
8,195.4,427.61376739082067
8,195.5,407.92956246887337
8,195.60000000000002,431.52465605328126
8,195.70000000000002,428.3935682820895
8,195.8,414.34034307017293
8,195.9,431.9242970049493
8,196.0,433.5956495521406
8,196.10000000000002,434.6283885318019
8,196.20000000000002,421.1025873041272
8,196.3,416.40787999304405
8,196.4,428.6439918396814
8,196.5,424.6274606652417
8,196.60000000000002,423.65552291107895
8,196.70000000000002,427.44938691956435
8,196.8,416.90850065600927
8,196.9,420.5011069437165
8,197.0,422.43714960196525
8,197.10000000000002,421.58526441185273
8,197.20000000000002,423.52548650560124
8,197.3,425.45266436989783
8,197.4,427.326388259095
8,197.5,430.18300394602335
8,197.60000000000002,429.17920593053924
8,197.70000000000002,415.5103858621248
8,197.8,418.3164814720378
8,197.9,416.18299875520677
8,198.0,421.1688103779003
8,198.10000000000002,422.96595432008036
8,198.20000000000002,419.52053286185134
8,198.3,421.7001020497443
8,198.4,419.67145599471985
8,198.5,423.18844686833546
8,198.60000000000002,419.4873031746898
8,198.70000000000002,420.5288608372013
8,198.8,428.1762342571739
8,198.9,425.03037673985233
8,199.0,421.8856068084011
8,199.10000000000002,420.9894995389142
8,199.20000000000002,417.31063850527494
8,199.3,424.26181727164163
8,199.4,420.48124340006115
8,199.5,416.7339556282601
8,199.60000000000002,420.8905076460048
8,199.70000000000002,417.8206034614162
8,199.8,424.7128240370203
8,199.9,425.18758303506564
8,200.0,425.7435899719776
8,200.10000000000002,415.11720314205166
8,200.20000000000002,413.8449206143498
8,200.3,421.0723953026715
8,200.4,424.9375823695222
8,200.5,417.930528384883
8,200.60000000000002,422.2158536040907
8,200.70000000000002,423.5540000743474
8,200.8,431.3990225175909
8,200.9,426.7697051307956
8,201.0,425.74037151060963
8,201.10000000000002,426.8380514910842
8,201.20000000000002,425.5182770941305
8,201.3,424.2556959726825
8,201.4,424.18454111061885
8,201.5,424.83577948444224
8,201.60000000000002,415.4866340200041
8,201.70000000000002,423.7284212436622
8,201.8,423.94772657657614
8,201.9,413.2702596430946
8,202.0,415.7295827457615
8,202.10000000000002,423.013883467967
8,202.20000000000002,421.2228393313612
8,202.3,411.6017003648157
8,202.4,449.54674473116427
8,202.5,557.7021092013869
8,202.60000000000002,421.2008171586502
8,202.70000000000002,414.54856392369237
8,202.8,417.5995403529506
8,202.9,418.2269061191815
8,203.0,422.5149386129413
8,203.10000000000002,414.75103080233555
8,203.20000000000002,419.61475112280317
8,203.3,421.0037530320906
8,203.4,423.9550297666706
8,203.5,424.0021670296572
8,203.60000000000002,421.09904535646365
8,203.70000000000002,424.4669640309176
8,203.8,412.7281328540547
8,203.9,410.1360344183393
8,204.0,420.26495359598914
8,204.10000000000002,421.53352354612616
8,204.20000000000002,418.38077569743325
8,204.3,416.17553775988017
8,204.4,419.1254901239572
8,204.5,423.6742048096307
8,204.60000000000002,420.37729541633126
8,204.70000000000002,413.84328934109834
8,204.8,415.2158286055378
8,204.9,419.46178833871085
8,205.0,421.56092015698385
8,205.10000000000002,420.1106576794099
8,205.20000000000002,411.2815087422333
8,205.3,419.27490859385483
8,205.4,423.5241341935453
8,205.5,423.81487719461285
8,205.60000000000002,423.1960053490631
8,205.70000000000002,411.5616888594486
8,205.8,418.53324945276813
8,205.9,423.64511057697115
8,206.0,422.5540792018339
8,206.10000000000002,419.2139235603883
8,206.20000000000002,417.0322374709298
8,206.3,419.6423246271409
8,206.4,417.13896593647775
8,206.5,419.0010879606353
8,206.60000000000002,418.845267416631
8,206.70000000000002,422.2467122147421
8,206.8,419.6478517916801
8,206.9,420.4180137400068
8,207.0,419.58059103180904
8,207.10000000000002,422.91884344158416
8,207.20000000000002,419.8344800754923
8,207.3,434.22336973790965
8,207.4,422.72273409315125
8,207.5,424.7010642013611
8,207.60000000000002,426.5387255095118
8,207.70000000000002,428.125579805132
8,207.8,421.9584234424512
8,207.9,417.27431714987654
8,208.0,418.1111334345266
8,208.10000000000002,415.7703866538616
8,208.20000000000002,413.02779776259797
8,208.3,417.40762708554206
8,208.4,421.6645004415474
8,208.5,455.78201209306536
8,208.60000000000002,425.94006404439534
8,208.70000000000002,416.93453820780337
8,208.8,413.10472142864757
8,208.9,411.21671874195783
8,209.0,418.4298139940524
8,209.10000000000002,414.8864643505127
8,209.20000000000002,420.36114807512786
8,209.3,424.0985919697459
8,209.4,415.3401638786363
8,209.5,418.95417688870884
8,209.60000000000002,408.67315886650607
8,209.70000000000002,411.5802086124621
8,209.8,420.4684893215095
8,209.9,428.9767058622531
8,210.0,419.014834245087
8,210.10000000000002,427.09001052265165
8,210.20000000000002,417.30066839318886
8,210.3,412.707414456178
8,210.4,413.92566108517804
8,210.5,412.0938826998549
8,210.60000000000002,419.9155230596221
8,210.70000000000002,419.1105771035656
8,210.8,421.01350891125463
8,210.9,426.93794719159126
8,211.0,447.3660920834098
8,211.10000000000002,410.45199452987407
8,211.20000000000002,422.91537505176694
8,211.3,416.2023379556345
8,211.4,409.21844735048745
8,211.5,418.54591162411657
8,211.60000000000002,416.60172312777024
8,211.70000000000002,417.3793550011442
8,211.8,419.00502665424364
8,211.9,415.6619153146496
8,212.0,412.54082645402036
8,212.10000000000002,412.673336670768
8,212.20000000000002,423.0005361723112
8,212.3,419.65824423612577
8,212.4,417.4671663688898
8,212.5,421.05135668381536
8,212.60000000000002,412.11259803937526
8,212.70000000000002,413.61685307604535
8,212.8,405.8794680475898
8,212.9,407.8472196236634
8,213.0,414.08129998903877
8,213.10000000000002,407.458547010845
8,213.20000000000002,410.7643796699274
8,213.3,415.5367005268536
8,213.4,413.01867334273726
8,213.5,408.8875029309162
8,213.60000000000002,421.41293198351985
8,213.70000000000002,419.5265609679021
8,213.8,412.84033041458054
8,213.9,411.6771318858333
8,214.0,416.17301929881836
8,214.10000000000002,416.94353396574894
8,214.20000000000002,418.3782467937013
8,214.3,417.19207433375186
8,214.4,411.39497973274416
8,214.5,418.7528862658848
8,214.60000000000002,416.9582593564447
8,214.70000000000002,419.43456080083047
8,214.8,408.0852849983813
8,214.9,419.80061065112415
8,215.0,414.58352755883
8,215.10000000000002,411.5464128180034
8,215.20000000000002,416.95300860307674
8,215.3,410.7070764764333
8,215.4,412.68512893551735
8,215.5,414.09115255412536
8,215.60000000000002,408.8860349034869
8,215.70000000000002,410.91836840495205
8,215.8,419.2558492038033
8,215.9,414.5425704463355
8,216.0,411.12513825665513
8,216.10000000000002,418.5956092229088
8,216.20000000000002,414.6179074649996
8,216.3,421.5259385043181
8,216.4,416.13630685119546
8,216.5,418.35604861915317
8,216.60000000000002,416.0729482689461
8,216.70000000000002,423.9192716877533
8,216.8,415.43679638474293
8,216.9,427.1953061591364
8,217.0,627.6762812185765
8,217.10000000000002,769.3533484714387
8,217.20000000000002,423.73104314204943
8,217.3,428.61814260891856
8,217.4,422.02285645707076
8,217.5,426.21814891604276
8,217.60000000000002,416.5702359840764
8,217.70000000000002,428.5480346875007
8,217.8,420.4506100403414
8,217.9,420.41054017447203
8,218.0,426.3512540746495
8,218.10000000000002,423.234878887204
8,218.20000000000002,409.48636349802996
8,218.3,420.0632561327938
8,218.4,427.6379202698343
8,218.5,407.6548082447696
8,218.60000000000002,417.2850973809949
8,218.70000000000002,421.66335471981375
8,218.8,423.4313940867128
8,218.9,430.5968862120981
8,219.0,435.6297902989058
8,219.10000000000002,420.5820572275507
8,219.20000000000002,420.7248847835403
8,219.3,415.71167924625365
8,219.4,411.500886226058
8,219.5,409.4937869276685
8,219.60000000000002,412.86168782591477
8,219.70000000000002,405.3550423100417
8,219.8,422.0455264089209
8,219.9,418.31081231422513
8,220.0,419.3241004057786
8,220.10000000000002,417.41166379238445
8,220.20000000000002,417.40326823656744
8,220.3,420.5608066378664
8,220.4,414.5370693849542
8,220.5,415.7787865460359
8,220.60000000000002,416.30980135771216
8,220.70000000000002,421.41426086417744
8,220.8,416.8875321101783
8,220.9,410.6805165007465
8,221.0,421.683034610115
8,221.10000000000002,420.0885441066075
8,221.20000000000002,411.85753258166915
8,221.3,420.7673397435219
8,221.4,416.00416630313845
8,221.5,418.320579799756
8,221.60000000000002,421.3316348793495
8,221.70000000000002,424.0338386054534
8,221.8,423.9108011275102
8,221.9,427.155799817001
8,222.0,438.10573735489226
8,222.10000000000002,782.1094575611625
8,222.20000000000002,415.5171942880565
8,222.3,417.9840456127156
8,222.4,428.8121948970147
8,222.5,411.9643322864891
8,222.60000000000002,419.0987991755514
8,222.70000000000002,415.01554428681186
8,222.8,422.94180868273935
8,222.9,420.07035593297826
8,223.0,411.38575271758555
8,223.10000000000002,419.0233581586175
8,223.20000000000002,412.9702081233825
8,223.3,412.01182663508865
8,223.4,421.3135465324081
8,223.5,428.53618264545327
8,223.60000000000002,410.5260704778442
8,223.70000000000002,418.1063810831372
8,223.8,427.764482256957
8,223.9,421.77321576149444
8,224.0,412.5192210782398
8,224.10000000000002,419.4021912572979
8,224.20000000000002,414.0794695853149
8,224.3,419.567786238676
8,224.4,416.22439276427525
8,224.5,412.79316360335287
8,224.60000000000002,408.63033260329036
8,224.70000000000002,417.8717017152844
8,224.8,413.6859736524455
8,224.9,406.6930177136896
8,225.0,410.1902912859393
8,225.10000000000002,412.5437593584192
8,225.20000000000002,414.7013056664915
8,225.3,416.3836623748497
8,225.4,409.99057540791455
8,225.5,414.8652498320221
8,225.60000000000002,417.58453017882266
8,225.70000000000002,426.61401394005395
8,225.8,411.1335746680964
8,225.9,412.09471418176264
8,226.0,411.3904970602885
8,226.10000000000002,423.8376124816823
8,226.20000000000002,419.53820072334804
8,226.3,428.6650440163621
8,226.4,413.37955433660744
8,226.5,419.82272861326004
8,226.60000000000002,420.81930130449234
8,226.70000000000002,414.6563989387996
8,226.8,419.4665589309575
8,226.9,413.14656703256435
8,227.0,421.79527107030026
8,227.10000000000002,415.45121215127836
8,227.20000000000002,424.15928881169214
8,227.3,415.6747114291097
8,227.4,419.7392266553887
8,227.5,416.4978637192093
8,227.60000000000002,423.42799614916976
8,227.70000000000002,411.9007154976629
8,227.8,413.29369758114024
8,227.9,407.8225583728074
8,228.0,418.4053752942522
8,228.10000000000002,405.7905955784173
8,228.20000000000002,404.32938967525274
8,228.3,408.94417894654123
8,228.4,412.98346927012
8,228.5,416.74027708363116
8,228.60000000000002,416.67255922811825
8,228.70000000000002,420.9367216753579
8,228.8,413.03312754820683
8,228.9,407.8176859475146
8,229.0,407.20829597438245
8,229.10000000000002,421.0814698753685
8,229.20000000000002,432.94216319602464
8,229.3,414.7477520924878
8,229.4,425.58496599181507
8,229.5,538.8370324424525
8,229.60000000000002,419.7010414101722
8,229.70000000000002,427.5802087961707
8,229.8,415.7000386283268
8,229.9,410.1076387198232
8,230.0,412.41829654480597
8,230.10000000000002,428.69871950535435
8,230.20000000000002,425.44743801561447
8,230.3,420.90374831472485
8,230.4,423.72836834264956
8,230.5,422.4666257973052
8,230.60000000000002,419.4293201124638
8,230.70000000000002,418.7624489321696
8,230.8,420.091929292659
8,230.9,413.79446171639364
8,231.0,418.1109944578405
8,231.10000000000002,419.21393660331205
8,231.20000000000002,421.7798719519869
8,231.3,423.5369083508858
8,231.4,423.52231215954623
8,231.5,454.63413455994134
8,231.60000000000002,416.5081075893768
8,231.70000000000002,423.94902418119506
8,231.8,413.104799888491
8,231.9,415.44410334546063
8,232.0,409.6138656164814
8,232.10000000000002,419.7776556506245
8,232.20000000000002,421.4592556487435
8,232.3,424.8228091623942
8,232.4,430.67606461998827
8,232.5,419.09080450167517
8,232.60000000000002,424.0711440302721
8,232.70000000000002,423.7536811000282
8,232.8,424.07540347847225
8,232.9,424.58811425916264
8,233.0,425.0811621960373
8,233.10000000000002,420.0639919330879
8,233.20000000000002,413.0928029265931
8,233.3,418.73227017256227
8,233.4,416.2489192958227
8,233.5,447.130644531869
8,233.60000000000002,432.93653296200085
8,233.70000000000002,418.7424213921368
8,233.8,428.10726601423636
8,233.9,433.52099774770085
8,234.0,420.2291833124437
8,234.10000000000002,423.0934662542749
8,234.20000000000002,420.85311538516487
8,234.3,418.5396098072993
8,234.4,414.4445381522791
8,234.5,423.0590629691231
8,234.60000000000002,421.7612590988481
8,234.70000000000002,422.1913828458414
8,234.8,426.6075869722439
8,234.9,431.04759824789056
8,235.0,431.45908137977705
8,235.10000000000002,422.1596922499884
8,235.20000000000002,415.88757057210086
8,235.3,414.1705890684234
8,235.4,423.0126561290143
8,235.5,421.4494112671089
8,235.60000000000002,423.08660786720907
8,235.70000000000002,424.75866864697196
8,235.8,423.4463359482636
8,235.9,427.8098346405885
8,236.0,417.5774831096703
8,236.10000000000002,421.8134774434308
8,236.20000000000002,413.2020304620597
8,236.3,413.71363332435794
8,236.4,413.0887296608978
8,236.5,415.36258122179385
8,236.60000000000002,409.29684373917155
8,236.70000000000002,426.1570237710377
8,236.8,418.55540830527406
8,236.9,429.90445437601187
8,237.0,428.1529395194342
8,237.10000000000002,413.68131944212445
8,237.20000000000002,438.29030559663784
8,237.3,423.534880930264
8,237.4,414.6092519231956
8,237.5,421.9200881397693
8,237.60000000000002,411.6429017075785
8,237.70000000000002,418.57303710968904
8,237.8,425.9037068539902
8,237.9,417.645747429121
8,238.0,421.9713744692208
8,238.10000000000002,422.1912678485646
8,238.20000000000002,423.0781070532342
8,238.3,415.70004589019305
8,238.4,418.9652894941896
8,238.5,424.93646471556804
8,238.60000000000002,431.9126200990816
8,238.70000000000002,422.36375059368896
8,238.8,422.7600786438837
8,238.9,427.5964666126552
8,239.0,418.17273162211495
8,239.10000000000002,421.3245875971919
8,239.20000000000002,423.68056273858525
8,239.3,420.51086089405675
8,239.4,430.73865301707866
8,239.5,422.17209195750127
8,239.60000000000002,423.68996546312445
8,239.70000000000002,424.0622210123241
8,239.8,433.44210647014506
8,239.9,418.9511882267437
8,240.0,420.65275282946936
8,240.10000000000002,422.5250238938057
8,240.20000000000002,424.3809106194694
8,240.3,426.37246953190174
8,240.4,433.1863899110772
8,240.5,437.59596099455547
8,240.60000000000002,428.8016596405761
8,240.70000000000002,422.7586500360985
8,240.8,419.8742260320286
8,240.9,421.36381752337576
8,241.0,426.5469667500655
8,241.10000000000002,427.3916530237613
8,241.20000000000002,429.6842468899526
8,241.3,427.521244645648
8,241.4,446.2757108065619
8,241.5,448.37736193475985
8,241.60000000000002,746.8759841291125
8,241.70000000000002,441.83207358853974
8,241.8,425.47179772199786
8,241.9,424.80816000705323
8,242.0,424.18982306546735
8,242.10000000000002,423.57268296419835
8,242.20000000000002,423.7418046448687
8,242.3,425.33862994421787
8,242.4,420.96895218254275
8,242.5,417.60922807974856
8,242.60000000000002,427.63927840141685
8,242.70000000000002,426.18127220417864
8,242.8,759.9505394036696
8,242.9,449.7692294263084
8,243.0,430.61189721349837
8,243.10000000000002,422.6459652426657
8,243.20000000000002,423.9704548745446
8,243.3,425.0424302307074
8,243.4,423.52307199401463
8,243.5,417.1234568013611
8,243.60000000000002,420.8627433222779
8,243.70000000000002,430.50646486902696
8,243.8,420.41907706483977
8,243.9,418.29239777865143
8,244.0,421.2410114491176
8,244.10000000000002,410.43223629119615
8,244.20000000000002,428.88613492667116
8,244.3,427.6927387829698
8,244.4,422.52174538331917
8,244.5,418.03915558547396
8,244.60000000000002,434.9483445293051
8,244.70000000000002,424.8303851080844
8,244.8,424.73318680703335
8,244.9,419.23289225853154
8,245.0,417.83536198092276
8,245.10000000000002,422.7529346011712
8,245.20000000000002,432.11335822610636
8,245.3,418.5153338270599
8,245.4,428.6136244131552
8,245.5,422.5771002239909
8,245.60000000000002,427.1650847251589
8,245.70000000000002,423.10612020969273
8,245.8,431.46048042463053
8,245.9,424.9823343652819
8,246.0,425.95800729140853
8,246.10000000000002,419.9113333873436
8,246.20000000000002,424.5032023990802
8,246.3,441.1933115335695
8,246.4,429.1548266652679
8,246.5,422.52348217170635
8,246.60000000000002,425.5867673342667
8,246.70000000000002,430.0966344135832
8,246.8,416.02705049545114
8,246.9,428.0121405527503
8,247.0,433.41689592660987
8,247.10000000000002,431.93583079621175
8,247.20000000000002,428.39948146328265
8,247.3,411.16723479043804
8,247.4,423.8905861215357
8,247.5,436.46199475833544
8,247.60000000000002,430.16943148281655
8,247.70000000000002,421.79092197848394
8,247.8,432.74359387584576
8,247.9,430.414301118616
8,248.0,434.067434774943
8,248.10000000000002,433.5330683567102
8,248.20000000000002,428.56464639063654
8,248.3,429.64357689996564
8,248.4,431.6123830715238
8,248.5,430.8452455782524
8,248.60000000000002,425.882987632127
8,248.70000000000002,423.01018587332027
8,248.8,430.7004005099303
8,248.9,428.18346589525936
8,249.0,428.0937818284927
8,249.10000000000002,425.77404828853156
8,249.20000000000002,422.0951121918667
8,249.3,432.3927297374078
8,249.4,430.82713002054
8,249.5,425.3086322962808
8,249.60000000000002,426.6969219087474
8,249.70000000000002,431.7378818614191
8,249.8,420.6371746196943
8,249.9,425.4488019910981
8,250.0,422.27000596910364
8,250.10000000000002,430.9572755820764
8,250.20000000000002,427.84876214515924
8,250.3,425.7619081910179
8,250.4,423.9294418822542
8,250.5,429.49475466087154
8,250.60000000000002,421.0666906488786
8,250.70000000000002,424.6046407389415
8,250.8,418.78955319711537
8,250.9,418.6727183839472
8,251.0,441.8582982533469
8,251.10000000000002,412.67359619741165
8,251.20000000000002,416.880219429515
8,251.3,434.83665467428995
8,251.4,431.3781875390608
8,251.5,407.21559829387724
8,251.60000000000002,433.42998225442454
8,251.70000000000002,425.4034623761505
8,251.8,425.27921021333594
8,251.9,425.2430436432782
8,252.0,425.68754346256753
8,252.10000000000002,426.3716250586151
8,252.20000000000002,426.50946489750305
8,252.3,421.69593259305617
8,252.4,418.9951992146134
8,252.5,422.0031138357646
8,252.60000000000002,419.243183200369
8,252.70000000000002,421.8250318392815
8,252.8,418.25656020502214
8,252.9,427.35851763735985
8,253.0,420.8533803909327
8,253.10000000000002,425.76931544862447
8,253.20000000000002,421.389592969153
8,253.3,415.4291103783514
8,253.4,421.63515493271933
8,253.5,417.41061255179676
8,253.60000000000002,418.7921611406464
8,253.70000000000002,415.91627885575343
8,253.8,420.12542860901016
8,253.9,429.1217860321596
8,254.0,414.8140955326591
8,254.10000000000002,421.2637638829273
8,254.20000000000002,417.70250056869395
8,254.3,415.5984529626636
8,254.4,425.68540421441946
8,254.5,416.6195745514333
8,254.60000000000002,424.2872998162835
8,254.70000000000002,423.39869145406027
8,254.8,407.95945797847173
8,254.9,408.7840851138765
8,255.0,411.70074652300406
8,255.10000000000002,417.6259823118179
8,255.20000000000002,420.44568889947953
8,255.3,418.80718825435684
8,255.4,419.6078737846867
8,255.5,425.3742285738113
8,255.60000000000002,417.1490435966941
8,255.70000000000002,420.99799996139944
8,255.8,425.845022463836
8,255.9,431.76877149297474
8,256.0,430.7105216537684
8,256.1,417.73232568154896
8,256.2,414.9636309622954
8,256.3,413.9641983148603
8,256.40000000000003,417.9117753731359
8,256.5,417.8664145626626
8,256.6,422.113560193218
8,256.7,421.71502812108344
8,256.8,422.1078094745195
8,256.90000000000003,427.59642342625483
8,257.0,422.94221538912444
8,257.1,414.11263846454233
8,257.2,409.36508253229266
8,257.3,417.75507498504965
8,257.40000000000003,418.2428109398488
8,257.5,411.2587605704278
8,257.6,412.1615132784359
8,257.7,413.0905809324365
8,257.8,415.17940024065985
8,257.90000000000003,417.1699999699772
8,258.0,415.40546598168567
8,258.1,427.2071840647393
8,258.2,419.4953168408148
8,258.3,419.218540450172
8,258.40000000000003,414.5443273474173
8,258.5,423.1833429457091
8,258.6,421.92028578657994
8,258.7,418.5805041836133
8,258.8,417.5902903711539
8,258.90000000000003,458.1470895966273
8,259.0,421.040710575095
8,259.1,411.425070410521
8,259.2,407.68625084653735
8,259.3,412.73074670891884
8,259.40000000000003,420.27326959057905
8,259.5,414.61350188105627
8,259.6,414.3655805098761
8,259.7,420.3820138410836
8,259.8,420.39015240046683
8,259.90000000000003,424.07489887614906
8,260.0,418.25802832807193
8,260.1,423.8539182220419
8,260.2,416.72598917189373
8,260.3,422.41214013209407
8,260.40000000000003,416.52749818801874
8,260.5,414.54603025934887
8,260.6,408.29537776708094
8,260.7,417.16435404434844
8,260.8,414.5749277333022
8,260.90000000000003,418.89282627306835
8,261.0,413.9045967605895
8,261.1,419.169622138092
8,261.2,412.1005563745031
8,261.3,418.79163737541126
8,261.40000000000003,416.58027529534957
8,261.5,423.68226807346616
8,261.6,412.2825276087092
8,261.7,413.6521669845395
8,261.8,417.5758118123637
8,261.90000000000003,411.4156211059799
8,262.0,410.9112132612772
8,262.1,411.6230585168136
8,262.2,417.82878597306336
8,262.3,413.8195044268319
8,262.40000000000003,407.2833270733242
8,262.5,414.9502684415538
8,262.6,418.9824165467426
8,262.7,414.70214486176434
8,262.8,415.68811074800783
8,262.90000000000003,419.1302595243837
8,263.0,417.5348405346485
8,263.1,421.0374161176815
8,263.2,414.9708709717702
8,263.3,410.2178043787164
8,263.40000000000003,412.5433602454234
8,263.5,413.98450856108076
8,263.6,414.4701658415359
8,263.7,413.0743205028619
8,263.8,419.04228610478447
8,263.90000000000003,420.9848641552595
8,264.0,416.4872885228012
8,264.1,410.85531462950166
8,264.2,416.0687076945063
8,264.3,414.7512261728203
8,264.40000000000003,413.53818194654565
8,264.5,421.3302429137836
8,264.6,418.2646618713013
8,264.7,421.4459800887333
8,264.8,414.30987394771654
8,264.90000000000003,422.76968800619954
8,265.0,417.0191859877195
8,265.1,421.98896955438306
8,265.2,419.37202066421776
8,265.3,420.6068743703509
8,265.40000000000003,418.92172083187296
8,265.5,416.53278411787693
8,265.6,421.51753408771015
8,265.7,413.0804567918427
8,265.8,416.7967731828382
8,265.90000000000003,418.6348098614406
8,266.0,418.2169660357037
8,266.1,417.9210563495524
8,266.2,422.3617639840639
8,266.3,416.16342068240544
8,266.40000000000003,420.33680279878826
8,266.5,416.45720507993997
8,266.6,427.46723596133523
8,266.7,413.3419680749945
8,266.8,412.6417582342672
8,266.90000000000003,416.9238427174417
8,267.0,419.62822094236844
8,267.1,409.69795268024706
8,267.2,409.047410766954
8,267.3,418.33773251079526
8,267.40000000000003,417.4994714511727
8,267.5,413.2918406944272
8,267.6,412.1291542264847
8,267.7,412.96086305009294
8,267.8,418.1811467623541
8,267.90000000000003,418.36661927434625
8,268.0,419.2124224804077
8,268.1,415.7140270767944
8,268.2,416.89307498379776
8,268.3,406.2573946016254
8,268.40000000000003,409.03183943615903
8,268.5,413.6167478764341
8,268.6,410.6150977368568
8,268.7,410.779024400321
8,268.8,409.75865963076257
8,268.90000000000003,414.70362435613265
8,269.0,420.8320630005123
8,269.1,419.6928844188605
8,269.2,416.7410504904295
8,269.3,413.80782051117063
8,269.40000000000003,420.2024181713371
8,269.5,414.47625287591853
8,269.6,414.50838553591655
8,269.7,417.4491674530647
8,269.8,433.0508915290041
8,269.90000000000003,424.7956081562478
8,270.0,417.83758254067345
8,270.1,419.89799959683273
8,270.2,414.2246760029842
8,270.3,416.3561518497873
8,270.40000000000003,416.4771942888728
8,270.5,424.7185435429568
8,270.6,419.55118743167094
8,270.7,418.20280084446284
8,270.8,415.30333121865044
8,270.90000000000003,419.08907022501165
8,271.0,414.94802276507227
8,271.1,421.459959736561
8,271.2,417.335348983765
8,271.3,417.76771301289597
8,271.40000000000003,428.1018021383256
8,271.5,421.4560772346585
8,271.6,420.28658865990485
8,271.7,421.07599255616236
8,271.8,412.90206814193755
8,271.90000000000003,417.66592455895704
8,272.0,410.96636365044344
8,272.1,415.9689285966197
8,272.2,413.74514005361226
8,272.3,415.50529695670036
8,272.40000000000003,422.6080027192044
8,272.5,420.1391250530148
8,272.6,415.7801432954309
8,272.7,418.87784633017077
8,272.8,415.82288326598047
8,272.90000000000003,411.1022247508789
8,273.0,416.964330318424
8,273.1,413.77212716758163
8,273.2,411.5860318475861
8,273.3,408.68323381202526
8,273.40000000000003,413.62191402252876
8,273.5,418.4880783017272
8,273.6,414.914140722331
8,273.7,428.2841247670288
8,273.8,417.6207957445062
8,273.90000000000003,407.93724454017564
8,274.0,413.7773708507176
8,274.1,420.15337703943163
8,274.2,409.5928861386156
8,274.3,410.84246870300376
8,274.40000000000003,410.385373162101
8,274.5,404.91927937872424
8,274.6,417.7800029710822
8,274.7,420.7386634590553
8,274.8,418.60915461998644
8,274.90000000000003,415.60892497024446
8,275.0,412.319425662788
8,275.1,419.81274797268566
8,275.2,415.40957897909885
8,275.3,411.3335282145127
8,275.40000000000003,414.32809590194177
8,275.5,412.9922620363288
8,275.6,421.8777558672879
8,275.7,414.5799287658585
8,275.8,422.40754664967113
8,275.90000000000003,420.60525873539086
8,276.0,411.8350847340504
8,276.1,406.1739662681713
8,276.2,414.11874941488907
8,276.3,415.2069654039162
8,276.40000000000003,413.77141505160057
8,276.5,416.44376759137026
8,276.6,410.4533799046826
8,276.7,428.2156016794517
8,276.8,416.99106482757355
8,276.90000000000003,415.45104872206895
8,277.0,420.0723626071976
8,277.1,420.1100501826462
8,277.2,415.28135831302
8,277.3,414.9656633827386
8,277.40000000000003,416.9132239995432
8,277.5,417.0063005558746
8,277.6,419.723822535937
8,277.7,417.5444822361058
8,277.8,412.95835182246566
8,277.90000000000003,417.8932281454047
8,278.0,413.92906640489116
8,278.1,417.4089818779651
8,278.2,415.75261126955934
8,278.3,415.14145622164625
8,278.40000000000003,416.62473558975586
8,278.5,413.9053629709406
8,278.6,410.5409499915409
8,278.7,413.6427023864887
8,278.8,413.612814797924
8,278.90000000000003,417.21666486478955
8,279.0,412.7121703965992
8,279.1,412.8511496029002
8,279.2,414.0381866713052
8,279.3,420.7644686123466
8,279.40000000000003,419.8044283440347
8,279.5,420.21614934637876
8,279.6,415.9790914282567
8,279.7,423.55639360211444
8,279.8,421.76879878905055
8,279.90000000000003,416.123684277621
8,280.0,420.1472801578394
8,280.1,418.2472872564706
8,280.2,415.7710326204599
8,280.3,411.1443788865424
8,280.40000000000003,412.8700596148363
8,280.5,412.90825457088596
8,280.6,414.8433269703223
8,280.7,420.82684146279195
8,280.8,413.45472189140287
8,280.90000000000003,412.4834996439988
8,281.0,416.3402482086988
8,281.1,422.2976027760385
8,281.2,421.78896746865973
8,281.3,406.71171661900723
8,281.40000000000003,415.04937967417374
8,281.5,421.174822222487
8,281.6,421.6626187349881
8,281.7,416.58986515688827
8,281.8,410.21385761472715
8,281.90000000000003,410.41880706138113
8,282.0,412.0743196209393
8,282.1,417.66088048055366
8,282.2,419.57339527910295
8,282.3,420.69213587376646
8,282.40000000000003,419.5224862266652
8,282.5,418.3893537947945
8,282.6,416.705285055937
8,282.7,412.8406446465128
8,282.8,412.62340962577315
8,282.90000000000003,414.98946114968805
8,283.0,416.118558116513
8,283.1,416.60472070194174
8,283.2,421.7002713271405
8,283.3,416.97095450052785
8,283.40000000000003,419.1110421182079
8,283.5,419.95254996533083
8,283.6,421.3033054363164
8,283.7,415.5166741628196
8,283.8,413.43691673497017
8,283.90000000000003,418.6518483460475
8,284.0,422.62760455458425
8,284.1,489.6856180345857
8,284.2,451.430365451489
8,284.3,419.6689299573248
8,284.40000000000003,420.0520134577453
8,284.5,418.2840635913077
8,284.6,424.10369986657236
8,284.7,559.624136613193
8,284.8,486.8869490189886
8,284.90000000000003,427.0258539555689
8,285.0,422.9867678178283
8,285.1,417.66920835626587
8,285.2,417.6291846351061
8,285.3,427.21405481661304
8,285.40000000000003,431.7912227740611
8,285.5,423.0566162733899
8,285.6,423.1010059357262
8,285.7,416.5618420173047
8,285.8,417.6349140999317
8,285.90000000000003,419.35664160144086
8,286.0,425.6569028830117
8,286.1,422.27117015756625
8,286.2,420.8955477532987
8,286.3,419.3922106322849
8,286.40000000000003,419.12188954504114
8,286.5,424.2572531571674
8,286.6,415.8892634438633
8,286.7,418.71112188528156
8,286.8,420.9674531570405
8,286.90000000000003,423.4025082376279
8,287.0,416.8422140236173
8,287.1,414.7728157388726
8,287.2,418.1957958292624
8,287.3,421.4156888019456
8,287.40000000000003,424.30393903753986
8,287.5,426.27595779175135
8,287.6,420.8600183857743
8,287.7,414.9753336588091
8,287.8,415.71108244146797
8,287.90000000000003,418.09876251066356
8,288.0,421.00786247411725
8,288.1,423.7333784264957
8,288.2,428.83093948832493
8,288.3,424.26698068073085
8,288.40000000000003,423.8094084692911
8,288.5,426.44498547229915
8,288.6,639.7760607757426
8,288.7,532.6781739403043
8,288.8,426.66743042992294
8,288.90000000000003,423.2418982179317
8,289.0,424.1246385889832
8,289.1,421.22688790222537
8,289.2,434.0165126223839
8,289.3,426.8584867433569
8,289.40000000000003,418.461562523231
8,289.5,424.31221608387443
8,289.6,419.04987245637534
8,289.7,417.7461614666478
8,289.8,418.0582983096402
8,289.90000000000003,418.83471944872093
8,290.0,415.8999607460958
8,290.1,418.16878143277677
8,290.2,427.10240689194933
8,290.3,422.6948651151362
8,290.40000000000003,426.72749504979214
8,290.5,424.7773676663315
8,290.6,417.3929028366633
8,290.7,419.155395985893
8,290.8,423.343812997832
8,290.90000000000003,421.1715572116147
8,291.0,416.4307810429951
8,291.1,423.3699900814463
8,291.2,425.5739802350618
8,291.3,422.2929132176489
8,291.40000000000003,424.9419008649508
8,291.5,420.2134351615778
8,291.6,420.4677017839668
8,291.7,420.7454389580685
8,291.8,422.9242819848461
8,291.90000000000003,409.34141094078706
8,292.0,418.22878820406635
8,292.1,426.87917722920895
8,292.2,423.3553399179373
8,292.3,418.27013589325014
8,292.40000000000003,417.83678038262764
8,292.5,417.8213373952163
8,292.6,415.01886641759666
8,292.7,414.00422884937484
8,292.8,412.5792533175443
8,292.90000000000003,415.44225929184125
8,293.0,415.90293619033775
8,293.1,418.32137563526874
8,293.2,419.07853568207014
8,293.3,419.12040654450334
8,293.40000000000003,420.80510829844843
8,293.5,421.30822390940216
8,293.6,420.0572026131703
8,293.7,435.346021582467
8,293.8,423.9351926153737
8,293.90000000000003,416.8840577967028
8,294.0,418.34320898705073
8,294.1,417.8062055109179
8,294.2,419.6841988161997
8,294.3,422.67602183334145
8,294.40000000000003,423.957438806774
8,294.5,427.074473809121
8,294.6,421.94842330418874
8,294.7,416.16379925369966
8,294.8,414.0757780401033
8,294.90000000000003,411.1716477874786
8,295.0,410.25515173697244
8,295.1,412.17207223668487
8,295.2,414.8114920976976
8,295.3,449.65778587707194
8,295.40000000000003,438.8731086880212
8,295.5,422.3282414592592
8,295.6,414.7507670805693
8,295.7,414.93590443202714
8,295.8,416.9130271292081
8,295.90000000000003,417.54345569709596
8,296.0,416.7071248236685
8,296.1,419.15978581416414
8,296.2,422.1620927743025
8,296.3,425.5700447481865
8,296.40000000000003,422.32782058217737
8,296.5,419.64363132084554
8,296.6,417.87024817499395
8,296.7,419.3175969417323
8,296.8,425.68144118085837
8,296.90000000000003,429.3736562563297
8,297.0,427.7248469742241
8,297.1,427.25544136445546
8,297.2,427.1336979160611
8,297.3,422.3999928659753
8,297.40000000000003,421.8424711974754
8,297.5,420.05130678501223
8,297.6,414.8801292991615
8,297.7,413.8333669687256
8,297.8,427.4686765934962
8,297.90000000000003,432.1391825353235
8,298.0,427.406570120382
8,298.1,415.43799478444487
8,298.2,412.58862780455775
8,298.3,418.6785974164992
8,298.40000000000003,423.3744855833475
8,298.5,420.45263317749215
8,298.6,423.1146295761177
8,298.7,427.47435357951247
8,298.8,419.9642792159688
8,298.90000000000003,416.71534557758395
8,299.0,419.1075220526213
8,299.1,421.0289949384103
8,299.2,419.90620502921115
8,299.3,417.71590641398285
8,299.40000000000003,416.47398497269546
8,299.5,415.6705231154103
8,299.6,413.80230794702874
8,299.7,411.18551491575045
8,299.8,410.92136847452394
8,299.90000000000003,416.94951175303436
8,300.0,415.3811136506605
8,300.1,415.9128843374312
8,300.2,420.8322292565189
8,300.3,420.44977743515665
8,300.40000000000003,418.3921092185295
8,300.5,416.87090323487575
8,300.6,417.34608922197964
8,300.7,418.6754711578094
8,300.8,416.4642403785484
8,300.90000000000003,418.61216901325446
8,301.0,419.5180118366316
8,301.1,422.42505482962684
8,301.2,421.9015650153447
8,301.3,418.35846288924677
8,301.40000000000003,416.0134953380287
8,301.5,414.6859883664416
8,301.6,421.37358612613735
8,301.7,423.6950954966422
8,301.8,423.07638566966335
8,301.90000000000003,422.75975379025533
8,302.0,420.51466103972535
8,302.1,418.25621142477235
8,302.2,419.6164246090721
8,302.3,422.67416754077925
8,302.40000000000003,421.5839420801314
8,302.5,422.6622914373395
8,302.6,420.31597680650964
8,302.7,420.17713524762945
8,302.8,420.7863836213446
8,302.90000000000003,421.96705371630196
8,303.0,426.1818384440537
8,303.1,425.74451778263716
8,303.2,420.7586721554974
8,303.3,420.74977419082813
8,303.40000000000003,424.23938810714066
8,303.5,421.825443142478
8,303.6,414.4545754664005
8,303.7,418.72020400834685
8,303.8,422.2464505781245
8,303.90000000000003,414.9846653429362
8,304.0,418.48753112595716
8,304.1,419.4481071718379
8,304.2,418.4060584284971
8,304.3,416.62594918646334
8,304.40000000000003,416.96729694691214
8,304.5,416.19951324822887
8,304.6,413.51339430175244
8,304.7,409.0991599258538
8,304.8,411.8799229737758
8,304.90000000000003,415.9109723855472
8,305.0,416.5166878209053
8,305.1,413.10895577596915
8,305.2,411.0610162378274
8,305.3,411.17604956172215
8,305.40000000000003,417.41216544297436
8,305.5,422.2208281881018
8,305.6,429.7734081907797
8,305.7,436.1298992361573
8,305.8,439.14110466730887
8,305.90000000000003,435.81250679274996
8,306.0,431.20105740929137
8,306.1,432.8343990579285
8,306.2,432.74799017521485
8,306.3,432.6301888509797
8,306.40000000000003,430.8409121371016
8,306.5,429.5264482009349
8,306.6,431.12651972256873
8,306.7,430.3235707330558
8,306.8,425.5441036487091
8,306.90000000000003,425.38318259154227
8,307.0,428.4256408171337
8,307.1,431.19287425531286
8,307.20000000000005,427.030903934977
8,307.3,424.21076472802685
8,307.40000000000003,421.7466659188571
8,307.5,420.23872732428197
8,307.6,421.6774577182872
8,307.70000000000005,419.26512517857526
8,307.8,424.1805962490305
8,307.90000000000003,429.46880170562974
8,308.0,428.53698197874047
8,308.1,427.31418341891595
8,308.20000000000005,430.6424581640757
8,308.3,429.97216664784224
8,308.40000000000003,423.31306034766806
8,308.5,430.79086501266477
8,308.6,436.6602067720026
8,308.70000000000005,432.17578906726317
8,308.8,427.8338035670539
8,308.90000000000003,425.12521968656057
8,309.0,429.20989997283556
8,309.1,432.7204621497196
8,309.20000000000005,429.75067611674416
8,309.3,426.27135188409915
8,309.40000000000003,431.7172533078885
8,309.5,434.7350539503031
8,309.6,432.047335662799
8,309.70000000000005,436.71157627875056
8,309.8,434.7489605325975
8,309.90000000000003,432.86472394827547
8,310.0,435.9461320705711
8,310.1,439.1591002244634
8,310.20000000000005,434.6118991843551
8,310.3,429.92355486263045
8,310.40000000000003,425.867711123181
8,310.5,435.10323851643574
8,310.6,436.75100214407666
8,310.70000000000005,414.6521427887846
8,310.8,418.19411342736214
8,310.90000000000003,428.4481124431083
8,311.0,430.0328385139788
8,311.1,432.0071240796246
8,311.20000000000005,437.02261138614864
8,311.3,426.91296265251384
8,311.40000000000003,428.79476252743916
8,311.5,435.38120704197166
8,311.6,425.56445809680895
8,311.70000000000005,428.3571339157918
8,311.8,432.3415072394015
8,311.90000000000003,431.96500015105545
8,312.0,430.15972254147965
8,312.1,426.7419208247457
8,312.20000000000005,422.0382609316744
8,312.3,428.68615330795325
8,312.40000000000003,428.5191121028733
8,312.5,426.7393917601925
8,312.6,430.1953984244754
8,312.70000000000005,429.9093304212332
8,312.8,431.9682828472303
8,312.90000000000003,428.9198690406327
8,313.0,430.12004344842376
8,313.1,428.1715650919272
8,313.20000000000005,425.9108145767286
8,313.3,433.1298916253843
8,313.40000000000003,431.1827483097194
8,313.5,428.08396598756167
8,313.6,433.68981936821484
8,313.70000000000005,431.14657293701976
8,313.8,429.6118471042369
8,313.90000000000003,430.1407888497289
8,314.0,426.55019326137204
8,314.1,432.37051571631065
8,314.20000000000005,431.81948901653635
8,314.3,426.04661828735374
8,314.40000000000003,424.6228220472691
8,314.5,422.6800365098125
8,314.6,424.5437551015457
8,314.70000000000005,427.47037763290916
8,314.8,431.17844802916636
8,314.90000000000003,424.53811414845546
8,315.0,422.95526056611556
8,315.1,437.62437359694013
8,315.20000000000005,445.166032264828
8,315.3,433.2411005492397
8,315.40000000000003,427.5305763040735
8,315.5,437.3336827651448
8,315.6,434.46179647481256
8,315.70000000000005,425.21849004508056
8,315.8,420.4000050868534
8,315.90000000000003,421.97455711304013
8,316.0,434.21258147531256
8,316.1,438.9060117397546
8,316.20000000000005,437.4597345312719
8,316.3,441.44599539205035
8,316.40000000000003,445.2973120327514
8,316.5,444.26287591293055
8,316.6,434.2737156661154
8,316.70000000000005,430.5125041913515
8,316.8,434.1321011810485
8,316.90000000000003,434.8446949606776
8,317.0,437.38934615063846
8,317.1,436.6683323071191
8,317.20000000000005,419.76001427028126
8,317.3,425.5853264057653
8,317.40000000000003,428.31590894064834
8,317.5,418.9595244290671
8,317.6,434.28784236416914
8,317.70000000000005,429.31766002410694
8,317.8,427.4141540228157
8,317.90000000000003,432.8605348950329
8,318.0,435.10076781518814
8,318.1,432.5000796508837
8,318.20000000000005,418.1915379772077
8,318.3,429.4107330983886
8,318.40000000000003,440.33045807256855
8,318.5,425.25505993533
8,318.6,416.70664704166796
8,318.70000000000005,429.1414738319543
8,318.8,437.8622283318516
8,318.90000000000003,432.99924997664607
8,319.0,429.12464628651355
8,319.1,429.91715287157
8,319.20000000000005,434.6075649797726
8,319.3,440.59373885166434
8,319.40000000000003,435.9574976138115
8,319.5,421.7618776935046
8,319.6,419.7928700804948
8,319.70000000000005,428.33834149663767
8,319.8,431.4507551031883
8,319.90000000000003,428.3854741660673
8,320.0,430.38511205339483
8,320.1,432.24393913078563
8,320.20000000000005,430.23484633780305
8,320.3,427.741725895654
8,320.40000000000003,427.4679729354939
8,320.5,432.239470018038
8,320.6,429.7087204783777
8,320.70000000000005,427.2078354409277
8,320.8,429.54989283697415
8,320.90000000000003,433.80522550599983
8,321.0,431.67481576821626
8,321.1,426.75780196250884
8,321.20000000000005,428.4494107910281
8,321.3,432.91735051181456
8,321.40000000000003,437.42521693135836
8,321.5,433.48340249627086
8,321.6,429.86544502088634
8,321.70000000000005,435.1989598916339
8,321.8,438.3912324980696
8,321.90000000000003,430.71772298864374
8,322.0,424.45270067553884
8,322.1,427.92322113723634
8,322.20000000000005,433.4441909127325
8,322.3,434.6719825999306
8,322.40000000000003,433.6181881086675
8,322.5,437.76354014254156
8,322.6,433.66012104482695
8,322.70000000000005,430.1588909798014
8,322.8,436.0310174871147
8,322.90000000000003,436.2269882516102
8,323.0,437.8987768630292
8,323.1,433.482674360206
8,323.20000000000005,429.90277591168416
8,323.3,434.2144021645634
8,323.40000000000003,439.24618771112375
8,323.5,442.6471362273808
8,323.6,445.67716857310506
8,323.70000000000005,442.66704984272735
8,323.8,435.34523957318663
8,323.90000000000003,439.6522457359378
8,324.0,441.7311100457035
8,324.1,442.6902905062612
8,324.20000000000005,446.0334996792687
8,324.3,447.0863512993669
8,324.40000000000003,448.7583682476823
8,324.5,443.5108438663127
8,324.6,435.89731033085866
8,324.70000000000005,439.1851210257603
8,324.8,442.6227469129238
8,324.90000000000003,440.7541840044609
8,325.0,438.41431250416997
8,325.1,435.3712205877518
8,325.20000000000005,446.5989357429083
8,325.3,453.589992014143
8,325.40000000000003,445.80944645035214
8,325.5,445.1363510165422
8,325.6,444.33134503061905
8,325.70000000000005,443.04513886283627
8,325.8,443.9263880824847
8,325.90000000000003,453.1862441238268
8,326.0,457.1419769438441
8,326.1,451.51844468828864
8,326.20000000000005,449.89050198800305
8,326.3,443.89812803743786
8,326.40000000000003,466.46580879073736
8,326.5,469.8707128318405
8,326.6,436.0142075054585
8,326.70000000000005,438.075976067783
8,326.8,433.03317763999667
8,326.90000000000003,428.2039783949791
8,327.0,427.1940937758387
8,327.1,431.48978682962155
8,327.20000000000005,435.12360079635437
8,327.3,479.70994865001865
8,327.40000000000003,488.5041108563724
8,327.5,433.6384913669442
8,327.6,434.31255070377085
8,327.70000000000005,431.4922753071984
8,327.8,434.3457965014277
8,327.90000000000003,433.7127868200868
8,328.0,431.39374630133983
8,328.1,433.2877023034819
8,328.20000000000005,433.2747708535771
8,328.3,434.95391450792795
8,328.40000000000003,434.88560132106164
8,328.5,428.3618734425151
8,328.6,424.75109903900085
8,328.70000000000005,427.2610634460183
8,328.8,423.8320227422077
8,328.90000000000003,420.62911451610364
8,329.0,425.27248456804097
8,329.1,424.9243736488804
8,329.20000000000005,421.947620759466
8,329.3,422.6325632801961
8,329.40000000000003,423.3413612725373
8,329.5,421.6627857204131
8,329.6,420.7339622997251
8,329.70000000000005,428.85264756145426
8,329.8,425.20282308527965
8,329.90000000000003,417.2924346386637
8,330.0,419.26064493169747
8,330.1,420.5856910453022
8,330.20000000000005,416.7045740995674
8,330.3,415.55048145391197
8,330.40000000000003,417.49490787508904
8,330.5,412.29816406579505
8,330.6,413.80010911391673
8,330.70000000000005,420.3607849659862
8,330.8,417.04650762507396
8,330.90000000000003,413.0026082408012
8,331.0,417.29866959751996
8,331.1,419.4499613399159
8,331.20000000000005,417.75874268251346
8,331.3,417.779404671323
8,331.40000000000003,415.98615922652345
8,331.5,417.0582219603732
8,331.6,426.6807180009305
8,331.70000000000005,424.65619061429436
8,331.8,415.7929082838695
8,331.90000000000003,417.1504161584518
8,332.0,419.78052542611164
8,332.1,416.14293258750394
8,332.20000000000005,417.73163459832125
8,332.3,418.4927840072816
8,332.40000000000003,415.6606665672218
8,332.5,413.8701477031735
8,332.6,419.1275846491878
8,332.70000000000005,418.2599032210918
8,332.8,408.7175981394828
8,332.90000000000003,415.66608049601217
8,333.0,420.1631000557586
8,333.1,421.20298072991216
8,333.20000000000005,416.56269894248675
8,333.3,416.88839583382014
8,333.40000000000003,419.2279877140107
8,333.5,418.2775077770577
8,333.6,416.1266739059888
8,333.70000000000005,418.0049222805489
8,333.8,417.3813749632443
8,333.90000000000003,414.0417588352182
8,334.0,414.12856502024175
8,334.1,419.5731367091698
8,334.20000000000005,418.1224953598648
8,334.3,411.82385553162317
8,334.40000000000003,416.7607265279405
8,334.5,421.62466704951083
8,334.6,414.8604803782018
8,334.70000000000005,408.9331450670574
8,334.8,419.45515691329035
8,334.90000000000003,426.12838843794793
8,335.0,420.61649016496176
8,335.1,416.11019900778643
8,335.20000000000005,421.4474429642702
8,335.3,419.1387550022031
8,335.40000000000003,414.79431633469665
8,335.5,419.6482399150743
8,335.6,420.91836465561636
8,335.70000000000005,413.5836232802489
8,335.8,412.9009124074277
8,335.90000000000003,418.14773972164073
8,336.0,422.8068988255086
8,336.1,423.37536070436806
8,336.20000000000005,420.11660044273634
8,336.3,423.40472368645385
8,336.40000000000003,417.0762549573846
8,336.5,421.3336810019444
8,336.6,422.7041715125157
8,336.70000000000005,417.84260063286274
8,336.8,412.740932926821
8,336.90000000000003,415.13853273984546
8,337.0,415.19749976886493
8,337.1,416.86020994886496
8,337.20000000000005,420.2986902150305
8,337.3,419.00462726854556
8,337.40000000000003,415.8897255612257
8,337.5,419.94356771472485
8,337.6,422.47118409724027
8,337.70000000000005,421.5064632607813
8,337.8,417.4039291906933
8,337.90000000000003,413.3404935002897
8,338.0,415.4036105226788
8,338.1,425.02005352348266
8,338.20000000000005,421.7902631723135
8,338.3,418.65091417794207
8,338.40000000000003,419.9747642236731
8,338.5,419.64801870539594
8,338.6,423.70529051219415
8,338.70000000000005,420.65764457893863
8,338.8,414.95725489096213
8,338.90000000000003,417.8516913617474
8,339.0,422.6196569128783
8,339.1,419.9800302211774
8,339.20000000000005,428.15356214656896
8,339.3,432.04497394118096
8,339.40000000000003,421.7447630837951
8,339.5,412.43684177178994
8,339.6,412.3338603479906
8,339.70000000000005,411.9858781042259
8,339.8,412.889700313823
8,339.90000000000003,415.90154271254175
8,340.0,424.423531464216
8,340.1,425.93296505621834
8,340.20000000000005,422.18011632134966
8,340.3,420.1159464017902
8,340.40000000000003,422.0055110218873
8,340.5,423.54841153202784
8,340.6,423.8698548795918
8,340.70000000000005,433.8723338321477
8,340.8,440.0575309821231
8,340.90000000000003,421.9245437243553
8,341.0,422.4056935801328
8,341.1,419.6930138581952
8,341.20000000000005,418.9972608821877
8,341.3,422.50784271577174
8,341.40000000000003,422.18651959167465
8,341.5,424.3790840672538
8,341.6,419.29345412862966
8,341.70000000000005,415.6953217221178
8,341.8,416.3600542801801
8,341.90000000000003,418.69238307225066
8,342.0,417.12843787678776
8,342.1,420.9795344386553
8,342.20000000000005,420.43484104997634
8,342.3,422.86690940982004
8,342.40000000000003,424.7222476625485
8,342.5,422.03849192808553
8,342.6,424.0246547287583
8,342.70000000000005,418.0704263596963
8,342.8,417.7069518148824
8,342.90000000000003,418.1929384075427
8,343.0,417.10607986236874
8,343.1,412.8124676602998
8,343.20000000000005,419.78170475448434
8,343.3,416.8803831987827
8,343.40000000000003,410.8960707132088
8,343.5,414.61850422955393
8,343.6,417.8947267490641
8,343.70000000000005,415.86158012457474
8,343.8,416.0811701952236
8,343.90000000000003,413.8045630098982
8,344.0,415.300489715631
8,344.1,410.9990342433766
8,344.20000000000005,413.5598949112166
8,344.3,417.03164332996624
8,344.40000000000003,421.66668981687866
8,344.5,418.85054094446537
8,344.6,408.67510084900545
8,344.70000000000005,407.40816161964403
8,344.8,411.19999293158935
8,344.90000000000003,413.8123426573937
8,345.0,413.56108146201285
8,345.1,410.8735417859426
8,345.20000000000005,415.1157426673384
8,345.3,416.8851289965615
8,345.40000000000003,417.0623756807058
8,345.5,418.20328528094893
8,345.6,420.11489710342573
8,345.70000000000005,425.0150887162169
8,345.8,426.98880529274226
8,345.90000000000003,421.5052437109478
8,346.0,417.3195437536338
8,346.1,423.204809806824
8,346.20000000000005,423.5039619011274
8,346.3,420.9104226070264
8,346.40000000000003,425.9726465876355
8,346.5,423.4859907068955
8,346.6,418.7963555721831
8,346.70000000000005,419.8218103562811
8,346.8,419.6523908284209
8,346.90000000000003,420.9338476992254
8,347.0,422.9831554144377
8,347.1,422.24549824365454
8,347.20000000000005,413.73561734522303
8,347.3,417.07997170586947
8,347.40000000000003,416.79439173342155
8,347.5,411.525850671013
8,347.6,419.53887630818974
8,347.70000000000005,421.86927515714916
8,347.8,423.73541906559217
8,347.90000000000003,420.34434362667025
8,348.0,416.2857614078815
8,348.1,416.9133195811895
8,348.20000000000005,419.2683011609248
8,348.3,463.2918204296946
8,348.40000000000003,522.6078025181636
8,348.5,422.5427307155248
8,348.6,412.2126600437507
8,348.70000000000005,417.13686966094633
8,348.8,418.76284318968715
8,348.90000000000003,416.1640340850351
8,349.0,408.89916361543794
8,349.1,410.1608755118392
8,349.20000000000005,412.5568987625887
8,349.3,410.49140509691057
8,349.40000000000003,416.38812519480314
8,349.5,425.60490430224104
8,349.6,421.4843289191559
8,349.70000000000005,418.9184414724047
8,349.8,417.087474317971
8,349.90000000000003,414.54249631230414
8,350.0,411.63085373130065
8,350.1,414.97516517499974
8,350.20000000000005,418.83055571715977
8,350.3,413.58289101549684
8,350.40000000000003,421.9540048617532
8,350.5,424.6555034938707
8,350.6,428.1534910783613
8,350.70000000000005,428.25380617153996
8,350.8,423.4491522017625
8,350.90000000000003,424.54883682476725
8,351.0,413.0536429558603
8,351.1,417.13755173365394
8,351.20000000000005,418.0463450161881
8,351.3,415.20598723225874
8,351.40000000000003,419.959918577631
8,351.5,418.36307026590384
8,351.6,413.65831172858475
8,351.70000000000005,412.8711084706417
8,351.8,414.2447139643729
8,351.90000000000003,421.45290434225313
8,352.0,421.91195420373015
8,352.1,418.7487456834718
8,352.20000000000005,416.04172090643465
8,352.3,415.48031842827146
8,352.40000000000003,420.5117982271583
8,352.5,416.1328568804017
8,352.6,422.06130101485735
8,352.70000000000005,420.5734578474159
8,352.8,414.64142912914673
8,352.90000000000003,414.01757699027456
8,353.0,417.8699573395556
8,353.1,417.22468124298297
8,353.20000000000005,410.0995363169769
8,353.3,416.90331696853644
8,353.40000000000003,425.4365829376524
8,353.5,416.545481335157
8,353.6,418.6906608959022
8,353.70000000000005,424.8583611336561
8,353.8,427.4307776767986
8,353.90000000000003,426.5862626604877
8,354.0,428.93703292387977
8,354.1,416.95884349394703
8,354.20000000000005,423.3359104406905
8,354.3,427.58205030440706
8,354.40000000000003,411.6487111199003
8,354.5,411.18292245078857
8,354.6,416.474712178792
8,354.70000000000005,421.41604867325066
8,354.8,421.47534137206145
8,354.90000000000003,418.58732051689105
8,355.0,420.5684797945018
8,355.1,420.32572158488847
8,355.20000000000005,424.7148354176887
8,355.3,420.6226295330244
8,355.40000000000003,413.98244813363186
8,355.5,417.26565827837925
8,355.6,419.3098235878337
8,355.70000000000005,422.243903960444
8,355.8,420.32442795543164
8,355.90000000000003,419.782352043919
8,356.0,414.83844165332266
8,356.1,416.00794424206106
8,356.20000000000005,454.257720778397
8,356.3,511.7257578178695
8,356.40000000000003,419.1369575886217
8,356.5,414.123905186855
8,356.6,417.5353487124974
8,356.70000000000005,414.83330821556865
8,356.8,419.2638916733379
8,356.90000000000003,414.9758243070654
8,357.0,414.9780638872804
8,357.1,413.4711046161197
8,357.20000000000005,416.76135852223126
8,357.3,409.961208446667
8,357.40000000000003,411.5802893355118
8,357.5,414.12218206318414
8,357.6,417.0322263757991
8,357.70000000000005,418.50812712530154
8,357.8,424.51697673211635
8,357.90000000000003,415.7157690784142
8,358.0,416.1254473245263
8,358.1,417.8404693247548
8,358.20000000000005,416.89849058707847
8,358.3,416.83104433652744
8,358.40000000000003,416.12149408383544
8,358.5,410.49735438042995
8,358.6,412.9866665522893
8,358.70000000000005,413.8771689076576
8,358.8,418.46457352618813
8,358.90000000000003,419.0296654218688
8,359.0,416.45992519566363
8,359.1,417.8376660806391
8,359.20000000000005,419.34777863413325
8,359.3,420.764121428214
8,359.40000000000003,423.1862326324072
8,359.5,425.6891784280319
8,359.6,416.9706311000466
8,359.70000000000005,426.25329369501804
8,359.8,428.4687815519956
8,359.90000000000003,424.6707729117908
8,360.0,423.47050323816603
8,360.1,424.2663546803647
8,360.20000000000005,418.654426809636
8,360.3,417.5859328589875
8,360.40000000000003,413.55094476303725
8,360.5,410.7557467688436
8,360.6,416.1574777269432
8,360.70000000000005,419.0583692280997
8,360.8,436.8030982457593
8,360.90000000000003,447.32562431843087
8,361.0,417.7634902410256
8,361.1,417.835974731765
8,361.20000000000005,416.519163035808
8,361.3,417.65553625629923
8,361.40000000000003,417.26002705106504
8,361.5,424.07362438647823
8,361.6,420.4836963245207
8,361.70000000000005,422.39302110981475
8,361.8,417.38667207541334
8,361.90000000000003,423.4196009993676
8,362.0,422.28609227381907
8,362.1,421.34559778500744
8,362.20000000000005,411.80416451887555
8,362.3,414.6025760154973
8,362.40000000000003,412.7506826922325
8,362.5,429.8096405171757
8,362.6,453.8379955021171
8,362.70000000000005,418.46677881635776
8,362.8,413.67736952631765
8,362.90000000000003,466.8858933133032
8,363.0,539.9911377422153
8,363.1,420.4579427851149
8,363.20000000000005,408.3990090780449
8,363.3,414.6782339478688
8,363.40000000000003,417.73428282224967
8,363.5,414.6647397671548
8,363.6,414.1220162877136
8,363.70000000000005,411.0174611555241
8,363.8,412.2164685068477
8,363.90000000000003,418.4283526556858
8,364.0,422.2712102119061
8,364.1,418.9537577770065
8,364.20000000000005,423.7115481347311
8,364.3,419.4626048810013
8,364.40000000000003,419.7904589109374
8,364.5,418.542993795036
8,364.6,423.51200243386
8,364.70000000000005,428.68054747692264
8,364.8,419.9756993285139
8,364.90000000000003,420.06675338853364
8,365.0,412.98942570895497
8,365.1,407.8598858944877
8,365.20000000000005,411.0711113351591
8,365.3,423.32088578971843
8,365.40000000000003,416.5034970452698
8,365.5,419.37297696545414
8,365.6,423.8649763717968
8,365.70000000000005,416.10414043781856
8,365.8,413.1639240196449
8,365.90000000000003,457.4160542343136
8,366.0,629.0424446637985
8,366.1,692.4018042440441
8,366.20000000000005,444.9496878986931
8,366.3,426.912065024411
8,366.40000000000003,422.0062530146713
8,366.5,433.23112471584545
8,366.6,433.3348561822969
8,366.70000000000005,431.34344019043357
8,366.8,430.75954768637035
8,366.90000000000003,433.2715570339047
8,367.0,430.37597882377605
8,367.1,429.88607353626384
8,367.20000000000005,423.9135883560521
8,367.3,454.56341058626776
8,367.40000000000003,521.9434102202384
8,367.5,469.65195436313405
8,367.6,427.82140013151763
8,367.70000000000005,424.81153079699635
8,367.8,424.6803866215577
8,367.90000000000003,429.2474884520376
8,368.0,433.2351421035703
8,368.1,432.73760221721915
8,368.20000000000005,434.43211710355257
8,368.3,436.16066027018644
8,368.40000000000003,432.81118090871877
8,368.5,424.81975695478644
8,368.6,428.6476912154786
8,368.70000000000005,428.2567165343422
8,368.8,430.141374618924
8,368.90000000000003,430.35507594039166
8,369.0,431.987476986351
8,369.1,429.64240088442006
8,369.20000000000005,430.6751227321497
8,369.3,451.7753661104258
8,369.40000000000003,496.61000850721894
8,369.5,441.58016467165737
8,369.6,433.8683055328904
8,369.70000000000005,427.3103231447046
8,369.8,429.92524966962156
8,369.90000000000003,436.1386107098932
8,370.0,432.04991896174573
8,370.1,427.8391691373621
8,370.20000000000005,429.2558995682274
8,370.3,426.7975193541461
8,370.40000000000003,423.79640544720604
8,370.5,433.6426539041669
8,370.6,431.3785530989189
8,370.70000000000005,420.91194026345244
8,370.8,428.7832280740963
8,370.90000000000003,425.61188434020204
8,371.0,427.21597336929847
8,371.1,443.4997923982219
8,371.20000000000005,439.3048848960779
8,371.3,426.57792077985715
8,371.40000000000003,424.28931485352405
8,371.5,444.2282000157267
8,371.6,428.0743016436869
8,371.70000000000005,422.7005912131563
8,371.8,426.05853319100333
8,371.90000000000003,452.96242410683476
8,372.0,427.65493953539357
8,372.1,446.597308746915
8,372.20000000000005,450.5765496325694
8,372.3,452.23688443987805
8,372.40000000000003,435.128794819146
8,372.5,424.57344410608334
8,372.6,436.8893829850798
8,372.70000000000005,432.11931269476213
8,372.8,430.8984083666137
8,372.90000000000003,431.7515942664615
8,373.0,434.87741526019437
8,373.1,442.3232405405057
8,373.20000000000005,431.91020908356376
8,373.3,430.06454885509766
8,373.40000000000003,436.1410454068839
8,373.5,425.1577440416335
8,373.6,433.3174967624334
8,373.70000000000005,433.234602152118
8,373.8,428.16193381148594
8,373.90000000000003,431.8426970181224
8,374.0,437.52154821776213
8,374.1,428.84218005437515
8,374.20000000000005,440.2039957600628
8,374.3,441.7672402715467
8,374.40000000000003,446.09659857601656
8,374.5,440.16820776522286
8,374.6,420.9945165014182
8,374.70000000000005,430.1713318452134
8,374.8,441.0484054757277
8,374.90000000000003,420.71061377286395
8,375.0,437.2700581196133
8,375.1,439.94979893208307
8,375.20000000000005,431.3606721234167
8,375.3,409.8180067100665
8,375.40000000000003,416.6212254131337
8,375.5,433.7079191727845
8,375.6,437.3165854456351
8,375.70000000000005,429.5626501662084
8,375.8,443.0923655756862
8,375.90000000000003,440.2619723181502
8,376.0,438.2048317042601
8,376.1,438.9378547865548
8,376.20000000000005,436.3327028701508
8,376.3,442.5602008563961
8,376.40000000000003,433.78598443381355
8,376.5,436.7507173864868
8,376.6,427.4394182355402
8,376.70000000000005,425.3771521827713
8,376.8,427.6698347110836
8,376.90000000000003,435.4692596510082
8,377.0,435.6336673009012
8,377.1,435.9404966912937
8,377.20000000000005,437.002901190115
8,377.3,436.6210955435981
8,377.40000000000003,429.41394459273585
8,377.5,428.9850927265622
8,377.6,436.7102600950748
8,377.70000000000005,432.7182120836073
8,377.8,432.3474968206197
8,377.90000000000003,433.29520128054673
8,378.0,443.643862174057
8,378.1,434.99386618564785
8,378.20000000000005,421.68617942649706
8,378.3,422.6920794441291
8,378.40000000000003,424.08887874337796
8,378.5,442.25987944698875
8,378.6,428.984663121728
8,378.70000000000005,456.9257067535649
8,378.8,564.7768520785203
8,378.90000000000003,449.4039656393808
8,379.0,529.6982933713953
8,379.1,429.5548175716331
8,379.20000000000005,424.74195398567997
8,379.3,429.14393033221864
8,379.40000000000003,443.1891192462537
8,379.5,433.72909315287194
8,379.6,437.3337262699381
8,379.70000000000005,435.39866287260907
8,379.8,430.65827646329814
8,379.90000000000003,423.2296792328278
8,380.0,439.48530916390666
8,380.1,425.7194358018931
8,380.20000000000005,437.02184492894946
8,380.3,425.9809355908541
8,380.40000000000003,427.8278767026042
8,380.5,417.95112512867433
8,380.6,418.9220965937309
8,380.70000000000005,429.57392518984733
8,380.8,429.16030290229827
8,380.90000000000003,456.79248890762517
8,381.0,434.65718701106834
8,381.1,433.59786934321966
8,381.20000000000005,430.8876244442606
8,381.3,433.92275103546393
8,381.40000000000003,433.8496843623236
8,381.5,427.1974319387322
8,381.6,428.3307217117606
8,381.70000000000005,435.13678341887237
8,381.8,427.6498084747749
8,381.90000000000003,435.4201719811235
8,382.0,448.26574884789335
8,382.1,447.7218502094533
8,382.20000000000005,450.24032993999515
8,382.3,440.8500322600167
8,382.40000000000003,439.9692526590216
8,382.5,443.4000327593848
8,382.6,427.65566424713023
8,382.70000000000005,431.2762861962224
8,382.8,429.2695293517446
8,382.90000000000003,427.62883389147214
8,383.0,429.690873943813
8,383.1,432.3658750783925
8,383.20000000000005,422.16687535158803
8,383.3,426.13591947425573
8,383.40000000000003,424.33029011452214
8,383.5,431.1260165918844
8,383.6,431.82478734850685
8,383.70000000000005,437.53858307312606
8,383.8,562.8097821815273
8,383.90000000000003,429.313998541742
8,384.0,419.097404366754
8,384.1,421.56948941231946
8,384.20000000000005,420.62204277200897
8,384.3,423.5307324788461
8,384.40000000000003,422.4611970257459
8,384.5,427.0431494058413
8,384.6,427.61153177924285
8,384.70000000000005,423.7430350559505
8,384.8,427.91429939916736
8,384.90000000000003,429.4214474227816
8,385.0,430.223889011209
8,385.1,426.33979807275364
8,385.20000000000005,428.3585797819687
8,385.3,427.81903114198235
8,385.40000000000003,427.9278655969255
8,385.5,423.9861032428555
8,385.6,424.558569354054
8,385.70000000000005,421.5765279424297
8,385.8,421.9727172057875
8,385.90000000000003,443.3908741959653
8,386.0,432.6822947660634
8,386.1,436.9012719946997
8,386.20000000000005,432.46045561893885
8,386.3,433.0005699318748
8,386.40000000000003,434.5638004875276
8,386.5,430.3388193976825
8,386.6,434.07372689406947
8,386.70000000000005,431.16576146296285
8,386.8,431.8986375160838
8,386.90000000000003,433.05425546792395
8,387.0,443.6252845214805
8,387.1,438.61829701856584
8,387.20000000000005,433.6883834854018
8,387.3,438.58543311895437
8,387.40000000000003,434.5939626375535
8,387.5,440.2150403178726
8,387.6,435.24925513466656
8,387.70000000000005,436.05363070130335
8,387.8,433.99410756158494
8,387.90000000000003,444.9837668037574
8,388.0,439.3566099026133
8,388.1,430.6955440695452
8,388.20000000000005,445.7631946824251
8,388.3,445.5163210009865
8,388.40000000000003,446.14364199863775
8,388.5,447.51505553000607
8,388.6,441.2524713513321
8,388.70000000000005,435.5490590531157
8,388.8,428.0748643515155
8,388.90000000000003,437.732559746848
8,389.0,436.7206003030895
8,389.1,430.1130190133761
8,389.20000000000005,436.094691453245
8,389.3,437.8772788333549
8,389.40000000000003,436.2747233143998
8,389.5,441.61820684971656
8,389.6,442.70345964838486
8,389.70000000000005,434.32375060976767
8,389.8,440.2589703548028
8,389.90000000000003,441.55119451183685
8,390.0,435.95456954475594
8,390.1,441.14163714286997
8,390.20000000000005,438.2923009252544
8,390.3,441.161856367475
8,390.40000000000003,442.0020171951038
8,390.5,444.79518846937435
8,390.6,445.08173298845503
8,390.70000000000005,446.4240245383362
8,390.8,462.51011449846766
8,390.90000000000003,450.74217707700524
8,391.0,440.46153119861987
8,391.1,435.3521167347371
8,391.20000000000005,440.34680341241545
8,391.3,476.1814980629546
8,391.40000000000003,452.04311934167276
8,391.5,439.98119091911934
8,391.6,450.35887474612673
8,391.70000000000005,449.7383020821586
8,391.8,452.90133599033607
8,391.90000000000003,449.90785127193266
8,392.0,446.89546682393313
8,392.1,440.7853634050129
8,392.20000000000005,453.21548762047837
8,392.3,446.2588391652352
8,392.40000000000003,447.2773202573472
8,392.5,436.7476846046985
8,392.6,441.7180128951414
8,392.70000000000005,449.3381006135759
8,392.8,443.73210198100537
8,392.90000000000003,447.32498358944486
8,393.0,439.35946012157376
8,393.1,442.5387873368723
8,393.20000000000005,439.7170954997149
8,393.3,446.3701029630638
8,393.40000000000003,447.7707563394906
8,393.5,445.35659514062473
8,393.6,443.4031895110338
8,393.70000000000005,447.98583412514165
8,393.8,449.9566282650588
8,393.90000000000003,438.0180190251802
8,394.0,446.2792602190094
8,394.1,441.8430355331065
8,394.20000000000005,443.2744238133589
8,394.3,443.3562625160518
8,394.40000000000003,437.0339331463842
8,394.5,446.47779365086933
8,394.6,442.35228060066567
8,394.70000000000005,449.1269925726598
8,394.8,439.1744676618968
8,394.90000000000003,450.3704468708274
8,395.0,443.08090477642736
8,395.1,442.6843077790349
8,395.20000000000005,441.3827974639655
8,395.3,445.7044205321736
8,395.40000000000003,439.0623593097122
8,395.5,447.58215997321986
8,395.6,436.19939605861657
8,395.70000000000005,449.0340601808291
8,395.8,433.04303599025116
8,395.90000000000003,442.3942169877693
8,396.0,447.0044628437864
8,396.1,438.42741312124684
8,396.20000000000005,442.92208455613525
8,396.3,451.41856658716625
8,396.40000000000003,438.0278570841771
8,396.5,443.90686056263866
8,396.6,453.3372373804491
8,396.70000000000005,441.1976984372589
8,396.8,443.05967584166046
8,396.90000000000003,442.2825258714972
8,397.0,444.1185245980539
8,397.1,450.22802977586366
8,397.20000000000005,430.15071044826936
8,397.3,436.8390384279433
8,397.40000000000003,436.3143827882249
8,397.5,441.11806196986447
8,397.6,430.50341568244517
8,397.70000000000005,437.00264913357324
8,397.8,434.28458494976246
8,397.90000000000003,439.246259498175
8,398.0,442.31919726528065
8,398.1,430.45542016501736
8,398.20000000000005,436.6385641017973
8,398.3,442.79296307505365
8,398.40000000000003,442.8632486281928
8,398.5,432.21577277026853
8,398.6,435.6527897556876
8,398.70000000000005,441.7920816401592
8,398.8,438.77798446714826
8,398.90000000000003,438.4866426347467
8,399.0,439.1834573755337
8,399.1,441.69659599590256
8,399.20000000000005,445.6305288955559
8,399.3,435.1077356651517
8,399.40000000000003,432.02128872283424
8,399.5,436.2557645657152
8,399.6,448.9883367717718
8,399.70000000000005,440.3573817528517
8,399.8,445.44173576175456
8,399.90000000000003,440.4866983089013
8,400.0,429.17841956659004
8,400.1,441.0927821767691
8,400.20000000000005,440.44845495201406
8,400.3,440.1661193009546
8,400.40000000000003,443.8024579789414
8,400.5,440.15931747710914
8,400.6,443.6143411063914
8,400.70000000000005,434.5413910247793
8,400.8,440.4945610282487
8,400.90000000000003,442.5494461940224
8,401.0,447.4246905363227
8,401.1,437.255378703271
8,401.20000000000005,445.36971123681025
8,401.3,453.6498936640029
8,401.40000000000003,445.76481807598253
8,401.5,434.17796420104594
8,401.6,430.929572841121
8,401.70000000000005,443.6560901695466
8,401.8,450.7703557872503
8,401.90000000000003,440.10964059603566
8,402.0,458.7336087420627
8,402.1,439.64975854702107
8,402.20000000000005,447.57984930876324
8,402.3,455.2694828802448
8,402.40000000000003,436.2380988122954
8,402.5,453.7827276905811
8,402.6,435.1276805747375
8,402.70000000000005,436.0845111596138
8,402.8,434.87484526879643
8,402.90000000000003,457.2236077160047
8,403.0,449.38002045737215
8,403.1,482.98134162603225
8,403.20000000000005,440.9322143644849
8,403.3,445.2190381349061
8,403.40000000000003,440.44982886049536
8,403.5,437.1296062273943
8,403.6,443.8632026839894
8,403.70000000000005,421.7563272378113
8,403.8,428.1865926190336
8,403.90000000000003,436.08675767388934
8,404.0,431.5352206061415
8,404.1,427.74837966621783
8,404.20000000000005,429.0846067424411
8,404.3,426.08129808824583
8,404.40000000000003,422.4177069875257
8,404.5,425.84987601978577
8,404.6,426.15456216169855
8,404.70000000000005,426.4453960225893
8,404.8,421.9008339013174
8,404.90000000000003,424.4318536745547
8,405.0,421.4537613590873
8,405.1,423.73398013167764
8,405.20000000000005,423.54475053921254
8,405.3,430.50118290371086
8,405.40000000000003,417.88781706968535
8,405.5,417.0750933319672
8,405.6,428.9589227528586
8,405.70000000000005,434.6820782776764
8,405.8,418.72348384329445
8,405.90000000000003,425.45677950141777
8,406.0,423.7753521921464
8,406.1,421.14691823937375
8,406.20000000000005,423.39715892924477
8,406.3,422.10283206549957
8,406.40000000000003,417.5143774719551
8,406.5,424.7730434763961
8,406.6,416.5575193274969
8,406.70000000000005,421.98585630464413
8,406.8,427.7634681744972
8,406.90000000000003,422.8730553256366
8,407.0,430.9224404661769
8,407.1,429.8817396058357
8,407.20000000000005,425.5097805989476
8,407.3,424.4689992031796
8,407.40000000000003,426.03757761385054
8,407.5,424.9176993011159
8,407.6,433.2607243821326
8,407.70000000000005,411.01852785831875
8,407.8,413.64703697450193
8,407.90000000000003,422.6263443645961
8,408.0,424.7303936549693
8,408.1,417.62806421828
8,408.20000000000005,421.64243865019034
8,408.3,419.1303236544379
8,408.40000000000003,421.7966584079493
8,408.5,418.8239556448827
8,408.6,422.9773680816245
8,408.70000000000005,416.6101329382551
8,408.8,420.9726779353356
8,408.90000000000003,435.453918202294
8,409.0,421.5634867312096
8,409.1,428.52837128642034
8,409.20000000000005,411.64218511672766
8,409.3,421.83514044645153
8,409.40000000000003,423.4984571408836
8,409.5,414.4712586833766
8,409.6,431.7982391006255
8,409.70000000000005,445.0148583278792
8,409.8,426.2557624439477
8,409.90000000000003,432.17553169936974
8,410.0,431.49773373233614
8,410.1,433.45097883277987
8,410.20000000000005,439.5214977475381
8,410.3,432.09503302328153
8,410.40000000000003,427.59259301803473
8,410.5,433.82497663630454
8,410.6,427.1881544724806
8,410.70000000000005,427.70550988685324
8,410.8,433.33750678353624
8,410.90000000000003,439.17834162597774
8,411.0,423.26631846848454
8,411.1,423.69725636137105
8,411.20000000000005,418.6573962578632
8,411.3,431.7829660787184
8,411.40000000000003,430.52866247170596
8,411.5,429.1517275486623
8,411.6,431.77656754948646
8,411.70000000000005,422.3611643769119
8,411.8,425.05683402021856
8,411.90000000000003,426.452265890101
8,412.0,427.37330191034846
8,412.1,429.002292961022
8,412.20000000000005,424.0296013723672
8,412.3,424.4122808975808
8,412.40000000000003,425.4855748152317
8,412.5,425.73223641358084
8,412.6,482.54905161142585
8,412.70000000000005,425.4226048674669
8,412.8,422.1759958711301
8,412.90000000000003,431.23964648678344
8,413.0,440.8770045364765
8,413.1,429.5015431832773
8,413.20000000000005,436.6290269846073
8,413.3,421.7072254373198
8,413.40000000000003,433.7200369049226
8,413.5,439.87586001420016
8,413.6,427.29207880336963
8,413.70000000000005,436.75900706481576
8,413.8,427.2020075437251
8,413.90000000000003,424.88767041556576
8,414.0,422.2544777576828
8,414.1,422.73525606384106
8,414.20000000000005,421.5197612020491
8,414.3,420.1730192915087
8,414.40000000000003,419.78421397682905
8,414.5,435.30714139455097
8,414.6,425.5598499335223
8,414.70000000000005,426.93309516339724
8,414.8,436.8582054480394
8,414.90000000000003,420.6933233910166
8,415.0,433.3818791506518
8,415.1,426.46505450685004
8,415.20000000000005,426.4058786198354
8,415.3,419.991856693513
8,415.40000000000003,425.94831014959897
8,415.5,445.9434675964648
8,415.6,427.97831265720356
8,415.70000000000005,423.3469403794591
8,415.8,427.51250824601334
8,415.90000000000003,425.9017249438838
8,416.0,422.16459056412697
8,416.1,429.59939503553045
8,416.20000000000005,422.80867792651816
8,416.3,419.70491798132934
8,416.40000000000003,432.66383161556894
8,416.5,464.52126244663003
8,416.6,434.5785265166778
8,416.70000000000005,428.7039296932053
8,416.8,424.24034345065456
8,416.90000000000003,428.36987126529516
8,417.0,425.1044323429906
8,417.1,463.0566698162712
8,417.20000000000005,425.2813796298828
8,417.3,422.97147642649173
8,417.40000000000003,424.93094878413257
8,417.5,433.4541149458976
8,417.6,435.33936402160805
8,417.70000000000005,430.57109324166936
8,417.8,427.351142412718
8,417.90000000000003,417.3447443984256
8,418.0,430.8502645491046
8,418.1,429.4808676675992
8,418.20000000000005,444.61597407905003
8,418.3,425.8587914028073
8,418.40000000000003,434.99516142438176
8,418.5,420.9474746182733
8,418.6,425.16980017871623
8,418.70000000000005,422.4180171373546
8,418.8,426.33652756001254
8,418.90000000000003,428.7241136750219
8,419.0,430.8787758115891
8,419.1,421.4036264175556
8,419.20000000000005,430.7130409574241
8,419.3,422.51896378427335
8,419.40000000000003,432.7293377735246
8,419.5,423.31489724300627
8,419.6,418.19128920517943
8,419.70000000000005,427.80853829730955
8,419.8,422.74529168269055
8,419.90000000000003,423.8781045202189
8,420.0,431.13891751445004
8,420.1,425.1895295612603
8,420.20000000000005,419.9912536692744
8,420.3,419.73630156481954
8,420.40000000000003,429.47388820723614
8,420.5,428.76605576644005
8,420.6,432.9531708551873
8,420.70000000000005,429.93862093870376
8,420.8,462.3395563034382
8,420.90000000000003,433.3305986426983
8,421.0,421.46368595543504
8,421.1,421.91961183389407
8,421.20000000000005,427.48028170495735
8,421.3,418.0462548273631
8,421.40000000000003,423.1253501944436
8,421.5,429.2173128230301
8,421.6,425.89867560312416
8,421.70000000000005,413.2150576236477
8,421.8,421.86209694181355
8,421.90000000000003,430.03212247789645
8,422.0,432.08540222219045
8,422.1,425.3111214553079
8,422.20000000000005,428.28628159132097
8,422.3,429.67104956944013
8,422.40000000000003,434.30491796481266
8,422.5,426.88528654579244
8,422.6,429.63040634860215
8,422.70000000000005,426.8665148588064
8,422.8,434.6997937584749
8,422.90000000000003,424.28140991195124
8,423.0,566.6937577458009
8,423.1,446.89588893375577
8,423.20000000000005,425.2220635204283
8,423.3,429.4848362459707
8,423.40000000000003,416.04599057029435
8,423.5,420.84847775649365
8,423.6,426.84348425780667
8,423.70000000000005,423.6347767010166
8,423.8,422.5937753820859
8,423.90000000000003,428.96685106427844
8,424.0,420.0947396615937
8,424.1,422.5657130307156
8,424.20000000000005,428.4615806795383
8,424.3,426.4611139327852
8,424.40000000000003,429.89314613883613
8,424.5,451.26776881307956
8,424.6,429.1502675195322
8,424.70000000000005,418.1379053527478
8,424.8,427.38654066237416
8,424.90000000000003,423.33424652798413
8,425.0,429.4236413580129
8,425.1,425.2184722310373
8,425.20000000000005,422.48512273365117
8,425.3,432.66664673815274
8,425.40000000000003,430.0376936600087
8,425.5,426.22327966148134
8,425.6,432.8310614344281
8,425.70000000000005,423.3598534697197
8,425.8,429.3946122686298
8,425.90000000000003,424.1998940296206
8,426.0,425.69031006102426
8,426.1,423.8830238601753
8,426.20000000000005,423.7237823655003
8,426.3,415.96878251769147
8,426.40000000000003,445.9809483685079
8,426.5,429.5685260169595
8,426.6,420.923470673229
8,426.70000000000005,423.6278488902145
8,426.8,421.5934927253055
8,426.90000000000003,419.45330019634315
8,427.0,426.6516431951619
8,427.1,419.55689494740835
8,427.20000000000005,423.4567964746138
8,427.3,429.57080384230534
8,427.40000000000003,418.78179441513106
8,427.5,427.3422624813866
8,427.6,436.3597383790964
8,427.70000000000005,430.0344404573001
8,427.8,427.61373430901114
8,427.90000000000003,421.524093400621
8,428.0,428.1159918126537
8,428.1,424.6828864805351
8,428.20000000000005,425.8470584545528
8,428.3,423.9331539006971
8,428.40000000000003,431.3837936373328
8,428.5,427.93218463576534
8,428.6,422.5517733700561
8,428.70000000000005,426.5682916789794
8,428.8,415.78885871897415
8,428.90000000000003,424.57866830526274
8,429.0,432.3968035872986
8,429.1,422.5006336296987
8,429.20000000000005,437.3959792768821
8,429.3,427.57175279000666
8,429.40000000000003,427.35082526196993
8,429.5,426.4287174532528
8,429.6,431.8327498520436
8,429.70000000000005,771.0841992696727
8,429.8,493.5287378577028
8,429.90000000000003,430.72250242828585
8,430.0,431.3703208071345
8,430.1,436.75675647703105
8,430.20000000000005,430.3072565508032
8,430.3,440.06876420290354
8,430.40000000000003,435.9520716561486
8,430.5,430.2749718683728
8,430.6,433.44347577413413
8,430.70000000000005,430.19621327820784
8,430.8,434.1856787347057
8,430.90000000000003,426.2597498846682
8,431.0,427.03814239486826
8,431.1,424.4790609680709
8,431.20000000000005,425.8028678724028
8,431.3,428.4356560713727
8,431.40000000000003,426.36963393874015
8,431.5,426.88460300043124
8,431.6,424.9205199090774
8,431.70000000000005,422.3136986200862
8,431.8,431.55191645330893
8,431.90000000000003,435.7675747777035
8,432.0,429.29598156049656
8,432.1,434.4146410491396
8,432.20000000000005,437.15345972307347
8,432.3,427.4989515677444
8,432.40000000000003,436.58250346908454
8,432.5,437.9644354521649
8,432.6,433.1999676948062
8,432.70000000000005,427.5194151861066
8,432.8,427.3567261218072
8,432.90000000000003,428.38172802725984
8,433.0,426.87930000714846
8,433.1,423.97837564920604
8,433.20000000000005,430.0858394872076
8,433.3,423.5988473823912
8,433.40000000000003,419.3944238383443
8,433.5,432.5688590515588
8,433.6,441.2145411293797
8,433.70000000000005,429.3450840893963
8,433.8,435.18088847152916
8,433.90000000000003,438.2214426343109
8,434.0,441.9890656257967
8,434.1,435.6873733792719
8,434.20000000000005,432.7331197652523
8,434.3,430.27256952120865
8,434.40000000000003,435.034032602518
8,434.5,442.9193235946596
8,434.6,427.969171944927
8,434.70000000000005,428.2763058114345
8,434.8,428.38066096458505
8,434.90000000000003,427.6586935878799
8,435.0,434.7387697403065
8,435.1,433.286906682074
8,435.20000000000005,433.54256769474233
8,435.3,436.4814013934331
8,435.40000000000003,429.36824062772206
8,435.5,429.15324951450526
8,435.6,432.23513792467605
8,435.70000000000005,433.9666116054819
8,435.8,435.2603545378192
8,435.90000000000003,436.5410633894824
8,436.0,437.68202398759166
8,436.1,436.5537120329969
8,436.20000000000005,439.8863360932357
8,436.3,427.71531319900305
8,436.40000000000003,423.7351100910957
8,436.5,429.5882483850599
8,436.6,429.06212682163095
8,436.70000000000005,431.50368386002367
8,436.8,431.9762456272115
8,436.90000000000003,434.7365088799623
8,437.0,438.63082854977876
8,437.1,433.1189351369881
8,437.20000000000005,429.8375465460619
8,437.3,432.1763082093468
8,437.40000000000003,432.2618500721986
8,437.5,433.1779151398609
8,437.6,434.7804701035599
8,437.70000000000005,431.9060287875123
8,437.8,433.9936317191097
8,437.90000000000003,436.3694959810521
8,438.0,431.74670185363016
8,438.1,430.7921306607191
8,438.20000000000005,425.7838151157913
8,438.3,431.6407390680672
8,438.40000000000003,435.14915356710617
8,438.5,439.24887649428973
8,438.6,434.9319727511214
8,438.70000000000005,430.0216406151612
8,438.8,430.2528753153112
8,438.90000000000003,424.67836098648684
8,439.0,434.9085639424887
8,439.1,439.5069828981547
8,439.20000000000005,440.8486748467842
8,439.3,430.3435504707333
8,439.40000000000003,444.9918370338322
8,439.5,437.31473485756493
8,439.6,435.21618419285625
8,439.70000000000005,429.27169434303596
8,439.8,436.8566378399516
8,439.90000000000003,427.5009171302841
8,440.0,422.3781369585886
8,440.1,423.09041502916654
8,440.20000000000005,421.6180566571579
8,440.3,426.38526101657834
8,440.40000000000003,434.38965920249626
8,440.5,429.10287416986563
8,440.6,423.5324037906686
8,440.70000000000005,428.5269584095883
8,440.8,428.83587716117756
8,440.90000000000003,427.3897408248995
8,441.0,426.64469268649634
8,441.1,429.90934743672017
8,441.20000000000005,421.7971446354394
8,441.3,426.45559014259135
8,441.40000000000003,425.1779641909603
8,441.5,427.4799487459314
8,441.6,421.81539718632524
8,441.70000000000005,420.88137676718395
8,441.8,420.58078002373355
8,441.90000000000003,427.3585682412628
8,442.0,425.6345232185749
8,442.1,429.1795572728608
8,442.20000000000005,425.3153377759637
8,442.3,428.8983651204194
8,442.40000000000003,427.86155168721007
8,442.5,441.2233824623442
8,442.6,431.4440836066821
8,442.70000000000005,421.49356423128086
8,442.8,420.59385234079576
8,442.90000000000003,426.1318791429296
8,443.0,421.71905288403116
8,443.1,423.8750166405761
8,443.20000000000005,426.37565640246083
8,443.3,419.9743844411075
8,443.40000000000003,421.4270787544337
8,443.5,427.3788175148566
8,443.6,428.01253286391324
8,443.70000000000005,423.26911161584604
8,443.8,425.84589604537064
8,443.90000000000003,427.7280717915972
8,444.0,428.56609806334774
8,444.1,419.7142768371086
8,444.20000000000005,413.2092029599919
8,444.3,420.6853344227854
8,444.40000000000003,424.5384363113015
8,444.5,413.7323645102333
8,444.6,424.7361980500381
8,444.70000000000005,434.71049306578533
8,444.8,431.21442138705794
8,444.90000000000003,432.83702937547946
8,445.0,430.11524755695666
8,445.1,428.3592000104844
8,445.20000000000005,429.20490458582304
8,445.3,427.6937429933753
8,445.40000000000003,430.1889764694683
8,445.5,430.4751250446792
8,445.6,429.4680881857865
8,445.70000000000005,421.34528211386674
8,445.8,428.52821320488255
8,445.90000000000003,429.52109809964657
8,446.0,433.86973436018167
8,446.1,428.459076231549
8,446.20000000000005,430.15523246813837
8,446.3,430.225021891799
8,446.40000000000003,428.0172648807842
8,446.5,430.7734080383354
8,446.6,435.55116282037955
8,446.70000000000005,433.7767201969204
8,446.8,425.5617933282013
8,446.90000000000003,421.4224869800595
8,447.0,426.58585261577684
8,447.1,428.044976839642
8,447.20000000000005,428.8678399537732
8,447.3,427.4911097506574
8,447.40000000000003,431.8136589450028
8,447.5,432.2352131720603
8,447.6,431.023300911922
8,447.70000000000005,429.52230948566614
8,447.8,501.8673944276983
8,447.90000000000003,460.5941060217173
8,448.0,435.4007020213572
8,448.1,434.5433819922375
8,448.20000000000005,435.2723048824426
8,448.3,435.95636522717047
8,448.40000000000003,436.60532745757246
8,448.5,432.68997460633625
8,448.6,432.10140307501723
8,448.70000000000005,431.76845688717304
8,448.8,430.0701142604587
8,448.90000000000003,425.3040201880834
8,449.0,425.95686645747406
8,449.1,428.697876905188
8,449.20000000000005,430.62818586794464
8,449.3,448.8460187510155
8,449.40000000000003,437.5450963563364
8,449.5,430.65124401606045
8,449.6,435.333820740601
8,449.70000000000005,433.472918595305
8,449.8,427.24813519479517
8,449.90000000000003,425.9771758869577
8,450.0,436.1293250959676
8,450.1,432.8032172438339
8,450.20000000000005,432.02206219621286
8,450.3,432.51492283988415
8,450.40000000000003,439.2718581800798
8,450.5,436.99817412698224
8,450.6,429.088818277303
8,450.70000000000005,435.7727384961502
8,450.8,428.3066590582965
8,450.90000000000003,441.8550998458378
8,451.0,443.71341753004754
8,451.1,445.62801164029355
8,451.20000000000005,432.26740539191036
8,451.3,428.43476245261513
8,451.40000000000003,429.44604966663655
8,451.5,451.4739294152969
8,451.6,434.8032956049846
8,451.70000000000005,424.5424733353348
8,451.8,427.6222184834467
8,451.90000000000003,429.3510341539087
8,452.0,431.4632394475607
8,452.1,431.68304846136596
8,452.20000000000005,430.0892727619311
8,452.3,434.4378915191483
8,452.40000000000003,432.1551887980078
8,452.5,426.1755547714674
8,452.6,433.4556795214284
8,452.70000000000005,427.85233169043363
8,452.8,425.02973739974186
8,452.90000000000003,430.48062111270195
8,453.0,433.4189178333508
8,453.1,442.2815281863152
8,453.20000000000005,429.83131467362045
8,453.3,426.9065133037235
8,453.40000000000003,430.5727042198155
8,453.5,429.78721727589004
8,453.6,431.21474847686295
8,453.70000000000005,432.195855866228
8,453.8,431.1946164123018
8,453.90000000000003,431.252714606035
8,454.0,431.9137435087293
8,454.1,426.7306254791866
8,454.20000000000005,428.01787203545956
8,454.3,431.4272656259907
8,454.40000000000003,433.00085081058836
8,454.5,434.09523999051623
8,454.6,642.2542567579899
8,454.70000000000005,517.5924984173545
8,454.8,424.72993429122874
8,454.90000000000003,431.74279174246476
8,455.0,430.16402067729217
8,455.1,436.22911787932344
8,455.20000000000005,439.98445936560296
8,455.3,439.85871951055617
8,455.40000000000003,430.8167346701127
8,455.5,431.8941181366534
8,455.6,432.49071961807033
8,455.70000000000005,437.08509509541483
8,455.8,440.6833344173547
8,455.90000000000003,440.6977826872668
8,456.0,433.38744608067407
8,456.1,429.2203335276159
8,456.20000000000005,422.1444124505212
8,456.3,419.80279712907725
8,456.40000000000003,426.77165703978335
8,456.5,431.4718642812549
8,456.6,433.29390029094947
8,456.70000000000005,443.0288599194724
8,456.8,431.32129846023076
8,456.90000000000003,423.70917541919925
8,457.0,426.2015780107706
8,457.1,423.76192492654667
8,457.20000000000005,428.5518792060093
8,457.3,433.73004426866584
8,457.40000000000003,429.512981445281
8,457.5,429.81384648740345
8,457.6,433.1363819940586
8,457.70000000000005,427.52148019060115
8,457.8,429.5297966729813
8,457.90000000000003,429.07555028396763
8,458.0,430.3142840713341
8,458.1,431.31047717086227
8,458.20000000000005,430.5472817211368
8,458.3,429.24017695797613
8,458.40000000000003,427.8542264113879
8,458.5,426.9784744306741
8,458.6,433.85306375821415
8,458.70000000000005,443.7750193357204
8,458.8,436.70121399409373
8,458.90000000000003,433.2139074153862
8,459.0,434.56056265667144
8,459.1,426.33926492290027
8,459.20000000000005,424.2307493760424
8,459.3,425.9602791747287
8,459.40000000000003,427.05815724596624
8,459.5,429.05545541433145
8,459.6,430.0296207612721
8,459.70000000000005,429.9425462440704
8,459.8,430.10956657811414
8,459.90000000000003,620.7638675670594
8,460.0,764.0456154440008
8,460.1,537.3501368029664
8,460.20000000000005,416.8369567808718
8,460.3,428.0874148794178
8,460.40000000000003,424.76308223979316
8,460.5,432.3071139305652
8,460.6,418.89617619022005
8,460.70000000000005,415.1738982898968
8,460.8,424.17688600070863
8,460.90000000000003,421.8135336489521
8,461.0,420.41666836800346
8,461.1,430.80304382452795
8,461.20000000000005,430.0372557568266
8,461.3,429.08582011171086
8,461.40000000000003,433.25541556541106
8,461.5,435.97880830684625
8,461.6,440.06455324692774
8,461.70000000000005,437.0642039608268
8,461.8,422.0400027211576
8,461.90000000000003,430.573311780062
8,462.0,425.6072399908504
8,462.1,438.6896885156293
8,462.20000000000005,439.5108403223126
8,462.3,428.11900370442623
8,462.40000000000003,429.56253152374626
8,462.5,441.46007816253007
8,462.6,431.4432944939321
8,462.70000000000005,423.84868888851855
8,462.8,429.0881757673091
8,462.90000000000003,428.6047245977477
8,463.0,430.9071275660942
8,463.1,429.90615951524165
8,463.20000000000005,419.6875194955905
8,463.3,425.43501505453395
8,463.40000000000003,427.4972832390591
8,463.5,426.6239173628552
8,463.6,423.6863006405112
8,463.70000000000005,425.19838309236536
8,463.8,421.9111137805238
8,463.90000000000003,413.7125141296783
8,464.0,413.7456929143614
8,464.1,413.317573049016
8,464.20000000000005,425.3874101252524
8,464.3,427.1802395237677
8,464.40000000000003,423.2862334573195
8,464.5,419.4238564273631
8,464.6,418.4992545429421
8,464.70000000000005,418.02559760617373
8,464.8,413.99983651531517
8,464.90000000000003,410.4351054398142
8,465.0,422.44432880038505
8,465.1,419.1402801505782
8,465.20000000000005,418.81021808491533
8,465.3,424.61962026701536
8,465.40000000000003,421.6164637375444
8,465.5,420.1228620706089
8,465.6,424.68767907855215
8,465.70000000000005,430.9166950031601
8,465.8,427.868197240205
8,465.90000000000003,552.2392755592567
8,466.0,502.92961114314716
8,466.1,430.9565110896123
8,466.20000000000005,429.3407566709229
8,466.3,427.79539156265326
8,466.40000000000003,425.18602939603653
8,466.5,420.43973675632395
8,466.6,418.4882865598521
8,466.70000000000005,420.19149701949317
8,466.8,418.3965230899368
8,466.90000000000003,423.87456452431155
8,467.0,430.4128949002545
8,467.1,428.7221621481988
8,467.20000000000005,430.15144388595905
8,467.3,428.97218953985106
8,467.40000000000003,429.1783336524794
8,467.5,428.9893286471004
8,467.6,429.4355321538103
8,467.70000000000005,425.3601802441918
8,467.8,424.6851272797463
8,467.90000000000003,424.43039809941746
8,468.0,424.9416087959378
8,468.1,423.9516092855672
8,468.20000000000005,424.6160925756755
8,468.3,425.94669276912924
8,468.40000000000003,425.86848693132526
8,468.5,431.9412889781679
8,468.6,430.89013702836866
8,468.70000000000005,430.5607978392
8,468.8,432.55082687604255
8,468.90000000000003,429.66443641679484
8,469.0,426.7140653308361
8,469.1,421.5628404644674
8,469.20000000000005,417.31207037568225
8,469.3,417.5424072336011
8,469.40000000000003,419.3753754443117
8,469.5,425.79669137691104
8,469.6,428.19158453513626
8,469.70000000000005,428.2431559740281
8,469.8,425.9743220932832
8,469.90000000000003,421.2944247392547
8,470.0,419.47553358385005
8,470.1,415.3919949111776
8,470.20000000000005,416.6633301218399
8,470.3,428.4470352993617
8,470.40000000000003,426.1754768663232
8,470.5,418.0316221063091
8,470.6,424.91367918706334
8,470.70000000000005,427.3276079207142
8,470.8,421.9176984246727
8,470.90000000000003,424.4637072101251
8,471.0,426.6514960756001
8,471.1,419.1101268071574
8,471.20000000000005,420.71307621996
8,471.3,427.3746624140689
8,471.40000000000003,426.3366668399767
8,471.5,420.7188544924249
8,471.6,420.72615507691967
8,471.70000000000005,418.1993374961545
8,471.8,424.60885222845116
8,471.90000000000003,427.5600816497981
8,472.0,424.229250365174
8,472.1,426.0079774452977
8,472.20000000000005,430.42525453371564
8,472.3,428.0469059254307
8,472.40000000000003,424.9570443531552
8,472.5,426.42229012872264
8,472.6,428.07266805603564
8,472.70000000000005,424.84685458405437
8,472.8,421.63526976264274
8,472.90000000000003,423.4797900091039
8,473.0,422.1235399942811
8,473.1,429.190349634833
8,473.20000000000005,432.0916802448606
8,473.3,427.85134158442696
8,473.40000000000003,424.9543204679412
8,473.5,425.3925891792209
8,473.6,424.06286782016065
8,473.70000000000005,421.68007982902304
8,473.8,426.0202618904671
8,473.90000000000003,423.74045048294
8,474.0,426.21672603183606
8,474.1,425.6709218367123
8,474.20000000000005,423.468890687446
8,474.3,420.98584524381346
8,474.40000000000003,421.9908935633628
8,474.5,427.9458997800637
8,474.6,429.1242194668498
8,474.70000000000005,419.3796532839533
8,474.8,421.3117505701046
8,474.90000000000003,426.9544774398321
8,475.0,429.0869733927465
8,475.1,423.8415198492669
8,475.20000000000005,419.44913816383956
8,475.3,422.5689380353046
8,475.40000000000003,420.79601946347844
8,475.5,415.191626107987
8,475.6,416.78954474430543
8,475.70000000000005,415.4464700739844
8,475.8,438.32302220602406
8,475.90000000000003,450.2510233350845
8,476.0,428.7718060399262
8,476.1,422.69690022398356
8,476.20000000000005,423.24877728748714
8,476.3,422.5112826683382
8,476.40000000000003,431.6289127404653
8,476.5,433.52833685991374
8,476.6,433.99574141627045
8,476.70000000000005,432.2976516198486
8,476.8,428.3729218124802
8,476.90000000000003,427.0424400686249
8,477.0,428.75142055624923
8,477.1,432.59531038423586
8,477.20000000000005,422.5595896259772
8,477.3,454.32078584433043
8,477.40000000000003,445.92908766608474
8,477.5,453.9513021187163
8,477.6,520.6400805843867
8,477.70000000000005,480.0991565729251
8,477.8,419.50518621090487
8,477.90000000000003,414.1686660083593
8,478.0,418.2364233047556
8,478.1,420.5603005158751
8,478.20000000000005,421.09226182702906
8,478.3,424.44708085687444
8,478.40000000000003,432.446861954329
8,478.5,436.7988614136003
8,478.6,425.82895641697286
8,478.70000000000005,425.91402392207914
8,478.8,431.80063316113274
8,478.90000000000003,430.8473141375003
8,479.0,429.3753592471066
8,479.1,427.86866732465626
8,479.20000000000005,425.7625329087035
8,479.3,423.5557262348369
8,479.40000000000003,420.20033534873915
8,479.5,418.63071739736506
8,479.6,417.41268601976753
8,479.70000000000005,422.55969811613517
8,479.8,426.2760112675583
8,479.90000000000003,426.02353394017143
8,480.0,426.38283482264126
8,480.1,424.61137560333924
8,480.20000000000005,424.52961209157894
8,480.3,421.9108302473424
8,480.40000000000003,418.7045821397847
8,480.5,418.5927546846555
8,480.6,423.5771251301061
8,480.70000000000005,428.2124672932077
8,480.8,426.19007890739806
8,480.90000000000003,423.53992286840327
8,481.0,424.01980365963794
8,481.1,425.48624014487604
8,481.20000000000005,422.4469259305122
8,481.3,425.6225226350994
8,481.40000000000003,428.75601460882865
8,481.5,429.33424687845513
8,481.6,429.31954912060314
8,481.70000000000005,428.4737797861142
8,481.8,419.3019253743486
8,481.90000000000003,418.1345005425852
8,482.0,428.4292585330982
8,482.1,421.67783032337417
8,482.20000000000005,424.0055505204257
8,482.3,425.66959791401405
8,482.40000000000003,427.18069000786846
8,482.5,428.5141772284612
8,482.6,424.47804424682636
8,482.70000000000005,423.4750335010054
8,482.8,427.47378628134186
8,482.90000000000003,422.05467300246227
8,483.0,418.23359375975485
8,483.1,419.541704852757
8,483.20000000000005,419.9281886657779
8,483.3,424.3681748016752
8,483.40000000000003,423.1040682711077
8,483.5,423.4888047923825
8,483.6,424.8335286069321
8,483.70000000000005,423.64055169309574
8,483.8,424.54335476911587
8,483.90000000000003,425.3151173067804
8,484.0,426.2147847730879
8,484.1,430.63850775166054
8,484.20000000000005,430.4038219615439
8,484.3,429.73075515471584
8,484.40000000000003,423.82645253786455
8,484.5,420.6196132968596
8,484.6,427.4330089671324
8,484.70000000000005,424.8061228384158
8,484.8,425.9300013773783
8,484.90000000000003,432.67991013530013
8,485.0,427.62187872354116
8,485.1,428.39743969489933
8,485.20000000000005,428.1878054105783
8,485.3,423.48965924739804
8,485.40000000000003,422.68905518319326
8,485.5,422.8144747416981
8,485.6,425.1182816584464
8,485.70000000000005,424.69197096322864
8,485.8,424.8085707112615
8,485.90000000000003,429.2165887782477
8,486.0,430.11186314359753
8,486.1,426.2859802705737
8,486.20000000000005,428.9318403840282
8,486.3,427.89929948911396
8,486.40000000000003,495.0575808912449
8,486.5,496.40110574650197
8,486.6,438.2036079492177
8,486.70000000000005,434.0410270156994
8,486.8,431.5507045720993
8,486.90000000000003,432.24160542292077
8,487.0,429.66474366159594
8,487.1,425.82203180679653
8,487.20000000000005,427.5644895966422
8,487.3,433.27475256204974
8,487.40000000000003,430.87233003595514
8,487.5,425.8804741147401
8,487.6,427.0073720248308
8,487.70000000000005,431.46031269363687
8,487.8,433.2718344970228
8,487.90000000000003,437.1822650280721
8,488.0,426.17875880285465
8,488.1,420.44824337354345
8,488.20000000000005,422.88993784023523
8,488.3,425.95972716702033
8,488.40000000000003,426.04818201027155
8,488.5,427.37454768122916
8,488.6,433.3917006216911
8,488.70000000000005,428.73982254649945
8,488.8,426.60585802946576
8,488.90000000000003,430.98578334143787
8,489.0,431.561488580177
8,489.1,422.8846994598076
8,489.20000000000005,421.5123055787518
8,489.3,427.1612941172551
8,489.40000000000003,426.083671190049
8,489.5,426.4553709092468
8,489.6,425.41909388208114
8,489.70000000000005,419.41446979312
8,489.8,556.8771879953326
8,489.90000000000003,561.5105634946457
8,490.0,435.7402925158397
8,490.1,441.2863783570727
8,490.20000000000005,425.220591194295
8,490.3,420.2492872026571
8,490.40000000000003,430.3874633538822
8,490.5,435.624737473312
8,490.6,432.0460934132992
8,490.70000000000005,424.9175889375241
8,490.8,423.24902433666995
8,490.90000000000003,432.29215996950705
8,491.0,433.4013224039289
8,491.1,426.5403532323027
8,491.20000000000005,429.43052724227033
8,491.3,428.1464348298726
8,491.40000000000003,428.0835599803685
8,491.5,434.2600534411528
8,491.6,432.98097337269087
8,491.70000000000005,431.47872225860385
8,491.8,432.99843401347175
8,491.90000000000003,429.59272174132735
8,492.0,432.5392159390384
8,492.1,433.54015895431974
8,492.20000000000005,432.2805578782348
8,492.3,427.1468794678178
8,492.40000000000003,428.44905773197394
8,492.5,436.17330911638146
8,492.6,433.35047289656717
8,492.70000000000005,429.48349735454406
8,492.8,430.99517844612194
8,492.90000000000003,483.99170756089825
8,493.0,487.3830927235472
8,493.1,430.52676910716605
8,493.20000000000005,436.24782215445794
8,493.3,448.62613527113393
8,493.40000000000003,437.00812103791026
8,493.5,419.343497593558
8,493.6,422.61202322261073
8,493.70000000000005,428.68357814611977
8,493.8,426.46257650952407
8,493.90000000000003,429.1086566132019
8,494.0,426.6822745269509
8,494.1,417.18860597043465
8,494.20000000000005,431.35751695062623
8,494.3,434.90719957251173
8,494.40000000000003,424.23651566042315
8,494.5,431.84524669853363
8,494.6,437.1990212400966
8,494.70000000000005,431.7641065033448
8,494.8,418.46618896074244
8,494.90000000000003,423.0125830534764
8,495.0,439.8611643593422
8,495.1,434.0219736129228
8,495.20000000000005,430.040063431501
8,495.3,427.63367312025207
8,495.40000000000003,425.331074235226
8,495.5,426.2900916434341
8,495.6,432.5951954286837
8,495.70000000000005,438.90434189806336
8,495.8,435.08828975914474
8,495.90000000000003,434.7759861205833
8,496.0,437.5660750587905
8,496.1,435.6754998167705
8,496.20000000000005,431.7497744133228
8,496.3,425.660306505629
8,496.40000000000003,427.60887894571863
8,496.5,435.647083515012
8,496.6,432.50016694654266
8,496.70000000000005,427.8786975718177
8,496.8,423.1900484662498
8,496.90000000000003,419.39732154931414
8,497.0,425.6684207604443
8,497.1,434.4021245325816
8,497.20000000000005,431.886239032268
8,497.3,428.0327564332276
8,497.40000000000003,419.93798975951904
8,497.5,416.5736826945302
8,497.6,419.59691655030286
8,497.70000000000005,416.76746098116644
8,497.8,418.17344345973686
8,497.90000000000003,423.1478299159831
8,498.0,427.80174582793256
8,498.1,427.563976377495
8,498.20000000000005,424.29875793905165
8,498.3,423.57845413309275
8,498.40000000000003,432.3026073987272
8,498.5,433.2756675236362
8,498.6,424.1733247257325
8,498.70000000000005,421.5449574909357
8,498.8,422.11621609574394
8,498.90000000000003,419.6279908374827
8,499.0,434.87611115876456
8,499.1,438.8768359209386
8,499.20000000000005,420.0338406784516
8,499.3,423.2173170746126
8,499.40000000000003,422.71077617774233
8,499.5,417.71162851805167
8,499.6,412.87193077461785
8,499.70000000000005,412.1188255733806
8,499.8,417.2545676424544
8,499.90000000000003,417.317317240623
8,500.0,418.26449009922226
8,500.1,418.6864294660231
8,500.20000000000005,419.58331055352113
8,500.3,420.8841286058076
8,500.40000000000003,419.12738509796355
8,500.5,421.4631256266321
8,500.6,421.4448127914452
8,500.70000000000005,417.5502661532899
8,500.8,415.3916944581842
8,500.90000000000003,415.92283039153926
8,501.0,415.73293757907453
8,501.1,417.63195262022947
8,501.20000000000005,419.6041540346138
8,501.3,421.4301490447255
8,501.40000000000003,421.70727275889993
8,501.5,420.8023500153691
8,501.6,419.22828340251596
8,501.70000000000005,419.74043042493014
8,501.8,420.5630078620396
8,501.90000000000003,417.85311961231866
8,502.0,416.5767626598112
8,502.1,422.26911190080654
8,502.20000000000005,417.6133475227344
8,502.3,415.08798766162727
8,502.40000000000003,413.015160538084
8,502.5,413.1058183338694
8,502.6,550.724977868496
8,502.70000000000005,603.0381822751101
8,502.8,420.8831994453421
8,502.90000000000003,422.7759016349079
8,503.0,425.9288097523087
8,503.1,432.6744279222162
8,503.20000000000005,430.8197751114379
8,503.3,422.42497829580776
8,503.40000000000003,425.5036728014836
8,503.5,425.14375108464907
8,503.6,424.40697426254104
8,503.70000000000005,421.1217029559096
8,503.8,414.8266164763969
8,503.90000000000003,420.8869979083159
8,504.0,430.1684399353783
8,504.1,427.0198845236048
8,504.20000000000005,417.90687645989306
8,504.3,417.60184767787115
8,504.40000000000003,420.9541792489181
8,504.5,423.33842971169884
8,504.6,424.51556158814986
8,504.70000000000005,426.82597441964907
8,504.8,427.3336956274791
8,504.90000000000003,429.6230822550562
8,505.0,423.3927722316995
8,505.1,421.50752954672186
8,505.20000000000005,419.2573871820461
8,505.3,419.71780270644496
8,505.40000000000003,422.14031376155947
8,505.5,425.9995257539365
8,505.6,425.5752051726196
8,505.70000000000005,417.3854545990053
8,505.8,419.0897137929471
8,505.90000000000003,418.8960628165665
8,506.0,418.78476958380395
8,506.1,419.36312781402495
8,506.20000000000005,424.7510925082942
8,506.3,425.82704529838526
8,506.40000000000003,419.07220348040767
8,506.5,412.3352443639569
8,506.6,413.98472763990395
8,506.70000000000005,416.73370848347037
8,506.8,418.47787299571337
8,506.90000000000003,417.6465873621883
8,507.0,418.6942222741159
8,507.1,447.69337379700147
8,507.20000000000005,460.340921234073
8,507.3,422.28222714964437
8,507.40000000000003,421.6700969847748
8,507.5,422.3686579217004
8,507.6,422.8790137938606
8,507.70000000000005,423.96322328902653
8,507.8,422.44416020101613
8,507.90000000000003,423.5862522122022
8,508.0,421.660010581998
8,508.1,420.49174607592795
8,508.20000000000005,419.32332308095897
8,508.3,421.49556715410665
8,508.40000000000003,416.63594277088237
8,508.5,417.7063498942011
8,508.6,420.0830180126328
8,508.70000000000005,417.26821942547065
8,508.8,417.69767175955917
8,508.90000000000003,421.06010258129896
8,509.0,422.53962324065316
8,509.1,414.66725747495633
8,509.20000000000005,417.7275332119748
8,509.3,423.62148313247724
8,509.40000000000003,425.6433691029563
8,509.5,424.80507614958276
8,509.6,419.56152424838035
8,509.70000000000005,420.55505988214776
8,509.8,421.6362800731001
8,509.90000000000003,413.76140316347653
8,510.0,414.763252454017
8,510.1,411.86387001562866
8,510.20000000000005,412.9960306226507
8,510.3,417.35520546187075
8,510.40000000000003,416.1734527000749
8,510.5,420.48334497325504
8,510.6,419.29821813451247
8,510.70000000000005,417.9486212071236
8,510.8,412.505975034665
8,510.90000000000003,409.33910540140266
8,511.0,413.7227533329442
8,511.1,412.6979401572268
8,511.20000000000005,412.1932843101749
8,511.3,417.6532895095413
8,511.40000000000003,424.17874690348776
8,511.5,418.0669346146698
8,511.6,414.82457025641787
8,511.70000000000005,415.3853182177551
8,511.8,422.14202942700297
8,511.90000000000003,425.3014988102844
8,512.0,410.5387400092931
8,512.1,413.3421031557442
8,512.2,486.48478709762907
8,512.3000000000001,535.9658250179754
8,512.4,416.06262624284085
8,512.5,419.62009618230036
8,512.6,414.67177485346673
8,512.7,417.4315966195018
8,512.8000000000001,422.0129433021441
8,512.9,417.2387092464309
8,513.0,415.0858210987534
8,513.1,418.8728342204425
8,513.2,415.46774524345074
8,513.3000000000001,420.6431458921575
8,513.4,414.1081361819742
8,513.5,414.1827195989026
8,513.6,417.3424160214061
8,513.7,416.7446977206204
8,513.8000000000001,413.4940476933849
8,513.9,416.5214495822103
8,514.0,421.0444444497392
8,514.1,416.81227819804985
8,514.2,413.2807929466067
8,514.3000000000001,411.9612202470331
8,514.4,414.61214693100555
8,514.5,416.46387672172864
8,514.6,420.4355603476618
8,514.7,418.8970820220664
8,514.8000000000001,420.2494166757267
8,514.9,423.14228642096106
8,515.0,415.7196427320615
8,515.1,415.5874290310688
8,515.2,418.69001608546534
8,515.3000000000001,414.86954172689053
8,515.4,415.39739045465836
8,515.5,414.9666459330144
8,515.6,418.1011010894303
8,515.7,413.7692933280623
8,515.8000000000001,418.77589036276777
8,515.9,419.3310664941531
8,516.0,414.77003986484556
8,516.1,410.3847398690579
8,516.2,417.71218246374576
8,516.3000000000001,420.07720964486884
8,516.4,410.29516717956926
8,516.5,411.12792829164624
8,516.6,409.7837651858577
8,516.7,417.21258722692806
8,516.8000000000001,417.2840427315032
8,516.9,409.90279028176815
8,517.0,409.905948426588
8,517.1,410.1041369805005
8,517.2,415.3957595641338
8,517.3000000000001,412.7187444294859
8,517.4,412.52417639069307
8,517.5,410.81532752860664
8,517.6,414.63841911963004
8,517.7,422.0681537396981
8,517.8000000000001,427.77504701772034
8,517.9,434.01379987705945
8,518.0,420.79354036422035
8,518.1,436.94670812854037
8,518.2,414.66090590222456
8,518.3000000000001,412.5627924879547
8,518.4,416.5360075875419
8,518.5,415.9058271064558
8,518.6,416.82613339607764
8,518.7,415.8531798408391
8,518.8000000000001,420.38892467791425
8,518.9,419.76651202712253
8,519.0,423.35752039972647
8,519.1,419.06560875277347
8,519.2,421.1817070294072
8,519.3000000000001,421.4015688525451
8,519.4,421.2897543942338
8,519.5,419.89101273366293
8,519.6,417.90581172148245
8,519.7,419.0637009783154
8,519.8000000000001,418.80714492043586
8,519.9,413.09780196040913
8,520.0,415.9608724907373
8,520.1,415.5341145026038
8,520.2,419.4074013096129
8,520.3000000000001,416.1039790073946
8,520.4,417.2824378580616
8,520.5,417.4087586903684
8,520.6,422.0169567392621
8,520.7,414.00664887171274
8,520.8000000000001,417.3554068360119
8,520.9,416.2693996130185
8,521.0,411.68381937586975
8,521.1,418.1836210002639
8,521.2,418.8839830652817
8,521.3000000000001,413.10528553375923
8,521.4,437.61709285997455
8,521.5,452.8647782582282
8,521.6,418.7820464747578
8,521.7,424.65198744599763
8,521.8000000000001,418.32133191868974
8,521.9,415.10019054000355
8,522.0,419.974831237192
8,522.1,416.6993111144487
8,522.2,421.9812484828692
8,522.3000000000001,418.92208881967633
8,522.4,417.6801217136626
8,522.5,421.8495614640423
8,522.6,416.2392519565749
8,522.7,415.753316242373
8,522.8000000000001,415.72933407806534
8,522.9,420.5562031448916
8,523.0,416.1042042370983
8,523.1,420.4682474353102
8,523.2,419.08625936272966
8,523.3000000000001,420.2913939665855
8,523.4,417.40121883582515
8,523.5,416.3998798824774
8,523.6,419.1197377914504
8,523.7,421.1136783602051
8,523.8000000000001,420.5549236261517
8,523.9,417.8735800649078
8,524.0,419.7613748525595
8,524.1,415.38665333022226
8,524.2,423.67820040222085
8,524.3000000000001,423.7848237166983
8,524.4,417.3000356822183
8,524.5,419.2525137277796
8,524.6,419.9441557331037
8,524.7,443.72691403078386
8,524.8000000000001,473.1596181405984
8,524.9,411.201492985084
8,525.0,415.76663107254166
8,525.1,416.04284264635606
8,525.2,419.05338982141956
8,525.3000000000001,416.2601819240168
8,525.4,422.3619713954858
8,525.5,426.1250515600243
8,525.6,417.62892134378376
8,525.7,415.34097312497136
8,525.8000000000001,418.49763197033946
8,525.9,417.5260476331603
8,526.0,417.61221108209594
8,526.1,412.6191990983468
8,526.2,419.7507359906157
8,526.3000000000001,413.2367130785017
8,526.4,418.4765160116377
8,526.5,416.6721523214784
8,526.6,416.5353604661284
8,526.7,413.42841475236116
8,526.8000000000001,422.0318818378535
8,526.9,421.89761825490837
8,527.0,417.5366604060878
8,527.1,422.89547484387697
8,527.2,419.77350390347317
8,527.3000000000001,419.7854683347964
8,527.4,421.9304117841902
8,527.5,413.2539198008125
8,527.6,421.0629691559216
8,527.7,426.5397791629501
8,527.8000000000001,419.0842428043488
8,527.9,416.08240883690047
8,528.0,416.62049980698663
8,528.1,412.8673056737855
8,528.2,418.97017020962653
8,528.3000000000001,420.62522077014944
8,528.4,410.7022259589848
8,528.5,413.24359506034574
8,528.6,410.70930907626706
8,528.7,416.9801990273209
8,528.8000000000001,421.93201503680854
8,528.9,424.3137349346183
8,529.0,412.7990968021732
8,529.1,413.54946273240614
8,529.2,409.37515133868624
8,529.3000000000001,419.3662423613202
8,529.4,415.14107455672456
8,529.5,413.7361816596134
8,529.6,419.65277901463986
8,529.7,416.00630655330247
8,529.8000000000001,409.535023253
8,529.9,411.6601208312275
8,530.0,416.1824283787777
8,530.1,420.743376306076
8,530.2,416.44873450140796
8,530.3000000000001,417.03275174012816
8,530.4,416.97490081390913
8,530.5,411.033266510215
8,530.6,417.8700364806035
8,530.7,426.03814185645774
8,530.8000000000001,422.27159662625365
8,530.9,415.7456438849143
8,531.0,410.2484170373565
8,531.1,409.8409798939306
8,531.2,409.9696084363198
8,531.3000000000001,411.00694246439235
8,531.4,419.9626890683993
8,531.5,415.046519341756
8,531.6,415.4798162140759
8,531.7,409.8043771802637
8,531.8000000000001,411.9530359974595
8,531.9,408.4277915789954
8,532.0,416.39955224719904
8,532.1,417.7888494823335
8,532.2,413.87311055578846
8,532.3000000000001,418.5795556444053
8,532.4,420.2443004965636
8,532.5,421.3021152486156
8,532.6,417.94611484042343
8,532.7,412.641889519109
8,532.8000000000001,412.62472787734515
8,532.9,405.27281149253764
8,533.0,410.4381999085011
8,533.1,419.25404941243767
8,533.2,417.89714984619917
8,533.3000000000001,412.91259254492445
8,533.4,414.7860857709297
8,533.5,406.7148169207052
8,533.6,410.96878767889297
8,533.7,417.0552606200071
8,533.8000000000001,411.6613723212299
8,533.9,414.96525848787365
8,534.0,414.9405034121235
8,534.1,419.52396581651016
8,534.2,416.6358582604243
8,534.3000000000001,419.4394681243032
8,534.4,417.7921509185598
8,534.5,456.8151586483131
8,534.6,536.7249316645564
8,534.7,422.2259852610985
8,534.8000000000001,418.31918527837655
8,534.9,419.96893027164873
8,535.0,420.2838703656488
8,535.1,421.88851812345786
8,535.2,412.2209485343062
8,535.3000000000001,406.30106068029306
8,535.4,415.99605202507297
8,535.5,452.6885301521188
8,535.6,506.1607909527391
8,535.7,427.8342635366569
8,535.8000000000001,429.8658484410167
8,535.9,427.18267326192955
8,536.0,425.955709349734
8,536.1,429.2494083353579
8,536.2,425.14270720931955
8,536.3000000000001,421.8696857993213
8,536.4,425.49445589995594
8,536.5,432.5839840062145
8,536.6,427.8804032425309
8,536.7,415.6833571854445
8,536.8000000000001,418.1957010956409
8,536.9,416.01376818462245
8,537.0,419.3595364615726
8,537.1,419.4427651619241
8,537.2,422.83103806263097
8,537.3000000000001,428.3534677141657
8,537.4,420.2285280592288
8,537.5,415.1533047097089
8,537.6,418.82841587422615
8,537.7,419.7527052926552
8,537.8000000000001,424.5741932781392
8,537.9,426.63944501717015
8,538.0,418.31904117302247
8,538.1,414.8618028823016
8,538.2,425.70640378151916
8,538.3000000000001,427.3255971386823
8,538.4,410.4446832865098
8,538.5,413.9273045403205
8,538.6,418.6936263315163
8,538.7,420.23979890970367
8,538.8000000000001,420.1724403327321
8,538.9,412.91184902757834
8,539.0,414.59936952242975
8,539.1,419.37699174964973
8,539.2,421.8361155408409
8,539.3000000000001,423.8295148307461
8,539.4,426.0541452237974
8,539.5,428.0855376119638
8,539.6,423.1815962132118
8,539.7,412.1695113557535
8,539.8000000000001,416.826680804059
8,539.9,420.0435394180704
8,540.0,420.69201381098304
8,540.1,419.62274836509994
8,540.2,423.28440977847265
8,540.3000000000001,423.1518860798812
8,540.4,422.8504197102871
8,540.5,427.5445060464318
8,540.6,425.20833118561956
8,540.7,426.8273561280737
8,540.8000000000001,427.9174418938457
8,540.9,429.2112773990596
8,541.0,437.05741091810233
8,541.1,430.8486284397592
8,541.2,422.4019348251571
8,541.3000000000001,422.3526462552518
8,541.4,427.0703948659453
8,541.5,414.48240026354296
8,541.6,416.55619813278804
8,541.7,418.38665689667465
8,541.8000000000001,418.57624888268583
8,541.9,420.66939078487485
8,542.0,414.85044373250093
8,542.1,417.01338585003765
8,542.2,422.6162111168348
8,542.3000000000001,431.0343325857502
8,542.4,430.0199370056422
8,542.5,434.455020735142
8,542.6,410.2508302098831
8,542.7,412.9390306034561
8,542.8000000000001,411.50608403475496
8,542.9,415.71693734955363
8,543.0,413.5893360910031
8,543.1,419.6169791621481
8,543.2,414.7268017313873
8,543.3000000000001,412.35669356563665
8,543.4,418.8561279684397
8,543.5,423.7231327846313
8,543.6,420.2834737252942
8,543.7,413.9681656060627
8,543.8000000000001,412.41105687604914
8,543.9,413.00970214402736
8,544.0,405.3390209881691
8,544.1,413.4608718982984
8,544.2,411.55029308317796
8,544.3000000000001,424.48925170456596
8,544.4,414.8964126902428
8,544.5,415.01434387919716
8,544.6,415.7228638653793
8,544.7,419.2218524095206
8,544.8000000000001,413.7419135645329
8,544.9,416.03615840084484
8,545.0,420.4619143243166
8,545.1,414.04586018628595
8,545.2,413.45661761409116
8,545.3000000000001,413.0161218420488
8,545.4,411.3197579080568
8,545.5,408.91828815360566
8,545.6,417.05611251795995
8,545.7,414.06606991433796
8,545.8000000000001,418.71699714496134
8,545.9,426.68685147858275
8,546.0,436.30411204834206
8,546.1,505.0512749357609
8,546.2,424.7228762555364
8,546.3000000000001,455.4236874284017
8,546.4,422.74225522894477
8,546.5,423.1585681514365
8,546.6,419.0788544338932
8,546.7,416.15367568911984
8,546.8000000000001,411.2937557194452
8,546.9,414.0442592055664
8,547.0,413.25354626320103
8,547.1,412.01942187173285
8,547.2,419.01819449731596
8,547.3000000000001,420.7357564772948
8,547.4,420.72574058374187
8,547.5,416.15151490485204
8,547.6,425.183305469536
8,547.7,424.975612089957
8,547.8000000000001,414.2005678419313
8,547.9,410.25413944823623
8,548.0,418.2829701146851
8,548.1,418.449963324866
8,548.2,418.6111806265958
8,548.3000000000001,428.80715443649825
8,548.4,429.12122144806244
8,548.5,420.130750657669
8,548.6,424.6399851203383
8,548.7,418.94249674188285
8,548.8000000000001,415.7827694738849
8,548.9,417.6514193732682
8,549.0,426.8840897507387
8,549.1,419.8103252875508
8,549.2,420.52658439898624
8,549.3000000000001,422.5114488422771
8,549.4,418.9655679456326
8,549.5,419.05723532215023
8,549.6,422.70573717057897
8,549.7,423.10242629300564
8,549.8000000000001,428.52412693491783
8,549.9,418.35065431028937
8,550.0,425.55156109231285
8,550.1,421.08602157445165
8,550.2,414.9708677701057
8,550.3000000000001,425.99295377551107
8,550.4,423.72360475005684
8,550.5,429.19652617039833
8,550.6,424.82292458356494
8,550.7,412.0510133507478
8,550.8000000000001,419.4389825262674
8,550.9,415.8572737687371
8,551.0,418.6490899574661
8,551.1,418.13784327250727
8,551.2,418.24867466688215
8,551.3000000000001,416.99985643971706
8,551.4,416.54265280821113
8,551.5,421.287806269836
8,551.6,422.6074831833824
8,551.7,424.2539008036308
8,551.8000000000001,427.17208974756494
8,551.9,424.3543997398273
8,552.0,421.5930485687191
8,552.1,422.7689806552322
8,552.2,428.21705992860797
8,552.3000000000001,425.1473958447942
8,552.4,429.2440119276092
8,552.5,428.06810667028856
8,552.6,427.5764005077458
8,552.7,427.6718890348298
8,552.8000000000001,434.10974543820123
8,552.9,420.70483655989767
8,553.0,423.1666348671904
8,553.1,426.49138036143313
8,553.2,431.0525720254398
8,553.3000000000001,432.05135928409294
8,553.4,429.66339083656806
8,553.5,423.1267682283165
8,553.6,430.8031129208104
8,553.7,454.76678538850507
8,553.8000000000001,663.7514133266702
8,553.9,429.25432964937187
8,554.0,426.4060152049849
8,554.1,436.1309258611584
8,554.2,578.6209020965767
8,554.3000000000001,413.70657575275925
8,554.4,423.27715788838947
8,554.5,425.56935974150997
8,554.6,419.77775537245486
8,554.7,428.84699865319044
8,554.8000000000001,419.35483274992424
8,554.9,420.6972530396036
8,555.0,420.45624081054933
8,555.1,421.15239178378596
8,555.2,423.870874271337
8,555.3000000000001,426.7941013975454
8,555.4,428.32986745380487
8,555.5,418.8869155415549
8,555.6,420.16921335360377
8,555.7,420.83377778010765
8,555.8000000000001,421.1493662012936
8,555.9,423.9346471765116
8,556.0,419.49043709133196
8,556.1,422.01273474670967
8,556.2,436.0884190391477
8,556.3000000000001,543.0612093405961
8,556.4,419.13377577054393
8,556.5,420.7481259692231
8,556.6,429.10134568577274
8,556.7,427.8770773141945
8,556.8000000000001,416.39536891989763
8,556.9,416.68864865820484
8,557.0,420.9732710042534
8,557.1,421.68576060543876
8,557.2,418.5960942003759
8,557.3000000000001,421.6900730959651
8,557.4,418.7597930477703
8,557.5,423.9957657448137
8,557.6,425.72545472949685
8,557.7,422.6723854158179
8,557.8000000000001,431.5605903450551
8,557.9,419.6290741067107
8,558.0,419.96896573470076
8,558.1,412.6398453354258
8,558.2,420.79240961540626
8,558.3000000000001,425.9248468517565
8,558.4,412.0300378421523
8,558.5,413.98146921429066
8,558.6,415.4647006672006
8,558.7,415.4998530899323
8,558.8000000000001,410.4925539301672
8,558.9,418.5583415582109
8,559.0,424.3602359374665
8,559.1,416.5258076751529
8,559.2,423.2256238839462
8,559.3000000000001,421.3780833104995
8,559.4,423.3094181563224
8,559.5,421.96269389547075
8,559.6,420.9830419069139
8,559.7,423.06481216771107
8,559.8000000000001,418.469938479878
8,559.9,422.67718457843654
8,560.0,424.9843331824409
8,560.1,419.5485514142775
8,560.2,424.984844906557
8,560.3000000000001,426.2553688019021
8,560.4,416.5528564924618
8,560.5,424.92862506076233
8,560.6,429.42474246799037
8,560.7,423.46490833851317
8,560.8000000000001,455.91362359785376
8,560.9,434.2993150226377
8,561.0,432.28067664292536
8,561.1,426.1371767864482
8,561.2,434.00245363503115
8,561.3000000000001,429.6920223763948
8,561.4,435.39668068533115
8,561.5,419.25501206639376
8,561.6,424.1514056182187
8,561.7,424.90389590630616
8,561.8000000000001,423.1189638487437
8,561.9,429.56292939733004
8,562.0,419.0413475251323
8,562.1,423.3558632007622
8,562.2,429.1759779217523
8,562.3000000000001,421.7999492894215
8,562.4,426.6049094848208
8,562.5,428.3592294221792
8,562.6,435.6147427134886
8,562.7,425.2160931960185
8,562.8000000000001,426.39662795936334
8,562.9,421.778297795124
8,563.0,425.7158841137084
8,563.1,416.38565657587367
8,563.2,424.9559789022368
8,563.3000000000001,426.90588784285916
8,563.4,419.9635299280606
8,563.5,422.8900078134122
8,563.6,424.4034453649713
8,563.7,424.18514618577933
8,563.8000000000001,430.47730812393854
8,563.9,430.80441746747465
8,564.0,426.7883326907634
8,564.1,426.6388183546821
8,564.2,419.85624589572495
8,564.3000000000001,419.8611696713832
8,564.4,425.6047349689502
8,564.5,428.1541343503374
8,564.6,425.8284899676485
8,564.7,464.0411932107533
8,564.8000000000001,545.1774525916119
8,564.9,426.34515127781873
8,565.0,419.43472982124223
8,565.1,418.720287618132
8,565.2,423.6209816924522
8,565.3000000000001,421.0402881917673
8,565.4,414.86860989512786
8,565.5,421.61806453319355
8,565.6,408.8495909165893
8,565.7,422.59644366520104
8,565.8000000000001,424.0785493400652
8,565.9,427.19942180295135
8,566.0,417.72064989813543
8,566.1,423.08798242126016
8,566.2,428.8846361889522
8,566.3000000000001,430.699758721356
8,566.4,423.60446027627034
8,566.5,426.0406342929174
8,566.6,449.45982448386826
8,566.7,430.9181035487875
8,566.8000000000001,439.54009126426973
8,566.9,421.23281072900807
8,567.0,422.4569381789674
8,567.1,424.0275814643097
8,567.2,434.00472875184585
8,567.3000000000001,431.97821698762016
8,567.4,429.1507546543208
8,567.5,426.98664655211445
8,567.6,438.2690497806536
8,567.7,426.7957484208723
8,567.8000000000001,427.8869671753327
8,567.9,438.3307103904316
8,568.0,433.3836528964217
8,568.1,432.29420987708147
8,568.2,449.66929393655823
8,568.3000000000001,570.2544928439557
8,568.4,430.9209843350534
8,568.5,415.9794443581306
8,568.6,421.33884465813134
8,568.7,425.53944302673585
8,568.8000000000001,425.2914934599725
8,568.9,422.0839516223796
8,569.0,427.77717811179764
8,569.1,428.7985970605408
8,569.2,429.48780508121604
8,569.3000000000001,421.3579494692194
8,569.4,428.37101282949493
8,569.5,426.23949338518435
8,569.6,420.2457377829467
8,569.7,424.89901002277617
8,569.8000000000001,419.00828810309605
8,569.9,427.62374263649315
8,570.0,429.9703388400016
8,570.1,414.80618044082297
8,570.2,416.6607128211469
8,570.3000000000001,413.9191451881906
8,570.4,420.6535820716284
8,570.5,417.9013887896031
8,570.6,422.8003935439131
8,570.7,421.37899717970026
8,570.8000000000001,431.3414704914583
8,570.9,424.289536720954
8,571.0,432.69104419705195
8,571.1,425.22727416975965
8,571.2,430.7597731601523
8,571.3000000000001,438.766833337056
8,571.4,423.87101488292836
8,571.5,429.03046051531084
8,571.6,420.6185423980033
8,571.7,425.3265748337413
8,571.8000000000001,436.3113396129809
8,571.9,430.97962745402
8,572.0,419.6047029935354
8,572.1,428.0856502069494
8,572.2,426.4289215276615
8,572.3000000000001,425.4723935415019
8,572.4,428.3215495463745
8,572.5,421.45326142439177
8,572.6,422.8363993490829
8,572.7,426.38620675886796
8,572.8000000000001,417.5340693802521
8,572.9,424.11821117803385
8,573.0,427.4285480870489
8,573.1,418.8907578141574
8,573.2,422.3325849407798
8,573.3000000000001,444.6545241272103
8,573.4,433.7362918424391
8,573.5,429.872334872462
8,573.6,431.35795342898246
8,573.7,418.84806348227573
8,573.8000000000001,418.21847527908807
8,573.9,420.76334709470115
8,574.0,425.22130663445455
8,574.1,425.1104882077556
8,574.2,427.4062777266313
8,574.3000000000001,424.4148503203298
8,574.4,421.44856691683333
8,574.5,427.209389203652
8,574.6,425.1035243893903
8,574.7,428.1192273742821
8,574.8000000000001,431.91607529417195
8,574.9,445.7902819556473
8,575.0,427.43397462231326
8,575.1,440.90260169317725
8,575.2,425.57056620400226
8,575.3000000000001,425.8642681424577
8,575.4,422.20442171589326
8,575.5,434.7031999142183
8,575.6,431.79478088822526
8,575.7,422.2376002806924
8,575.8000000000001,422.35815770931316
8,575.9,422.5230656679323
8,576.0,420.5364574663782
8,576.1,424.74909451661887
8,576.2,416.91131763040335
8,576.3000000000001,425.3532215344788
8,576.4,415.4838824581534
8,576.5,422.13265045929495
8,576.6,423.4181438340401
8,576.7,427.49433759659723
8,576.8000000000001,430.84913877655316
8,576.9,415.2482261631905
8,577.0,422.3172844496656
8,577.1,426.0265715001938
8,577.2,429.36691024997174
8,577.3000000000001,421.2860202587209
8,577.4,423.9322449734126
8,577.5,426.7271916714224
8,577.6,424.80814703191083
8,577.7,430.66309443555116
8,577.8000000000001,420.89793612859194
8,577.9,430.27301983424377
8,578.0,423.2282258309723
8,578.1,424.7479753203154
8,578.2,429.4491465629668
8,578.3000000000001,419.6890582494595
8,578.4,426.3786417353495
8,578.5,426.4484191251635
8,578.6,423.2882201521675
8,578.7,424.4227198454971
8,578.8000000000001,429.30102226808197
8,578.9,423.5647058534797
8,579.0,435.16565097243995
8,579.1,428.6026835378595
8,579.2,430.0734033850817
8,579.3000000000001,434.6312797312173
8,579.4,431.2966284121867
8,579.5,439.852291828701
8,579.6,430.37756953474565
8,579.7,422.97800527755203
8,579.8000000000001,429.2272649171889
8,579.9,428.15238557893963
8,580.0,513.8406972503952
8,580.1,602.0470217545299
8,580.2,422.357711683015
8,580.3000000000001,426.15184511566946
8,580.4,428.69510347276116
8,580.5,417.12624640070914
8,580.6,421.281552093809
8,580.7,426.2831279347696
8,580.8000000000001,423.8676724658936
8,580.9,421.2011639240829
8,581.0,428.50404175264856
8,581.1,421.015305243742
8,581.2,422.3448408978705
8,581.3000000000001,422.83009111757167
8,581.4,419.56644486975495
8,581.5,419.7510690157188
8,581.6,415.2470628591842
8,581.7,418.90630510150044
8,581.8000000000001,427.40383145659973
8,581.9,417.9072323669253
8,582.0,425.22279542302687
8,582.1,426.59801365488
8,582.2,427.6959139631063
8,582.3000000000001,421.02641388736174
8,582.4,431.6257652139906
8,582.5,431.92024217945783
8,582.6,420.0341288742183
8,582.7,422.63614232467626
8,582.8000000000001,416.69939028750997
8,582.9,425.0164701005555
8,583.0,420.9481380532998
8,583.1,425.8262810934474
8,583.2,418.4657168330668
8,583.3000000000001,424.76873612399
8,583.4,420.0175453467548
8,583.5,424.287582567441
8,583.6,432.03994571025027
8,583.7,420.0829423316801
8,583.8000000000001,506.59701623407943
8,583.9,446.97447993177013
8,584.0,428.0481078677602
8,584.1,418.25232164551255
8,584.2,425.1386015774823
8,584.3000000000001,453.8658431700378
8,584.4,432.3753632898599
8,584.5,424.86980477814234
8,584.6,425.67640512363516
8,584.7,429.5631939208528
8,584.8000000000001,506.96772722261284
8,584.9,436.24588534543733
8,585.0,434.70304161722163
8,585.1,440.44220657581644
8,585.2,421.89013398527436
8,585.3000000000001,419.51724101166076
8,585.4,694.4687717703472
8,585.5,448.79643695818976
8,585.6,442.277789359621
8,585.7,426.8966725703452
8,585.8000000000001,426.4771918067792
8,585.9,419.9295015738835
8,586.0,420.34948871123396
8,586.1,429.5050399561577
8,586.2,437.5825772661646
8,586.3000000000001,435.3089626206909
8,586.4,433.63106797135254
8,586.5,432.7985378337678
8,586.6,424.9907509618276
8,586.7,425.3569961245653
8,586.8000000000001,437.2429441003732
8,586.9,496.320623439917
8,587.0,441.52206636833915
8,587.1,429.03752361118194
8,587.2,431.55299638479727
8,587.3000000000001,423.05398584635714
8,587.4,425.5097178605887
8,587.5,423.2870868398667
8,587.6,421.0061109159833
8,587.7,431.00027454053355
8,587.8000000000001,423.7272755876596
8,587.9,427.75143633374125
8,588.0,424.48091968563625
8,588.1,426.87734114905453
8,588.2,431.4356398327259
8,588.3000000000001,427.7444578622017
8,588.4,428.66572116626884
8,588.5,429.7079574417386
8,588.6,425.86733650950896
8,588.7,433.74197845435
8,588.8000000000001,435.3641664799311
8,588.9,429.58317037956795
8,589.0,432.46075050754405
8,589.1,424.2705912406303
8,589.2,438.76535265305705
8,589.3000000000001,435.5187145861546
8,589.4,434.17782840258707
8,589.5,436.8731831317837
8,589.6,431.2777287585828
8,589.7,434.4172440767482
8,589.8000000000001,439.6395473471282
8,589.9,446.2079690100826
8,590.0,432.7483038511578
8,590.1,438.463024155862
8,590.2,437.5831000424145
8,590.3000000000001,437.1465992327321
8,590.4,437.7065158106429
8,590.5,431.07221693172124
8,590.6,426.7956382806236
8,590.7,425.8049198852409
8,590.8000000000001,441.855317648809
8,590.9,438.8799521228228
8,591.0,433.8987441998449
8,591.1,424.14376080054285
8,591.2,432.8162772666883
8,591.3000000000001,435.5895526337625
8,591.4,437.28765468192597
8,591.5,427.7546140263924
8,591.6,430.6780236146896
8,591.7,426.54054029122864
8,591.8000000000001,430.02524477445075
8,591.9,433.45796844325014
8,592.0,430.8696920672063
8,592.1,430.1571005337653
8,592.2,428.5985568808447
8,592.3000000000001,435.0613004553704
8,592.4,431.53635354745654
8,592.5,422.9646362960492
8,592.6,419.7022939151315
8,592.7,435.65725225589273
8,592.8000000000001,429.63143194364426
8,592.9,438.94812193622226
8,593.0,437.12173685740566
8,593.1,413.68614468743607
8,593.2,444.91708513418297
8,593.3000000000001,420.9401182798408
8,593.4,434.2072741965655
8,593.5,433.09399600397455
8,593.6,430.38791496128977
8,593.7,428.90782094733316
8,593.8000000000001,429.3424218970941
8,593.9,433.60000855684444
8,594.0,435.01202298017944
8,594.1,438.39645721420743
8,594.2,434.892367164924
8,594.3000000000001,429.0829221277782
8,594.4,443.9118702168382
8,594.5,443.6788376246777
8,594.6,441.64809971715624
8,594.7,439.36557989648855
8,594.8000000000001,442.08551190041834
8,594.9,441.54417836226537
8,595.0,435.82659690751865
8,595.1,435.69882738034545
8,595.2,442.5566991504395
8,595.3000000000001,441.07856358952796
8,595.4,435.43367149005053
8,595.5,437.13232735708107
8,595.6,448.0776807685278
8,595.7,441.16655373085536
8,595.8000000000001,435.69748312074177
8,595.9,431.5509225536812
8,596.0,445.8314948208196
8,596.1,440.4163396033427
8,596.2,442.3808318523017
8,596.3000000000001,575.9776896631143
8,596.4,461.40715831265624
8,596.5,435.7871991288248
8,596.6,435.6482671371998
8,596.7,435.62743095573387
8,596.8000000000001,435.4630236975982
8,596.9,442.4445889649271
8,597.0,436.7117220180994
8,597.1,440.44857874368176
8,597.2,428.83078310791495
8,597.3000000000001,442.56269722805234
8,597.4,445.0557681680736
8,597.5,424.98038291991327
8,597.6,443.972343433189
8,597.7,432.8380895748718
8,597.8000000000001,424.6457114491
8,597.9,439.771532570975
8,598.0,462.7452097782289
8,598.1,448.94479140452734
8,598.2,453.1461713365283
8,598.3000000000001,444.5390883088337
8,598.4,443.7108386091663
8,598.5,437.1065792614056
8,598.6,447.4147653481393
8,598.7,548.730513258386
8,598.8000000000001,452.0083218118469
8,598.9,431.6817506692123
8,599.0,424.19310828404906
8,599.1,426.93549415918847
8,599.2,428.06774093172555
8,599.3000000000001,428.6828221085214
8,599.4,421.5551168212583
8,599.5,427.61225357327504
8,599.6,439.9490238725063
8,599.7,443.7938885359571
8,599.8000000000001,440.97109294475064
8,599.9,435.5502714084909
8,600.0,431.04588008501025
8,600.1,439.3084194136521
8,600.2,437.36001245982385
8,600.3000000000001,441.91738482399177
8,600.4,428.8027058187279
8,600.5,439.25851399170386
8,600.6,443.73262652367896
8,600.7,433.31430455994985
8,600.8000000000001,432.01051619125724
8,600.9,439.4985985361406
8,601.0,440.48217944915
8,601.1,440.1339157597416
8,601.2,444.6654777083139
8,601.3000000000001,433.840353566169
8,601.4,439.539039594192
8,601.5,436.5522312453837
8,601.6,442.8527090909543
8,601.7,439.00801196868883
8,601.8000000000001,444.01973705785
8,601.9,453.30052128011675
8,602.0,447.4601600664273
8,602.1,448.07401333307973
8,602.2,439.429646236977
8,602.3000000000001,430.8275237726442
8,602.4,426.6179553689716
8,602.5,428.06278532609343
8,602.6,432.92604234137116
8,602.7,440.86648693211987
8,602.8000000000001,427.9443459614664
8,602.9,429.8664725680277
8,603.0,427.20200925636925
8,603.1,430.65983514650844
8,603.2,433.9415789928153
8,603.3000000000001,433.02204268021177
8,603.4,480.46335267549705
8,603.5,433.23929483376105
8,603.6,428.88713536986563
8,603.7,431.5260689902318
8,603.8000000000001,436.8800869077304
8,603.9,425.84662751168514
8,604.0,434.3502147115591
8,604.1,439.60263309362205
8,604.2,437.90990923405263
8,604.3000000000001,434.1273124751561
8,604.4,429.82923028327525
8,604.5,433.5146725761139
8,604.6,434.2606813932097
8,604.7,436.622655092755
8,604.8000000000001,423.284605089092
8,604.9,428.4359303173027
8,605.0,464.5965207066471
8,605.1,472.6282585605767
8,605.2,435.60588955659995
8,605.3000000000001,433.253632594341
8,605.4,434.15280467699705
8,605.5,488.79821081439155
8,605.6,452.72782612294924
8,605.7,441.0767756506233
8,605.8000000000001,441.3139881254695
8,605.9,438.154159990946
8,606.0,438.8106869583452
8,606.1,446.75731590472816
8,606.2,438.8919541459015
8,606.3000000000001,438.68992280509616
8,606.4,446.2151671421267
8,606.5,439.58921269208867
8,606.6,433.4013432745906
8,606.7,441.40413861752796
8,606.8000000000001,438.2784436905352
8,606.9,437.90585881831504
8,607.0,437.82162542384594
8,607.1,429.0721622795246
8,607.2,430.64750433939486
8,607.3000000000001,428.17446725459314
8,607.4,437.708810737686
8,607.5,444.28453638622943
8,607.6,449.456982964798
8,607.7,447.7636720290503
8,607.8000000000001,428.81073395057393
8,607.9,437.94946728889636
8,608.0,439.3940144268803
8,608.1,437.27671384070214
8,608.2,434.1087214092009
8,608.3000000000001,437.1916856216299
8,608.4,435.75631328583376
8,608.5,427.15149703689406
8,608.6,430.51016912652045
8,608.7,435.8809452342453
8,608.8000000000001,430.96873606320173
8,608.9,437.3457354016229
8,609.0,435.73594880476946
8,609.1,433.9914217261697
8,609.2,424.9515767668895
8,609.3000000000001,429.7427267741157
8,609.4,422.5977706336007
8,609.5,424.6824189927228
8,609.6,420.9548078985103
8,609.7,428.0451861614136
8,609.8000000000001,429.5511093310962
8,609.9,425.1458276343737
8,610.0,425.1492575642767
8,610.1,421.1637069054574
8,610.2,432.0729482558776
8,610.3000000000001,430.9259220245367
8,610.4,426.8419942344635
8,610.5,422.3783202992828
8,610.6,429.66617805138657
8,610.7,421.97261914726255
8,610.8000000000001,420.7678365274923
8,610.9,420.0409039634374
8,611.0,425.5749532971484
8,611.1,422.60525125824626
8,611.2,426.7262521903267
8,611.3000000000001,431.78234639877167
8,611.4,427.04978481481555
8,611.5,425.44677793239845
8,611.6,422.2702012896114
8,611.7,428.3796814055328
8,611.8000000000001,427.5979018679251
8,611.9,415.5353716522895
8,612.0,420.6455638498637
8,612.1,420.92533441366504
8,612.2,424.60415988257625
8,612.3000000000001,423.9248449380676
8,612.4,429.99134318284524
8,612.5,427.5944574274413
8,612.6,429.5759678473656
8,612.7,423.888623915148
8,612.8000000000001,433.3088738673233
8,612.9,427.1022486446327
8,613.0,430.20007294047
8,613.1,427.3195552551681
8,613.2,428.97174654825847
8,613.3000000000001,420.661307585512
8,613.4,423.65273053871505
8,613.5,427.2824367208052
8,613.6,424.0611290090895
8,613.7,419.177860367672
8,613.8000000000001,425.0894069331717
8,613.9,422.6928490484034
8,614.0,423.77492611742395
8,614.1,422.4027588762861
8,614.2,419.76732720262936
8,614.3000000000001,423.5162782692859
8,614.4000000000001,421.64766585775806
8,614.5,426.6940450310485
8,614.6,423.52444762095246
8,614.7,425.79836915532644
8,614.8000000000001,422.22427322243016
8,614.9000000000001,425.6631473099837
8,615.0,422.53005484031615
8,615.1,444.7522932467633
8,615.2,428.4184849850456
8,615.3000000000001,441.95618164667667
8,615.4000000000001,435.80784557930605
8,615.5,428.252803815928
8,615.6,433.5015440723259
8,615.7,432.193953237319
8,615.8000000000001,429.5828899574168
8,615.9000000000001,432.77729910024124
8,616.0,432.03529423707005
8,616.1,430.1794667546736
8,616.2,447.624295488057
8,616.3000000000001,434.8663503558645
8,616.4000000000001,424.35472501715077
8,616.5,428.8786080640895
8,616.6,427.96273348726515
8,616.7,421.51082629128007
8,616.8000000000001,428.1284306634747
8,616.9000000000001,428.21890493519436
8,617.0,421.3580804560726
8,617.1,423.7370269330404
8,617.2,429.63597980270015
8,617.3000000000001,421.4785391436253
8,617.4000000000001,422.7017420029932
8,617.5,431.910410906179
8,617.6,425.08613350473917
8,617.7,422.32570856329977
8,617.8000000000001,418.12986955151723
8,617.9000000000001,422.5619694401755
8,618.0,420.91371444910953
8,618.1,428.0511529884718
8,618.2,434.2870912658303
8,618.3000000000001,428.3887423945874
8,618.4000000000001,420.79664433244295
8,618.5,425.86694355668874
8,618.6,436.61477764593167
8,618.7,429.92686880392114
8,618.8000000000001,421.27361434191056
8,618.9000000000001,425.942546682465
8,619.0,424.6068233631743
8,619.1,426.65594777333337
8,619.2,419.2734374587116
8,619.3000000000001,425.88492931878403
8,619.4000000000001,422.8510543208918
8,619.5,426.9672818020002
8,619.6,426.839402152679
8,619.7,428.5588287317636
8,619.8000000000001,424.9581523991943
8,619.9000000000001,422.42795777019904
8,620.0,429.05492998651295
8,620.1,425.0129646957882
8,620.2,424.74028815454426
8,620.3000000000001,421.7014023494896
8,620.4000000000001,423.1237436197953
8,620.5,431.2574002516317
8,620.6,422.4086393848377
8,620.7,419.8874757544358
8,620.8000000000001,424.8695176563982
8,620.9000000000001,418.0471200630882
8,621.0,439.4481895434648
8,621.1,429.1601161067354
8,621.2,416.090126672064
8,621.3000000000001,421.64752548063444
8,621.4000000000001,425.64280155314503
8,621.5,426.58355052195895
8,621.6,425.66047942582327
8,621.7,424.1533116498509
8,621.8000000000001,435.727247726152
8,621.9000000000001,430.5618084867776
8,622.0,430.2912515250295
8,622.1,429.9606334953673
8,622.2,428.46394311299565
8,622.3000000000001,434.69321449020424
8,622.4000000000001,431.02200795828276
8,622.5,425.3429718203134
8,622.6,425.803408344871
8,622.7,419.4591605513004
8,622.8000000000001,425.28383555884653
8,622.9000000000001,422.83600325436953
8,623.0,420.02869374255346
8,623.1,430.9144473022436
8,623.2,428.5555031937642
8,623.3000000000001,432.8660068203057
8,623.4000000000001,428.1824925339469
8,623.5,423.5091495785864
8,623.6,422.0378238651471
8,623.7,417.6642785619796
8,623.8000000000001,422.8311500847172
8,623.9000000000001,430.0125216403618
8,624.0,421.91115855980365
8,624.1,422.9104050192072
8,624.2,423.339394485627
8,624.3000000000001,424.0991406490458
8,624.4000000000001,425.9316244238846
8,624.5,427.14524334287273
8,624.6,424.08912731440444
8,624.7,425.6402739497298
8,624.8000000000001,424.8366614634198
8,624.9000000000001,425.58679547348044
8,625.0,427.79694383575355
8,625.1,424.39239428877664
8,625.2,424.6667824268113
8,625.3000000000001,432.0778333488284
8,625.4000000000001,425.01985812084735
8,625.5,423.2222283837946
8,625.6,426.95250972380177
8,625.7,426.42720740405264
8,625.8000000000001,420.0697411921359
8,625.9000000000001,421.32843627044946
8,626.0,424.88372689341946
8,626.1,419.8546007167654
8,626.2,420.95980550106975
8,626.3000000000001,425.95629405667734
8,626.4000000000001,433.33111908641087
8,626.5,425.85790713867004
8,626.6,430.0207936816447
8,626.7,425.424049758373
8,626.8000000000001,419.26846907796954
8,626.9000000000001,430.7836460479167
8,627.0,426.30156750226377
8,627.1,427.5374426299215
8,627.2,434.9432372300966
8,627.3000000000001,429.1243335798732
8,627.4000000000001,430.6619633256034
8,627.5,426.4360220269356
8,627.6,425.6414103477534
8,627.7,423.15945881023936
8,627.8000000000001,692.5689726093686
8,627.9000000000001,548.8003867170999
8,628.0,429.97181450027523
8,628.1,429.14191745987944
8,628.2,430.33867315345896
8,628.3000000000001,428.33246212244126
8,628.4000000000001,429.0673561242626
8,628.5,424.1943858652916
8,628.6,420.5930896295851
8,628.7,422.63361415081243
8,628.8000000000001,434.8695202692733
8,628.9000000000001,433.5131363227079
8,629.0,427.5086581637516
8,629.1,428.8722934237562
8,629.2,428.8447710018006
8,629.3000000000001,427.01229159351163
8,629.4000000000001,425.5153493943909
8,629.5,419.81191158641195
8,629.6,428.23084147699467
8,629.7,433.77888487442266
8,629.8000000000001,428.8261222347403
8,629.9000000000001,422.99484246682607
8,630.0,432.97886790240835
8,630.1,431.9440845989042
8,630.2,427.2744597158667
8,630.3000000000001,423.67298167442806
8,630.4000000000001,432.712935851552
8,630.5,435.1489463476821
8,630.6,431.1449890769489
8,630.7,425.4388272721612
8,630.8000000000001,424.3511467171209
8,630.9000000000001,427.27632774011863
8,631.0,432.74122382006516
8,631.1,428.6090868940913
8,631.2,423.5506477213251
8,631.3000000000001,423.83395702545243
8,631.4000000000001,432.58508277421043
8,631.5,427.8121838115277
8,631.6,439.6285534071277
8,631.7,446.4451253304989
8,631.8000000000001,447.68720427576244
8,631.9000000000001,449.3471667604827
8,632.0,418.16091010122193
8,632.1,431.2546989427426
8,632.2,431.0421890970606
8,632.3000000000001,439.29475235309917
8,632.4000000000001,436.55659191927487
8,632.5,436.7202067348476
8,632.6,432.59704846162424
8,632.7,422.9289330778865
8,632.8000000000001,426.0309180775206
8,632.9000000000001,427.6407093748752
8,633.0,425.4869371517349
8,633.1,427.45243747879385
8,633.2,433.89006387505265
8,633.3000000000001,425.56421652750066
8,633.4000000000001,428.3760121008899
8,633.5,424.39522383699455
8,633.6,419.8489274836297
8,633.7,419.014899945671
8,633.8000000000001,423.62523819055747
8,633.9000000000001,423.62957779164805
8,634.0,419.96450571475543
8,634.1,423.6122962556133
8,634.2,426.3210365575565
8,634.3000000000001,428.53747539546686
8,634.4000000000001,431.68621796292325
8,634.5,428.3256759558219
8,634.6,423.4318316857485
8,634.7,421.44021177513395
8,634.8000000000001,433.09449927608955
8,634.9000000000001,433.8543877596075
8,635.0,428.6646664927192
8,635.1,426.5311928299267
8,635.2,425.64328591798625
8,635.3000000000001,427.6226384040589
8,635.4000000000001,429.86425036850795
8,635.5,427.3532836051003
8,635.6,424.2250519344857
8,635.7,427.8124638321021
8,635.8000000000001,429.898476233049
8,635.9000000000001,426.71791023909066
8,636.0,424.889078669704
8,636.1,421.5011799300856
8,636.2,424.3362437782999
8,636.3000000000001,423.07792508178795
8,636.4000000000001,426.1007722406566
8,636.5,432.4507993837898
8,636.6,433.12401882181325
8,636.7,426.5777822032504
8,636.8000000000001,426.47374382050634
8,636.9000000000001,426.1580078844188
8,637.0,428.35090295262125
8,637.1,429.90084608184674
8,637.2,429.33383083477463
8,637.3000000000001,429.8556728039154
8,637.4000000000001,431.0420191444782
8,637.5,430.79958683235435
8,637.6,428.69755456694276
8,637.7,428.81666562425613
8,637.8000000000001,430.2773852791416
8,637.9000000000001,428.39770964511666
8,638.0,427.95588799161237
8,638.1,420.9290123191418
8,638.2,421.448026604017
8,638.3000000000001,426.9516914691104
8,638.4000000000001,427.6194283455322
8,638.5,428.8148375028892
8,638.6,432.1298797053835
8,638.7,424.2563304634118
8,638.8000000000001,454.876843001854
8,638.9000000000001,441.75643022816035
8,639.0,425.3213507477624
8,639.1,422.9268155279504
8,639.2,420.52571170936733
8,639.3000000000001,415.60996280097754
8,639.4000000000001,416.3881473124915
8,639.5,415.885157355713
8,639.6,419.4835656064603
8,639.7,423.6991541595886
8,639.8000000000001,422.95188584234484
8,639.9000000000001,420.41336930001575
8,640.0,418.16517011638865
8,640.1,416.14483146198825
8,640.2,422.56700951047065
8,640.3000000000001,429.48364380668545
8,640.4000000000001,427.92767060667705
8,640.5,428.61373747569485
8,640.6,435.7658811027733
8,640.7,433.6656062713214
8,640.8000000000001,425.3982868430092
8,640.9000000000001,415.715675237323
8,641.0,419.6948634958836
8,641.1,434.87096878337894
8,641.2,426.5174819513507
8,641.3000000000001,419.61973691810795
8,641.4000000000001,422.4164978780719
8,641.5,421.750000667202
8,641.6,418.8852182989678
8,641.7,414.6493344851967
8,641.8000000000001,417.3132040970824
8,641.9000000000001,420.4887423659353
8,642.0,421.4412084046188
8,642.1,420.00060100746475
8,642.2,423.9553055515614
8,642.3000000000001,427.2936126178036
8,642.4000000000001,426.3826774135422
8,642.5,423.6802339531193
8,642.6,424.66811869058967
8,642.7,426.3032710285275
8,642.8000000000001,426.01322163254366
8,642.9000000000001,425.54477492660766
8,643.0,426.2494653260799
8,643.1,424.3174672690438
8,643.2,428.1099672826352
8,643.3000000000001,429.80902385473945
8,643.4000000000001,425.29492244366406
8,643.5,423.4995640522798
8,643.6,429.25462425125005
8,643.7,431.72804331523076
8,643.8000000000001,424.43790912157556
8,643.9000000000001,431.34381451741393
8,644.0,426.44298376866294
8,644.1,422.8065460449704
8,644.2,426.04506388700304
8,644.3000000000001,429.49438021178685
8,644.4000000000001,429.4303137952289
8,644.5,428.8197814653488
8,644.6,429.9791247176342
8,644.7,422.96189398254705
8,644.8000000000001,423.7358935312445
8,644.9000000000001,421.9769286600627
8,645.0,423.6543839128062
8,645.1,423.0571557935205
8,645.2,428.85534383867133
8,645.3000000000001,429.00288862666923
8,645.4000000000001,428.6309968822949
8,645.5,432.15134284801997
8,645.6,428.2866184404209
8,645.7,613.3973959607399
8,645.8000000000001,555.4518231751433
8,645.9000000000001,428.36093456922424
8,646.0,453.56836589271416
8,646.1,454.3374684962056
8,646.2,437.7187023723803
8,646.3000000000001,431.5619134664197
8,646.4000000000001,428.6385698549304
8,646.5,426.7026348578863
8,646.6,421.38308729909306
8,646.7,422.96740740684606
8,646.8000000000001,427.86331110708875
8,646.9000000000001,427.10312820524734
8,647.0,419.83308744853025
8,647.1,421.4876789697445
8,647.2,421.2761854161323
8,647.3000000000001,422.36646449190516
8,647.4000000000001,423.12356367206
8,647.5,425.5075781808477
8,647.6,485.332314915622
8,647.7,466.4369448485594
8,647.8000000000001,420.91679944955047
8,647.9000000000001,419.12863118891124
8,648.0,421.4468739597929
8,648.1,422.8129594149649
8,648.2,428.75590504451617
8,648.3000000000001,432.3714415075902
8,648.4000000000001,431.7287987895072
8,648.5,429.50619805509683
8,648.6,428.30345077048827
8,648.7,430.5769213039144
8,648.8000000000001,429.3737449555681
8,648.9000000000001,430.52197639476464
8,649.0,425.76052653913143
8,649.1,423.4578289455322
8,649.2,425.2340832000532
8,649.3000000000001,422.1912632788898
8,649.4000000000001,425.70485312025056
8,649.5,428.6019053571684
8,649.6,434.8772238016746
8,649.7,436.03528241029454
8,649.8000000000001,430.5891672175892
8,649.9000000000001,423.759817151727
8,650.0,427.9720609045614
8,650.1,431.85268757711356
8,650.2,430.6205842935507
8,650.3000000000001,432.49018495800425
8,650.4000000000001,432.04250159722363
8,650.5,429.2427660008959
8,650.6,436.14096159766984
8,650.7,435.62017679164916
8,650.8000000000001,426.56828868951806
8,650.9000000000001,420.38245523981965
8,651.0,421.907699433122
8,651.1,420.5969739697123
8,651.2,422.57032772062
8,651.3000000000001,424.91384159031423
8,651.4000000000001,425.46609834009547
8,651.5,423.1557810009913
8,651.6,423.6202116104507
8,651.7,422.86077343175634
8,651.8000000000001,421.35549519472835
8,651.9000000000001,420.58916016594105
8,652.0,419.53269555012525
8,652.1,419.69310640120005
8,652.2,423.8952063379308
8,652.3000000000001,461.49884753341956
8,652.4000000000001,451.2175104121938
8,652.5,421.72948190095383
8,652.6,417.90237129662813
8,652.7,417.8479824244711
8,652.8000000000001,421.818813546142
8,652.9000000000001,427.1735139883396
8,653.0,430.8682054780485
8,653.1,427.3322131085572
8,653.2,421.8463958081531
8,653.3000000000001,428.83445040616215
8,653.4000000000001,432.97773720240974
8,653.5,431.6859994995985
8,653.6,429.28000246561044
8,653.7,427.30844096934504
8,653.8000000000001,425.3489119123841
8,653.9000000000001,425.4588141903356
8,654.0,424.3173199861795
8,654.1,432.78584469157835
8,654.2,437.020978493795
8,654.3000000000001,429.5846019663349
8,654.4000000000001,424.9606294984833
8,654.5,428.70847518741095
8,654.6,430.7335108408405
8,654.7,428.7300442385637
8,654.8000000000001,427.6970886821083
8,654.9000000000001,423.6027091959224
8,655.0,426.22899572036545
8,655.1,426.00676744292247
8,655.2,425.91622423409274
8,655.3000000000001,425.639043664243
8,655.4000000000001,427.3129378390304
8,655.5,433.07990707261337
8,655.6,431.4868767579996
8,655.7,427.6809168755248
8,655.8000000000001,425.6875128355969
8,655.9000000000001,433.47348083620335
8,656.0,436.59784821681745
8,656.1,436.87583078089006
8,656.2,432.313942325218
8,656.3000000000001,424.3131968036392
8,656.4000000000001,426.33769517070033
8,656.5,431.24231207972133
8,656.6,426.06771902398043
8,656.7,421.3348274048473
8,656.8000000000001,425.5180794464182
8,656.9000000000001,422.5820923865006
8,657.0,420.8087462112186
8,657.1,419.32072802129153
8,657.2,422.39155768434904
8,657.3000000000001,422.92040798643956
8,657.4000000000001,421.0988710713165
8,657.5,426.6264552817631
8,657.6,430.5057110748391
8,657.7,430.5674558749653
8,657.8000000000001,426.2872333637504
8,657.9000000000001,426.34414459814525
8,658.0,423.95869915673245
8,658.1,422.9637351744859
8,658.2,422.009581200374
8,658.3000000000001,448.1251419675599
8,658.4000000000001,445.84068594626
8,658.5,422.5445529714531
8,658.6,422.1430520094733
8,658.7,422.7316361418589
8,658.8000000000001,421.0620487479247
8,658.9000000000001,416.36635423004884
8,659.0,424.35831965400564
8,659.1,426.8164528042715
8,659.2,422.09530393962746
8,659.3000000000001,423.63298727687504
8,659.4000000000001,425.97469981914185
8,659.5,419.5881220315396
8,659.6,417.63387845485755
8,659.7,418.41992138615336
8,659.8000000000001,414.36717376704553
8,659.9000000000001,416.87117477005745
8,660.0,418.8939911547021
8,660.1,422.2435797227794
8,660.2,422.4284129311546
8,660.3000000000001,425.49574515769376
8,660.4000000000001,425.90103976933005
8,660.5,421.08403297538615
8,660.6,421.75766181577313
8,660.7,422.94545964052014
8,660.8000000000001,463.20547706720174
8,660.9000000000001,459.4086828003723
8,661.0,419.02845495335566
8,661.1,422.2247806243172
8,661.2,426.3976434122855
8,661.3000000000001,422.8378756330116
8,661.4000000000001,425.0602102768751
8,661.5,426.9208939183812
8,661.6,423.27834548890144
8,661.7,425.8212527360275
8,661.8000000000001,427.90316054748405
8,661.9000000000001,430.17784276564714
8,662.0,426.4761096077777
8,662.1,419.42015569339117
8,662.2,418.7470273796528
8,662.3000000000001,419.59392156754507
8,662.4000000000001,420.56807641166375
8,662.5,421.2558888081361
8,662.6,425.137112628139
8,662.7,431.82107550689574
8,662.8000000000001,434.92828876582735
8,662.9000000000001,434.25800098555237
8,663.0,434.4231053154555
8,663.1,433.57801231452504
8,663.2,429.0652503814908
8,663.3000000000001,422.90089948840244
8,663.4000000000001,417.7337862346978
8,663.5,418.2618258444235
8,663.6,418.9262089500588
8,663.7,418.92935147593056
8,663.8000000000001,418.60591748656327
8,663.9000000000001,413.75788958959896
8,664.0,421.403581385596
8,664.1,430.6271747362197
8,664.2,425.4714244716609
8,664.3000000000001,427.24189522003945
8,664.4000000000001,426.04772636644327
8,664.5,428.0632376105035
8,664.6,429.06792878111617
8,664.7,420.65154481121886
8,664.8000000000001,421.26956994760155
8,664.9000000000001,421.7532210568461
8,665.0,422.58474454680197
8,665.1,422.43784366275685
8,665.2,424.06182834703674
8,665.3000000000001,423.9836706031176
8,665.4000000000001,422.9122333056156
8,665.5,425.1767176708861
8,665.6,426.66080796187674
8,665.7,428.3922680301003
8,665.8000000000001,427.7801874929088
8,665.9000000000001,428.3568416044992
8,666.0,427.8445600579492
8,666.1,424.61792868182323
8,666.2,423.6378857260632
8,666.3000000000001,420.97368238200966
8,666.4000000000001,420.863259800367
8,666.5,419.6981767907353
8,666.6,419.49533461579847
8,666.7,427.5968393855173
8,666.8000000000001,431.9424257805619
8,666.9000000000001,431.88357795224334
8,667.0,427.4546702139574
8,667.1,424.4784192373876
8,667.2,424.4529518239694
8,667.3000000000001,418.28184465699275
8,667.4000000000001,420.83080348089084
8,667.5,425.33791576118034
8,667.6,425.0260886789853
8,667.7,426.4462837601701
8,667.8000000000001,425.7730527762282
8,667.9000000000001,427.5014269523119
8,668.0,430.88944707603525
8,668.1,429.877173244127
8,668.2,427.2627989020649
8,668.3000000000001,427.33323650672844
8,668.4000000000001,427.8459161357427
8,668.5,424.9551427863423
8,668.6,420.9474390598751
8,668.7,421.34839879147256
8,668.8000000000001,425.55253548728814
8,668.9000000000001,426.2715505458685
8,669.0,420.899973959413
8,669.1,415.2800408160138
8,669.2,416.1264973544739
8,669.3000000000001,419.69923409954447
8,669.4000000000001,422.2982668414149
8,669.5,430.35961978989207
8,669.6,430.9830636221958
8,669.7,425.86137238247125
8,669.8000000000001,425.62844305193437
8,669.9000000000001,425.7166770191008
8,670.0,422.05179243219413
8,670.1,423.1796383712522
8,670.2,425.07209747608647
8,670.3000000000001,423.8756414019899
8,670.4000000000001,424.1560787083049
8,670.5,423.27839385982054
8,670.6,421.8606131238318
8,670.7,419.04390114759434
8,670.8000000000001,418.3608365485029
8,670.9000000000001,427.2255288366196
8,671.0,431.0853758342408
8,671.1,425.835440303846
8,671.2,427.38736284023867
8,671.3000000000001,426.8294815337971
8,671.4000000000001,425.3032892456814
8,671.5,421.269187298501
8,671.6,418.78523377153874
8,671.7,421.4579504809749
8,671.8000000000001,422.4596965832112
8,671.9000000000001,420.7063817014604
8,672.0,422.37009218104055
8,672.1,423.96089408750964
8,672.2,419.1553646025537
8,672.3000000000001,420.81994508881064
8,672.4000000000001,428.4056895022874
8,672.5,427.5105683517007
8,672.6,421.3762453552691
8,672.7,423.460215195236
8,672.8000000000001,421.89464458873243
8,672.9000000000001,421.9017814404918
8,673.0,424.4971396369026
8,673.1,425.0489064193949
8,673.2,424.2148898117223
8,673.3000000000001,421.5217212454187
8,673.4000000000001,421.1068820315769
8,673.5,446.1387531649038
8,673.6,453.2678984121054
8,673.7,423.14842776589904
8,673.8000000000001,424.5291270670078
8,673.9000000000001,428.96342256846134
8,674.0,424.62914273221594
8,674.1,422.42468892987176
8,674.2,419.31445917187233
8,674.3000000000001,420.1675782356002
8,674.4000000000001,418.8512047570811
8,674.5,419.8400293043261
8,674.6,418.8757180859161
8,674.7,420.5871054524721
8,674.8000000000001,427.31624715857924
8,674.9000000000001,425.483780849815
8,675.0,427.77983961054747
8,675.1,425.5715448744828
8,675.2,419.1011284668006
8,675.3000000000001,426.23824047043945
8,675.4000000000001,429.213792579809
8,675.5,426.00279761811146
8,675.6,425.32812266164603
8,675.7,427.02850904754456
8,675.8000000000001,432.7777422090069
8,675.9000000000001,430.5061858172176
8,676.0,424.3100995563096
8,676.1,424.852087109689
8,676.2,427.6768401293414
8,676.3000000000001,427.3682867393919
8,676.4000000000001,421.800506552952
8,676.5,415.7892581541424
8,676.6,431.65235880448466
8,676.7,437.80182869211546
8,676.8000000000001,421.6696803883766
8,676.9000000000001,422.3686518119137
8,677.0,424.92050002144396
8,677.1,426.31371765098334
8,677.2,426.88435222099673
8,677.3000000000001,426.1858850890637
8,677.4000000000001,424.2099270412187
8,677.5,425.10853842763026
8,677.6,427.28076106564106
8,677.7,427.520470814679
8,677.8000000000001,422.94528471495636
8,677.9000000000001,421.2096232109744
8,678.0,432.25598998548935
8,678.1,430.84520847409215
8,678.2,423.3401736848515
8,678.3000000000001,421.9120520380246
8,678.4000000000001,424.7916757407749
8,678.5,432.48327831180035
8,678.6,428.0717722383987
8,678.7,427.3595165781444
8,678.8000000000001,426.91494848880404
8,678.9000000000001,426.8552932028819
8,679.0,428.99280969582884
8,679.1,427.03277145144534
8,679.2,422.8143941420916
8,679.3000000000001,421.45174814006253
8,679.4000000000001,419.7118395024654
8,679.5,415.57551690860396
8,679.6,414.7974007625154
8,679.7,422.0958796095972
8,679.8000000000001,420.02071604255207
8,679.9000000000001,416.43265223522764
8,680.0,418.8332581403827
8,680.1,419.5723659445794
8,680.2,417.59886718613114
8,680.3000000000001,419.6888157224641
8,680.4000000000001,428.37585351525576
8,680.5,427.34857459026944
8,680.6,422.53527621126307
8,680.7,419.80106404615026
8,680.8000000000001,419.62896288039474
8,680.9000000000001,437.7746380704934
8,681.0,447.81533509903164
8,681.1,424.56742253480076
8,681.2,425.76514594173864
8,681.3000000000001,426.0799402549091
8,681.4000000000001,418.66145311296924
8,681.5,416.41474481312474
8,681.6,414.77874529039025
8,681.7,419.4401584029105
8,681.8000000000001,417.87180272218023
8,681.9000000000001,417.844061938412
8,682.0,417.0705935519998
8,682.1,423.47243302133757
8,682.2,424.0736229974421
8,682.3000000000001,424.81203902389973
16,0.0,430.234
16,0.1,428.6336926527938
16,0.2,406.49656227326767
16,0.30000000000000004,432.13104025438975
16,0.4,437.3469708063878
16,0.5,439.9990037267466
16,0.6000000000000001,498.4208196555372
16,0.7000000000000001,414.23704652450635
16,0.8,427.8833027162012
16,0.9,383.3409484673453
16,1.0,440.49798093708523
16,1.1,415.3288736270964
16,1.2000000000000002,440.27041548312076
16,1.3,442.36323048827273
16,1.4000000000000001,424.869462559838
16,1.5,430.6214034275039
16,1.6,426.70572644782493
16,1.7000000000000002,438.210180142449
16,1.8,445.2477238661221
16,1.9000000000000001,430.2412269860674
16,2.0,438.0727483576264
16,2.1,430.8515157628859
16,2.2,431.16755694279965
16,2.3000000000000003,461.33401746281066
16,2.4000000000000004,688.9065361179212
16,2.5,433.56658541711346
16,2.6,335.60358744998996
16,2.7,444.30122495901475
16,2.8000000000000003,421.3004383148664
16,2.9000000000000004,425.61496978146755
16,3.0,435.6129897774876
16,3.1,425.0859014169722
16,3.2,412.0970922423284
16,3.3000000000000003,426.97844786103207
16,3.4000000000000004,437.4715642853568
16,3.5,422.64096881798577
16,3.6,448.5500147388287
16,3.7,440.80691899166715
16,3.8000000000000003,440.5586451477004
16,3.9000000000000004,420.81421449346504
16,4.0,420.378781486053
16,4.1000000000000005,427.25067278615086
16,4.2,428.36894048415036
16,4.3,433.88268970190865
16,4.4,420.90987055767897
16,4.5,421.51255672078173
16,4.6000000000000005,332.165048225609
16,4.7,421.91505568637547
16,4.800000000000001,425.42206009745854
16,4.9,409.25600322638303
16,5.0,432.13272357779755
16,5.1000000000000005,423.79390935393394
16,5.2,413.14854170260827
16,5.300000000000001,423.9266161693184
16,5.4,419.8467963404449
16,5.5,422.3528737038877
16,5.6000000000000005,424.421103789433
16,5.7,414.31625608671624
16,5.800000000000001,431.7813058732139
16,5.9,412.1408642476059
16,6.0,424.95197377927315
16,6.1000000000000005,420.7003349198294
16,6.2,436.8328049420371
16,6.300000000000001,427.11590429413934
16,6.4,423.59484584162357
16,6.5,417.8403358956885
16,6.6000000000000005,409.63910289888935
16,6.7,441.0915160416046
16,6.800000000000001,428.6583246638375
16,6.9,436.6686188951161
16,7.0,419.190414546737
16,7.1000000000000005,424.69422613811565
16,7.2,434.5167900302856
16,7.300000000000001,424.72299871134385
16,7.4,417.7917905372819
16,7.5,433.01124410957334
16,7.6000000000000005,424.67324914229624
16,7.7,435.1551298236919
16,7.800000000000001,437.84245594530944
16,7.9,488.46842764048614
16,8.0,426.33362643775394
16,8.1,420.2991540121096
16,8.200000000000001,414.8593064865872
16,8.3,432.58881921151385
16,8.4,423.50743042361455
16,8.5,428.0379564823706
16,8.6,423.1885586500726
16,8.700000000000001,421.54042306495415
16,8.8,449.71105338054525
16,8.9,422.4677775455301
16,9.0,418.4817954134955
16,9.1,423.44693214889935
16,9.200000000000001,424.7910436580955
16,9.3,425.913651643819
16,9.4,430.1104153134606
16,9.5,429.68938108253013
16,9.600000000000001,420.6729084356759
16,9.700000000000001,435.592118703534
16,9.8,415.9028098048464
16,9.9,381.0432670911293
16,10.0,415.5392406532814
16,10.100000000000001,420.9537836485436
16,10.200000000000001,527.875838532931
16,10.3,425.4468353594634
16,10.4,408.4381363698097
16,10.5,337.76775518976723
16,10.600000000000001,432.70574337428616
16,10.700000000000001,422.41504959884867
16,10.8,426.78151666543846
16,10.9,843.3351909623784
16,11.0,441.21886060376437
16,11.100000000000001,430.22872987549584
16,11.200000000000001,426.0808191886844
16,11.3,438.5395213353507
16,11.4,422.0897222012796
16,11.5,433.44075761900905
16,11.600000000000001,432.23589693496535
16,11.700000000000001,429.09468827385393
16,11.8,428.76786417310825
16,11.9,414.15270339936995
16,12.0,422.0525644202771
16,12.100000000000001,433.40186782453316
16,12.200000000000001,550.6301827836579
16,12.3,426.11876258033067
16,12.4,774.1526256356868
16,12.5,463.3561797656691
16,12.600000000000001,424.02373520429995
16,12.700000000000001,438.3520550601906
16,12.8,474.86251787746534
16,12.9,431.8554931180647
16,13.0,425.15986049858697
16,13.100000000000001,441.58234010727574
16,13.200000000000001,434.1768421010994
16,13.3,442.99773546646844
16,13.4,435.29323388853936
16,13.5,410.69235299934473
16,13.600000000000001,431.6330779536305
16,13.700000000000001,422.2157796340864
16,13.8,414.85113625727365
16,13.9,425.90883939796225
16,14.0,408.65099100013583
16,14.100000000000001,428.2493063948324
16,14.200000000000001,448.43057854261355
16,14.3,431.3738420166464
16,14.4,410.10190604626547
16,14.5,426.46544832043804
16,14.600000000000001,443.4905068764702
16,14.700000000000001,448.6623239086042
16,14.8,422.2795359340037
16,14.9,426.9831642943777
16,15.0,432.6315015738594
16,15.100000000000001,421.67216945939555
16,15.200000000000001,425.9708333106967
16,15.3,440.7716859109724
16,15.4,443.3669834397272
16,15.5,434.31491362981143
16,15.600000000000001,426.9449748735312
16,15.700000000000001,430.03127904801164
16,15.8,437.2558128169813
16,15.9,327.5437749894554
16,16.0,416.9410079135302
16,16.1,439.5244370285303
16,16.2,418.70057057592885
16,16.3,441.085374353109
16,16.400000000000002,429.45125095541374
16,16.5,556.6955315198536
16,16.6,538.5334769542369
16,16.7,448.2786072748508
16,16.8,434.76580840050985
16,16.900000000000002,420.5365765259264
16,17.0,434.95081998413013
16,17.1,426.0599713792839
16,17.2,428.9767619641053
16,17.3,433.61552325343666
16,17.400000000000002,427.94847413253257
16,17.5,428.41266087963515
16,17.6,424.22812211060057
16,17.7,438.5670475845076
16,17.8,432.0516749405479
16,17.900000000000002,434.0089017304073
16,18.0,440.52638081746545
16,18.1,445.29166316938176
16,18.2,428.12323536745197
16,18.3,443.1545485699445
16,18.400000000000002,450.16685652910536
16,18.5,419.0973997121767
16,18.6,523.6332533542399
16,18.7,429.116453364438
16,18.8,458.3227214947127
16,18.900000000000002,423.39310622806204
16,19.0,452.8273457622353
16,19.1,444.8804153995334
16,19.200000000000003,418.963778762339
16,19.3,438.44520420188303
16,19.400000000000002,437.9686121134426
16,19.5,429.1928786438998
16,19.6,430.3571609355677
16,19.700000000000003,434.53991185041696
16,19.8,424.2838978552042
16,19.900000000000002,425.3393153779434
16,20.0,445.70910281148804
16,20.1,416.6596786314029
16,20.200000000000003,408.7251444160361
16,20.3,439.7346198442581
16,20.400000000000002,442.17238528118725
16,20.5,432.9393525489962
16,20.6,398.2778842418287
16,20.700000000000003,411.21214488946964
16,20.8,615.3270841692436
16,20.900000000000002,434.0388656499784
16,21.0,428.43908002135043
16,21.1,524.5216318222881
16,21.200000000000003,440.80331441601743
16,21.3,437.3268439423544
16,21.400000000000002,433.0187185590273
16,21.5,548.4324707721341
16,21.6,444.0864561923037
16,21.700000000000003,431.25529048244226
16,21.8,439.53053414715515
16,21.900000000000002,448.59039813432855
16,22.0,439.72305035242647
16,22.1,448.1609088145869
16,22.200000000000003,415.3003017125391
16,22.3,448.73917099435295
16,22.400000000000002,444.869741903938
16,22.5,439.45130371627096
16,22.6,483.13994515470176
16,22.700000000000003,411.86572838365703
16,22.8,402.6887176312478
16,22.900000000000002,456.3271676315576
16,23.0,443.63324808798376
16,23.1,438.0774163453496
16,23.200000000000003,423.5565812108615
16,23.3,420.5509292286139
16,23.400000000000002,420.5591440879713
16,23.5,420.723545274106
16,23.6,443.07886154846886
16,23.700000000000003,398.032561607284
16,23.8,407.74561863412947
16,23.900000000000002,448.678972924248
16,24.0,442.1824188195487
16,24.1,648.6278145546684
16,24.200000000000003,458.8882077656561
16,24.3,422.34819350393684
16,24.400000000000002,419.83572287372067
16,24.5,453.0548246895753
16,24.6,417.56708129034354
16,24.700000000000003,434.43501176352913
16,24.8,433.30952760567203
16,24.900000000000002,449.08520360478894
16,25.0,432.2962562667988
16,25.1,443.07175842388216
16,25.200000000000003,433.0588575972966
16,25.3,425.65885830249505
16,25.400000000000002,441.94567084443383
16,25.5,435.4488844795623
16,25.6,428.65695959396174
16,25.700000000000003,448.137560794238
16,25.8,434.5843620247191
16,25.900000000000002,428.00790530060584
16,26.0,448.8552658215783
16,26.1,749.8132428247668
16,26.200000000000003,452.60754637391796
16,26.3,435.22911769659316
16,26.400000000000002,438.70924112295626
16,26.5,439.5132395745472
16,26.6,436.1030553565429
16,26.700000000000003,416.3008892187669
16,26.8,435.1132975698211
16,26.900000000000002,436.4776364153214
16,27.0,431.9665127933853
16,27.1,439.9452749774829
16,27.200000000000003,482.63639696681014
16,27.3,437.51291870684236
16,27.400000000000002,442.7686434624936
16,27.5,441.35748744892004
16,27.6,436.85228753252443
16,27.700000000000003,439.1482483380951
16,27.8,431.1006587190112
16,27.900000000000002,421.63530935441037
16,28.0,427.47743020640223
16,28.1,430.0377326340671
16,28.200000000000003,453.64306864499537
16,28.3,432.7500125430689
16,28.400000000000002,439.5348501673884
16,28.5,431.2470439751328
16,28.6,427.40079206237243
16,28.700000000000003,441.21750664839857
16,28.8,426.68211072381575
16,28.900000000000002,448.7764314184011
16,29.0,434.470239512968
16,29.1,443.0736376088336
16,29.200000000000003,455.643580653678
16,29.3,447.6492804112706
16,29.400000000000002,436.5987258930462
16,29.5,439.01473089404936
16,29.6,432.0708540859163
16,29.700000000000003,438.8563101978389
16,29.8,436.0215905086151
16,29.900000000000002,454.0307183434833
16,30.0,443.9430154513289
16,30.1,448.49053544588816
16,30.200000000000003,447.0345247872411
16,30.3,438.8721822397796
16,30.400000000000002,433.6096629736761
16,30.5,431.92681785821503
16,30.6,440.47514467709976
16,30.700000000000003,316.78554729326277
16,30.8,423.173411694634
16,30.900000000000002,436.11585157802693
16,31.0,424.8411807993364
16,31.1,444.41564172837775
16,31.200000000000003,444.4734840312426
16,31.3,439.69247575431933
16,31.400000000000002,446.90003610232185
16,31.5,497.56804872121114
16,31.6,453.3780169029514
16,31.700000000000003,448.06077051880163
16,31.8,429.1106510816238
16,31.900000000000002,420.95924688284043
16,32.0,444.1771248990329
16,32.1,437.49466325462026
16,32.2,426.1591656736704
16,32.300000000000004,410.48585726136656
16,32.4,403.80712855567026
16,32.5,436.24005886781845
16,32.6,445.7568898928566
16,32.7,443.92207197329446
16,32.800000000000004,443.43782428647
16,32.9,423.9241057294884
16,33.0,442.0582783865764
16,33.1,452.105933963667
16,33.2,451.95321833977476
16,33.300000000000004,440.73747791706427
16,33.4,434.46307320294767
16,33.5,430.9805993323755
16,33.6,432.8563192497123
16,33.7,460.7739148790371
16,33.800000000000004,452.7489228338796
16,33.9,439.4983356791393
16,34.0,434.97538701191627
16,34.1,738.8550806887087
16,34.2,495.7579493801681
16,34.300000000000004,447.1614894974577
16,34.4,452.0913908171361
16,34.5,435.483040148116
16,34.6,418.1328676690294
16,34.7,446.03205493987144
16,34.800000000000004,450.3282433734997
16,34.9,434.1088809863839
16,35.0,442.7807138500393
16,35.1,429.03098966695393
16,35.2,439.465720324239
16,35.300000000000004,449.310323073111
16,35.4,435.6485019124006
16,35.5,445.8456455071842
16,35.6,533.9545533564642
16,35.7,423.5625403557558
16,35.800000000000004,446.79756986754
16,35.9,427.94210741549193
16,36.0,434.0082097691288
16,36.1,441.8826413586234
16,36.2,418.9437744935733
16,36.300000000000004,421.40358419061266
16,36.4,437.6228415206376
16,36.5,458.89691181817966
16,36.6,446.18648505248086
16,36.7,440.1407707157596
16,36.800000000000004,451.1067160270208
16,36.9,447.2877077243434
16,37.0,443.30085509760147
16,37.1,426.1760129200269
16,37.2,422.07765346373304
16,37.300000000000004,444.3861901066784
16,37.4,450.52628261239425
16,37.5,503.2350488473224
16,37.6,460.037219004593
16,37.7,477.1047504172375
16,37.800000000000004,508.64153575796126
16,37.9,618.8701300291402
16,38.0,489.412342954637
16,38.1,450.9279663603154
16,38.2,493.50778965873985
16,38.300000000000004,502.29213171284994
16,38.400000000000006,461.88304268216854
16,38.5,457.64751845885866
16,38.6,441.3137129164847
16,38.7,435.6625865327839
16,38.800000000000004,450.3629708256495
16,38.900000000000006,451.2865782420456
16,39.0,449.818972478507
16,39.1,451.4275058860252
16,39.2,444.7855254707313
16,39.300000000000004,447.88059970315896
16,39.400000000000006,447.7967152600629
16,39.5,454.9867366331927
16,39.6,457.00761388262765
16,39.7,449.4790267265862
16,39.800000000000004,449.73616722098194
16,39.900000000000006,688.0222047056519
16,40.0,502.8041064099509
16,40.1,448.71616829471117
16,40.2,453.0004252114819
16,40.300000000000004,446.3806462065625
16,40.400000000000006,452.80045281119817
16,40.5,442.88307539805464
16,40.6,453.6862000033362
16,40.7,453.1719518882557
16,40.800000000000004,453.85428332348437
16,40.900000000000006,452.7696648801793
16,41.0,446.24195138968315
16,41.1,448.8489573219724
16,41.2,453.62809050566875
16,41.300000000000004,452.523670901024
16,41.400000000000006,427.52597978244904
16,41.5,442.6789243271579
16,41.6,445.46384562033876
16,41.7,441.93367791094977
16,41.800000000000004,440.5982651893365
16,41.900000000000006,433.9878617480748
16,42.0,398.1254754856526
16,42.1,436.61198377940565
16,42.2,449.5193888930191
16,42.300000000000004,431.4127187210989
16,42.400000000000006,439.4530035987362
16,42.5,426.42196369489125
16,42.6,448.73510253599835
16,42.7,442.1036545638235
16,42.800000000000004,426.20813923312204
16,42.900000000000006,442.4793678339486
16,43.0,571.740516601025
16,43.1,765.3942827965473
16,43.2,521.1590595707679
16,43.300000000000004,442.43685847399405
16,43.400000000000006,427.35729389273973
16,43.5,425.24824314690693
16,43.6,433.6289219004278
16,43.7,442.59521085227016
16,43.800000000000004,446.0238415572039
16,43.900000000000006,442.24688478143776
16,44.0,445.2839398465963
16,44.1,540.1835126148467
16,44.2,468.43183940538
16,44.300000000000004,452.9674979534369
16,44.400000000000006,439.35856214129535
16,44.5,445.89708866013774
16,44.6,439.9836465823145
16,44.7,439.39118249195803
16,44.800000000000004,429.097490699098
16,44.900000000000006,440.14519077313963
16,45.0,440.36848864844
16,45.1,435.0423158681821
16,45.2,432.9809830280935
16,45.300000000000004,436.2359666252894
16,45.400000000000006,443.21804237112906
16,45.5,420.93760913481816
16,45.6,433.6563964119345
16,45.7,443.3379978306663
16,45.800000000000004,428.37396516103115
16,45.900000000000006,432.93873915032697
16,46.0,437.85335891973807
16,46.1,438.8458648828587
16,46.2,454.2795176690095
16,46.300000000000004,418.07113371580834
16,46.400000000000006,427.23279128804353
16,46.5,427.697275251021
16,46.6,439.2025731525365
16,46.7,442.29189102137974
16,46.800000000000004,427.229383001088
16,46.900000000000006,442.58944431589265
16,47.0,448.41418913651546
16,47.1,444.51992689930563
16,47.2,437.5054709018862
16,47.300000000000004,440.79065785227954
16,47.400000000000006,449.31074394674124
16,47.5,433.71356967958235
16,47.6,444.2085153656813
16,47.7,450.293640030691
16,47.800000000000004,451.68069089704676
16,47.900000000000006,455.72801876254005
16,48.0,445.8380638955407
16,48.1,435.5557795580925
16,48.2,435.12610794982874
16,48.300000000000004,435.82701768676367
16,48.400000000000006,431.48605602744914
16,48.5,434.7943319227415
16,48.6,436.9905157156337
16,48.7,447.23879503763624
16,48.800000000000004,447.3681935941516
16,48.900000000000006,425.06462171038993
16,49.0,444.00696934401924
16,49.1,443.246822894368
16,49.2,448.0332542143186
16,49.300000000000004,436.4236251397306
16,49.400000000000006,444.5558825366123
16,49.5,441.26261456933446
16,49.6,443.76365782645064
16,49.7,448.7112028162639
16,49.800000000000004,460.58717676593005
16,49.900000000000006,453.30579793656653
16,50.0,439.6886935683327
16,50.1,431.0594096052305
16,50.2,438.9997027525213
16,50.300000000000004,440.79015866577714
16,50.400000000000006,443.8732671559006
16,50.5,443.1307137642484
16,50.6,427.47077883139474
16,50.7,420.8230509008944
16,50.800000000000004,427.58384868272805
16,50.900000000000006,433.6925732394235
16,51.0,434.3811322472962
16,51.1,420.73170126426623
16,51.2,425.4135922262043
16,51.300000000000004,437.8794713754422
16,51.400000000000006,454.26471614191524
16,51.5,439.69868698921607
16,51.6,437.92984622414735
16,51.7,440.2294323266353
16,51.800000000000004,436.4927068992547
16,51.900000000000006,434.4630184030309
16,52.0,426.5417932937465
16,52.1,430.2450220512443
16,52.2,430.19568180700315
16,52.300000000000004,431.04121312722924
16,52.400000000000006,433.03802886989024
16,52.5,430.51927868973553
16,52.6,433.31288286196985
16,52.7,431.3006527580199
16,52.800000000000004,432.7126181705107
16,52.900000000000006,432.7976291448042
16,53.0,429.03286957682235
16,53.1,432.8823207764576
16,53.2,434.30750686668586
16,53.300000000000004,423.9585916562616
16,53.400000000000006,415.2732464241121
16,53.5,434.25366790247296
16,53.6,434.98966756953797
16,53.7,425.5761110776457
16,53.800000000000004,420.17122012623855
16,53.900000000000006,430.39865647758603
16,54.0,425.5072723884776
16,54.1,432.86590305473766
16,54.2,423.50324038926146
16,54.300000000000004,418.9058662158363
16,54.400000000000006,431.7562021499033
16,54.5,492.08020170986606
16,54.6,447.2821160282594
16,54.7,420.65625046798885
16,54.800000000000004,425.27840527850884
16,54.900000000000006,426.69992215354256
16,55.0,431.20065695013307
16,55.1,423.7538188897915
16,55.2,425.1316686717737
16,55.300000000000004,430.22895065596055
16,55.400000000000006,442.59948406268177
16,55.5,433.3188215467757
16,55.6,434.9499285854534
16,55.7,428.55583993270807
16,55.800000000000004,454.43416501201125
16,55.900000000000006,435.7014716546349
16,56.0,440.10344138195615
16,56.1,442.8722840824282
16,56.2,452.40078537456014
16,56.300000000000004,444.42074573156424
16,56.400000000000006,431.3353963850707
16,56.5,425.48746491817496
16,56.6,442.8286885930992
16,56.7,431.31132698158456
16,56.800000000000004,424.28236819059146
16,56.900000000000006,432.48122123534984
16,57.0,424.8602830013344
16,57.1,449.9868658706582
16,57.2,452.709373049787
16,57.300000000000004,445.4537702997052
16,57.400000000000006,444.5250130395733
16,57.5,450.0807044287678
16,57.6,447.87327696442475
16,57.7,435.8851153054753
16,57.800000000000004,440.83745895678913
16,57.900000000000006,441.2464644267124
16,58.0,446.21131851971865
16,58.1,433.65734475466127
16,58.2,434.28946245094727
16,58.300000000000004,431.17547443119855
16,58.400000000000006,423.3733707741219
16,58.5,438.21163544828573
16,58.6,440.6184237711518
16,58.7,429.33806346962075
16,58.800000000000004,432.2259728517444
16,58.900000000000006,424.6104687303557
16,59.0,430.68912167562223
16,59.1,447.01365317361814
16,59.2,448.11071791954885
16,59.300000000000004,442.27521381972196
16,59.400000000000006,440.7108075684407
16,59.5,433.96834592825184
16,59.6,432.8574116347384
16,59.7,442.79574059085195
16,59.800000000000004,590.1297463092003
16,59.900000000000006,489.49501848708184
16,60.0,439.16070480925924
16,60.1,535.6188633742089
16,60.2,477.91741061668586
16,60.300000000000004,450.3302040457037
16,60.400000000000006,437.3505414779982
16,60.5,516.0705819431937
16,60.6,473.0892104150669
16,60.7,436.49919277923624
16,60.800000000000004,470.9705094990991
16,60.900000000000006,483.58993835427424
16,61.0,455.09598321522355
16,61.1,455.69182602720167
16,61.2,447.28136309594106
16,61.300000000000004,435.22325778375017
16,61.400000000000006,436.9112053413018
16,61.5,437.13102710894333
16,61.6,615.2286014545006
16,61.7,507.8466103801766
16,61.800000000000004,433.5899839757142
16,61.900000000000006,424.3601363241724
16,62.0,433.034827915255
16,62.1,430.3630988816139
16,62.2,429.99487761570987
16,62.300000000000004,429.47280296163206
16,62.400000000000006,428.3032800941589
16,62.5,442.9062140488307
16,62.6,435.86157914905556
16,62.7,455.5758159798357
16,62.800000000000004,446.5212143560287
16,62.900000000000006,437.6955547305122
16,63.0,432.36369962259835
16,63.1,431.00703354807047
16,63.2,434.53028534477636
16,63.300000000000004,435.1979980367677
16,63.400000000000006,425.03486816529835
16,63.5,433.7042071536301
16,63.6,433.9058908398655
16,63.7,438.98957461294737
16,63.800000000000004,435.5142876049279
16,63.900000000000006,436.80124168721875
16,64.0,434.71211249422157
16,64.10000000000001,441.2551666335472
16,64.2,438.1823113410264
16,64.3,433.73654195731217
16,64.4,438.3511194424195
16,64.5,429.29842766732116
16,64.60000000000001,431.25033656249195
16,64.7,435.9683046655928
16,64.8,438.15840852719634
16,64.9,436.18600993358996
16,65.0,433.3078056715856
16,65.10000000000001,437.7352555253412
16,65.2,443.0737742467243
16,65.3,429.4334656418278
16,65.4,432.3397974615452
16,65.5,426.81474003345215
16,65.60000000000001,430.49340130753944
16,65.7,425.6258096881258
16,65.8,425.8838414875389
16,65.9,436.26002084329235
16,66.0,434.1783880675969
16,66.10000000000001,435.0005327846435
16,66.2,435.5372860925447
16,66.3,427.4387451420895
16,66.4,430.75010821726914
16,66.5,441.14370759068987
16,66.60000000000001,435.66395497159516
16,66.7,431.59083456676575
16,66.8,452.66983008374115
16,66.9,439.45423911911956
16,67.0,424.12433960258966
16,67.10000000000001,550.9644273397231
16,67.2,490.83157183256463
16,67.3,427.52576024948615
16,67.4,427.6866712062669
16,67.5,441.7502821222794
16,67.60000000000001,442.0497662792933
16,67.7,430.84263927484636
16,67.8,427.3172588304818
16,67.9,439.429281316289
16,68.0,439.5321046112642
16,68.10000000000001,434.0854596087585
16,68.2,440.12039986846685
16,68.3,435.760790048706
16,68.4,466.11176898134545
16,68.5,459.1935805031132
16,68.60000000000001,435.0310280537516
16,68.7,426.5176416510389
16,68.8,426.6947003748245
16,68.9,452.35217745673634
16,69.0,441.10051250756555
16,69.10000000000001,437.3474125608527
16,69.2,438.30705319754264
16,69.3,445.7957718226287
16,69.4,427.4249539456451
16,69.5,432.2433002871338
16,69.60000000000001,439.5518218746423
16,69.7,443.52963229084037
16,69.8,434.6894576002369
16,69.9,440.8717891383771
16,70.0,434.5239731496926
16,70.10000000000001,432.4572981297261
16,70.2,435.86441966196685
16,70.3,445.2921877823522
16,70.4,438.8228740089691
16,70.5,425.17011622016395
16,70.60000000000001,447.9751516881518
16,70.7,444.8028762057939
16,70.8,443.60441664061347
16,70.9,447.8098774276564
16,71.0,452.58879725495336
16,71.10000000000001,449.66450579289796
16,71.2,451.69025415566364
16,71.3,450.3315774346122
16,71.4,458.5068424536022
16,71.5,449.3895238773784
16,71.60000000000001,450.65265835470075
16,71.7,443.1306539923695
16,71.8,440.89762599651124
16,71.9,444.62814750670185
16,72.0,440.6289589246738
16,72.10000000000001,447.2453155610847
16,72.2,445.4519826564965
16,72.3,442.69432605706794
16,72.4,440.2760191321294
16,72.5,443.2050420830653
16,72.60000000000001,442.22750227703756
16,72.7,447.2792431289573
16,72.8,444.34741692016286
16,72.9,442.2422234613178
16,73.0,437.12623624839154
16,73.10000000000001,437.6343543573888
16,73.2,447.54463877238373
16,73.3,453.7326482350418
16,73.4,445.6267193354755
16,73.5,453.14009138739567
16,73.60000000000001,457.2235213832112
16,73.7,457.21773754003215
16,73.8,449.67651355710115
16,73.9,432.80846360057654
16,74.0,465.69788306835056
16,74.10000000000001,442.95695011901546
16,74.2,446.5594433461703
16,74.3,454.83570005480595
16,74.4,454.6897211691882
16,74.5,453.3471958233751
16,74.60000000000001,444.0067738970878
16,74.7,517.7758281353019
16,74.8,494.904199407148
16,74.9,451.7550702628769
16,75.0,451.65570206834104
16,75.10000000000001,451.3775396223177
16,75.2,447.626590236498
16,75.3,447.9397655960405
16,75.4,442.66603984578774
16,75.5,449.98140114645946
16,75.60000000000001,456.91411319168805
16,75.7,453.30301578485916
16,75.8,452.77152419638065
16,75.9,455.4378421348838
16,76.0,451.6248656312401
16,76.10000000000001,454.6445216753531
16,76.2,459.5843376134723
16,76.3,452.4382289207036
16,76.4,451.55011022713234
16,76.5,459.22165433693226
16,76.60000000000001,453.30238773983115
16,76.7,444.6051900610461
16,76.80000000000001,456.99517318696667
16,76.9,456.172051565768
16,77.0,451.42099740504835
16,77.10000000000001,459.84732583841384
16,77.2,451.2399659621208
16,77.30000000000001,452.01766362546914
16,77.4,458.33436507071116
16,77.5,463.19480521665366
16,77.60000000000001,459.1385092821032
16,77.7,452.4534805724606
16,77.80000000000001,447.2886775808981
16,77.9,440.54166881380127
16,78.0,444.19463556666517
16,78.10000000000001,511.13690482461726
16,78.2,462.6756021817411
16,78.30000000000001,436.6842974853336
16,78.4,451.23956676706564
16,78.5,458.9213489633349
16,78.60000000000001,459.0631528265866
16,78.7,448.2516942897172
16,78.80000000000001,461.14966671115053
16,78.9,461.7803592832454
16,79.0,446.2348451178451
16,79.10000000000001,442.22452561758206
16,79.2,455.24234910314385
16,79.30000000000001,456.6160146233349
16,79.4,436.49560423196556
16,79.5,425.4097872497087
16,79.60000000000001,439.42329832553935
16,79.7,456.3040804848702
16,79.80000000000001,445.3147761235255
16,79.9,449.6462186652447
16,80.0,444.1280268168192
16,80.10000000000001,447.284761042949
16,80.2,448.64973089213294
16,80.30000000000001,440.42379436159877
16,80.4,451.17906499388914
16,80.5,466.2855557472442
16,80.60000000000001,461.766575981622
16,80.7,446.82329775793045
16,80.80000000000001,447.4277154537387
16,80.9,461.9024648013392
16,81.0,446.69520375445
16,81.10000000000001,451.2235248318273
16,81.2,450.60820670917616
16,81.30000000000001,667.5310721311214
16,81.4,800.1605698753954
16,81.5,731.3909188920634
16,81.60000000000001,550.7754225094025
16,81.7,438.6513226720991
16,81.80000000000001,436.8264728832872
16,81.9,441.3765486834645
16,82.0,450.5418406021917
16,82.10000000000001,454.9845426292161
16,82.2,531.5128402595305
16,82.30000000000001,501.5031593171625
16,82.4,432.8571638537675
16,82.5,442.1149756143474
16,82.60000000000001,449.6132943539736
16,82.7,441.8206782956595
16,82.80000000000001,448.0039803548557
16,82.9,455.20925266700186
16,83.0,459.202166787795
16,83.10000000000001,459.6599948660635
16,83.2,451.5913705349842
16,83.30000000000001,445.7796003760175
16,83.4,445.54003546226386
16,83.5,448.80186091071107
16,83.60000000000001,446.9859151822749
16,83.7,511.99523857430495
16,83.80000000000001,500.4340948423023
16,83.9,442.99821597388257
16,84.0,447.6516714514469
16,84.10000000000001,448.3717530580768
16,84.2,444.6023211351071
16,84.30000000000001,449.6143564335563
16,84.4,452.1759065507012
16,84.5,450.1858565621232
16,84.60000000000001,455.05867409620714
16,84.7,451.439403884337
16,84.80000000000001,447.6028459977511
16,84.9,452.97779759760795
16,85.0,445.54159110719263
16,85.10000000000001,451.8267461030751
16,85.2,463.09356691488176
16,85.30000000000001,445.2471559197603
16,85.4,450.04252268481645
16,85.5,457.13275363206367
16,85.60000000000001,452.1509078492114
16,85.7,457.1556462807596
16,85.80000000000001,452.7915138284675
16,85.9,449.2900538168997
16,86.0,448.08472515154983
16,86.10000000000001,439.9139106118832
16,86.2,447.97403643494965
16,86.30000000000001,454.7614494011898
16,86.4,454.7766689732741
16,86.5,444.786716245422
16,86.60000000000001,435.15612661831074
16,86.7,440.29450240072464
16,86.80000000000001,448.3284801292477
16,86.9,454.04944680377565
16,87.0,453.1925064837893
16,87.10000000000001,446.0105528451325
16,87.2,441.56404368182007
16,87.30000000000001,437.06355233043496
16,87.4,440.0119554590237
16,87.5,451.5312565981985
16,87.60000000000001,450.1792040356757
16,87.7,443.49808746658016
16,87.80000000000001,442.06916377036396
16,87.9,444.4995627315551
16,88.0,454.2600885777942
16,88.10000000000001,454.617857954271
16,88.2,447.77849633373353
16,88.30000000000001,449.5880243652724
16,88.4,453.91802543529195
16,88.5,454.20959699234146
16,88.60000000000001,448.5497545281919
16,88.7,439.905662894694
16,88.80000000000001,442.2663988219497
16,88.9,452.4300110508801
16,89.0,447.86352766571906
16,89.10000000000001,441.3602884702542
16,89.2,448.9764594011517
16,89.30000000000001,453.5440459860221
16,89.4,444.365046757405
16,89.5,439.9659714293884
16,89.60000000000001,446.97318751513035
16,89.7,454.17245191901253
16,89.80000000000001,453.92115818511894
16,89.9,453.4189458723861
16,90.0,449.7485550350507
16,90.10000000000001,438.66352362924084
16,90.2,443.7008719108679
16,90.30000000000001,448.23768534006115
16,90.4,450.70722149082957
16,90.5,462.69805617929336
16,90.60000000000001,456.0895737646779
16,90.7,451.661156422904
16,90.80000000000001,453.0523322709155
16,90.9,451.5765395978242
16,91.0,453.81872481884534
16,91.10000000000001,453.77766474353166
16,91.2,450.7987933090284
16,91.30000000000001,448.80677410851945
16,91.4,450.3586336037059
16,91.5,448.98217693244345
16,91.60000000000001,446.5965144605297
16,91.7,450.1282214391948
16,91.80000000000001,449.5960833660966
16,91.9,451.3787923266825
16,92.0,452.4712853119259
16,92.10000000000001,440.726684278098
16,92.2,426.98461534392385
16,92.30000000000001,444.8690876994211
16,92.4,462.5343191165288
16,92.5,447.97565286690224
16,92.60000000000001,445.680279904454
16,92.7,460.87196779222677
16,92.80000000000001,456.7049613458329
16,92.9,450.2842645040001
16,93.0,451.9597078944045
16,93.10000000000001,457.977704967112
16,93.2,456.1557082483286
16,93.30000000000001,447.29664522567083
16,93.4,448.5037806418411
16,93.5,455.69666049051773
16,93.60000000000001,456.45255652979796
16,93.7,427.7052569630645
16,93.80000000000001,403.2696796838623
16,93.9,423.7464510825588
16,94.0,441.6172574665809
16,94.10000000000001,434.9086698658921
16,94.2,436.43257229654085
16,94.30000000000001,442.6416697753888
16,94.4,447.37596696627327
16,94.5,446.19343318496135
16,94.60000000000001,440.406872961097
16,94.7,434.01558779856117
16,94.80000000000001,431.9602009963863
16,94.9,443.3828213923198
16,95.0,447.3841112916793
16,95.10000000000001,443.61808920070547
16,95.2,442.2712857344356
16,95.30000000000001,431.56921407728396
16,95.4,426.8971899021766
16,95.5,434.0863706223734
16,95.60000000000001,432.5326735846576
16,95.7,426.80029458205547
16,95.80000000000001,434.2843620027565
16,95.9,445.288366221007
16,96.0,440.17358255843595
16,96.10000000000001,434.9953038575177
16,96.2,442.6034720869833
16,96.30000000000001,444.6226016713244
16,96.4,434.2942518752911
16,96.5,422.9386654531506
16,96.60000000000001,430.89919308844696
16,96.7,442.5711264591495
16,96.80000000000001,441.73152428032955
16,96.9,440.4205822714601
16,97.0,440.7120099148623
16,97.10000000000001,445.62939281470284
16,97.2,439.60615506316094
16,97.30000000000001,430.3261059457632
16,97.4,424.1521389116047
16,97.5,423.5278550159746
16,97.60000000000001,434.52209615507485
16,97.7,430.1721074958891
16,97.80000000000001,429.9979339225356
16,97.9,440.00256319739987
16,98.0,432.0511935791337
16,98.10000000000001,432.24758405772394
16,98.2,430.5529997207303
16,98.30000000000001,422.7003612464029
16,98.4,433.63323701276806
16,98.5,432.0836358838107
16,98.60000000000001,433.9605647974437
16,98.7,442.12981752432853
16,98.80000000000001,439.926263662034
16,98.9,442.2462226173569
16,99.0,441.6994586454878
16,99.10000000000001,440.16589880642886
16,99.2,436.2327723288962
16,99.30000000000001,431.62410273315174
16,99.4,437.9734471473548
16,99.5,446.90564281237863
16,99.60000000000001,472.3991997826845
16,99.7,472.6679396003397
16,99.80000000000001,439.7074080341218
16,99.9,435.30460471096774
16,100.0,431.04988768208324
16,100.10000000000001,434.1372291325632
16,100.2,438.5853052413856
16,100.30000000000001,431.53203362626846
16,100.4,545.9162231430345
16,100.5,566.2083589529743
16,100.60000000000001,442.372994415042
16,100.7,437.27881655817225
16,100.80000000000001,434.0183993737799
16,100.9,437.30796255930437
16,101.0,439.7168291883803
16,101.10000000000001,433.22449150540734
16,101.2,433.68521735106526
16,101.30000000000001,440.1362276428039
16,101.4,442.6064971753728
16,101.5,446.2080748811552
16,101.60000000000001,443.701467437271
16,101.7,435.3928697319979
16,101.80000000000001,434.53075656525226
16,101.9,438.7749055928331
16,102.0,444.4287244367665
16,102.10000000000001,442.27310717240397
16,102.2,439.62175575153344
16,102.30000000000001,438.8525566471985
16,102.4,432.8484148386078
16,102.5,436.816171955491
16,102.60000000000001,441.460872455196
16,102.7,432.61873226057014
16,102.80000000000001,434.4389773809
16,102.9,437.51826277513095
16,103.0,437.5509832938177
16,103.10000000000001,441.2929320205492
16,103.2,443.68319239864496
16,103.30000000000001,445.7819981766269
16,103.4,453.661919160862
16,103.5,451.83245341987873
16,103.60000000000001,433.48490694892575
16,103.7,439.63566459628544
16,103.80000000000001,441.0554702523913
16,103.9,435.3054195304327
16,104.0,441.28339945050624
16,104.10000000000001,458.5795291671748
16,104.2,449.07233895654736
16,104.30000000000001,429.10883006841334
16,104.4,438.29410140255766
16,104.5,451.5560821019823
16,104.60000000000001,458.51400829574254
16,104.7,545.4687820795217
16,104.80000000000001,681.1588111619252
16,104.9,596.064944701066
16,105.0,445.59637093899374
16,105.10000000000001,446.81239821190184
16,105.2,445.9750200603804
16,105.30000000000001,432.0464876861926
16,105.4,460.47976401485164
16,105.5,469.278772031368
16,105.60000000000001,456.5492085835735
16,105.7,452.12592928451954
16,105.80000000000001,450.3698864348613
16,105.9,445.5173535268858
16,106.0,441.52113299099267
16,106.10000000000001,441.8765754881271
16,106.2,447.75031734109837
16,106.30000000000001,603.4576876638631
16,106.4,645.4316730427
16,106.5,443.57410563526275
16,106.60000000000001,435.50056034427695
16,106.7,435.9179743469134
16,106.80000000000001,438.5845083045604
16,106.9,439.13774322699777
16,107.0,436.98393507878353
16,107.10000000000001,436.6417543892258
16,107.2,442.1401747549221
16,107.30000000000001,452.44446784331507
16,107.4,458.01728963742414
16,107.5,452.2347317733403
16,107.60000000000001,448.2119199109767
16,107.7,455.1212036929898
16,107.80000000000001,456.4475165454966
16,107.9,448.4197333722529
16,108.0,443.9623006531431
16,108.10000000000001,449.0017959215971
16,108.2,455.28456922039464
16,108.30000000000001,458.36627396190306
16,108.4,454.8704364926136
16,108.5,446.0300264687941
16,108.60000000000001,446.2746333841671
16,108.7,448.7112694412673
16,108.80000000000001,447.71282552041623
16,108.9,445.85302786616865
16,109.0,442.8382730047681
16,109.10000000000001,439.54609296271997
16,109.2,444.8236129194292
16,109.30000000000001,460.6119911947573
16,109.4,465.215092690598
16,109.5,459.3618904524098
16,109.60000000000001,456.3886984338752
16,109.7,453.90959393732874
16,109.80000000000001,456.13990552321593
16,109.9,451.73316904930283
16,110.0,440.33145777445236
16,110.10000000000001,438.51463697654725
16,110.2,438.1214978006113
16,110.30000000000001,448.88963034189356
16,110.4,445.7533961517005
16,110.5,438.85061392301003
16,110.60000000000001,448.9362805351767
16,110.7,453.5029592785691
16,110.80000000000001,457.0100177071082
16,110.9,461.0619028301278
16,111.0,455.10203809714443
16,111.10000000000001,450.42295653199596
16,111.2,443.50026004517844
16,111.30000000000001,439.49521776096213
16,111.4,457.331662174979
16,111.5,456.9588158193221
16,111.60000000000001,441.6327123327557
16,111.7,445.40060185480866
16,111.80000000000001,484.0405681278443
16,111.9,495.74824003106824
16,112.0,447.9926406378451
16,112.10000000000001,444.39044443936007
16,112.2,444.6454978723409
16,112.30000000000001,453.31214509885194
16,112.4,519.4028498542972
16,112.5,551.7399023367415
16,112.60000000000001,454.6543588544084
16,112.7,484.8154978864066
16,112.80000000000001,494.22205531818514
16,112.9,445.7487754641819
16,113.0,454.4398904311317
16,113.10000000000001,448.0813546381035
16,113.2,448.61425169290635
16,113.30000000000001,455.05350623784693
16,113.4,450.33306629716265
16,113.5,451.9421642150964
16,113.60000000000001,453.4934789033093
16,113.7,446.9715782779123
16,113.80000000000001,455.9217214228543
16,113.9,462.60950040580144
16,114.0,451.0739135808647
16,114.10000000000001,447.2600006300265
16,114.2,457.78068780092593
16,114.30000000000001,457.3731865621393
16,114.4,452.1430640158021
16,114.5,449.03007131946976
16,114.60000000000001,461.5913745286098
16,114.7,461.83935196953786
16,114.80000000000001,497.6631230253897
16,114.9,511.5087244859534
16,115.0,452.5628521007282
16,115.10000000000001,452.60851752183265
16,115.2,452.75159965448483
16,115.30000000000001,455.3887308627677
16,115.4,452.1230452274798
16,115.5,445.2823388206728
16,115.60000000000001,446.44073517227037
16,115.7,458.17121822245656
16,115.80000000000001,464.89537819778775
16,115.9,469.083131150471
16,116.0,468.0196448841094
16,116.10000000000001,460.83551504141354
16,116.2,455.2939762303946
16,116.30000000000001,451.85367010911244
16,116.4,461.4038967097336
16,116.5,464.1940455793206
16,116.60000000000001,454.2261730455139
16,116.7,447.1999944040948
16,116.80000000000001,453.6701996911813
16,116.9,451.141216516943
16,117.0,439.91889013565645
16,117.10000000000001,451.0674724846555
16,117.2,458.8622495897899
16,117.30000000000001,460.87941667897877
16,117.4,461.64884002649706
16,117.5,454.95428929810515
16,117.60000000000001,471.28237874141695
16,117.7,482.7636853928072
16,117.80000000000001,445.51907190899163
16,117.9,437.33226091178005
16,118.0,438.7707976311133
16,118.10000000000001,440.2093343504467
16,118.2,440.23780761752255
16,118.30000000000001,444.7838199141232
16,118.4,456.5490826714899
16,118.5,460.46859336799616
16,118.60000000000001,460.8793467587085
16,118.7,458.90549041996627
16,118.80000000000001,454.1607249563951
16,118.9,453.09207892830705
16,119.0,463.61213729732305
16,119.10000000000001,458.2440684216666
16,119.2,459.14942541240873
16,119.30000000000001,463.32325358260977
16,119.4,457.90087436979513
16,119.5,461.1565242301561
16,119.60000000000001,456.3729889808118
16,119.7,446.2506432931808
16,119.80000000000001,453.0153950443559
16,119.9,456.892006040951
16,120.0,454.1358893974956
16,120.10000000000001,452.1342471499025
16,120.2,450.22911299980035
16,120.30000000000001,462.02277092341365
16,120.4,458.7068385359747
16,120.5,453.1586607865798
16,120.60000000000001,449.44965796575775
16,120.7,445.44232654118457
16,120.80000000000001,442.2940339500346
16,120.9,429.07211782252716
16,121.0,425.59223837886645
16,121.10000000000001,441.6853207250337
16,121.2,465.902507903207
16,121.30000000000001,465.1347504544273
16,121.4,461.4101334807341
16,121.5,451.4451277366263
16,121.60000000000001,447.36457363377855
16,121.7,454.03850349235313
16,121.80000000000001,451.6936057788936
16,121.9,452.1519044193896
16,122.0,455.8263857353887
16,122.10000000000001,573.9080736813079
16,122.2,711.2366572539498
16,122.30000000000001,453.9600866554159
16,122.4,422.45091847403773
16,122.5,419.49661257925476
16,122.60000000000001,446.0910097527843
16,122.7,446.7253149124672
16,122.80000000000001,461.83605512402477
16,122.9,464.23287287774315
16,123.0,455.995873399624
16,123.10000000000001,461.20084847881117
16,123.2,454.7740863644596
16,123.30000000000001,452.6775879472815
16,123.4,447.8138704457672
16,123.5,458.27132474145736
16,123.60000000000001,468.5678871283355
16,123.7,466.1330069469693
16,123.80000000000001,459.82411912149854
16,123.9,466.5751782572654
16,124.0,470.2288664635197
16,124.10000000000001,465.83418098462795
16,124.2,479.0191487057572
16,124.30000000000001,454.70697747407013
16,124.4,493.606453723841
16,124.5,561.3011179944799
16,124.60000000000001,466.51418743161867
16,124.7,449.8170329087143
16,124.80000000000001,456.24304097373584
16,124.9,455.5079102742193
16,125.0,458.29718649002837
16,125.10000000000001,452.73571658374664
16,125.2,445.14470276359486
16,125.30000000000001,437.12327071325007
16,125.4,395.87019879107214
16,125.5,389.5751848508821
16,125.60000000000001,400.04906049945276
16,125.7,417.7211496798922
16,125.80000000000001,442.5442464972655
16,125.9,440.39209557195323
16,126.0,446.6079003941154
16,126.10000000000001,454.61772687295166
16,126.2,447.2844844949932
16,126.30000000000001,441.2157741899521
16,126.4,444.8926268481158
16,126.5,439.72830955938247
16,126.60000000000001,445.4319355690142
16,126.7,438.1823089267117
16,126.80000000000001,433.3948031825768
16,126.9,442.74098508237654
16,127.0,442.4376046555955
16,127.10000000000001,430.51817040259783
16,127.2,445.09251242419975
16,127.30000000000001,440.25143539553034
16,127.4,440.3594851390707
16,127.5,443.5977305758738
16,127.60000000000001,416.2629325972759
16,127.7,433.37559282362974
16,127.80000000000001,450.2017172056878
16,127.9,441.39478109458014
16,128.0,443.0701190114087
16,128.1,431.8040490975266
16,128.20000000000002,447.86119916555765
16,128.3,443.16528834191513
16,128.4,440.0823490529752
16,128.5,434.85532061878024
16,128.6,445.786618579171
16,128.70000000000002,461.09450016109605
16,128.8,448.1520220665071
16,128.9,449.4060563293181
16,129.0,464.66151757955834
16,129.1,480.874940024687
16,129.20000000000002,467.0591205337244
16,129.3,455.85201309432534
16,129.4,459.72704851930575
16,129.5,457.15766170324304
16,129.6,449.5892818896026
16,129.70000000000002,450.3826549038887
16,129.8,457.8416489073471
16,129.9,450.41144565515197
16,130.0,444.0191910112895
16,130.1,432.5664809279558
16,130.20000000000002,413.52402405821346
16,130.3,425.06794631591976
16,130.4,439.85760080100425
16,130.5,447.17275789202796
16,130.6,469.12720086164967
16,130.70000000000002,444.6777817687046
16,130.8,449.33528469527823
16,130.9,462.82096383627993
16,131.0,450.69186640616624
16,131.1,450.72982160194124
16,131.20000000000002,514.5885860233
16,131.3,662.0645570259139
16,131.4,440.115411993834
16,131.5,447.2146491399871
16,131.6,439.7364348513626
16,131.70000000000002,393.63149901924805
16,131.8,417.62021294393355
16,131.9,430.78284801315266
16,132.0,441.99652305778983
16,132.1,446.7216982098869
16,132.20000000000002,443.1131021122578
16,132.3,436.8410489042659
16,132.4,446.21599083991265
16,132.5,442.3650769124456
16,132.6,446.3666716685293
16,132.70000000000002,441.5782042209825
16,132.8,433.32439718564547
16,132.9,453.01128096461053
16,133.0,445.198515455713
16,133.1,442.1141977058375
16,133.20000000000002,446.7181252359247
16,133.3,427.5720267777373
16,133.4,435.29199943956246
16,133.5,438.0345452827626
16,133.6,441.18172581177845
16,133.70000000000002,442.500083968175
16,133.8,446.4970967035116
16,133.9,443.1623945556563
16,134.0,424.2412944976493
16,134.1,414.15767345555736
16,134.20000000000002,424.8072117543954
16,134.3,452.8526051375169
16,134.4,453.0219001158083
16,134.5,446.37327693026225
16,134.6,439.6209671885195
16,134.70000000000002,449.90453164385065
16,134.8,444.99359050516324
16,134.9,427.51678828794184
16,135.0,443.5526246229072
16,135.1,438.7761137308547
16,135.20000000000002,445.86556639109205
16,135.3,446.1903820015084
16,135.4,444.61254125720774
16,135.5,437.14213558312326
16,135.6,438.8626118023539
16,135.70000000000002,452.47570697777127
16,135.8,441.92026406229473
16,135.9,463.0375603091049
16,136.0,456.4438928625922
16,136.1,448.27654503710164
16,136.20000000000002,454.13001074742556
16,136.3,452.6540041824718
16,136.4,442.9508474990172
16,136.5,446.4082094341893
16,136.6,454.0866068968635
16,136.70000000000002,458.64491969832244
16,136.8,451.6421789708674
16,136.9,445.7652167830315
16,137.0,440.2898665015042
16,137.1,424.71657951556307
16,137.20000000000002,430.3049927358954
16,137.3,432.25899983035356
16,137.4,406.54343826983506
16,137.5,389.1460767890885
16,137.6,436.1664254832429
16,137.70000000000002,445.89897698845795
16,137.8,441.4647827091502
16,137.9,473.40425911875843
16,138.0,523.5147076866989
16,138.1,433.4351335655843
16,138.20000000000002,393.3368918657409
16,138.3,367.6114391039124
16,138.4,410.05483565781776
16,138.5,415.98557620414823
16,138.6,430.1930992992836
16,138.70000000000002,427.7236550065927
16,138.8,448.6799981447285
16,138.9,447.05608711554913
16,139.0,437.94847856690126
16,139.1,452.29229203187253
16,139.20000000000002,450.4358327830561
16,139.3,445.3693189405833
16,139.4,446.34311253782795
16,139.5,457.4358751015682
16,139.6,452.11551661674434
16,139.70000000000002,470.08684900206026
16,139.8,435.49158814657306
16,139.9,457.3732739883295
16,140.0,462.4429682555568
16,140.1,458.2422082092685
16,140.20000000000002,454.0250741710113
16,140.3,455.1298371081707
16,140.4,461.7636948566359
16,140.5,452.36454440218847
16,140.6,441.17142577532013
16,140.70000000000002,454.0417957737849
16,140.8,463.94813630681335
16,140.9,448.35414982498025
16,141.0,468.8075406154389
16,141.1,452.6085415063986
16,141.20000000000002,460.24765536879204
16,141.3,454.0831553468156
16,141.4,453.99616540246876
16,141.5,454.84113359401624
16,141.6,454.22755112284807
16,141.70000000000002,458.689170187295
16,141.8,462.1924663718274
16,141.9,465.1347471849442
16,142.0,462.62417836020416
16,142.1,464.201314082699
16,142.20000000000002,452.65044266450815
16,142.3,460.6643541243908
16,142.4,454.2605301376787
16,142.5,458.361902062826
16,142.6,449.6747863624666
16,142.70000000000002,451.9572267642981
16,142.8,451.8632710526335
16,142.9,460.037974037614
16,143.0,430.2070239668496
16,143.1,434.24926664760363
16,143.20000000000002,441.5554331338918
16,143.3,469.59280765093905
16,143.4,477.2604219185702
16,143.5,461.7303619197511
16,143.6,555.4325578579733
16,143.70000000000002,608.053123848049
16,143.8,462.25392246028025
16,143.9,459.2585757379792
16,144.0,448.2548730006314
16,144.1,444.09562034225473
16,144.20000000000002,454.2978418084844
16,144.3,537.3562942509325
16,144.4,442.4088386268004
16,144.5,453.1027959971408
16,144.6,452.06995008803557
16,144.70000000000002,456.8940658603989
16,144.8,454.2650721996411
16,144.9,455.8408866398068
16,145.0,450.29643584465583
16,145.1,460.52272625008067
16,145.20000000000002,457.3890795180041
16,145.3,458.463055974568
16,145.4,447.4918347003079
16,145.5,468.69372718001506
16,145.6,461.5535688694158
16,145.70000000000002,446.63565762843575
16,145.8,450.4127467622579
16,145.9,453.38240753285584
16,146.0,447.7883224298509
16,146.1,446.30498986301154
16,146.20000000000002,449.5502335348434
16,146.3,451.9069840371888
16,146.4,461.3114895229283
16,146.5,449.597642639144
16,146.6,495.3063314283477
16,146.70000000000002,744.120945181912
16,146.8,438.7192870082378
16,146.9,466.79818114005957
16,147.0,469.0399359161909
16,147.1,462.4680420110403
16,147.20000000000002,464.4308928361734
16,147.3,449.59225964190057
16,147.4,456.99374969777773
16,147.5,467.6349482670301
16,147.6,454.0592870840626
16,147.70000000000002,446.05874375755144
16,147.8,456.45937155512075
16,147.9,468.29773525942994
16,148.0,470.2199117710833
16,148.1,458.3530439453445
16,148.20000000000002,452.03768308126934
16,148.3,444.94466135652635
16,148.4,450.4268311914767
16,148.5,462.70954768707276
16,148.6,450.39245520363716
16,148.70000000000002,451.86308792882255
16,148.8,464.0428919063819
16,148.9,460.2610139092553
16,149.0,452.9688438553643
16,149.1,447.7834865679392
16,149.20000000000002,453.79434563945364
16,149.3,463.7860564335229
16,149.4,464.53288549928556
16,149.5,453.977297851858
16,149.6,461.4438031015516
16,149.70000000000002,451.84249697330796
16,149.8,454.81481557839356
16,149.9,453.5018331718798
16,150.0,442.41783676144
16,150.1,478.09078199795687
16,150.20000000000002,721.9602980817592
16,150.3,468.62086846682786
16,150.4,464.7777418187711
16,150.5,465.5109382269191
16,150.6,460.25606663108357
16,150.70000000000002,457.3358970881624
16,150.8,465.55287443044
16,150.9,455.9233219413629
16,151.0,459.3672971677207
16,151.1,456.42924742583426
16,151.20000000000002,460.8218461477592
16,151.3,452.43745637775123
16,151.4,448.77544009950736
16,151.5,445.03496211308885
16,151.6,460.72802194623904
16,151.70000000000002,456.0190632065112
16,151.8,446.27574310877225
16,151.9,444.6470739044873
16,152.0,464.9468615432639
16,152.1,453.7982036438247
16,152.20000000000002,443.3509223632063
16,152.3,439.9798512667162
16,152.4,461.96671749706076
16,152.5,597.2203329330131
16,152.6,457.8204338965607
16,152.70000000000002,452.2197003283565
16,152.8,454.1253170807271
16,152.9,461.89878946643546
16,153.0,460.4343598752371
16,153.1,438.6169161498012
16,153.20000000000002,436.7715873381815
16,153.3,461.41250090427536
16,153.4,458.65229078986124
16,153.5,440.5482843394513
16,153.60000000000002,456.28654584731026
16,153.70000000000002,449.13216452857466
16,153.8,454.54153561504313
16,153.9,443.33827707209474
16,154.0,449.5053529924753
16,154.10000000000002,464.7066720300043
16,154.20000000000002,534.9043181169731
16,154.3,461.37420967796334
16,154.4,447.6153518732711
16,154.5,449.73794287613754
16,154.60000000000002,456.2185009800639
16,154.70000000000002,460.74736321875776
16,154.8,459.5665854188298
16,154.9,450.17155388596575
16,155.0,447.31701211178205
16,155.10000000000002,446.05136520570596
16,155.20000000000002,448.4726048235137
16,155.3,446.18299312272535
16,155.4,455.3626592887722
16,155.5,469.5679392386966
16,155.60000000000002,438.4510183114442
16,155.70000000000002,442.53637269027325
16,155.8,442.83981863151496
16,155.9,437.278191576219
16,156.0,446.11097330231314
16,156.10000000000002,437.94301391401547
16,156.20000000000002,446.7111899824858
16,156.3,440.0006147256795
16,156.4,432.38421222195575
16,156.5,446.77689622922503
16,156.60000000000002,439.3632299431949
16,156.70000000000002,451.16025103557183
16,156.8,504.960121475334
16,156.9,436.02863249910143
16,157.0,450.5103966964205
16,157.10000000000002,439.15925111371644
16,157.20000000000002,440.4362535331095
16,157.3,448.6596871428059
16,157.4,447.61057350247944
16,157.5,448.726085647569
16,157.60000000000002,439.4783052368223
16,157.70000000000002,439.6505563213451
16,157.8,435.11929498845745
16,157.9,447.5383311837583
16,158.0,436.07462333596226
16,158.10000000000002,440.91860599909256
16,158.20000000000002,451.7820631720396
16,158.3,447.44099256950597
16,158.4,446.9148315476472
16,158.5,442.974944291552
16,158.60000000000002,432.6801437820079
16,158.70000000000002,449.45143748328405
16,158.8,444.9449704101549
16,158.9,447.5930540531268
16,159.0,449.82598007034
16,159.10000000000002,453.71010520757386
16,159.20000000000002,432.9098597946099
16,159.3,431.35481510890787
16,159.4,445.32418718628725
16,159.5,448.1432664576205
16,159.60000000000002,439.2539618744478
16,159.70000000000002,446.80721194324417
16,159.8,451.7606237296764
16,159.9,439.9451426264229
16,160.0,432.8156274116417
16,160.10000000000002,448.6179505533827
16,160.20000000000002,435.95860197104287
16,160.3,454.07306330898973
16,160.4,458.995286815525
16,160.5,457.0024869699273
16,160.60000000000002,454.66106683298597
16,160.70000000000002,446.6227230361585
16,160.8,445.0564674228111
16,160.9,461.5866453706705
16,161.0,463.2957130633282
16,161.10000000000002,459.6121148426643
16,161.20000000000002,449.38468404570926
16,161.3,436.8447635301395
16,161.4,450.5963212771936
16,161.5,444.7011764033083
16,161.60000000000002,443.27480191531373
16,161.70000000000002,440.78072262976286
16,161.8,446.94757389414644
16,161.9,443.71562502799867
16,162.0,455.7236733693127
16,162.10000000000002,447.98571493475345
16,162.20000000000002,464.11339968118665
16,162.3,437.7696696191965
16,162.4,478.3517887804704
16,162.5,440.7270084349981
16,162.60000000000002,454.58015554655276
16,162.70000000000002,449.6533478617871
16,162.8,446.51407916926723
16,162.9,440.76564070550165
16,163.0,440.2518761160422
16,163.10000000000002,436.22348340791797
16,163.20000000000002,454.9554767976674
16,163.3,458.5644332328567
16,163.4,452.7409681120875
16,163.5,442.84487016849073
16,163.60000000000002,436.3524848306638
16,163.70000000000002,435.12782255073137
16,163.8,445.13395511517035
16,163.9,446.81745106297916
16,164.0,465.80231158501715
16,164.10000000000002,464.9385510826054
16,164.20000000000002,432.2751846331279
16,164.3,437.3526023351578
16,164.4,444.3986747671395
16,164.5,452.19774427105295
16,164.60000000000002,443.22157661772803
16,164.70000000000002,426.4148906835105
16,164.8,456.848478985303
16,164.9,438.4431805314633
16,165.0,451.4829387370944
16,165.10000000000002,495.5396983403775
16,165.20000000000002,441.0883379391214
16,165.3,451.49599541258493
16,165.4,441.45766413038825
16,165.5,442.72047525799974
16,165.60000000000002,451.9673987560982
16,165.70000000000002,433.08303745461006
16,165.8,445.8358862662214
16,165.9,447.609887845711
16,166.0,453.2743837999223
16,166.10000000000002,445.912420030355
16,166.20000000000002,437.55823348837737
16,166.3,442.74063799235756
16,166.4,449.4110543425428
16,166.5,447.8158078730177
16,166.60000000000002,478.74526530224375
16,166.70000000000002,443.24944442030204
16,166.8,450.9207408233442
16,166.9,456.9465238678014
16,167.0,464.9026244912742
16,167.10000000000002,433.537768446935
16,167.20000000000002,438.73985860608565
16,167.3,454.8320512996941
16,167.4,436.98098602388126
16,167.5,449.3016446461378
16,167.60000000000002,438.6433484791542
16,167.70000000000002,451.0916563881055
16,167.8,448.0642238985961
16,167.9,432.8555308457183
16,168.0,441.6525421989888
16,168.10000000000002,434.22037482365624
16,168.20000000000002,538.8980157630226
16,168.3,439.78615891535696
16,168.4,442.50777601431474
16,168.5,448.41649386016326
16,168.60000000000002,446.122481178702
16,168.70000000000002,447.1563378745105
16,168.8,449.4222925661854
16,168.9,442.90270600786334
16,169.0,436.42539484413015
16,169.10000000000002,438.498552651141
16,169.20000000000002,428.49676858128265
16,169.3,444.4386463456477
16,169.4,442.11543803060533
16,169.5,438.0998914525495
16,169.60000000000002,445.80839780396485
16,169.70000000000002,455.4203797518026
16,169.8,434.4241152441567
16,169.9,434.7459321732127
16,170.0,441.4247919241116
16,170.10000000000002,430.77171446904794
16,170.20000000000002,444.09912813679745
16,170.3,433.10468910429495
16,170.4,438.06866392685606
16,170.5,443.4006353403166
16,170.60000000000002,430.8107850885148
16,170.70000000000002,452.36986915500773
16,170.8,447.17060877411546
16,170.9,445.10951905678706
16,171.0,440.11563847024485
16,171.10000000000002,438.7974460251761
16,171.20000000000002,453.0148594303276
16,171.3,450.8276293659301
16,171.4,455.39815349452334
16,171.5,443.91488516562856
16,171.60000000000002,428.27796446563974
16,171.70000000000002,457.4858886629232
16,171.8,429.74238870625027
16,171.9,427.443650137355
16,172.0,458.37653021231176
16,172.10000000000002,440.3386708006181
16,172.20000000000002,456.54812767020303
16,172.3,445.9587630445026
16,172.4,449.086737413569
16,172.5,442.2406349664311
16,172.60000000000002,439.8012749328709
16,172.70000000000002,439.43684355098094
16,172.8,445.9920310892984
16,172.9,446.4377217546067
16,173.0,435.3448599015055
16,173.10000000000002,439.3731868733771
16,173.20000000000002,443.71119682144933
16,173.3,439.84918397802255
16,173.4,434.54373149117527
16,173.5,446.48139702592135
16,173.60000000000002,434.3949704246936
16,173.70000000000002,442.565812414465
16,173.8,444.4044070310715
16,173.9,436.3061514607519
16,174.0,450.73720296461147
16,174.10000000000002,447.5610563611229
16,174.20000000000002,454.90932838728565
16,174.3,443.43549183554194
16,174.4,440.1684008658543
16,174.5,446.5705369087218
16,174.60000000000002,439.97005071696987
16,174.70000000000002,448.85348788347557
16,174.8,460.7857068648792
16,174.9,443.04870707486486
16,175.0,438.2253380478344
16,175.10000000000002,453.25404922360275
16,175.20000000000002,530.8589384285615
16,175.3,445.578722948915
16,175.4,444.06675842749115
16,175.5,443.4450408275593
16,175.60000000000002,444.099521354997
16,175.70000000000002,430.6284453315899
16,175.8,443.60252084895234
16,175.9,437.693990670177
16,176.0,453.5044124680697
16,176.10000000000002,622.8029167678168
16,176.20000000000002,458.5032157101093
16,176.3,461.69560086735765
16,176.4,448.3752139044892
16,176.5,444.8927320826472
16,176.60000000000002,443.8433429854763
16,176.70000000000002,439.6161908116524
16,176.8,436.8774906231902
16,176.9,434.210969373521
16,177.0,446.5665826929447
16,177.10000000000002,459.55748193318163
16,177.20000000000002,463.3213127742372
16,177.3,442.4307645289324
16,177.4,434.282803779699
16,177.5,426.79545597538976
16,177.60000000000002,437.90127274330564
16,177.70000000000002,453.39937170110574
16,177.8,444.3013094811326
16,177.9,442.2077326958406
16,178.0,447.81790276698865
16,178.10000000000002,449.39380139730196
16,178.20000000000002,446.283708816927
16,178.3,431.53985683335463
16,178.4,441.8531473497853
16,178.5,442.143188679515
16,178.60000000000002,443.3518880181864
16,178.70000000000002,439.64316899981344
16,178.8,456.16662720106956
16,178.9,445.4376448928228
16,179.0,443.4938397809671
16,179.10000000000002,451.9758010818147
16,179.20000000000002,454.66731793454346
16,179.3,447.5734027802458
16,179.4,438.6007067381509
16,179.5,483.09107929495474
16,179.60000000000002,455.9894305686607
16,179.70000000000002,448.46733134669677
16,179.8,449.98594505678346
16,179.9,457.4779779304384
16,180.0,465.31702790059296
16,180.10000000000002,454.5041315828951
16,180.20000000000002,439.71023289909556
16,180.3,449.40127871896425
16,180.4,448.8407279785968
16,180.5,448.1538680728288
16,180.60000000000002,440.59818085297303
16,180.70000000000002,456.66122027652267
16,180.8,464.00862872792675
16,180.9,448.2887424840298
16,181.0,423.4560795866877
16,181.10000000000002,447.58691731193267
16,181.20000000000002,439.5159708879382
16,181.3,448.72705751635357
16,181.4,445.39973881330303
16,181.5,431.4619248577501
16,181.60000000000002,440.3546916268577
16,181.70000000000002,457.82497544484465
16,181.8,449.8552008391877
16,181.9,456.2335683776634
16,182.0,451.84128547465934
16,182.10000000000002,453.599877370472
16,182.20000000000002,446.08866879570553
16,182.3,451.6052132524817
16,182.4,449.6605147857455
16,182.5,451.0028943760469
16,182.60000000000002,456.9537325518018
16,182.70000000000002,451.3210715029451
16,182.8,443.7003891754202
16,182.9,438.83122626360796
16,183.0,538.3087321040542
16,183.10000000000002,440.98195560969623
16,183.20000000000002,468.60901686381345
16,183.3,437.455461186749
16,183.4,448.2340260903348
16,183.5,446.987687430905
16,183.60000000000002,452.59994240503306
16,183.70000000000002,639.9228578021037
16,183.8,476.7474374741273
16,183.9,453.7241083547955
16,184.0,443.9593474562743
16,184.10000000000002,426.949179546631
16,184.20000000000002,464.4396079762582
16,184.3,438.9107423995046
16,184.4,452.54739469692925
16,184.5,442.56384328283525
16,184.60000000000002,460.56564568082325
16,184.70000000000002,466.42269352065495
16,184.8,438.594789205801
16,184.9,450.31619543976205
16,185.0,456.91718471506044
16,185.10000000000002,459.2926782892986
16,185.20000000000002,452.7897943632157
16,185.3,458.7900845533578
16,185.4,456.7502110021255
16,185.5,453.29554911973236
16,185.60000000000002,449.79507797728394
16,185.70000000000002,454.8662884008874
16,185.8,460.26092916403627
16,185.9,457.17519518664824
16,186.0,434.22482866415515
16,186.10000000000002,432.36284345091025
16,186.20000000000002,455.89186755277257
16,186.3,458.7540108476741
16,186.4,429.6777405700733
16,186.5,445.93599224159703
16,186.60000000000002,450.825112420653
16,186.70000000000002,514.9509590293354
16,186.8,470.34236431629336
16,186.9,459.36727758206536
16,187.0,454.92033854776025
16,187.10000000000002,442.201505497477
16,187.20000000000002,455.4131873980309
16,187.3,475.3531756194756
16,187.4,474.496547259461
16,187.5,473.569159642401
16,187.60000000000002,470.2241234034231
16,187.70000000000002,462.0899045842124
16,187.8,523.6655162175572
16,187.9,477.6467803019979
16,188.0,447.6426228292571
16,188.10000000000002,454.2697778527576
16,188.20000000000002,456.06639233502125
16,188.3,453.17001510769046
16,188.4,454.86027962866785
16,188.5,447.4164580865148
16,188.60000000000002,476.9529634694875
16,188.70000000000002,451.5331622695763
16,188.8,440.95953519559373
16,188.9,445.14136062992156
16,189.0,451.994744477804
16,189.10000000000002,550.7847192523955
16,189.20000000000002,469.7516001905938
16,189.3,442.7226518772825
16,189.4,445.7794661218269
16,189.5,453.8118309022202
16,189.60000000000002,448.62260561359875
16,189.70000000000002,444.5620892118243
16,189.8,432.9794190165295
16,189.9,449.33349806500615
16,190.0,465.5614385129307
16,190.10000000000002,457.19208649239545
16,190.20000000000002,449.04954937595477
16,190.3,443.99707910030924
16,190.4,511.30195790221524
16,190.5,459.5163133444678
16,190.60000000000002,456.0439994672373
16,190.70000000000002,462.02368437972166
16,190.8,435.41383386521886
16,190.9,441.06161167901365
16,191.0,451.4806430749876
16,191.10000000000002,453.3666091609166
16,191.20000000000002,562.2084748749343
16,191.3,465.2307595646028
16,191.4,458.6129738484603
16,191.5,468.84702880841803
16,191.60000000000002,456.5303115145472
16,191.70000000000002,448.3861093514163
16,191.8,448.58504519418887
16,191.9,456.61042991617194
16,192.0,461.8343340704327
16,192.10000000000002,444.52333568481953
16,192.20000000000002,442.07565618251766
16,192.3,440.35750691778316
16,192.4,455.6913515638488
16,192.5,427.2643204357232
16,192.60000000000002,434.2215502124071
16,192.70000000000002,435.5323070330722
16,192.8,445.5258323896762
16,192.9,456.0090179573444
16,193.0,447.69304852384016
16,193.10000000000002,447.8334170192085
16,193.20000000000002,458.16834663006824
16,193.3,447.77136481638854
16,193.4,452.64119364217817
16,193.5,455.80655335990986
16,193.60000000000002,448.104888113459
16,193.70000000000002,451.0586961296065
16,193.8,456.0667994252674
16,193.9,457.0695448602653
16,194.0,457.3915319253883
16,194.10000000000002,438.9213794860382
16,194.20000000000002,458.8342198684253
16,194.3,493.27020210165534
16,194.4,537.2098497961777
16,194.5,454.3302219008432
16,194.60000000000002,444.75323810413465
16,194.70000000000002,437.5402899467454
16,194.8,440.07698038842915
16,194.9,435.6535748434563
16,195.0,439.27596319673285
16,195.10000000000002,435.87349116759043
16,195.20000000000002,473.86537732264134
16,195.3,448.3251533821573
16,195.4,437.34289232616675
16,195.5,449.13170925223494
16,195.60000000000002,442.1595396355328
16,195.70000000000002,441.5497110426015
16,195.8,435.02044580497045
16,195.9,442.5006384645631
16,196.0,440.7188219453903
16,196.10000000000002,447.9781722759559
16,196.20000000000002,443.5675053792382
16,196.3,448.0748949094634
16,196.4,439.8504471044894
16,196.5,448.7677964080703
16,196.60000000000002,449.9470866775004
16,196.70000000000002,444.4472250304399
16,196.8,444.54959486638165
16,196.9,443.63916406865434
16,197.0,440.62658270624735
16,197.10000000000002,439.5375763760876
16,197.20000000000002,439.97509524374647
16,197.3,449.85337616443644
16,197.4,441.47294890759593
16,197.5,452.51637042967707
16,197.60000000000002,458.4431733844228
16,197.70000000000002,450.4847274746624
16,197.8,435.70440599283063
16,197.9,444.4644262967525
16,198.0,456.217189166069
16,198.10000000000002,450.0768200880666
16,198.20000000000002,446.3620940380052
16,198.3,436.6532776648306
16,198.4,451.63543603528586
16,198.5,440.47392494614843
16,198.60000000000002,436.59160211263725
16,198.70000000000002,450.24180283557763
16,198.8,437.6644316873279
16,198.9,452.63487584489735
16,199.0,447.4990923401928
16,199.10000000000002,436.64447784700155
16,199.20000000000002,445.76886033388524
16,199.3,462.4155605486287
16,199.4,452.02107096612684
16,199.5,457.34224058885485
16,199.60000000000002,451.70293485946917
16,199.70000000000002,446.5618579101369
16,199.8,437.4280192193075
16,199.9,427.2472500380654
16,200.0,449.7781961693073
16,200.10000000000002,452.6462880189475
16,200.20000000000002,454.0455336546966
16,200.3,449.5315369018763
16,200.4,424.41014077766204
16,200.5,445.2689946601537
16,200.60000000000002,437.48742411417436
16,200.70000000000002,442.338439166035
16,200.8,461.7862006881097
16,200.9,450.8619794659292
16,201.0,453.6946839077858
16,201.10000000000002,454.0225926201791
16,201.20000000000002,461.0891405725357
16,201.3,456.295463661187
16,201.4,454.268655289795
16,201.5,470.103356726038
16,201.60000000000002,457.8775167962749
16,201.70000000000002,457.9029642441044
16,201.8,429.65531634678894
16,201.9,448.4040754679234
16,202.0,459.874876046055
16,202.10000000000002,454.1533888477712
16,202.20000000000002,445.4806119871412
16,202.3,444.32132816083197
16,202.4,448.48590380000843
16,202.5,441.1295455143249
16,202.60000000000002,445.0080269170581
16,202.70000000000002,446.7027289685604
16,202.8,439.795850372992
16,202.9,452.5708036386519
16,203.0,439.29453466075466
16,203.10000000000002,449.27847959246316
16,203.20000000000002,462.1178523916767
16,203.3,442.5933107388085
16,203.4,467.5248202043041
16,203.5,450.38036728770874
16,203.60000000000002,447.8200170752581
16,203.70000000000002,436.81166554856657
16,203.8,447.0447959556267
16,203.9,446.18558768570176
16,204.0,450.15288269366914
16,204.10000000000002,444.2985801937573
16,204.20000000000002,581.376820591748
16,204.3,472.6665845523134
16,204.4,450.2131684929853
16,204.5,437.1848067992556
16,204.60000000000002,434.33045587459566
16,204.70000000000002,452.4502366868201
16,204.8,436.52726497719493
16,204.9,442.15489602237875
16,205.0,444.8372598160101
16,205.10000000000002,437.1579773460355
16,205.20000000000002,449.0550365130112
16,205.3,443.4416052619903
16,205.4,440.8086125394927
16,205.5,443.6626165443095
16,205.60000000000002,425.05017423641823
16,205.70000000000002,447.0198951876304
16,205.8,440.85628135727114
16,205.9,456.7235262525895
16,206.0,449.58343803324624
16,206.10000000000002,454.9773945971215
16,206.20000000000002,446.4958723717544
16,206.3,449.17895437003165
16,206.4,453.66397225764354
16,206.5,435.2611819823727
16,206.60000000000002,453.13436152690264
16,206.70000000000002,444.231412889325
16,206.8,449.3436262627913
16,206.9,450.05275114711895
16,207.0,464.9663919582903
16,207.10000000000002,453.96526819535126
16,207.20000000000002,444.03787499195664
16,207.3,441.66225785227147
16,207.4,444.8036471800397
16,207.5,452.50018466898126
16,207.60000000000002,451.35474173910467
16,207.70000000000002,441.2023113787331
16,207.8,442.5796172586323
16,207.9,438.90367122910317
16,208.0,450.0070372003917
16,208.10000000000002,446.8483889972244
16,208.20000000000002,446.30315657360205
16,208.3,448.5879391295027
16,208.4,446.32563119847094
16,208.5,450.05573568644087
16,208.60000000000002,450.6711324936137
16,208.70000000000002,451.7110634142972
16,208.8,477.9228711984235
16,208.9,451.38076269872784
16,209.0,454.0418839040198
16,209.10000000000002,450.9732828211467
16,209.20000000000002,441.8925869024399
16,209.3,443.3331436499508
16,209.4,443.1743815962731
16,209.5,453.9391640987271
16,209.60000000000002,451.85830065719387
16,209.70000000000002,457.9732610220074
16,209.8,437.8936772253696
16,209.9,444.42074499872615
16,210.0,459.39055053435476
16,210.10000000000002,449.1252936680406
16,210.20000000000002,523.404418392871
16,210.3,470.7801576280682
16,210.4,438.69992997740957
16,210.5,566.3301673839071
16,210.60000000000002,550.698585713928
16,210.70000000000002,474.4749929302331
16,210.8,452.51244531118147
16,210.9,453.97268182015335
16,211.0,449.0313293793577
16,211.10000000000002,458.4161172690893
16,211.20000000000002,465.4108980927334
16,211.3,469.0032819796983
16,211.4,454.006473626794
16,211.5,452.0365262380319
16,211.60000000000002,466.3829573399585
16,211.70000000000002,462.56882936341896
16,211.8,451.29424977148363
16,211.9,739.4659731156855
16,212.0,549.8900692194965
16,212.10000000000002,441.5659886437687
16,212.20000000000002,449.23211991097986
16,212.3,463.3384816148856
16,212.4,456.85400209409534
16,212.5,438.79535120812085
16,212.60000000000002,428.32092445670656
16,212.70000000000002,433.13705181355203
16,212.8,444.8582088680905
16,212.9,442.6669978401353
16,213.0,451.18077374379556
16,213.10000000000002,427.82150108442295
16,213.20000000000002,502.4764222446936
16,213.3,462.7173756428266
16,213.4,456.4501866160884
16,213.5,445.51774981711253
16,213.60000000000002,440.1888710286478
16,213.70000000000002,440.69466991121345
16,213.8,460.69527044829346
16,213.9,447.3670186816104
16,214.0,454.61208549696903
16,214.10000000000002,447.2764481467764
16,214.20000000000002,450.6249857585069
16,214.3,441.6870737035227
16,214.4,442.8206491553901
16,214.5,449.1994173922575
16,214.60000000000002,452.1034575385558
16,214.70000000000002,443.6975412246861
16,214.8,445.07543268860115
16,214.9,444.59857416324706
16,215.0,444.74885316649943
16,215.10000000000002,439.9746224602457
16,215.20000000000002,447.0970362246961
16,215.3,446.30149869657566
16,215.4,452.54527349872217
16,215.5,444.25622639171524
16,215.60000000000002,449.919965123985
16,215.70000000000002,444.2782795900498
16,215.8,439.5663856866785
16,215.9,441.02737790677185
16,216.0,443.7069641410614
16,216.10000000000002,443.9796047871743
16,216.20000000000002,447.1602030490995
16,216.3,442.1530658315552
16,216.4,452.5534702381473
16,216.5,445.62929418436744
16,216.60000000000002,442.7786075890012
16,216.70000000000002,431.62926861791203
16,216.8,438.6403072423795
16,216.9,454.9102912485891
16,217.0,451.6296344001468
16,217.10000000000002,433.34772020568596
16,217.20000000000002,444.24269463072136
16,217.3,450.53846784524535
16,217.4,460.76517001367864
16,217.5,454.02758478449425
16,217.60000000000002,455.54110532932873
16,217.70000000000002,459.9361759672121
16,217.8,458.8850337548577
16,217.9,439.2815428136371
16,218.0,439.41315849133935
16,218.10000000000002,452.6941761826273
16,218.20000000000002,456.66879361244816
16,218.3,445.78578691937804
16,218.4,446.42259566792205
16,218.5,450.81792670256874
16,218.60000000000002,445.3735927370447
16,218.70000000000002,449.1794563389426
16,218.8,443.73519555790534
16,218.9,438.90788466412323
16,219.0,436.72709404689004
16,219.10000000000002,446.02460662103005
16,219.20000000000002,448.46643520729685
16,219.3,439.0520969839784
16,219.4,436.6282594042798
16,219.5,429.5777578121649
16,219.60000000000002,442.4693696786052
16,219.70000000000002,437.5706024180391
16,219.8,456.7780596765508
16,219.9,462.82929638158566
16,220.0,455.50328452932695
16,220.10000000000002,450.05172424349183
16,220.20000000000002,445.00451733330704
16,220.3,453.26750587753276
16,220.4,445.51852074011316
16,220.5,445.1449659823907
16,220.60000000000002,448.0478597787265
16,220.70000000000002,447.26624462909143
16,220.8,455.4012623300138
16,220.9,456.5430683852456
16,221.0,457.32286522422913
16,221.10000000000002,451.1386332553318
16,221.20000000000002,454.8792089819705
16,221.3,454.7720554948192
16,221.4,441.2262568854375
16,221.5,450.43522542195575
16,221.60000000000002,448.65862096273133
16,221.70000000000002,452.61411936615536
16,221.8,459.2900880804081
16,221.9,508.9363502810628
16,222.0,556.7988947283138
16,222.10000000000002,496.93990697056955
16,222.20000000000002,452.68613924395993
16,222.3,454.03948268407873
16,222.4,456.0646943181682
16,222.5,453.44206229805076
16,222.60000000000002,455.4509017356918
16,222.70000000000002,454.0383896200938
16,222.8,455.10289617949934
16,222.9,445.40644467828474
16,223.0,453.0878991037962
16,223.10000000000002,457.1918709100912
16,223.20000000000002,444.1082755827915
16,223.3,447.3744822755687
16,223.4,456.480924603998
16,223.5,441.4243492104341
16,223.60000000000002,542.884046650436
16,223.70000000000002,485.81807993601717
16,223.8,446.195392411001
16,223.9,445.1027536679164
16,224.0,433.5514817042368
16,224.10000000000002,442.8652232255281
16,224.20000000000002,456.4113474544225
16,224.3,454.5639251467608
16,224.4,455.9854212189587
16,224.5,460.5229943623579
16,224.60000000000002,457.48347204113634
16,224.70000000000002,450.6888293467526
16,224.8,448.6525439490446
16,224.9,444.4898873228022
16,225.0,444.7145496380386
16,225.10000000000002,440.8404200285929
16,225.20000000000002,443.19900716287435
16,225.3,451.7660494731485
16,225.4,452.7629600400322
16,225.5,438.0885839755229
16,225.60000000000002,446.4830726069654
16,225.70000000000002,585.0889839290429
16,225.8,516.4139271396962
16,225.9,438.565162966598
16,226.0,447.7657025075001
16,226.10000000000002,451.6459469027885
16,226.20000000000002,439.9589458898747
16,226.3,529.3729224826089
16,226.4,494.20809039230693
16,226.5,445.73760851124666
16,226.60000000000002,452.0120653185851
16,226.70000000000002,448.23352971264814
16,226.8,449.80049482242697
16,226.9,447.4492369040721
16,227.0,439.8896789010507
16,227.10000000000002,452.53920995608894
16,227.20000000000002,453.9336697477454
16,227.3,452.56299698896265
16,227.4,449.90770264452146
16,227.5,449.9002714329287
16,227.60000000000002,454.09529302038646
16,227.70000000000002,461.9785660975609
16,227.8,440.6507032299684
16,227.9,440.67324048372024
16,228.0,459.661119993328
16,228.10000000000002,453.59445646802726
16,228.20000000000002,435.02741460007456
16,228.3,449.0685413744742
16,228.4,443.7840232314963
16,228.5,438.78574506033397
16,228.60000000000002,455.57822947127147
16,228.70000000000002,457.1030566929718
16,228.8,455.7498724990472
16,228.9,450.2201752381673
16,229.0,443.9439138370625
16,229.10000000000002,444.6397638001747
16,229.20000000000002,456.4681226115019
16,229.3,450.1587300270433
16,229.4,450.97693047406926
16,229.5,456.51885502280385
16,229.60000000000002,459.8619176823261
16,229.70000000000002,551.2769495527589
16,229.8,496.3235975809039
16,229.9,453.3543636745773
16,230.0,457.0862811531212
16,230.10000000000002,444.84773393983505
16,230.20000000000002,451.2310068612391
16,230.3,454.98785603101476
16,230.4,505.4775137723855
16,230.5,488.5755711606694
16,230.60000000000002,448.27442561185165
16,230.70000000000002,549.5945901407365
16,230.8,505.19628026590794
16,230.9,445.9388772640838
16,231.0,441.03637887066526
16,231.10000000000002,434.4903882163139
16,231.20000000000002,441.10659075160726
16,231.3,449.9584051117213
16,231.4,452.34252599222236
16,231.5,445.19132587509233
16,231.60000000000002,437.8973800591348
16,231.70000000000002,433.7475631586215
16,231.8,442.0355065026622
16,231.9,447.6731162395607
16,232.0,459.07184899061014
16,232.10000000000002,469.0756637627512
16,232.20000000000002,457.3304656837574
16,232.3,451.1409923594684
16,232.4,456.5556612839789
16,232.5,462.0888431396845
16,232.60000000000002,459.9994304879895
16,232.70000000000002,460.13940027450985
16,232.8,451.09848685289535
16,232.9,459.4593019119251
16,233.0,450.0572452056427
16,233.10000000000002,456.00836337754896
16,233.20000000000002,455.7669087765842
16,233.3,445.0707184335807
16,233.4,456.1941469923284
16,233.5,444.5634585612978
16,233.60000000000002,453.4900609022075
16,233.70000000000002,463.634094578294
16,233.8,448.19887661256433
16,233.9,449.19765973955504
16,234.0,469.2279599557738
16,234.10000000000002,468.3909403748697
16,234.20000000000002,466.75712305500264
16,234.3,446.3806450248614
16,234.4,444.84063436082306
16,234.5,462.53065594239297
16,234.60000000000002,449.88473686585183
16,234.70000000000002,446.35773124245145
16,234.8,471.4973272810928
16,234.9,460.37493654053065
16,235.0,452.74817910085
16,235.10000000000002,448.92495885639653
16,235.20000000000002,446.1958911848112
16,235.3,460.49394873911575
16,235.4,464.3466500649333
16,235.5,456.23141533721423
16,235.60000000000002,449.7036729603168
16,235.70000000000002,459.5427155605469
16,235.8,459.2007920587892
16,235.9,454.87205570993876
16,236.0,458.9713489551314
16,236.10000000000002,465.22177839159485
16,236.20000000000002,449.6979736907898
16,236.3,451.57911167505677
16,236.4,463.6792070504866
16,236.5,461.0235107645384
16,236.60000000000002,463.13187499029186
16,236.70000000000002,460.22674096944047
16,236.8,449.9914414765134
16,236.9,439.7561419835863
16,237.0,448.99725512501874
16,237.10000000000002,454.1837214014223
16,237.20000000000002,453.3474566560712
16,237.3,449.0614690355901
16,237.4,456.12239302154444
16,237.5,453.27447057015337
16,237.60000000000002,452.1796236238316
16,237.70000000000002,456.4572435474266
16,237.8,447.8046681721658
16,237.9,443.7778765718647
16,238.0,432.9903327249028
16,238.10000000000002,434.38822936179787
16,238.20000000000002,447.7205610128075
16,238.3,456.0915810417512
16,238.4,452.84009126473535
16,238.5,454.13893032194113
16,238.60000000000002,445.0102339902593
16,238.70000000000002,446.22273627454285
16,238.8,454.2570155567314
16,238.9,457.78035819553077
16,239.0,461.67754268875325
16,239.10000000000002,465.5747271819768
16,239.20000000000002,454.9445282403423
16,239.3,448.3775684510267
16,239.4,461.019419960255
16,239.5,471.188335985474
16,239.60000000000002,463.63766049058177
16,239.70000000000002,453.6798891722891
16,239.8,438.8131156555344
16,239.9,438.3843231748414
16,240.0,446.3634335611346
16,240.10000000000002,457.03782346165644
16,240.20000000000002,459.9852252330471
16,240.3,455.64051170968906
16,240.4,455.1066362132564
16,240.5,449.87041524945136
16,240.60000000000002,441.6551511039295
16,240.70000000000002,440.9527985130933
16,240.8,444.01319248788957
16,240.9,451.7940478798471
16,241.0,461.76432419507034
16,241.10000000000002,452.91967806890807
16,241.20000000000002,443.9179387933817
16,241.3,443.56563206925597
16,241.4,456.72526825193086
16,241.5,448.93657677808915
16,241.60000000000002,446.72760991333786
16,241.70000000000002,453.58331925654096
16,241.8,443.31128850402513
16,241.9,452.262317134151
16,242.0,449.5918876296595
16,242.10000000000002,451.30280064528586
16,242.20000000000002,456.10963423947123
16,242.3,458.11932294355466
16,242.4,444.04400988078356
16,242.5,437.65046459404135
16,242.60000000000002,452.565812922339
16,242.70000000000002,455.48127170873147
16,242.8,454.62732870296287
16,242.9,451.6369715108821
16,243.0,447.7465457332391
16,243.10000000000002,439.5139569285653
16,243.20000000000002,443.0423389388132
16,243.3,453.50674317671724
16,243.4,458.59054604146695
16,243.5,454.3331724478927
16,243.60000000000002,445.46925730888677
16,243.70000000000002,443.34032205276554
16,243.8,438.8456182035661
16,243.9,448.24855799240527
16,244.0,453.45904108443466
16,244.10000000000002,449.1684856622774
16,244.20000000000002,438.52606679311293
16,244.3,444.31786964824727
16,244.4,453.8672191764302
16,244.5,452.03503725908837
16,244.60000000000002,458.4063750015512
16,244.70000000000002,468.7517878710199
16,244.8,464.1170130764225
16,244.9,460.6268330418294
16,245.0,454.9077932278254
16,245.10000000000002,447.04235625288146
16,245.20000000000002,447.5549894668127
16,245.3,446.8909717446981
16,245.4,451.07210887324294
16,245.5,441.2226868281107
16,245.60000000000002,422.6554717864624
16,245.70000000000002,436.89369806299146
16,245.8,594.1173145213511
16,245.9,575.2213497955491
16,246.0,451.09649404238587
16,246.10000000000002,457.70291510168164
16,246.20000000000002,449.18999839620864
16,246.3,437.69021197397495
16,246.4,437.42566538058355
16,246.5,456.154962979201
16,246.60000000000002,466.0665648623068
16,246.70000000000002,455.77674252928637
16,246.8,451.84680598229164
16,246.9,448.4899031765655
16,247.0,449.4438057693499
16,247.10000000000002,457.6549765769207
16,247.20000000000002,451.8027825149739
16,247.3,440.5176723665953
16,247.4,450.33297332631406
16,247.5,468.72457611024134
16,247.60000000000002,465.1929156616478
16,247.70000000000002,462.5187920570341
16,247.8,459.00419360428754
16,247.9,457.18934882654804
16,248.0,464.12515660698375
16,248.10000000000002,459.5785849060898
16,248.20000000000002,456.1274921837847
16,248.3,460.4739533140805
16,248.4,459.4340648887317
16,248.5,452.43780558123797
16,248.60000000000002,455.81247231040436
16,248.70000000000002,515.966824214515
16,248.8,511.15510979127464
16,248.9,450.6177996730692
16,249.0,446.60420002430516
16,249.10000000000002,445.6038370174096
16,249.20000000000002,457.74877043361784
16,249.3,464.6564192448549
16,249.4,466.26800542871985
16,249.5,469.82497203457075
16,249.60000000000002,462.67242669929544
16,249.70000000000002,453.83754094363843
16,249.8,451.94216565069814
16,249.9,462.54726461136767
16,250.0,473.11915065147355
16,250.10000000000002,471.68912064631866
16,250.20000000000002,467.30662878159654
16,250.3,461.565185922278
16,250.4,465.6535887874842
16,250.5,469.7509288548192
16,250.60000000000002,462.31692160817363
16,250.70000000000002,450.0055000490778
16,250.8,456.40136151650864
16,250.9,470.5526851283757
16,251.0,460.59066990652155
16,251.10000000000002,448.28153027353875
16,251.20000000000002,487.0894788578778
16,251.3,495.298048329853
16,251.4,461.05942746380134
16,251.5,460.4108786629622
16,251.60000000000002,494.28826642397286
16,251.70000000000002,497.936812378321
16,251.8,451.6705227906731
16,251.9,450.6270414498513
16,252.0,443.0545144953779
16,252.10000000000002,440.1017803177395
16,252.20000000000002,440.0046649241762
16,252.3,443.07285403821345
16,252.4,446.70199510036525
16,252.5,444.08207162124165
16,252.60000000000002,441.4223437081625
16,252.70000000000002,437.5847959752313
16,252.8,469.9362012066777
16,252.9,476.3483192821236
16,253.0,446.921325164119
16,253.10000000000002,445.3805253333657
16,253.20000000000002,622.9567936073605
16,253.3,651.9810228625905
16,253.4,461.3455494248921
16,253.5,453.3110670442712
16,253.60000000000002,459.42434384788004
16,253.70000000000002,463.0261174109544
16,253.8,450.60418229664873
16,253.9,450.2361468016319
16,254.0,453.5405854197296
16,254.10000000000002,446.4207921036831
16,254.20000000000002,451.4680451306068
16,254.3,458.98721486277236
16,254.4,447.8815765030496
16,254.5,446.78954906782565
16,254.60000000000002,458.4703124164793
16,254.70000000000002,450.56260687625667
16,254.8,445.06501607922917
16,254.9,445.38798941022606
16,255.0,449.5873063080666
16,255.10000000000002,447.628097118905
16,255.20000000000002,448.34062820093203
16,255.3,456.0207582344063
16,255.4,453.50394077365837
16,255.5,453.9560854730792
16,255.60000000000002,462.2281753008927
16,255.70000000000002,446.18189655446287
16,255.8,439.5253578855092
16,255.9,448.7106306222281
16,256.0,447.09920397367404
16,256.1,453.43581737957857
16,256.2,454.3119578560102
16,256.3,451.6054874548747
16,256.40000000000003,515.6432551207829
16,256.5,533.7567049120173
16,256.6,462.7511008287243
16,256.7,450.7436855138744
16,256.8,453.2550546199692
16,256.90000000000003,460.01992464342317
16,257.0,448.9089500972132
16,257.1,449.4638011608322
16,257.2,457.3961336151251
16,257.3,450.4584739740696
16,257.40000000000003,443.3622392200049
16,257.5,456.6099418733485
16,257.6,455.6874490161529
16,257.7,445.50591221268206
16,257.8,446.91900344820016
16,257.90000000000003,446.8048430942818
16,258.0,445.2056848872453
16,258.1,433.10176358333706
16,258.2,442.366956045777
16,258.3,440.7224929982058
16,258.40000000000003,438.4581672175905
16,258.5,448.899332553413
16,258.6,450.1555361819355
16,258.7,452.67416717582904
16,258.8,458.1484308335672
16,258.90000000000003,458.27655283806416
16,259.0,456.5709461716075
16,259.1,451.22221296830764
16,259.2,442.6292653298802
16,259.3,458.94894325968454
16,259.40000000000003,464.180644023906
16,259.5,467.2393457296107
16,259.6,462.8358045964989
16,259.7,450.4908450744108
16,259.8,451.9402023446571
16,259.90000000000003,466.84957003197957
16,260.0,464.4323627191906
16,260.1,455.2766005056337
16,260.2,458.6108174384624
16,260.3,463.5819114414249
16,260.40000000000003,461.4497511985885
16,260.5,457.9676542923655
16,260.6,452.81753629365124
16,260.7,456.39810663794657
16,260.8,463.13030935167063
16,260.90000000000003,462.1676934498392
16,261.0,460.8850715136727
16,261.1,460.7144399214634
16,261.2,462.2524684223707
16,261.3,455.2906154805163
16,261.40000000000003,460.4002382489023
16,261.5,465.5496555121628
16,261.6,457.46567599596625
16,261.7,459.5540823238995
16,261.8,467.14639471402955
16,261.90000000000003,465.8579309473214
16,262.0,465.2523337646277
16,262.1,463.48718630196487
16,262.2,462.69976114195657
16,262.3,459.3028810556041
16,262.40000000000003,462.13348554653385
16,262.5,473.84405013367393
16,262.6,480.23135993156205
16,262.7,467.3547763759052
16,262.8,462.2616357104903
16,262.90000000000003,461.2117971677399
16,263.0,458.7856719438792
16,263.1,458.9916757377704
16,263.2,461.81901343223444
16,263.3,463.875206250834
16,263.40000000000003,455.7245978352009
16,263.5,454.8929810430154
16,263.6,476.5213224996634
16,263.7,475.49240006815114
16,263.8,460.79491190362666
16,263.90000000000003,461.29918291003077
16,264.0,462.9612112374008
16,264.1,457.7241468945618
16,264.2,458.4018981794872
16,264.3,466.17740401988465
16,264.40000000000003,471.2419863143501
16,264.5,467.220014497243
16,264.6,474.63520354324413
16,264.7,470.8474653306821
16,264.8,461.44542937484795
16,264.90000000000003,459.09980202083153
16,265.0,461.72689165985577
16,265.1,465.7795715241557
16,265.2,458.839333458196
16,265.3,455.8244779439697
16,265.40000000000003,459.1646256262775
16,265.5,458.73885154684376
16,265.6,452.73215398857513
16,265.7,454.8945173319592
16,265.8,461.592383191687
16,265.90000000000003,462.66947162420416
16,266.0,465.27542173497613
16,266.1,459.12249641925195
16,266.2,461.1117415231589
16,266.3,466.72996618436906
16,266.40000000000003,463.4769223545761
16,266.5,462.26609062986256
16,266.6,462.9044389817402
16,266.7,462.3458585002774
16,266.8,462.0309123179612
16,266.90000000000003,452.6160944400913
16,267.0,457.78533166533225
16,267.1,460.34237260386294
16,267.2,463.10684561231216
16,267.3,465.07565588394357
16,267.40000000000003,463.3451390254014
16,267.5,460.7878482956644
16,267.6,457.38912365761036
16,267.7,455.5832626463081
16,267.8,454.328282551059
16,267.90000000000003,465.07163496333504
16,268.0,471.5425965243375
16,268.1,459.13591224306674
16,268.2,448.16754527929726
16,268.3,442.05899027267105
16,268.40000000000003,440.01268699559995
16,268.5,445.9996106696665
16,268.6,456.9262398183261
16,268.7,457.5582742080444
16,268.8,455.3996246273467
16,268.90000000000003,439.1323405433335
16,269.0,444.1389270365199
16,269.1,454.54601456736606
16,269.2,449.78577353549474
16,269.3,456.79962435507167
16,269.40000000000003,462.28682077195174
16,269.5,503.9886634275366
16,269.6,530.9721205224813
16,269.7,464.8671098831403
16,269.8,482.2981825721476
16,269.90000000000003,472.03275460385123
16,270.0,464.70644586210346
16,270.1,453.824568069362
16,270.2,466.9010443240814
16,270.3,465.3098822258856
16,270.40000000000003,457.6673279309941
16,270.5,484.9721741961616
16,270.6,453.97206319323703
16,270.7,463.05834388139414
16,270.8,468.0250852659318
16,270.90000000000003,454.45888524144436
16,271.0,440.3940361787398
16,271.1,464.87946916572463
16,271.2,473.01227421100566
16,271.3,514.461680836632
16,271.40000000000003,554.7011847871115
16,271.5,454.8786258205637
16,271.6,447.1293616657066
16,271.7,447.28498228881557
16,271.8,439.54969550887273
16,271.90000000000003,443.07462693605254
16,272.0,456.35499501747813
16,272.1,451.4731004423719
16,272.2,446.81324572370863
16,272.3,442.6191578476059
16,272.40000000000003,444.4572187987629
16,272.5,452.0264622941601
16,272.6,454.22371733434477
16,272.7,451.1080937379987
16,272.8,446.1105866099576
16,272.90000000000003,457.87675601592656
16,273.0,451.77420423958216
16,273.1,442.2097601075147
16,273.2,441.1689854402918
16,273.3,443.45916664482496
16,273.40000000000003,445.2660129834993
16,273.5,442.23387265972934
16,273.6,451.4320266418524
16,273.7,448.7698488447904
16,273.8,444.8030632052489
16,273.90000000000003,443.1053767930874
16,274.0,441.98458000686264
16,274.1,432.55572190477415
16,274.2,442.21351301258375
16,274.3,444.8165813268779
16,274.40000000000003,446.969003400322
16,274.5,442.61657781563866
16,274.6,445.63064301526697
16,274.7,452.5489656904188
16,274.8,442.8453256147788
16,274.90000000000003,449.64675008447244
16,275.0,446.51071692763
16,275.1,444.71451830148385
16,275.2,448.4358390369443
16,275.3,445.33972145919154
16,275.40000000000003,446.46036871537603
16,275.5,447.96907747507703
16,275.6,444.0032312447135
16,275.7,445.68613611525467
16,275.8,448.0324138684366
16,275.90000000000003,468.3867754908867
16,276.0,470.7108024098338
16,276.1,421.7392050341729
16,276.2,431.8891203358669
16,276.3,430.51158148423764
16,276.40000000000003,446.3303343729003
16,276.5,445.4487283216333
16,276.6,444.4303519102334
16,276.7,445.92714339921235
16,276.8,444.0932270482806
16,276.90000000000003,448.44957145961746
16,277.0,447.1609093551923
16,277.1,442.99372216974604
16,277.2,442.1248538664635
16,277.3,444.8039865875996
16,277.40000000000003,449.00275699715525
16,277.5,443.05006814851174
16,277.6,451.09122203678385
16,277.7,513.746480876211
16,277.8,571.3612623850634
16,277.90000000000003,471.218649892443
16,278.0,502.7273855219858
16,278.1,442.9760669168656
16,278.2,508.319391098507
16,278.3,583.9035675114648
16,278.40000000000003,458.94773832758204
16,278.5,451.0946372258164
16,278.6,439.44021366824205
16,278.7,448.3911009390857
16,278.8,457.66967143544855
16,278.90000000000003,462.1445403280794
16,279.0,461.89078012971106
16,279.1,460.04775017192003
16,279.2,452.4454912573338
16,279.3,448.65490590475184
16,279.40000000000003,452.5364406632048
16,279.5,460.95721833895686
16,279.6,448.83676758827124
16,279.7,430.8272182345772
16,279.8,434.0192144611059
16,279.90000000000003,415.4741923558087
16,280.0,428.2053226518995
16,280.1,436.7473271845252
16,280.2,439.863558241955
16,280.3,454.9986273339407
16,280.40000000000003,457.94741815877074
16,280.5,457.10327659305784
16,280.6,452.7187961074922
16,280.7,444.09083779034165
16,280.8,449.5798025518108
16,280.90000000000003,456.4880424326306
16,281.0,477.6176993439829
16,281.1,458.2739834507288
16,281.2,447.3958691284704
16,281.3,452.32761663044624
16,281.40000000000003,444.7850769041958
16,281.5,450.31630087403255
16,281.6,464.6893140498087
16,281.7,441.0074601741414
16,281.8,437.4926794812974
16,281.90000000000003,443.6968890846469
16,282.0,436.38169200854975
16,282.1,449.0268322269627
16,282.2,442.95501331122085
16,282.3,440.41873755927446
16,282.40000000000003,443.14255232936824
16,282.5,445.14280959279813
16,282.6,451.4651741177565
16,282.7,444.894827244652
16,282.8,450.07575198490133
16,282.90000000000003,449.598909592913
16,283.0,448.3172829157751
16,283.1,445.8779561951228
16,283.2,453.9547714344276
16,283.3,447.8126130089482
16,283.40000000000003,450.08524782407545
16,283.5,500.3032848513587
16,283.6,593.025017984216
16,283.7,552.7562463824137
16,283.8,713.5708559201418
16,283.90000000000003,442.6079649210109
16,284.0,447.6808718903694
16,284.1,453.5089132956688
16,284.2,454.00860522137026
16,284.3,450.9997397499414
16,284.40000000000003,449.7047697142659
16,284.5,445.2236353242817
16,284.6,460.5276476615331
16,284.7,456.9258140092367
16,284.8,453.28006145993743
16,284.90000000000003,458.42198284238395
16,285.0,460.80354295946984
16,285.1,460.06585184789833
16,285.2,452.7189149926762
16,285.3,429.67430504696216
16,285.40000000000003,434.9795565714752
16,285.5,465.29417536343425
16,285.6,489.5419582674589
16,285.7,456.3860400538554
16,285.8,444.90246776294657
16,285.90000000000003,463.86168060219603
16,286.0,454.7241452287794
16,286.1,450.28816638238504
16,286.2,442.3021737397536
16,286.3,464.101600124387
16,286.40000000000003,467.859330207149
16,286.5,526.4994242142636
16,286.6,648.7520525735545
16,286.7,456.43419589578457
16,286.8,446.11535415936686
16,286.90000000000003,438.4636810324558
16,287.0,458.3366210349232
16,287.1,449.6571824386849
16,287.2,452.74893409712826
16,287.3,441.1010167640477
16,287.40000000000003,442.25967733927075
16,287.5,441.1991699288002
16,287.6,458.5643971124818
16,287.7,443.21234937212
16,287.8,442.51376458724565
16,287.90000000000003,441.8273467906643
16,288.0,435.14109696712643
16,288.1,427.4164737743603
16,288.2,368.874673022001
16,288.3,419.4154379809835
16,288.40000000000003,435.563436664984
16,288.5,442.8115130131454
16,288.6,454.02246131601515
16,288.7,444.71703275836126
16,288.8,452.40416722179634
16,288.90000000000003,458.3099152313385
16,289.0,444.3343272292292
16,289.1,448.36149147452124
16,289.2,430.6092244035407
16,289.3,436.9371925247437
16,289.40000000000003,445.19303368584076
16,289.5,451.6816815088405
16,289.6,435.22167763699997
16,289.7,428.51202602596095
16,289.8,435.0663966339844
16,289.90000000000003,451.55431817282846
16,290.0,443.33693278310034
16,290.1,440.2712669923374
16,290.2,489.59292584473576
16,290.3,454.7622318926336
16,290.40000000000003,433.06418851268313
16,290.5,430.320834532237
16,290.6,453.2848509494462
16,290.7,449.12298722454324
16,290.8,445.2286787466111
16,290.90000000000003,451.2917791147118
16,291.0,461.9408405037776
16,291.1,444.02720003621266
16,291.2,438.4128451426964
16,291.3,447.39036073333983
16,291.40000000000003,447.5905905868231
16,291.5,447.94131706114047
16,291.6,533.4156704805475
16,291.7,796.5359093447253
16,291.8,588.4748470165858
16,291.90000000000003,456.7529253971876
16,292.0,497.5086702282291
16,292.1,439.64721340005434
16,292.2,460.12702763274234
16,292.3,472.6572743048269
16,292.40000000000003,450.7212498208299
16,292.5,458.388699985704
16,292.6,430.21367545157904
16,292.7,442.1549894219677
16,292.8,445.63161531401494
16,292.90000000000003,445.95186321011926
16,293.0,438.07175076542586
16,293.1,449.60549760068193
16,293.2,459.8651859181784
16,293.3,455.9022367464329
16,293.40000000000003,457.58096083547986
16,293.5,452.13134916175824
16,293.6,446.74560759756497
16,293.7,442.42588464507537
16,293.8,452.6636729422376
16,293.90000000000003,460.04344434965833
16,294.0,448.52854179761306
16,294.1,454.6142769228946
16,294.2,456.4231645477753
16,294.3,451.61116966511173
16,294.40000000000003,454.55374543704403
16,294.5,457.0627849653766
16,294.6,450.6424562180403
16,294.7,453.50907825784327
16,294.8,458.9553932794
16,294.90000000000003,463.2288226709635
16,295.0,504.94150803503777
16,295.1,453.5972567120368
16,295.2,498.93608989474853
16,295.3,630.8622727470498
16,295.40000000000003,470.7039288327525
16,295.5,456.2162298247788
16,295.6,465.14447879871176
16,295.7,471.86100397973746
16,295.8,466.28094241455204
16,295.90000000000003,463.1273695859875
16,296.0,457.6583894620469
16,296.1,450.6009895140889
16,296.2,446.6408583471727
16,296.3,451.2140115785491
16,296.40000000000003,454.3975380675729
16,296.5,450.7740272032824
16,296.6,460.3434148219117
16,296.7,464.55968693938684
16,296.8,460.45358579999794
16,296.90000000000003,458.53636503982614
16,297.0,457.23015222446725
16,297.1,461.74057995782545
16,297.2,461.7278109187691
16,297.3,462.7137750617736
16,297.40000000000003,460.87838057110713
16,297.5,457.4880865696892
16,297.6,470.91769112295225
16,297.7,466.0666184417549
16,297.8,462.62839268532736
16,297.90000000000003,463.13051544178137
16,298.0,455.4670843809356
16,298.1,455.2569633365752
16,298.2,460.8112202478074
16,298.3,488.8383653765297
16,298.40000000000003,574.296235987715
16,298.5,462.5324980749438
16,298.6,465.545276801677
16,298.7,461.53464306871433
16,298.8,449.830680678941
16,298.90000000000003,458.78866910139766
16,299.0,470.03121889236223
16,299.1,462.96193413425465
16,299.2,448.4972946115821
16,299.3,459.42831919633045
16,299.40000000000003,469.51510569135604
16,299.5,454.20883356088495
16,299.6,457.07441112370907
16,299.7,445.684973161075
16,299.8,500.6481974504378
16,299.90000000000003,598.9800562704338
16,300.0,457.8267520658203
16,300.1,455.9544506796812
16,300.2,459.28510944901547
16,300.3,448.59022583052547
16,300.40000000000003,449.3901562399507
16,300.5,457.68713038091107
16,300.6,457.44601295951713
16,300.7,447.2483418907458
16,300.8,467.15935902914987
16,300.90000000000003,459.91692329797775
16,301.0,469.5736909048454
16,301.1,453.83148423751027
16,301.2,439.99924814510285
16,301.3,446.0569122145692
16,301.40000000000003,453.14754254669504
16,301.5,449.76580936234905
16,301.6,458.18906238065176
16,301.7,456.821846390184
16,301.8,448.92708356752286
16,301.90000000000003,449.7160094734724
16,302.0,443.20709055211915
16,302.1,455.39479797844
16,302.2,451.7340089583618
16,302.3,445.7216362084145
16,302.40000000000003,456.78888423221247
16,302.5,435.899035736837
16,302.6,445.70653745594706
16,302.7,439.30047132073224
16,302.8,445.42082164060645
16,302.90000000000003,445.3024848978777
16,303.0,455.54983786874817
16,303.1,455.5741888206623
16,303.2,449.42330045343755
16,303.3,434.3438947795827
16,303.40000000000003,443.51291286435674
16,303.5,445.58776527298244
16,303.6,448.5120981948642
16,303.7,467.58520466589414
16,303.8,448.296629505744
16,303.90000000000003,451.73066824660947
16,304.0,453.7420162495473
16,304.1,445.4659442379122
16,304.2,443.7710823833535
16,304.3,450.34631364848417
16,304.40000000000003,455.050466863965
16,304.5,462.8017259413528
16,304.6,511.93747535389934
16,304.7,458.93118593733317
16,304.8,455.86031441724975
16,304.90000000000003,465.1239574687237
16,305.0,449.4471007491672
16,305.1,462.6710307289413
16,305.2,459.764830676408
16,305.3,456.4895833817829
16,305.40000000000003,439.5985017101763
16,305.5,446.0708623473485
16,305.6,445.81990150929875
16,305.7,455.55963745058864
16,305.8,440.45992380135453
16,305.90000000000003,445.930373096383
16,306.0,452.549111704181
16,306.1,448.37141853205577
16,306.2,446.7379677509426
16,306.3,458.33297005597285
16,306.40000000000003,453.6774255480267
16,306.5,454.16857409635827
16,306.6,447.8875088176139
16,306.7,447.74921076485253
16,306.8,462.7604091883524
16,306.90000000000003,499.9936013277052
16,307.0,462.1309049592291
16,307.1,456.6419332852173
16,307.20000000000005,498.5010966525119
16,307.3,449.6665360261911
16,307.40000000000003,447.02562186968424
16,307.5,447.58795846885164
16,307.6,440.7147380626795
16,307.70000000000005,446.58011512240023
16,307.8,442.81819302504573
16,307.90000000000003,442.12398304929394
16,308.0,436.3727983141222
16,308.1,443.40935549233603
16,308.20000000000005,447.2915008656639
16,308.3,443.5935665104307
16,308.40000000000003,440.8001918073493
16,308.5,433.14945158615365
16,308.6,443.4963147671895
16,308.70000000000005,433.82343109352666
16,308.8,444.64738934147783
16,308.90000000000003,436.28287390645016
16,309.0,450.4917302200787
16,309.1,438.3465833087901
16,309.20000000000005,436.7542109015586
16,309.3,449.1549207625224
16,309.40000000000003,451.66682106913464
16,309.5,447.21241550324424
16,309.6,464.6761595544579
16,309.70000000000005,638.6603059411785
16,309.8,444.205754469808
16,309.90000000000003,435.85457486825175
16,310.0,424.67991686484015
16,310.1,432.9289889334716
16,310.20000000000005,439.1205449809628
16,310.3,422.00377428050257
16,310.40000000000003,447.53655465324664
16,310.5,447.73634197508505
16,310.6,443.91102387708145
16,310.70000000000005,438.9036491092862
16,310.8,452.1292928063355
16,310.90000000000003,443.6068666568157
16,311.0,443.94272065071567
16,311.1,476.3832956544235
16,311.20000000000005,443.02882408973835
16,311.3,443.58488279677334
16,311.40000000000003,432.11882040194274
16,311.5,439.3558907398848
16,311.6,429.67843674658786
16,311.70000000000005,446.5836508696812
16,311.8,430.4527438640157
16,311.90000000000003,447.7648009864875
16,312.0,431.82217036632846
16,312.1,441.0132698449248
16,312.20000000000005,417.9124318105402
16,312.3,428.286154410605
16,312.40000000000003,430.49533149695475
16,312.5,438.2684460022971
16,312.6,450.6840568659018
16,312.70000000000005,443.7327999637799
16,312.8,443.6599981899639
16,312.90000000000003,448.3951456278001
16,313.0,444.7373951080611
16,313.1,440.1954365547351
16,313.20000000000005,427.57004187863566
16,313.3,419.31045627031745
16,313.40000000000003,475.95561016375416
16,313.5,722.8355830896843
16,313.6,426.27286062750926
16,313.70000000000005,438.54718906919976
16,313.8,448.3839370396308
16,313.90000000000003,459.82186588657584
16,314.0,622.2938755739725
16,314.1,435.8330283015617
16,314.20000000000005,430.81585956513277
16,314.3,437.79137011609293
16,314.40000000000003,440.02383365455
16,314.5,458.17348724797995
16,314.6,443.65839833245235
16,314.70000000000005,430.3446756387339
16,314.8,427.69845925860403
16,314.90000000000003,405.34423090793314
16,315.0,362.17921649951273
16,315.1,424.542915105978
16,315.20000000000005,444.1895289250741
16,315.3,454.42658722710524
16,315.40000000000003,439.3549527103732
16,315.5,433.57594976278926
16,315.6,453.8113162540867
16,315.70000000000005,434.36751255719264
16,315.8,455.248586731185
16,315.90000000000003,449.0506802972809
16,316.0,445.098538963035
16,316.1,451.5596431964593
16,316.20000000000005,441.6172443794216
16,316.3,446.3736353702285
16,316.40000000000003,434.46019293385706
16,316.5,440.5692967326242
16,316.6,419.0417397249587
16,316.70000000000005,426.5220760779235
16,316.8,428.8020689087745
16,316.90000000000003,445.3450682677844
16,317.0,443.92900113425964
16,317.1,445.3710492959488
16,317.20000000000005,444.4451373905396
16,317.3,447.3542061048822
16,317.40000000000003,434.4797205625459
16,317.5,443.4711830514048
16,317.6,447.0095468631999
16,317.70000000000005,481.55174313912113
16,317.8,446.9400523131758
16,317.90000000000003,440.29409769814856
16,318.0,442.6361170226609
16,318.1,436.0033681470312
16,318.20000000000005,378.40606189016614
16,318.3,422.1675880807829
16,318.40000000000003,521.5722213530354
16,318.5,443.07509950491743
16,318.6,398.85018924886054
16,318.70000000000005,425.5184900113795
16,318.8,498.357529605018
16,318.90000000000003,454.16003119606927
16,319.0,443.6435167869993
16,319.1,443.39088148737693
16,319.20000000000005,438.91912909064257
16,319.3,450.8497927284354
16,319.40000000000003,436.0577601744146
16,319.5,450.45847141859736
16,319.6,442.1362038406983
16,319.70000000000005,451.06770268811425
16,319.8,434.8776314381074
16,319.90000000000003,443.65502856727954
16,320.0,438.7240563972302
16,320.1,465.8485048505078
16,320.20000000000005,452.5519668688828
16,320.3,447.49835922824667
16,320.40000000000003,440.18656008463773
16,320.5,441.52236283160534
16,320.6,441.1717202182718
16,320.70000000000005,436.5927863729705
16,320.8,449.6229641534853
16,320.90000000000003,424.71461551423226
16,321.0,452.65874961040447
16,321.1,443.85083454572873
16,321.20000000000005,445.451985942122
16,321.3,446.37692740336973
16,321.40000000000003,580.7256303218232
16,321.5,471.93327068339323
16,321.6,444.9429917510819
16,321.70000000000005,442.26802515725007
16,321.8,452.2005977186687
16,321.90000000000003,438.92990450527606
16,322.0,435.010431293026
16,322.1,412.5377057882215
16,322.20000000000005,423.36690418518907
16,322.3,443.4492741442027
16,322.40000000000003,438.3920418673005
16,322.5,436.5322057915058
16,322.6,452.4022259159132
16,322.70000000000005,447.37025359677665
16,322.8,461.49777461242815
16,322.90000000000003,425.7109055004036
16,323.0,450.81205483183015
16,323.1,445.9469084541218
16,323.20000000000005,438.8743531813278
16,323.3,437.80028665413397
16,323.40000000000003,447.1594228333191
16,323.5,449.33774720566896
16,323.6,445.3344329533475
16,323.70000000000005,450.9307000700599
16,323.8,455.89540792881894
16,323.90000000000003,435.649912271179
16,324.0,447.6885300862603
16,324.1,446.2864882858917
16,324.20000000000005,432.4118373589221
16,324.3,504.57904662558127
16,324.40000000000003,505.8255364772936
16,324.5,450.17199321123564
16,324.6,436.08181492525136
16,324.70000000000005,462.44577410607263
16,324.8,546.56982498482
16,324.90000000000003,471.64527950918034
16,325.0,441.9379465068234
16,325.1,440.3338475816023
16,325.20000000000005,442.10120261498116
16,325.3,447.52764435927537
16,325.40000000000003,453.69440840036003
16,325.5,446.0382794189831
16,325.6,421.67330747940827
16,325.70000000000005,431.4951725441692
16,325.8,433.9501429515008
16,325.90000000000003,435.93489919078985
16,326.0,450.07889052493135
16,326.1,550.787016945561
16,326.20000000000005,468.00349662682095
16,326.3,447.96188656727844
16,326.40000000000003,433.292561462891
16,326.5,426.23058502884294
16,326.6,418.09244061268146
16,326.70000000000005,407.4748231695382
16,326.8,447.17371771061784
16,326.90000000000003,445.929441358813
16,327.0,435.5900391697108
16,327.1,442.9590343425656
16,327.20000000000005,444.0480361025586
16,327.3,470.00030018086306
16,327.40000000000003,453.45142586962714
16,327.5,447.0232890332912
16,327.6,440.05672737787546
16,327.70000000000005,445.47467660850464
16,327.8,512.5863103457899
16,327.90000000000003,449.3245598918794
16,328.0,427.7382721018732
16,328.1,455.0562684146647
16,328.20000000000005,447.57009844015784
16,328.3,459.1301042155676
16,328.40000000000003,462.5132922898206
16,328.5,462.18796998638186
16,328.6,440.9652766060003
16,328.70000000000005,447.5357775964723
16,328.8,446.7132550933014
16,328.90000000000003,458.6212579751089
16,329.0,463.40192162189214
16,329.1,430.41709544769054
16,329.20000000000005,448.5012828417576
16,329.3,446.5897862602393
16,329.40000000000003,463.6439962636858
16,329.5,451.1527297015217
16,329.6,455.8325163454599
16,329.70000000000005,457.061545672122
16,329.8,458.9334103825921
16,329.90000000000003,464.75905054937425
16,330.0,455.78652406573843
16,330.1,451.28426944605235
16,330.20000000000005,498.74962615428416
16,330.3,462.97083643355484
16,330.40000000000003,459.44908350665213
16,330.5,449.11660364842453
16,330.6,456.63263486623583
16,330.70000000000005,459.74309425951225
16,330.8,665.2357030668243
16,330.90000000000003,500.41455090345096
16,331.0,454.21269093543077
16,331.1,457.9877601720339
16,331.20000000000005,448.1547148661438
16,331.3,461.4734660644914
16,331.40000000000003,460.82639666793534
16,331.5,454.7389463804479
16,331.6,470.21995006243156
16,331.70000000000005,460.6577667147102
16,331.8,454.97350486293266
16,331.90000000000003,450.2922083673456
16,332.0,454.3321698285845
16,332.1,458.3815930742973
16,332.20000000000005,448.94618873432154
16,332.3,461.4910495390701
16,332.40000000000003,458.2580372540951
16,332.5,453.282717158359
16,332.6,457.93870042723086
16,332.70000000000005,458.68889507988087
16,332.8,464.1678305588194
16,332.90000000000003,461.8900203701348
16,333.0,453.2784205863571
16,333.1,463.56310631719765
16,333.20000000000005,459.1055857788194
16,333.3,443.58443776381876
16,333.40000000000003,461.22310174607674
16,333.5,470.0505907500953
16,333.6,463.34276226446343
16,333.70000000000005,456.2409676240553
16,333.8,459.68764166282523
16,333.90000000000003,466.0153233029197
16,334.0,456.9027016819838
16,334.1,467.14602953298146
16,334.20000000000005,455.9758864597392
16,334.3,461.20022364543667
16,334.40000000000003,449.49544045014386
16,334.5,461.7821560914008
16,334.6,454.24075746854373
16,334.70000000000005,461.1795908738534
16,334.8,461.92628587767666
16,334.90000000000003,467.5146185845059
16,335.0,461.0451282461846
16,335.1,466.3733141415248
16,335.20000000000005,464.48517788356804
16,335.3,458.2933172588789
16,335.40000000000003,465.7110161617646
16,335.5,469.51266628065736
16,335.6,461.4196006304839
16,335.70000000000005,463.87180374951754
16,335.8,461.4115253731337
16,335.90000000000003,463.16385907319113
16,336.0,462.85488157700354
16,336.1,468.5454442224771
16,336.20000000000005,466.92655895061444
16,336.3,463.2627091937559
16,336.40000000000003,451.3571702588344
16,336.5,463.6849872593101
16,336.6,452.43589093611905
16,336.70000000000005,463.0137725030654
16,336.8,468.89804822830575
16,336.90000000000003,462.34969269310557
16,337.0,463.91034003364456
16,337.1,468.9160792236519
16,337.20000000000005,465.61846874539555
16,337.3,472.14038492206197
16,337.40000000000003,463.0171029769964
16,337.5,461.3701939101075
16,337.6,478.65105145779626
16,337.70000000000005,469.6773738703725
16,337.8,471.31631299536895
16,337.90000000000003,482.44870870300133
16,338.0,464.8052081365592
16,338.1,458.5394019348169
16,338.20000000000005,455.0452058660227
16,338.3,458.7524938140653
16,338.40000000000003,459.9761870263236
16,338.5,463.78221418019274
16,338.6,464.6246177862814
16,338.70000000000005,457.03869332023964
16,338.8,474.2727169290037
16,338.90000000000003,456.4115120668959
16,339.0,452.7440931111964
16,339.1,465.8461388923474
16,339.20000000000005,468.83647484130705
16,339.3,472.4304757437851
16,339.40000000000003,465.6626697017313
16,339.5,463.0517413365039
16,339.6,469.78848921384287
16,339.70000000000005,475.3291814988511
16,339.8,465.90760412591067
16,339.90000000000003,461.41397775245946
16,340.0,444.47439607032055
16,340.1,446.5435410734308
16,340.20000000000005,457.05903568700717
16,340.3,464.7137966592568
16,340.40000000000003,463.53257593133446
16,340.5,461.5053470925896
16,340.6,445.2587972778173
16,340.70000000000005,444.5591219347983
16,340.8,455.6966099079986
16,340.90000000000003,452.5336442451275
16,341.0,453.0529527095615
16,341.1,461.1840648040455
16,341.20000000000005,454.06246387332146
16,341.3,450.70597074788765
16,341.40000000000003,452.96319767050727
16,341.5,454.9840452048886
16,341.6,458.1031814578919
16,341.70000000000005,455.9787046764234
16,341.8,455.77399250211494
16,341.90000000000003,465.7935178595899
16,342.0,460.7529633039765
16,342.1,452.87311225998167
16,342.20000000000005,454.24662017233027
16,342.3,460.5044026668962
16,342.40000000000003,467.50950120668205
16,342.5,451.8829070589805
16,342.6,452.7903813773079
16,342.70000000000005,455.5320126308163
16,342.8,452.5688598764722
16,342.90000000000003,455.05727688407904
16,343.0,491.24171968317813
16,343.1,472.0143332078254
16,343.20000000000005,458.40971338561246
16,343.3,455.7423134298054
16,343.40000000000003,448.3486661182871
16,343.5,453.6620735809223
16,343.6,441.0270525067736
16,343.70000000000005,447.41422676697835
16,343.8,458.9050705248244
16,343.90000000000003,453.1354148614798
16,344.0,464.9966835705452
16,344.1,470.8983704820295
16,344.20000000000005,452.2751319379194
16,344.3,433.3892806488951
16,344.40000000000003,425.4315961473925
16,344.5,446.34422924381283
16,344.6,463.51175807099867
16,344.70000000000005,461.1235946428535
16,344.8,446.71885532200645
16,344.90000000000003,449.0777430439656
16,345.0,448.8208995327159
16,345.1,451.9210717983925
16,345.20000000000005,432.5722915589478
16,345.3,417.1705747687486
16,345.40000000000003,434.87554704062563
16,345.5,467.88341528600193
16,345.6,453.01004591588156
16,345.70000000000005,438.2053489282887
16,345.8,431.03772643879665
16,345.90000000000003,441.18584805786173
16,346.0,441.97790504649026
16,346.1,442.423411352389
16,346.20000000000005,440.85543474058534
16,346.3,447.49770376423
16,346.40000000000003,451.2579691507413
16,346.5,445.3856240521954
16,346.6,458.17840445607817
16,346.70000000000005,457.8218712298039
16,346.8,441.07060095695834
16,346.90000000000003,451.6173866690894
16,347.0,437.1637621737794
16,347.1,470.49270795136994
16,347.20000000000005,458.3075256873778
16,347.3,435.75058199769694
16,347.40000000000003,445.4296723588055
16,347.5,446.37193746425714
16,347.6,440.6510278262267
16,347.70000000000005,440.04232721319977
16,347.8,444.81982095557214
16,347.90000000000003,442.8572385673389
16,348.0,450.55560859734436
16,348.1,444.20239129220363
16,348.20000000000005,405.92684641146116
16,348.3,423.1247700019832
16,348.40000000000003,449.5826905769225
16,348.5,453.250722198129
16,348.6,435.75152968917735
16,348.70000000000005,437.2478765690168
16,348.8,440.5063583085543
16,348.90000000000003,446.28233227981275
16,349.0,443.86646754821726
16,349.1,444.63147192655236
16,349.20000000000005,442.6962649123913
16,349.3,444.96815987246794
16,349.40000000000003,440.62798751283464
16,349.5,437.32402326396004
16,349.6,438.69252186339156
16,349.70000000000005,442.40411251817136
16,349.8,440.1773391215452
16,349.90000000000003,429.3924391712446
16,350.0,440.4875586718223
16,350.1,442.35117948170347
16,350.20000000000005,435.92567265682453
16,350.3,435.6641216619052
16,350.40000000000003,444.1034225412629
16,350.5,436.0725146024363
16,350.6,441.01450076990704
16,350.70000000000005,449.9346207306754
16,350.8,444.8088075270445
16,350.90000000000003,439.5261444478322
16,351.0,436.69890780381803
16,351.1,419.6244560332552
16,351.20000000000005,422.94128158498035
16,351.3,422.4068148246979
16,351.40000000000003,435.75899408502545
16,351.5,439.97596188669894
16,351.6,438.34005340818123
16,351.70000000000005,437.78172195226506
16,351.8,431.43269376987985
16,351.90000000000003,447.5578838416308
16,352.0,446.01939769913906
16,352.1,441.10469983650887
16,352.20000000000005,472.0809208360945
16,352.3,451.120736246408
16,352.40000000000003,439.1931722579418
16,352.5,446.63509317498364
16,352.6,442.149215490633
16,352.70000000000005,445.6429735519277
16,352.8,445.60812427929346
16,352.90000000000003,440.27408483769216
16,353.0,434.04978147986645
16,353.1,438.15290491654275
16,353.20000000000005,432.3987541588168
16,353.3,432.60579704336385
16,353.40000000000003,442.36199438214936
16,353.5,446.79018001372515
16,353.6,452.8140393703509
16,353.70000000000005,443.51659336701874
16,353.8,436.44562788649836
16,353.90000000000003,446.16488089153376
16,354.0,448.6266579828389
16,354.1,452.3641719317326
16,354.20000000000005,528.7313886802585
16,354.3,509.149899260354
16,354.40000000000003,456.3464461394277
16,354.5,626.9128807577292
16,354.6,546.5456536238829
16,354.70000000000005,445.24880317727644
16,354.8,434.1787615689606
16,354.90000000000003,441.8159662334691
16,355.0,500.1381885661727
16,355.1,478.8132011246545
16,355.20000000000005,440.217654360799
16,355.3,454.72138073102417
16,355.40000000000003,460.0791814369585
16,355.5,452.2589481095996
16,355.6,454.30694802777526
16,355.70000000000005,445.5876503388314
16,355.8,445.02854461500436
16,355.90000000000003,447.0378905294405
16,356.0,454.38725331153836
16,356.1,449.98383731032857
16,356.20000000000005,448.52499271050016
16,356.3,459.0137157502416
16,356.40000000000003,458.8898566349516
16,356.5,461.25517829811974
16,356.6,451.9452311501109
16,356.70000000000005,454.50696027041477
16,356.8,443.1754491346516
16,356.90000000000003,448.2602493183862
16,357.0,448.5945565783266
16,357.1,447.32026563235075
16,357.20000000000005,447.86685693765907
16,357.3,441.3794455226502
16,357.40000000000003,449.97566965745887
16,357.5,454.25363787544825
16,357.6,440.92632566164184
16,357.70000000000005,450.1954893119373
16,357.8,449.75105986865447
16,357.90000000000003,449.17507948617407
16,358.0,446.6105001143772
16,358.1,470.2290243571724
16,358.20000000000005,475.2944356297551
16,358.3,455.46420122668445
16,358.40000000000003,443.45759310975654
16,358.5,465.0685438108219
16,358.6,512.3216175081792
16,358.70000000000005,470.61704104249657
16,358.8,445.7615880458191
16,358.90000000000003,447.6399664890625
16,359.0,449.600751750218
16,359.1,451.63332268012465
16,359.20000000000005,459.69775480753356
16,359.3,445.40383924435156
16,359.40000000000003,452.7361740260215
16,359.5,462.77671621547563
16,359.6,460.6229311620876
16,359.70000000000005,439.0210826704895
16,359.8,437.0139760966505
16,359.90000000000003,456.497339499558
16,360.0,467.15604233822927
16,360.1,464.25872612922427
16,360.20000000000005,459.2056240459017
16,360.3,449.5285285681251
16,360.40000000000003,436.4061441385067
16,360.5,448.79647524370284
16,360.6,451.0217938113248
16,360.70000000000005,439.8034818978086
16,360.8,450.72669111432276
16,360.90000000000003,468.2499553914607
16,361.0,464.03802353277575
16,361.1,458.9637656058335
16,361.20000000000005,459.05416288155675
16,361.3,464.5455197111993
16,361.40000000000003,470.8091877788833
16,361.5,454.8983874219921
16,361.6,450.73355790386944
16,361.70000000000005,440.6435789415386
16,361.8,442.46516452997463
16,361.90000000000003,469.4414029985934
16,362.0,459.34937460087497
16,362.1,525.5366894280262
16,362.20000000000005,495.5442149803878
16,362.3,450.0214163291774
16,362.40000000000003,443.29967819837054
16,362.5,439.33455133960484
16,362.6,439.39966284923116
16,362.70000000000005,442.56278960419144
16,362.8,452.52680153687146
16,362.90000000000003,454.8972227451529
16,363.0,435.6839801913903
16,363.1,426.7096890959833
16,363.20000000000005,443.9558115312513
16,363.3,447.09593785936613
16,363.40000000000003,452.29542619740346
16,363.5,451.77594680306055
16,363.6,458.5510893491534
16,363.70000000000005,451.08859775153394
16,363.8,446.93084296835457
16,363.90000000000003,451.5840515753008
16,364.0,451.3266804171859
16,364.1,449.57967410160865
16,364.20000000000005,440.79429533769263
16,364.3,439.4359328175307
16,364.40000000000003,443.12701159768443
16,364.5,460.5177594193505
16,364.6,455.32207622873807
16,364.70000000000005,447.6848090429514
16,364.8,444.75293358464387
16,364.90000000000003,440.7211285806194
16,365.0,439.8478440534429
16,365.1,435.6620655648392
16,365.20000000000005,436.84238806423537
16,365.3,444.9518246716431
16,365.40000000000003,443.4356840714429
16,365.5,438.005440304429
16,365.6,442.6790990120832
16,365.70000000000005,441.0765990649708
16,365.8,434.95842628703195
16,365.90000000000003,438.75203744501886
16,366.0,440.8711399217944
16,366.1,442.13573880848196
16,366.20000000000005,442.2211579255872
16,366.3,444.42582734187414
16,366.40000000000003,442.6619425075875
16,366.5,433.13252767703534
16,366.6,440.9193087304983
16,366.70000000000005,444.33413123913897
16,366.8,433.63407657481497
16,366.90000000000003,434.98507097151196
16,367.0,441.97783465264905
16,367.1,437.77907035620353
16,367.20000000000005,444.7002723244946
16,367.3,448.5432509855401
16,367.40000000000003,445.2543996344711
16,367.5,445.8778568661091
16,367.6,447.41055380484033
16,367.70000000000005,441.5621398255721
16,367.8,439.7812170741186
16,367.90000000000003,444.953614353965
16,368.0,511.20988721440847
16,368.1,492.86591360384745
16,368.20000000000005,439.4019823873314
16,368.3,445.0181107556413
16,368.40000000000003,448.66468977654307
16,368.5,445.342430016108
16,368.6,444.399570527038
16,368.70000000000005,449.27855589329016
16,368.8,446.8362426377468
16,368.90000000000003,446.1327271773706
16,369.0,446.644146973672
16,369.1,445.3530356554127
16,369.20000000000005,437.8126841476631
16,369.3,441.07614148870954
16,369.40000000000003,444.1307839483793
16,369.5,445.6687222028947
16,369.6,444.5827972478161
16,369.70000000000005,447.3390685485035
16,369.8,447.58536470226517
16,369.90000000000003,448.2689011487759
16,370.0,446.5494609057224
16,370.1,443.9009666720682
16,370.20000000000005,440.45426269351304
16,370.3,439.5477994109635
16,370.40000000000003,442.3693739033468
16,370.5,437.85583170428333
16,370.6,438.6507467314192
16,370.70000000000005,436.2866375259981
16,370.8,430.13113627995506
16,370.90000000000003,438.4441386544847
16,371.0,448.2053956475222
16,371.1,440.58797198522365
16,371.20000000000005,432.7135578215955
16,371.3,430.5643486780148
16,371.40000000000003,435.7848415945903
16,371.5,444.0778255459582
16,371.6,439.76136103942866
16,371.70000000000005,532.3091597991613
16,371.8,512.3545844611041
16,371.90000000000003,439.5451987389919
16,372.0,447.4003546063464
16,372.1,439.64948718534833
16,372.20000000000005,438.45841846408103
16,372.3,441.8934897404122
16,372.40000000000003,442.84716480607506
16,372.5,440.88004672674504
16,372.6,437.08279953105773
16,372.70000000000005,435.8726069736236
16,372.8,442.0787109699417
16,372.90000000000003,439.0102835980244
16,373.0,433.78865973173714
16,373.1,430.51832176776367
16,373.20000000000005,425.53428350898855
16,373.3,441.0063065528322
16,373.40000000000003,449.7352352659151
16,373.5,444.1485734209247
16,373.6,442.95242637094515
16,373.70000000000005,443.4821322483645
16,373.8,440.16930025972465
16,373.90000000000003,435.83032842846103
16,374.0,431.6766548557431
16,374.1,439.7463126969156
16,374.20000000000005,448.5822289547237
16,374.3,441.23513127774356
16,374.40000000000003,433.4917317430238
16,374.5,432.2782242423232
16,374.6,433.87879692708805
16,374.70000000000005,436.01976462688526
16,374.8,435.167576308835
16,374.90000000000003,434.67087692032806
16,375.0,432.4056915581863
16,375.1,431.924159386461
16,375.20000000000005,434.8446528144852
16,375.3,435.22264156124515
16,375.40000000000003,436.53112519756627
16,375.5,444.1609341963862
16,375.6,429.8774142521761
16,375.70000000000005,411.69305732558655
16,375.8,416.7884061325207
16,375.90000000000003,424.66227337281094
16,376.0,429.5095621388489
16,376.1,450.20416722656023
16,376.20000000000005,449.3191174073583
16,376.3,434.6240252361392
16,376.40000000000003,435.6224596404781
16,376.5,482.1202918432948
16,376.6,483.90210561229
16,376.70000000000005,444.5497484628216
16,376.8,439.89988176653907
16,376.90000000000003,436.8138111502145
16,377.0,434.06587514416157
16,377.1,437.29896002220994
16,377.20000000000005,437.1049675452297
16,377.3,433.06773204181457
16,377.40000000000003,427.8861743428658
16,377.5,452.7194572125042
16,377.6,461.5653047129924
16,377.70000000000005,441.6177683444975
16,377.8,434.6331141040725
16,377.90000000000003,434.74153920608694
16,378.0,440.3697961760066
16,378.1,436.53337205689
16,378.20000000000005,434.3917214301915
16,378.3,441.0600464646809
16,378.40000000000003,441.5284535344757
16,378.5,442.9030782735918
16,378.6,438.1738694364781
16,378.70000000000005,439.0563071521743
16,378.8,445.58642154866715
16,378.90000000000003,444.6254679225864
16,379.0,442.7105455968661
16,379.1,441.4840052675227
16,379.20000000000005,442.70335972302007
16,379.3,443.18508568514716
16,379.40000000000003,442.7573977768189
16,379.5,439.72967489616815
16,379.6,438.9819428866227
16,379.70000000000005,438.2299687605413
16,379.8,437.63071212523414
16,379.90000000000003,438.94633937606915
16,380.0,438.625041302711
16,380.1,436.2469163278085
16,380.20000000000005,435.6286682953111
16,380.3,439.65522670660107
16,380.40000000000003,437.73781575315405
16,380.5,440.01675662898646
16,380.6,447.6109074222432
16,380.70000000000005,443.05161928839146
16,380.8,442.3256168546325
16,380.90000000000003,442.9394590527268
16,381.0,435.9186057817407
16,381.1,440.13532061115586
16,381.20000000000005,446.11632461880396
16,381.3,443.09953249759286
16,381.40000000000003,443.1032376088389
16,381.5,443.93756402213756
16,381.6,449.0990839749101
16,381.70000000000005,454.12322335208376
16,381.8,448.3192264596195
16,381.90000000000003,444.28296748490556
16,382.0,440.45850814180125
16,382.1,460.1076215598506
16,382.20000000000005,471.4328736719086
16,382.3,451.51942936085703
16,382.40000000000003,438.00154849758763
16,382.5,437.1714154822692
16,382.6,440.78927012674995
16,382.70000000000005,437.2622384908638
16,382.8,444.6339383972055
16,382.90000000000003,450.66477755406277
16,383.0,441.73955727642704
16,383.1,443.62446406099986
16,383.20000000000005,449.3639680318875
16,383.3,440.7420859207002
16,383.40000000000003,437.5425158191717
32,0.0,444.125
32,0.1,447.0278006538331
32,0.2,444.5255243191079
32,0.30000000000000004,441.61852618832035
32,0.4,451.00979349770176
32,0.5,494.77318542752846
32,0.6000000000000001,483.6596870922776
32,0.7000000000000001,421.18157990654765
32,0.8,442.62061859001085
32,0.9,452.6555508299378
32,1.0,456.62580188762416
32,1.1,462.6160057016227
32,1.2000000000000002,464.44830073511014
32,1.3,469.6014315119083
32,1.4000000000000001,461.6519173337844
32,1.5,444.80927459497843
32,1.6,451.082932648354
32,1.7000000000000002,459.99336068015185
32,1.8,461.1526956449219
32,1.9000000000000001,464.95582831544635
32,2.0,459.3879736066468
32,2.1,458.53156483794567
32,2.2,467.2912771153122
32,2.3000000000000003,456.8110939685656
32,2.4000000000000004,460.74875583344857
32,2.5,473.4907342229106
32,2.6,471.95497121357255
32,2.7,462.8644093388107
32,2.8000000000000003,462.9482487772448
32,2.9000000000000004,466.45679755616345
32,3.0,464.56388304728955
32,3.1,467.27547323916815
32,3.2,466.49549058312203
32,3.3000000000000003,480.0682528796437
32,3.4000000000000004,492.22746546286356
32,3.5,460.8536348731316
32,3.6,457.7944798922976
32,3.7,469.7043831705463
32,3.8000000000000003,458.5068256951957
32,3.9000000000000004,454.5908740698027
32,4.0,463.0701685335163
32,4.1000000000000005,465.6803256223238
32,4.2,464.60439884052585
32,4.3,460.70847748318334
32,4.4,463.9665990387664
32,4.5,467.86001993723596
32,4.6000000000000005,463.82272700143466
32,4.7,519.2585004648881
32,4.800000000000001,517.6731878847384
32,4.9,453.55672691154814
32,5.0,458.17416476130114
32,5.1000000000000005,469.01423610412826
32,5.2,469.3925448873046
32,5.300000000000001,460.93455822003
32,5.4,462.40063848465144
32,5.5,472.0451546988182
32,5.6000000000000005,505.52051460370075
32,5.7,518.196651802202
32,5.800000000000001,489.5949130034482
32,5.9,496.6209707533613
32,6.0,450.9085592638393
32,6.1000000000000005,440.615697921487
32,6.2,462.92438224136947
32,6.300000000000001,456.86789229665794
32,6.4,448.0507056594333
32,6.5,460.8882759361908
32,6.6000000000000005,465.3900062839251
32,6.7,590.4061250465243
32,6.800000000000001,777.4901279064228
32,6.9,651.8515471350847
32,7.0,567.4635998322567
32,7.1000000000000005,617.6619327576456
32,7.2,453.90468953754356
32,7.300000000000001,448.4736639632856
32,7.4,461.2860181806919
32,7.5,477.6434988050334
32,7.6000000000000005,532.2523070218963
32,7.7,550.9427867131465
32,7.800000000000001,455.9659706438107
32,7.9,457.482548347527
32,8.0,464.24442260367323
32,8.1,456.01596787386495
32,8.200000000000001,452.95810048702856
32,8.3,457.59275876146677
32,8.4,456.9202404728376
32,8.5,457.5255836149011
32,8.6,452.64880574296075
32,8.700000000000001,452.4489835380574
32,8.8,458.2335842581825
32,8.9,455.5134684590146
32,9.0,460.68000919982273
32,9.1,456.10894751111596
32,9.200000000000001,468.2271791666371
32,9.3,471.76132419972055
32,9.4,457.5449025377082
32,9.5,466.69912942488423
32,9.600000000000001,475.7129114757377
32,9.700000000000001,461.3971632084103
32,9.8,450.3485897510924
32,9.9,445.55682178373064
32,10.0,453.1781166804869
32,10.100000000000001,453.865741716388
32,10.200000000000001,455.7912168804061
32,10.3,456.85088733332054
32,10.4,452.6512322142822
32,10.5,463.1410889419468
32,10.600000000000001,464.27836080882383
32,10.700000000000001,452.6713466177399
32,10.8,449.8439954493358
32,10.9,452.1240436355926
32,11.0,449.8057426797842
32,11.100000000000001,437.78066692226497
32,11.200000000000001,449.71970748111636
32,11.3,462.65796460440157
32,11.4,458.1286922824709
32,11.5,456.0847276567962
32,11.600000000000001,456.99070322227067
32,11.700000000000001,459.7850939132549
32,11.8,455.48314818424086
32,11.9,462.74198488794656
32,12.0,481.8543599685467
32,12.100000000000001,456.0797188402206
32,12.200000000000001,452.92730353528606
32,12.3,452.32509456971644
32,12.4,457.2544221352217
32,12.5,454.70142329990205
32,12.600000000000001,465.64849292583665
32,12.700000000000001,460.7630422408081
32,12.8,460.90788801275306
32,12.9,478.1780949840952
32,13.0,468.9635175470367
32,13.100000000000001,461.0099728392003
32,13.200000000000001,459.16266408589627
32,13.3,451.2402288405542
32,13.4,458.70390476056593
32,13.5,463.57847191948264
32,13.600000000000001,461.73253513630704
32,13.700000000000001,560.7926198202435
32,13.8,735.5600448297636
32,13.9,632.845953616267
32,14.0,465.1271404327717
32,14.100000000000001,466.4571480097317
32,14.200000000000001,468.1468238894738
32,14.3,452.10058040374383
32,14.4,456.0512701093717
32,14.5,466.1476882488062
32,14.600000000000001,482.6569736980568
32,14.700000000000001,506.5647747248419
32,14.8,465.59395374867756
32,14.9,468.27877515851776
32,15.0,461.21785838329345
32,15.100000000000001,455.9113837722946
32,15.200000000000001,456.7563657619017
32,15.3,460.4194412925493
32,15.4,557.941005587248
32,15.5,628.1259601236203
32,15.600000000000001,460.10997227406136
32,15.700000000000001,524.2967272144592
32,15.8,589.0264698106855
32,15.9,460.98002512015364
32,16.0,457.068853447105
32,16.1,469.113432536761
32,16.2,469.8066455631597
32,16.3,455.5712202891991
32,16.400000000000002,464.04374594531464
32,16.5,472.0156106247513
32,16.6,510.04429603594303
32,16.7,512.2946960585797
32,16.8,472.8818135648792
32,16.900000000000002,473.38286007653477
32,17.0,474.1001957690365
32,17.1,478.0191708701122
32,17.2,474.9611831716197
32,17.3,476.350765713142
32,17.400000000000002,477.0837738103991
32,17.5,479.1706203738331
32,17.6,481.42069099344036
32,17.7,476.3280372784592
32,17.8,462.7418365813791
32,17.900000000000002,461.4457782798699
32,18.0,454.75271532260564
32,18.1,453.614748683
32,18.2,448.53825132128867
32,18.3,462.9812711049475
32,18.400000000000002,461.23480335122053
32,18.5,463.3700276649232
32,18.6,461.1472672650717
32,18.7,455.4960270964636
32,18.8,485.70302021068034
32,18.900000000000002,505.64337446981716
32,19.0,461.61027583216185
32,19.1,476.2535245455477
32,19.200000000000003,481.62183683681343
32,19.3,476.04019305211
32,19.400000000000002,462.72494375683704
32,19.5,491.78859586149053
32,19.6,468.68318242030546
32,19.700000000000003,458.3673402286522
32,19.8,454.0279810786269
32,19.900000000000002,452.90131709511485
32,20.0,455.46667215341284
32,20.1,457.42532901238116
32,20.200000000000003,462.7113997426553
32,20.3,461.52393828838933
32,20.400000000000002,474.71407433734623
32,20.5,477.24549806046394
32,20.6,484.18290625193686
32,20.700000000000003,506.57529434454875
32,20.8,464.48390606156624
32,20.900000000000002,453.85120720976187
32,21.0,461.97616291926
32,21.1,463.45705641438656
32,21.200000000000003,458.1280172051927
32,21.3,458.89615474794846
32,21.400000000000002,460.724608525726
32,21.5,460.46234700351545
32,21.6,466.6501627964829
32,21.700000000000003,464.8092329308773
32,21.8,463.3996961105802
32,21.900000000000002,456.1872613775702
32,22.0,460.98373756245877
32,22.1,461.2318209794908
32,22.200000000000003,461.3691813994057
32,22.3,472.62356637246165
32,22.400000000000002,471.6058715723254
32,22.5,466.1166776524132
32,22.6,512.6027797304595
32,22.700000000000003,561.4334066619759
32,22.8,456.7178936030082
32,22.900000000000002,464.82965889770543
32,23.0,466.1055457086418
32,23.1,461.8255790766943
32,23.200000000000003,454.2873443837876
32,23.3,443.84461286124593
32,23.400000000000002,450.0056988498023
32,23.5,456.99802298006995
32,23.6,476.83198763877084
32,23.700000000000003,474.99341532680387
32,23.8,463.24360614826657
32,23.900000000000002,468.05737265560066
32,24.0,475.33028537254256
32,24.1,565.9096117758664
32,24.200000000000003,682.2275926657971
32,24.3,475.24481013563104
32,24.400000000000002,477.9503114747849
32,24.5,474.9938950122478
32,24.6,470.74548112536337
32,24.700000000000003,478.0780720527644
32,24.8,463.8707005397084
32,24.900000000000002,475.6935948431536
32,25.0,504.3462514135804
32,25.1,484.913444212573
32,25.200000000000003,480.3533738936488
32,25.3,466.53443251256874
32,25.400000000000002,467.75399392304865
32,25.5,485.67621758555447
32,25.6,478.8652918778263
32,25.700000000000003,478.0634961191044
32,25.8,504.7304670441112
32,25.900000000000002,472.1434702207201
32,26.0,466.2364599646863
32,26.1,480.3745390715062
32,26.200000000000003,470.8583384441621
32,26.3,468.9424304939364
32,26.400000000000002,464.89165590495963
32,26.5,452.863535035778
32,26.6,474.5883080215026
32,26.700000000000003,476.1494187692116
32,26.8,473.753179492947
32,26.900000000000002,478.2876866836627
32,27.0,475.0707848551277
32,27.1,459.7749609958234
32,27.200000000000003,481.5537865005382
32,27.3,471.3111388387176
32,27.400000000000002,470.329301528806
32,27.5,482.41357351490456
32,27.6,477.1222428385913
32,27.700000000000003,470.1255395040086
32,27.8,488.30798288191033
32,27.900000000000002,475.127220754101
32,28.0,471.89265022338185
32,28.1,474.25150134465696
32,28.200000000000003,482.3144328536763
32,28.3,479.633468633109
32,28.400000000000002,480.58406469373006
32,28.5,477.38520922181
32,28.6,482.5242402939445
32,28.700000000000003,480.4224907537716
32,28.8,480.7259540360859
32,28.900000000000002,474.613581837743
32,29.0,486.4354131621023
32,29.1,490.4181375335686
32,29.200000000000003,471.7199162993514
32,29.3,471.2619609516116
32,29.400000000000002,491.2740351840863
32,29.5,483.26366164048335
32,29.6,474.4631506959192
32,29.700000000000003,487.29168348630816
32,29.8,482.36292099659744
32,29.900000000000002,493.0764334806737
32,30.0,484.5275779466956
32,30.1,474.3536488918546
32,30.200000000000003,491.6450828365138
32,30.3,478.1997659125894
32,30.400000000000002,486.2064156617547
32,30.5,476.3444034388761
32,30.6,469.963396358992
32,30.700000000000003,468.21822370361133
32,30.8,451.42411138487637
32,30.900000000000002,453.2532738107271
32,31.0,513.8656931064885
32,31.1,616.0040879394539
32,31.200000000000003,468.0122753456321
32,31.3,469.37106814656306
32,31.400000000000002,465.32512218589756
32,31.5,467.61624998629867
32,31.6,475.16598605404056
32,31.700000000000003,466.72338647121063
32,31.8,467.25788152327755
32,31.900000000000002,488.93771532715516
32,32.0,575.756671348917
32,32.1,458.9116078727966
32,32.2,478.52271513019923
32,32.300000000000004,470.7307626346599
32,32.4,462.7354239522489
32,32.5,462.44912128483435
32,32.6,454.02945561428015
32,32.7,460.47086018004865
32,32.800000000000004,455.4427580301569
32,32.9,449.0220003783989
32,33.0,449.9753371140997
32,33.1,470.27642685747094
32,33.2,467.4714997235937
32,33.300000000000004,468.6939296527102
32,33.4,463.5986406654785
32,33.5,459.9337105701479
32,33.6,455.986827383355
32,33.7,456.44317946677387
32,33.800000000000004,483.8842633546426
32,33.9,470.90231636048077
32,34.0,561.0324507047288
32,34.1,467.09346734953533
32,34.2,467.8288477532349
32,34.300000000000004,470.9789402463831
32,34.4,453.41054790125787
32,34.5,470.47230322374645
32,34.6,484.5177590795688
32,34.7,464.9297372853649
32,34.800000000000004,495.1226384630888
32,34.9,677.7682184723928
32,35.0,459.03266751018657
32,35.1,447.88049117290234
32,35.2,469.21783069023206
32,35.300000000000004,492.37690364715024
32,35.4,471.45702615141556
32,35.5,479.9445241834021
32,35.6,463.7979036672194
32,35.7,454.62206190882404
32,35.800000000000004,455.08729957633227
32,35.9,465.8566956777842
32,36.0,462.88561241359264
32,36.1,454.6879286135314
32,36.2,457.49834991946506
32,36.300000000000004,465.42187439005454
32,36.4,456.71044909856874
32,36.5,465.1597766933149
32,36.6,477.5011386087606
32,36.7,469.4425935343366
32,36.800000000000004,459.64567382055236
32,36.9,461.08382388943795
32,37.0,477.9253494345665
32,37.1,463.0462636932262
32,37.2,455.8801741303971
32,37.300000000000004,475.5895396905651
32,37.4,464.24499073061014
32,37.5,464.88738572713464
32,37.6,462.70285499621764
32,37.7,462.47281445373227
32,37.800000000000004,474.3035144968317
32,37.9,469.4391347498193
32,38.0,481.992263959911
32,38.1,482.0892095042248
32,38.2,482.4047671672946
32,38.300000000000004,484.6661077622461
32,38.400000000000006,489.7395842457633
32,38.5,498.17184026243604
32,38.6,487.35926882531663
32,38.7,486.6902034860559
32,38.800000000000004,490.7066316379657
32,38.900000000000006,489.3595343114736
32,39.0,488.78606532957843
32,39.1,493.1284324046651
32,39.2,488.0924297061222
32,39.300000000000004,492.5550447704646
32,39.400000000000006,488.24726357202667
32,39.5,474.5484623737392
32,39.6,487.97734098354357
32,39.7,464.93742052570246
32,39.800000000000004,533.1752316998162
32,39.900000000000006,458.77290833031634
32,40.0,477.8973027003588
32,40.1,472.4982637675772
32,40.2,465.55637369330503
32,40.300000000000004,453.0479489593067
32,40.400000000000006,463.68249634633
32,40.5,458.2881154976961
32,40.6,446.51435151174394
32,40.7,461.59723883612116
32,40.800000000000004,457.63108203124483
32,40.900000000000006,466.3789463848259
32,41.0,464.235711486823
32,41.1,467.17894829978866
32,41.2,603.9214220726986
32,41.300000000000004,589.1263940943896
32,41.400000000000006,466.7319611794712
32,41.5,465.434759983036
32,41.6,461.8920635877374
32,41.7,466.4639404522972
32,41.800000000000004,466.27834555826144
32,41.900000000000006,466.87858685068244
32,42.0,452.8854981497058
32,42.1,462.7114308908647
32,42.2,471.5545047504218
32,42.300000000000004,471.00642863998564
32,42.400000000000006,451.84182087462653
32,42.5,475.7988511953411
32,42.6,468.06081673246786
32,42.7,472.00604296515183
32,42.800000000000004,477.59864774383794
32,42.900000000000006,472.8764326068234
32,43.0,595.4657428188136
32,43.1,474.8097565101334
32,43.2,458.07716720898986
32,43.300000000000004,461.04614425387376
32,43.400000000000006,472.69964691888123
32,43.5,470.26730890426626
32,43.6,455.0093493630589
32,43.7,458.20824095743046
32,43.800000000000004,464.07261261732276
32,43.900000000000006,471.41975216729236
32,44.0,462.86541473718825
32,44.1,482.02549148709056
32,44.2,484.53587156891916
32,44.300000000000004,476.3208369932997
32,44.400000000000006,477.759355119235
32,44.5,463.1273082890752
32,44.6,474.60548027590517
32,44.7,498.3521028458131
32,44.800000000000004,462.0386309387815
32,44.900000000000006,460.6101997984129
32,45.0,458.88275033538497
32,45.1,472.9527746631248
32,45.2,512.2378042189874
32,45.300000000000004,462.507883100985
32,45.400000000000006,477.5960231483878
32,45.5,464.023059974409
32,45.6,462.76575263797486
32,45.7,483.7329664704867
32,45.800000000000004,741.458723854887
32,45.900000000000006,721.5677111560079
32,46.0,623.3853821222287
32,46.1,562.6170367118572
32,46.2,452.630884332177
32,46.300000000000004,484.09733723276514
32,46.400000000000006,487.6004716613362
32,46.5,472.6888079976744
32,46.6,481.7844717745664
32,46.7,475.5700242408216
32,46.800000000000004,488.6737034777567
32,46.900000000000006,474.1711762671808
32,47.0,485.66830536684864
32,47.1,471.0388902914346
32,47.2,482.02673136390797
32,47.300000000000004,491.73256633092365
32,47.400000000000006,477.7807450598681
32,47.5,483.4534783594964
32,47.6,483.7041024064319
32,47.7,492.9462889609032
32,47.800000000000004,454.1642318211926
32,47.900000000000006,448.02197776591663
32,48.0,454.2227257806245
32,48.1,483.61989530571674
32,48.2,472.09611617791796
32,48.300000000000004,477.4773066721943
32,48.400000000000006,470.6718832073994
32,48.5,481.6313411061628
32,48.6,469.2328913343198
32,48.7,464.10859742558404
32,48.800000000000004,464.18256032310757
32,48.900000000000006,473.1725187308926
32,49.0,473.3564598277749
32,49.1,446.4311459592773
32,49.2,464.9632251929544
32,49.300000000000004,562.1940471660755
32,49.400000000000006,466.9827888610098
32,49.5,476.6748918922783
32,49.6,478.5000119689681
32,49.7,457.5437968648813
32,49.800000000000004,464.526613661317
32,49.900000000000006,470.9625137269511
32,50.0,527.7841146996104
32,50.1,471.82316194617516
32,50.2,471.19883173104665
32,50.300000000000004,477.1673778717666
32,50.400000000000006,477.71594718351423
32,50.5,469.07868111925774
32,50.6,479.2667298077062
32,50.7,490.31423447263523
32,50.800000000000004,472.73128318194347
32,50.900000000000006,465.15331783589295
32,51.0,465.8264413377337
32,51.1,466.6078508023342
32,51.2,483.0716721504115
32,51.300000000000004,470.8186217363645
32,51.400000000000006,473.12295920494273
32,51.5,474.1537620670101
32,51.6,476.4355202439575
32,51.7,468.4990065386578
32,51.800000000000004,473.1073337153838
32,51.900000000000006,476.4540315970553
32,52.0,482.80261179873395
32,52.1,488.7788233119305
32,52.2,480.8666392605757
32,52.300000000000004,466.57289895192326
32,52.400000000000006,473.45806149689594
32,52.5,456.5801027452588
32,52.6,472.6782622740652
32,52.7,482.10151765028274
32,52.800000000000004,474.85613283326353
32,52.900000000000006,476.44899631137
32,53.0,480.46732094282254
32,53.1,473.1930911475409
32,53.2,476.42804880168904
32,53.300000000000004,474.4876292180559
32,53.400000000000006,449.75815214586663
32,53.5,471.55284224409075
32,53.6,481.02745904810484
32,53.7,456.4845252590713
32,53.800000000000004,474.5295458388345
32,53.900000000000006,477.4492660132916
32,54.0,465.6537278844298
32,54.1,478.6237867802153
32,54.2,471.2544280261058
32,54.300000000000004,466.57420105225515
32,54.400000000000006,460.24232988320745
32,54.5,475.8579587721723
32,54.6,483.7031480959542
32,54.7,445.50435294711843
32,54.800000000000004,475.8489994905474
32,54.900000000000006,467.0094843857298
32,55.0,480.85489396881826
32,55.1,460.2623345704779
32,55.2,469.9307944585034
32,55.300000000000004,480.2758560972592
32,55.400000000000006,487.6651090406159
32,55.5,453.9432952663032
32,55.6,471.695242005009
32,55.7,474.0947453821156
32,55.800000000000004,474.45687550712586
32,55.900000000000006,470.2401846758356
32,56.0,465.90559880523466
32,56.1,476.852023839261
32,56.2,465.3231569764077
32,56.300000000000004,461.6215646134968
32,56.400000000000006,467.2041206009753
32,56.5,465.8635327132197
32,56.6,446.9547926229236
32,56.7,465.56446471374545
32,56.800000000000004,479.6813860450272
32,56.900000000000006,447.6058994110227
32,57.0,472.078543396676
32,57.1,470.8383889473088
32,57.2,467.65914824221835
32,57.300000000000004,460.59577131078953
32,57.400000000000006,482.3332249194607
32,57.5,549.0573183338893
32,57.6,466.7878718391065
32,57.7,454.57932451508344
32,57.800000000000004,467.2401401124726
32,57.900000000000006,442.59867621015053
32,58.0,455.1145238012405
32,58.1,464.2329741506261
32,58.2,470.9975502983398
32,58.300000000000004,478.6288835168557
32,58.400000000000006,468.56912842273755
32,58.5,467.4824590672538
32,58.6,476.1796274453551
32,58.7,469.9809489329455
32,58.800000000000004,615.444132876781
32,58.900000000000006,482.97244505635814
32,59.0,653.1476854676903
32,59.1,474.6631511721308
32,59.2,458.8373453006847
32,59.300000000000004,472.05189349701266
32,59.400000000000006,461.4043003080963
32,59.5,463.8446066725595
32,59.6,466.6116016537
32,59.7,474.52870997676746
32,59.800000000000004,453.5896815623918
32,59.900000000000006,466.2387397034793
32,60.0,471.1360778005209
32,60.1,470.56023127714985
32,60.2,465.8678883519436
32,60.300000000000004,464.22989621914513
32,60.400000000000006,470.5620190462805
32,60.5,459.1899976671647
32,60.6,479.56933025041315
32,60.7,485.00644941215165
32,60.800000000000004,457.6223228817464
32,60.900000000000006,469.7914843654396
32,61.0,490.67936464171333
32,61.1,501.0580947486562
32,61.2,468.86416131153373
32,61.300000000000004,452.09378006409656
32,61.400000000000006,467.25098083016957
32,61.5,546.7873271915091
32,61.6,472.60576850993266
32,61.7,450.8814292693848
32,61.800000000000004,463.28724702916816
32,61.900000000000006,522.7608989321438
32,62.0,462.3231579807587
32,62.1,458.0906888651694
32,62.2,448.8858239983224
32,62.300000000000004,465.1421140667895
32,62.400000000000006,449.80016361500503
32,62.5,500.69570445512943
32,62.6,467.4067879763342
32,62.7,549.0574760309889
32,62.800000000000004,486.74705824617746
32,62.900000000000006,468.88695646115144
32,63.0,468.99177483532094
32,63.1,595.6555262619183
32,63.2,490.75521666574946
32,63.300000000000004,490.69210330826706
32,63.400000000000006,633.3300076604412
32,63.5,500.7353758148911
32,63.6,656.0040032419272
32,63.7,495.89410117282046
32,63.800000000000004,487.04790021800784
32,63.900000000000006,479.6204881882592
32,64.0,487.3459481436301
32,64.10000000000001,578.9933897150814
32,64.2,481.88277008462353
32,64.3,725.6821030027722
32,64.4,515.8338086277231
32,64.5,490.81864440240776
32,64.60000000000001,489.8345963320144
32,64.7,486.91947682909387
32,64.8,469.6561666974024
32,64.9,468.8005146825124
32,65.0,471.1120915424166
32,65.10000000000001,473.7494499195885
32,65.2,610.2188055676993
32,65.3,502.2306892709961
32,65.4,457.5787056557271
32,65.5,460.88225902812036
32,65.60000000000001,460.5670498616739
32,65.7,458.73805543045455
32,65.8,481.128722899673
32,65.9,480.60693548174913
32,66.0,476.1437220480096
32,66.10000000000001,469.27743903846596
32,66.2,505.7579874497519
32,66.3,479.2944513600404
32,66.4,482.7740925376982
32,66.5,466.71146168693303
32,66.60000000000001,461.1928599747412
32,66.7,600.0619828861913
32,66.8,496.3362501484586
32,66.9,469.929684102823
32,67.0,473.95671886653525
32,67.10000000000001,458.7586817297637
32,67.2,455.22146265438056
32,67.3,489.9667178567502
32,67.4,480.77988973783306
32,67.5,475.8605216127341
32,67.60000000000001,497.90737083783324
32,67.7,480.3207906560084
32,67.8,474.4660041802781
32,67.9,458.46645394277766
32,68.0,471.65064266907484
32,68.10000000000001,469.51438631561336
32,68.2,459.246087152813
32,68.3,479.7799651354499
32,68.4,477.4663466709553
32,68.5,476.0047182259554
32,68.60000000000001,475.84030920489676
32,68.7,467.72868509896034
32,68.8,473.2536352242372
32,68.9,472.62898111688804
32,69.0,481.15955587036143
32,69.10000000000001,470.880718635367
32,69.2,476.8959569922249
32,69.3,469.5362040323948
32,69.4,481.6386386387312
32,69.5,466.03042866877286
32,69.60000000000001,472.7059976819783
32,69.7,461.94332057673427
32,69.8,474.8351995844378
32,69.9,483.8945257869971
32,70.0,482.16097848309386
32,70.10000000000001,480.1156048823032
32,70.2,480.0692598178543
32,70.3,477.71945633842427
32,70.4,483.89713009113376
32,70.5,549.0134360356238
32,70.60000000000001,497.4173965925376
32,70.7,483.82853117838386
32,70.8,486.3340103182148
32,70.9,478.1913220373387
32,71.0,482.625700811997
32,71.10000000000001,484.4327718279319
32,71.2,475.6317393224528
32,71.3,476.9729992709059
32,71.4,484.2757642112692
32,71.5,469.19789576056763
32,71.60000000000001,473.3701450451351
32,71.7,485.01132387923184
32,71.8,482.47640434956656
32,71.9,475.1020142051501
32,72.0,475.5873654594839
32,72.10000000000001,480.0941667726138
32,72.2,484.04126886662306
32,72.3,485.6246571317598
32,72.4,479.51675266378453
32,72.5,485.9577162896984
32,72.60000000000001,562.1767122792048
32,72.7,502.5416561878045
32,72.8,482.13780201303416
32,72.9,482.24407612945345
32,73.0,487.12202981663944
32,73.10000000000001,481.4274742743031
32,73.2,486.7826898011026
32,73.3,481.7571001172766
32,73.4,698.737249860985
32,73.5,542.4468380986649
32,73.60000000000001,479.18620688540966
32,73.7,479.5062644178782
32,73.8,478.248909553357
32,73.9,479.1119556592872
32,74.0,472.2176368750089
32,74.10000000000001,478.71323965200077
32,74.2,472.05390383521984
32,74.3,606.9526112955367
32,74.4,520.3622569990615
32,74.5,482.1020024006586
32,74.60000000000001,479.4355669266683
32,74.7,477.5371896346389
32,74.8,479.4610678917532
32,74.9,496.1471420673266
32,75.0,566.3930920805574
32,75.10000000000001,518.5401552275226
32,75.2,480.80461470601483
32,75.3,481.93744391083044
32,75.4,469.17300477264877
32,75.5,467.1019337671187
32,75.60000000000001,469.0722310035003
32,75.7,487.69770189199045
32,75.8,477.2617979240739
32,75.9,494.79213295700305
32,76.0,486.6735439134931
32,76.10000000000001,484.6999823950058
32,76.2,490.09099419629575
32,76.3,478.9928890249777
32,76.4,479.50067637586614
32,76.5,486.6841358094117
32,76.60000000000001,479.2948120428519
32,76.7,480.294269085433
32,76.80000000000001,467.9833434471367
32,76.9,479.34045703808135
32,77.0,481.6225261306772
32,77.10000000000001,473.3236330581143
32,77.2,473.14178689277605
32,77.30000000000001,487.5065146521511
32,77.4,476.8813760044018
32,77.5,483.2792597512133
32,77.60000000000001,520.9803035885548
32,77.7,491.9335521241173
32,77.80000000000001,473.3221592630532
32,77.9,468.9641327187335
32,78.0,471.6650629342636
32,78.10000000000001,485.4207525749231
32,78.2,473.8826195565505
32,78.30000000000001,471.3311045247352
32,78.4,474.14347920512773
32,78.5,487.37521948278777
32,78.60000000000001,477.18341720378703
32,78.7,467.97837537291366
32,78.80000000000001,453.9374031043124
32,78.9,461.07171205211813
32,79.0,481.56105719248586
32,79.10000000000001,523.4180259523619
32,79.2,483.58861759610085
32,79.30000000000001,465.5517983776493
32,79.4,470.90757475696734
32,79.5,462.1665243995425
32,79.60000000000001,667.8289060566876
32,79.7,555.9970658914455
32,79.80000000000001,473.62843194910135
32,79.9,480.5293398653327
32,80.0,474.78796434119977
32,80.10000000000001,481.7119412891662
32,80.2,473.93571845725256
32,80.30000000000001,473.4893234474005
32,80.4,468.9192854380772
32,80.5,464.35469410985377
32,80.60000000000001,473.0252543402694
32,80.7,476.22740169801295
32,80.80000000000001,477.3673995034172
32,80.9,475.35623922405864
32,81.0,476.2052681049087
32,81.10000000000001,460.9225188839577
32,81.2,475.64523973579446
32,81.30000000000001,480.4635858460552
32,81.4,500.724498696349
32,81.5,483.6425934993638
32,81.60000000000001,480.32795589476535
32,81.7,477.8615641366032
32,81.80000000000001,484.9014743283055
32,81.9,489.845509736698
32,82.0,487.81104332410393
32,82.10000000000001,498.21319508580444
32,82.2,495.9591777385931
32,82.30000000000001,491.0693008459104
32,82.4,474.437714661798
32,82.5,485.1679084833983
32,82.60000000000001,485.29521185260415
32,82.7,485.40694375717885
32,82.80000000000001,489.2864190231134
32,82.9,486.72980549865815
32,83.0,489.8230661853877
32,83.10000000000001,485.7460690546242
32,83.2,487.8241722810782
32,83.30000000000001,491.22241903168793
32,83.4,493.93433027547
32,83.5,486.22521026232454
32,83.60000000000001,497.15760314917026
32,83.7,518.1667852972089
32,83.80000000000001,539.1759674452505
32,83.9,496.8059400187254
32,84.0,477.81731268318487
32,84.10000000000001,472.0983499499587
32,84.2,485.33512496247045
32,84.30000000000001,476.7693516320407
32,84.4,468.1885765165015
32,84.5,475.781388659897
32,84.60000000000001,471.4302860886953
32,84.7,476.5089341275196
32,84.80000000000001,477.07008640142885
32,84.9,471.3620039220635
32,85.0,478.8173825438275
32,85.10000000000001,474.2734532903848
32,85.2,470.37946402837935
32,85.30000000000001,470.91779249380346
32,85.4,472.24618874933304
32,85.5,470.34468134161915
32,85.60000000000001,460.65529472530295
32,85.7,615.7886182568648
32,85.80000000000001,559.3318725490993
32,85.9,472.32084697017905
32,86.0,471.8008559211169
32,86.10000000000001,466.2611505031453
32,86.2,469.5936213995519
32,86.30000000000001,465.39431679387167
32,86.4,462.4829977543673
32,86.5,470.2404504562892
32,86.60000000000001,479.98451952717346
32,86.7,470.9910967831536
32,86.80000000000001,466.7972718029121
32,86.9,470.2518967774835
32,87.0,465.7320955760604
32,87.10000000000001,464.9639954800594
32,87.2,470.60455340144017
32,87.30000000000001,462.1618971001352
32,87.4,460.38956527161764
32,87.5,453.21533701683785
32,87.60000000000001,452.8840997476481
32,87.7,459.8365316871527
32,87.80000000000001,462.9993823190861
32,87.9,463.0009048208788
32,88.0,460.4694806980913
32,88.10000000000001,461.2795905313773
32,88.2,462.1993223009275
32,88.30000000000001,472.25041611925707
32,88.4,462.3285198343428
32,88.5,463.24585762282953
32,88.60000000000001,462.7178999070654
32,88.7,460.6520200849265
32,88.80000000000001,471.0605802381012
32,88.9,459.4794370675013
32,89.0,456.40096183815467
32,89.10000000000001,460.49007764907697
32,89.2,466.7532007263026
32,89.30000000000001,473.6994183232303
32,89.4,456.4410401898603
32,89.5,459.2363051181055
32,89.60000000000001,472.6208494714873
32,89.7,471.8175699451051
32,89.80000000000001,462.7732327553978
32,89.9,471.33857905469927
32,90.0,475.1284847004665
32,90.10000000000001,471.0407684801724
32,90.2,483.4876775200343
32,90.30000000000001,466.95498532165556
32,90.4,455.36607396966605
32,90.5,465.23325447991095
32,90.60000000000001,472.2700443603909
32,90.7,463.87839822364054
32,90.80000000000001,458.55554567901294
32,90.9,457.8181743926959
32,91.0,459.4089193898121
32,91.10000000000001,464.09857442525475
32,91.2,449.1957462835648
32,91.30000000000001,450.73463119525604
32,91.4,462.9768761148942
32,91.5,465.05008975052357
32,91.60000000000001,455.0283414166234
32,91.7,454.29498201133623
32,91.80000000000001,466.5496049351962
32,91.9,467.84415204507513
32,92.0,459.11924534384207
32,92.10000000000001,456.4761130142212
32,92.2,467.3216360240667
32,92.30000000000001,469.39401519769046
32,92.4,459.67308736620316
32,92.5,461.4432652617734
32,92.60000000000001,461.1464988100053
32,92.7,507.7249029723097
32,92.80000000000001,503.0559785220608
32,92.9,454.1525515027611
32,93.0,446.2193171479086
32,93.10000000000001,452.6676581002558
32,93.2,458.06163525637453
32,93.30000000000001,461.915213626002
32,93.4,458.25785361003506
32,93.5,483.1054111027971
32,93.60000000000001,488.0583591599005
32,93.7,474.25017878249935
32,93.80000000000001,473.8331039153028
32,93.9,483.67364725331925
32,94.0,478.3223249219625
32,94.10000000000001,471.1955270253728
32,94.2,460.4801249515742
32,94.30000000000001,446.2161918177026
32,94.4,453.21881376579466
32,94.5,459.8853444094899
32,94.60000000000001,457.8539944211487
32,94.7,460.7056582972379
32,94.80000000000001,463.2204899115877
32,94.9,460.3337581799813
32,95.0,455.408338302531
32,95.10000000000001,452.0586606320222
32,95.2,462.74193413663863
32,95.30000000000001,478.12017040111425
32,95.4,472.2338073304506
32,95.5,466.1344049942349
32,95.60000000000001,467.5380827159697
32,95.7,467.7122348708567
32,95.80000000000001,467.3744764884125
32,95.9,468.2604127934597
32,96.0,469.7717465952647
32,96.10000000000001,479.79665830965087
32,96.2,480.0977356564489
32,96.30000000000001,470.4278040561368
32,96.4,464.77207754461074
32,96.5,458.0191117697089
32,96.60000000000001,466.1596159111448
32,96.7,473.5704426117885
32,96.80000000000001,470.08599369794314
32,96.9,467.42685522012897
32,97.0,466.8076793453012
32,97.10000000000001,465.41430861887375
32,97.2,463.1066596103896
32,97.30000000000001,467.74710780263615
32,97.4,479.1274396569312
32,97.5,466.4031286196537
32,97.60000000000001,499.04530233250546
32,97.7,509.90339721873914
32,97.80000000000001,469.397626342648
32,97.9,498.20220562372606
32,98.0,486.06212872049167
32,98.10000000000001,449.8194806751174
32,98.2,457.77297291480556
32,98.30000000000001,454.35340165430506
32,98.4,455.97361125466125
32,98.5,459.0757818067901
32,98.60000000000001,464.33057210435163
32,98.7,468.76914858212865
32,98.80000000000001,466.44375079654407
32,98.9,471.97297943909246
32,99.0,468.976615752785
32,99.10000000000001,461.6115273025766
32,99.2,468.76638894888384
32,99.30000000000001,479.2996670012015
32,99.4,477.17735248602406
32,99.5,463.021385764631
32,99.60000000000001,464.7103606152956
32,99.7,466.39304898870245
32,99.80000000000001,465.0254136843253
32,99.9,469.59053896139125
32,100.0,469.1663818044085
32,100.10000000000001,468.53183340289814
32,100.2,457.5398225329422
32,100.30000000000001,460.9178044711557
32,100.4,466.0580961832273
32,100.5,463.2308573770531
32,100.60000000000001,462.68207374940073
32,100.7,462.8493841200185
32,100.80000000000001,464.3371448839005
32,100.9,472.5052559320017
32,101.0,473.1617079974936
32,101.10000000000001,464.11602011312226
32,101.2,492.3950069506511
32,101.30000000000001,500.44257491077184
32,101.4,472.12083959321143
32,101.5,466.22989496696346
32,101.60000000000001,464.48358055452945
32,101.7,462.6531305648948
32,101.80000000000001,464.774525472171
32,101.9,460.73429105697153
32,102.0,454.3383304736061
32,102.10000000000001,466.9403471521197
32,102.2,473.9142348141776
32,102.30000000000001,466.08818810165815
32,102.4,463.8347819677173
32,102.5,461.3085107546482
32,102.60000000000001,457.1227895892661
32,102.7,463.66559896061955
32,102.80000000000001,468.40046748002555
32,102.9,460.8881870434432
32,103.0,454.54186682584276
32,103.10000000000001,463.576899425966
32,103.2,459.2771523396565
32,103.30000000000001,454.40093504709495
32,103.4,459.7006433896442
32,103.5,458.2447551111344
32,103.60000000000001,463.379841082132
32,103.7,465.5505626655486
32,103.80000000000001,470.08305913627026
32,103.9,463.03306160338224
32,104.0,451.6143482183281
32,104.10000000000001,455.993266121965
32,104.2,469.2325732831037
32,104.30000000000001,484.0944902465586
32,104.4,479.916702908313
32,104.5,472.03777742538114
32,104.60000000000001,481.92925257632464
32,104.7,489.6193564897878
32,104.80000000000001,481.22057513522856
32,104.9,477.82795966773324
32,105.0,478.5453655824815
32,105.10000000000001,485.0711512376637
32,105.2,481.24517631846044
32,105.30000000000001,485.7886406829817
32,105.4,480.2203474009202
32,105.5,482.78111125219465
32,105.60000000000001,486.0138941788572
32,105.7,470.50846604408656
32,105.80000000000001,470.3920614406462
32,105.9,491.3143245134967
32,106.0,500.5824573130929
32,106.10000000000001,499.97758163149416
32,106.2,487.858530192091
32,106.30000000000001,481.7657901836322
32,106.4,472.2243148273553
32,106.5,477.25100448382415
32,106.60000000000001,487.5142854779539
32,106.7,485.20788124304596
32,106.80000000000001,475.42012382245673
32,106.9,474.6743858875609
32,107.0,477.7901538430383
32,107.10000000000001,481.11375613124665
32,107.2,482.7782869168207
32,107.30000000000001,478.20324646772735
32,107.4,479.6935505687075
32,107.5,482.94009105161456
32,107.60000000000001,486.2576100298784
32,107.7,478.9165963959363
32,107.80000000000001,472.7815714464796
32,107.9,487.3905564058697
32,108.0,483.88268923053465
32,108.10000000000001,487.52830508406976
32,108.2,498.9677589553443
32,108.30000000000001,491.93722955351933
32,108.4,528.1923867599203
32,108.5,562.7279183157995
32,108.60000000000001,514.241768783265
32,108.7,470.0852485311916
32,108.80000000000001,458.5316424081386
32,108.9,463.26128266902583
32,109.0,474.670567586695
32,109.10000000000001,465.0543813864494
32,109.2,467.4294100709379
32,109.30000000000001,471.49747947729475
32,109.4,476.37147149954586
32,109.5,471.990766355786
32,109.60000000000001,467.3811069647519
32,109.7,488.6758900895723
32,109.80000000000001,510.6835788831022
32,109.9,479.15100444822394
32,110.0,470.5508427804836
32,110.10000000000001,481.6705032926977
32,110.2,504.8759067534993
32,110.30000000000001,506.68317430527304
32,110.4,461.92782336101385
32,110.5,466.0810188772762
32,110.60000000000001,474.89797912801384
32,110.7,472.0723997960246
32,110.80000000000001,475.6409645170742
32,110.9,475.50005801805776
32,111.0,472.7066821013101
32,111.10000000000001,471.2894873914915
32,111.2,477.282225476632
32,111.30000000000001,469.61057555432257
32,111.4,472.2370803111102
32,111.5,475.4045774014315
32,111.60000000000001,475.3010856452373
32,111.7,462.7819416243114
32,111.80000000000001,460.5382384138813
32,111.9,451.4735003795464
32,112.0,470.4164139922657
32,112.10000000000001,477.1286442833212
32,112.2,476.09455829345984
32,112.30000000000001,477.2537684744263
32,112.4,478.83603695921494
32,112.5,479.4567687073858
32,112.60000000000001,489.60294119104844
32,112.7,494.3461841923928
32,112.80000000000001,472.19824842494523
32,112.9,479.14733189345
32,113.0,474.6386185489635
32,113.10000000000001,477.55069552950164
32,113.2,486.58735838615274
32,113.30000000000001,479.9149964275997
32,113.4,475.34371597185384
32,113.5,479.2322035862365
32,113.60000000000001,477.4601445445957
32,113.7,482.93665310389827
32,113.80000000000001,479.6444100643623
32,113.9,476.6701598943035
32,114.0,477.384623882809
32,114.10000000000001,496.9047912323122
32,114.2,485.5700646318879
32,114.30000000000001,466.3407121669679
32,114.4,477.42931875214805
32,114.5,510.76260683683296
32,114.60000000000001,492.2795591292935
32,114.7,476.16990241335895
32,114.80000000000001,592.1029015817967
32,114.9,697.2855435705502
32,115.0,460.48178356153284
32,115.10000000000001,463.1416575073047
32,115.2,473.47778881817084
32,115.30000000000001,478.4170481622431
32,115.4,485.15456962980284
32,115.5,482.96306321485764
32,115.60000000000001,473.53162670640546
32,115.7,475.4707349551736
32,115.80000000000001,480.7033850942132
32,115.9,481.46526980808795
32,116.0,477.27683343697066
32,116.10000000000001,515.7427897300481
32,116.2,565.1357985809542
32,116.30000000000001,520.9448823905498
32,116.4,501.4897335456863
32,116.5,520.0857927487309
32,116.60000000000001,505.38572174207565
32,116.7,505.34009680058665
32,116.80000000000001,474.3556018090528
32,116.9,503.47509091441657
32,117.0,476.19885578125934
32,117.10000000000001,497.54713181799843
32,117.2,501.8506364994566
32,117.30000000000001,490.37148444170924
32,117.4,478.162034465044
32,117.5,486.0266982593259
32,117.60000000000001,475.3839351633098
32,117.7,463.38200498480984
32,117.80000000000001,469.0227340485062
32,117.9,486.5049982910199
32,118.0,495.172356497268
32,118.10000000000001,470.14264654580995
32,118.2,482.9243472258493
32,118.30000000000001,481.2490879066684
32,118.4,485.5859949359486
32,118.5,480.301733251522
32,118.60000000000001,504.51350108377676
32,118.7,534.9921282886133
32,118.80000000000001,470.13876705170674
32,118.9,484.502428036943
32,119.0,493.61204647233893
32,119.10000000000001,489.81346769454956
32,119.2,482.77013349151804
32,119.30000000000001,488.1832065227288
32,119.4,482.3619965257907
32,119.5,468.3883787056696
32,119.60000000000001,473.5098744536053
32,119.7,477.2012127166339
32,119.80000000000001,483.53137988086934
32,119.9,478.69522156986534
32,120.0,475.4051022675834
32,120.10000000000001,476.01098276749644
32,120.2,488.66995047679853
32,120.30000000000001,480.0916963361147
32,120.4,465.341406582314
32,120.5,471.2296162336564
32,120.60000000000001,490.0785748617905
32,120.7,461.6313152784133
32,120.80000000000001,468.4345945909638
32,120.9,479.0301809566249
32,121.0,479.3232042923384
32,121.10000000000001,474.50672896864586
32,121.2,537.0915618715884
32,121.30000000000001,604.5467596778202
32,121.4,489.42602094632986
32,121.5,478.7717911297769
32,121.60000000000001,480.28095600393186
32,121.7,490.3876769605387
32,121.80000000000001,513.3221071152348
32,121.9,508.5328726855937
32,122.0,489.8959060018115
32,122.10000000000001,483.7103002549626
32,122.2,447.4157107729041
32,122.30000000000001,463.43890937901915
32,122.4,489.4626655305181
32,122.5,494.6662611362369
32,122.60000000000001,527.5717622554217
32,122.7,474.4359943826737
32,122.80000000000001,482.43901734235317
32,122.9,474.9933213972215
32,123.0,474.12862397748745
32,123.10000000000001,475.74053774501044
32,123.2,473.2172144458087
32,123.30000000000001,484.4654334379394
32,123.4,473.2050992884754
32,123.5,481.453737087412
32,123.60000000000001,488.53110460940184
32,123.7,489.7748283890826
32,123.80000000000001,484.1221860277899
32,123.9,468.7795610537283
32,124.0,479.0848240041557
32,124.10000000000001,481.3784071866666
32,124.2,480.1134581063313
32,124.30000000000001,487.96048329441186
32,124.4,470.4589385113579
32,124.5,473.4435605764557
32,124.60000000000001,483.4078144275694
32,124.7,517.9887134698557
32,124.80000000000001,532.161263191674
32,124.9,491.07050762811883
32,125.0,592.7013609630446
32,125.10000000000001,729.6368476551598
32,125.2,476.1513560827788
32,125.30000000000001,500.46622671346626
32,125.4,490.40073958704966
32,125.5,469.30437832492595
32,125.60000000000001,478.5414961319149
32,125.7,475.1656150624539
32,125.80000000000001,463.3529928618919
32,125.9,463.41586734307236
32,126.0,460.34822586156366
32,126.10000000000001,461.0777261695569
32,126.2,453.7777494353941
32,126.30000000000001,466.59937167434447
32,126.4,465.9491208193127
32,126.5,450.48876989062836
32,126.60000000000001,462.5330110973962
32,126.7,459.68906462932034
32,126.80000000000001,457.8756022643335
32,126.9,454.1463437374485
32,127.0,460.34008017153064
32,127.10000000000001,461.6489391681393
32,127.2,456.5570298301078
32,127.30000000000001,452.83422629000745
32,127.4,450.4160493971575
32,127.5,455.6752430953181
32,127.60000000000001,457.2985264656073
32,127.7,469.65859740573467
32,127.80000000000001,457.8630628096221
32,127.9,458.08940399495793
32,128.0,457.97477340461
32,128.1,461.28134113004705
32,128.20000000000002,459.8420482104909
32,128.3,459.85710988895113
32,128.4,459.39518449746754
32,128.5,487.8051676341073
32,128.6,463.2119241722109
32,128.70000000000002,462.7702872297602
32,128.8,469.72662830400856
32,128.9,467.9248012023763
32,129.0,471.91182652922635
32,129.1,480.1101091538159
32,129.20000000000002,473.63690280435395
32,129.3,485.71823274325493
32,129.4,502.4380137005469
32,129.5,463.4232433960016
32,129.6,452.461324268605
32,129.70000000000002,464.2548276022447
32,129.8,458.11456641154314
32,129.9,450.60676713402046
32,130.0,469.38152982650945
32,130.1,514.9577116057033
32,130.20000000000002,476.894423110218
32,130.3,466.9731049618308
32,130.4,459.8997828353572
32,130.5,466.8334192353883
32,130.6,468.1258846804733
32,130.70000000000002,462.75844430290203
32,130.8,485.0689154512729
32,130.9,549.4365795003232
32,131.0,483.47060450071126
32,131.1,470.2294203392652
32,131.20000000000002,477.18518118794117
32,131.3,474.0099365157355
32,131.4,474.08439353829476
32,131.5,472.5118511617268
32,131.6,468.24812878907676
32,131.70000000000002,478.6463611944931
32,131.8,480.6232340841652
32,131.9,474.16463117929203
32,132.0,487.15504813225414
32,132.1,467.22687962180095
32,132.20000000000002,479.1951443770782
32,132.3,480.04276476815585
32,132.4,465.94794983880314
32,132.5,506.6801545435916
32,132.6,595.8783560730444
32,132.70000000000002,472.97633083290486
32,132.8,456.8250574122573
32,132.9,461.8855630456183
32,133.0,471.18855104642495
32,133.1,463.2551766554119
32,133.20000000000002,464.92123980408195
32,133.3,477.3257599439693
32,133.4,467.7208606162071
32,133.5,458.1385775438396
32,133.6,471.1178710164145
32,133.70000000000002,485.6678711900626
32,133.8,467.87620110967777
32,133.9,476.37693548616073
32,134.0,488.1605144935305
32,134.1,555.1875183783695
32,134.20000000000002,478.0555368063323
32,134.3,474.4210928544008
32,134.4,459.0608270223537
32,134.5,474.68529004161934
32,134.6,472.3963795041892
32,134.70000000000002,468.5745224383599
32,134.8,471.59795894076126
32,134.9,478.5183348994774
32,135.0,473.1033916380972
32,135.1,460.49451332785173
32,135.20000000000002,483.3916176434822
32,135.3,472.9323183446095
32,135.4,484.8985830526734
32,135.5,489.23252444840625
32,135.6,471.6008249213668
32,135.70000000000002,476.907764650515
32,135.8,476.5856594695066
32,135.9,488.7926532258366
32,136.0,478.02119910882357
32,136.1,470.18225068482695
32,136.20000000000002,470.04514770565714
32,136.3,463.2496707953492
32,136.4,479.11530251681023
32,136.5,465.3255733525229
32,136.6,477.2616369585787
32,136.70000000000002,474.3028269064753
32,136.8,494.0220495663912
32,136.9,474.8742762044997
32,137.0,491.888655794063
32,137.1,479.3716261860333
32,137.20000000000002,490.82347231390656
32,137.3,592.6397633859705
32,137.4,472.80823081805414
32,137.5,481.08905485760846
32,137.6,483.070769504948
32,137.70000000000002,492.1607601595342
32,137.8,483.7445674048249
32,137.9,468.1398228430642
32,138.0,487.31732028847046
32,138.1,480.57007235856196
32,138.20000000000002,484.067056338356
32,138.3,478.2745141415197
32,138.4,476.3631724352226
32,138.5,478.2717183760704
32,138.6,456.542920063188
32,138.70000000000002,471.6542492044974
32,138.8,478.1253485169417
32,138.9,481.67332405057385
32,139.0,497.0939687846258
32,139.1,472.290277778253
32,139.20000000000002,489.20727103208986
32,139.3,466.79129941692
32,139.4,495.7176105260131
32,139.5,469.12792864682746
32,139.6,471.82724199530026
32,139.70000000000002,483.08862247448485
32,139.8,476.6809062761945
32,139.9,468.64443224191103
32,140.0,525.5269432929997
32,140.1,497.4726520881309
32,140.20000000000002,467.4478652933446
32,140.3,477.18180496544704
32,140.4,469.379087545811
32,140.5,479.80230680827134
32,140.6,476.47180976009196
32,140.70000000000002,532.0441842320948
32,140.8,455.2290351996753
32,140.9,479.0702547544094
32,141.0,467.3967284440134
32,141.1,459.28171176539144
32,141.20000000000002,476.5959119209608
32,141.3,454.8790104533789
32,141.4,472.1017881360175
32,141.5,476.4411637571149
32,141.6,476.3659729619505
32,141.70000000000002,452.2424979128567
32,141.8,440.8587826052182
32,141.9,470.69730057569853
32,142.0,468.74541671154407
32,142.1,470.4012014154215
32,142.20000000000002,468.83188667675415
32,142.3,469.07052516524993
32,142.4,464.38535517419655
32,142.5,461.00135029452133
32,142.6,480.72127827365574
32,142.70000000000002,455.7797677290867
32,142.8,473.03606708041406
32,142.9,474.17349436910655
32,143.0,468.4351355913625
32,143.1,478.10899858982873
32,143.20000000000002,460.0564828342699
32,143.3,470.1909240795583
32,143.4,464.35183833808816
32,143.5,480.265204896333
32,143.6,471.36403938502224
32,143.70000000000002,460.99758685901327
32,143.8,484.17519677841216
32,143.9,732.8077842073665
32,144.0,733.0170140851783
32,144.1,507.9784890051553
32,144.20000000000002,473.21164698549114
32,144.3,487.18693811004454
32,144.4,475.5424612114963
32,144.5,482.1014701598875
32,144.6,479.6178006180672
32,144.70000000000002,466.24929194190906
32,144.8,482.7823700452464
32,144.9,467.8853804722446
32,145.0,484.95801415404554
32,145.1,480.13286108000057
32,145.20000000000002,499.25274485717676
32,145.3,464.6751690699475
32,145.4,492.8318573742014
32,145.5,492.8912785698116
32,145.6,510.4810162951369
32,145.70000000000002,476.484359312975
32,145.8,498.8379794126576
32,145.9,464.01734376870843
32,146.0,508.3489079683553
32,146.1,481.3100562238193
32,146.20000000000002,463.3142445090502
32,146.3,483.9380180175275
32,146.4,474.7677644227977
32,146.5,480.94417538006957
32,146.6,519.7773290683571
32,146.70000000000002,472.82656756627733
32,146.8,460.67326902373463
32,146.9,484.7521443944648
32,147.0,481.57847725615596
32,147.1,471.0820709316453
32,147.20000000000002,476.06503846045484
32,147.3,463.7343273330353
32,147.4,469.175512492435
32,147.5,480.01632721992314
32,147.6,481.90230771617246
32,147.70000000000002,477.1508348786652
32,147.8,466.3885101308412
32,147.9,492.9457121155568
32,148.0,466.32770482099966
32,148.1,491.2052617046476
32,148.20000000000002,479.4609937811068
32,148.3,465.0014905863784
32,148.4,478.99188630679413
32,148.5,465.41283451560867
32,148.6,460.72430438246954
32,148.70000000000002,470.73989521352405
32,148.8,479.5781662572234
32,148.9,471.2447181591598
32,149.0,465.3729510688134
32,149.1,473.60951216380766
32,149.20000000000002,473.2509452750285
32,149.3,467.8084776970202
32,149.4,471.79473020106104
32,149.5,463.55726468016155
32,149.6,469.40381114725
32,149.70000000000002,460.7832547502521
32,149.8,485.85149003252354
32,149.9,459.5210211123642
32,150.0,484.61297735611697
32,150.1,468.32251081332976
32,150.20000000000002,461.50752908890644
32,150.3,472.81162024428625
32,150.4,476.5039263027469
32,150.5,473.7358081797798
32,150.6,480.0252961737875
32,150.70000000000002,472.9692067681092
32,150.8,470.7357941908296
32,150.9,468.7405695388474
32,151.0,476.2873643543833
32,151.1,473.1320739484308
32,151.20000000000002,470.7511207788955
32,151.3,467.15092175852413
32,151.4,473.30430911213824
32,151.5,470.1210714903554
32,151.6,477.2938385062521
32,151.70000000000002,473.1933747190401
32,151.8,469.0109142109735
32,151.9,464.19635634734937
32,152.0,471.2357399155069
32,152.1,466.85447496318494
32,152.20000000000002,464.4034730621112
32,152.3,460.8041045293058
32,152.4,464.3978683649571
32,152.5,460.8254148259346
32,152.6,454.28091817308854
32,152.70000000000002,455.808290370346
32,152.8,468.2619446506157
32,152.9,460.77094877139757
32,153.0,460.5960623457084
32,153.1,458.72649922555996
32,153.20000000000002,451.99932929578756
32,153.3,456.9412614753948
32,153.4,479.93670431756107
32,153.5,482.5870814395547
32,153.60000000000002,459.99029601424985
32,153.70000000000002,454.8788442871263
32,153.8,465.153369533206
32,153.9,467.8067688426191
32,154.0,469.2000464012963
32,154.10000000000002,442.0225016169935
32,154.20000000000002,471.8024477315244
32,154.3,489.7593274717647
32,154.4,463.81642543690174
32,154.5,448.0111265062681
32,154.60000000000002,461.73052023800807
32,154.70000000000002,464.4803971333735
32,154.8,468.6416626291226
32,154.9,450.74308753234635
32,155.0,461.57103426575264
32,155.10000000000002,456.1406869931547
32,155.20000000000002,464.5417249024231
32,155.3,467.4433936900402
32,155.4,471.951040243336
32,155.5,463.0896660741221
32,155.60000000000002,460.3066512109798
32,155.70000000000002,463.9476640366206
32,155.8,465.22064268033483
32,155.9,458.8694908648125
32,156.0,510.64031354682214
32,156.10000000000002,452.02661382750017
32,156.20000000000002,461.8302084368729
32,156.3,474.6170352609269
32,156.4,459.1318013996935
32,156.5,462.77285670985975
32,156.60000000000002,479.4778342952225
32,156.70000000000002,461.4452184217074
32,156.8,463.5752397455641
32,156.9,465.7806410172094
32,157.0,451.9309948886829
32,157.10000000000002,472.20916767231546
32,157.20000000000002,463.3597604212914
32,157.3,563.2923661414897
32,157.4,456.808145631218
32,157.5,462.5513283620144
32,157.60000000000002,463.69360242812127
32,157.70000000000002,445.4106167650767
32,157.8,468.1363671453826
32,157.9,459.10250499215954
32,158.0,469.16072412905686
32,158.10000000000002,456.39988853558685
32,158.20000000000002,454.31187336415184
32,158.3,469.0811902364535
32,158.4,607.4225030596137
32,158.5,477.6939409286521
32,158.60000000000002,477.6781385681959
32,158.70000000000002,575.8334234462748
32,158.8,552.7171099114166
32,158.9,488.8011145144268
32,159.0,473.60494402155655
32,159.10000000000002,459.7736636714529
32,159.20000000000002,470.23684358132647
32,159.3,470.4592048134317
32,159.4,455.35826556596595
32,159.5,470.92156626328045
32,159.60000000000002,460.4332943110708
32,159.70000000000002,468.4833182786082
32,159.8,479.15865801863026
32,159.9,480.1495230012581
32,160.0,460.32074050669104
32,160.10000000000002,479.3630642694649
32,160.20000000000002,474.24047969309436
32,160.3,462.5805191037514
32,160.4,479.39902049353884
32,160.5,452.25310845813823
32,160.60000000000002,467.27930352666925
32,160.70000000000002,455.96953308329
32,160.8,492.7841327832065
32,160.9,466.8684610595325
32,161.0,473.5929246605699
32,161.10000000000002,457.2380408860271
32,161.20000000000002,469.89223500498304
32,161.3,451.5501076164193
32,161.4,464.88566071905245
32,161.5,456.3524387967373
32,161.60000000000002,472.0485455918419
32,161.70000000000002,458.70341664211986
32,161.8,468.70400805797243
32,161.9,474.70101414744136
32,162.0,451.2976167794285
32,162.10000000000002,465.17885239385544
32,162.20000000000002,472.81246205111285
32,162.3,475.37303029410737
32,162.4,701.5419894820012
32,162.5,512.2807913045757
32,162.60000000000002,469.5784943386593
32,162.70000000000002,477.38327140157867
32,162.8,468.5661380016142
32,162.9,476.20513759838406
32,163.0,451.9125628386654
32,163.10000000000002,508.9215920109201
32,163.20000000000002,470.8854941409615
32,163.3,456.20656358393956
32,163.4,469.7069050642513
32,163.5,452.42549379141735
32,163.60000000000002,488.79972385954346
32,163.70000000000002,470.5293976300539
32,163.8,468.54185989949855
32,163.9,455.2832413012181
32,164.0,467.8867149891021
32,164.10000000000002,460.029801531726
32,164.20000000000002,467.22477914838475
32,164.3,475.72330451782994
32,164.4,460.0786021076295
32,164.5,460.216766733062
32,164.60000000000002,460.58773254706847
32,164.70000000000002,461.28688169079874
32,164.8,464.4518750578401
32,164.9,469.98820703225
32,165.0,467.6407147670036
32,165.10000000000002,477.5778522819847
32,165.20000000000002,463.4549317957163
32,165.3,467.273173379018
32,165.4,462.39528396804286
32,165.5,463.73131939775027
32,165.60000000000002,470.3919268968689
32,165.70000000000002,458.64592073193114
32,165.8,461.3361362481779
32,165.9,466.1297981211799
32,166.0,470.3038615120644
32,166.10000000000002,466.06669276409065
32,166.20000000000002,458.12373918780327
32,166.3,463.15585537023986
32,166.4,466.1602432679204
32,166.5,462.7423644832869
32,166.60000000000002,459.6487098140778
32,166.70000000000002,447.14583852339433
32,166.8,459.0026609006454
32,166.9,464.4042894367021
32,167.0,465.08104092714507
32,167.10000000000002,451.07256586158184
32,167.20000000000002,458.05126143680815
32,167.3,453.36469348427914
32,167.4,457.2757616564144
32,167.5,462.5035262226098
32,167.60000000000002,458.6874066865376
32,167.70000000000002,458.76039115118505
32,167.8,459.91934298350134
32,167.9,462.22306799580684
32,168.0,453.5706898100387
32,168.10000000000002,460.87654185525923
32,168.20000000000002,453.1820307742872
32,168.3,458.33563998780176
32,168.4,452.8541307802089
32,168.5,463.1580410564941
32,168.60000000000002,458.8589808580018
32,168.70000000000002,471.74228608871675
32,168.8,462.69187320147256
32,168.9,472.21756605980124
32,169.0,461.15248928505054
32,169.10000000000002,470.2062705407517
32,169.20000000000002,461.2891406154376
32,169.3,450.22518311268584
32,169.4,662.9745239162861
32,169.5,725.6035753019908
32,169.60000000000002,728.9401414430512
32,169.70000000000002,532.490421319483
32,169.8,473.4381194881749
32,169.9,485.34192437838306
32,170.0,697.2728335128412
32,170.10000000000002,538.0193451258219
32,170.20000000000002,475.24157450830876
32,170.3,473.87407456524517
32,170.4,460.7884170980039
32,170.5,458.95073568189565
32,170.60000000000002,458.18892714735324
32,170.70000000000002,453.9312402596342
32,170.8,460.2674124649143
32,170.9,459.6182671321138
32,171.0,468.86804891700797
32,171.10000000000002,474.1197093577918
32,171.20000000000002,477.9143492270087
32,171.3,457.22035139252614
32,171.4,457.7471555582037
32,171.5,464.6645315299859
32,171.60000000000002,472.79256836427595
32,171.70000000000002,416.07891958618137
32,171.8,443.003535301328
32,171.9,471.5669959482462
32,172.0,472.29598165246915
32,172.10000000000002,454.5237102809301
32,172.20000000000002,458.91131367278
32,172.3,466.3779104146866
32,172.4,467.535786361091
32,172.5,463.38290631642155
32,172.60000000000002,665.124010855489
32,172.70000000000002,540.9145729908115
32,172.8,475.7159171795283
32,172.9,457.7293427897456
32,173.0,456.31205805816955
32,173.10000000000002,469.57154877463375
32,173.20000000000002,462.3956548928298
32,173.3,475.16359809009407
32,173.4,459.631553211036
32,173.5,469.8806231745933
32,173.60000000000002,472.98041036083185
32,173.70000000000002,490.4241263488089
32,173.8,469.0297750674856
32,173.9,466.0612557916562
32,174.0,465.6632658632299
32,174.10000000000002,474.5231511227833
32,174.20000000000002,471.8573467892256
32,174.3,473.81265789631766
32,174.4,462.7227647708878
32,174.5,456.21272378265553
32,174.60000000000002,472.55903242528956
32,174.70000000000002,470.04358618411925
32,174.8,477.78696721897546
32,174.9,473.0764260547164
32,175.0,461.48741056800145
32,175.10000000000002,462.1729254735469
32,175.20000000000002,464.9496568118197
32,175.3,462.99548221459685
32,175.4,469.01427344364384
32,175.5,467.50915118905783
32,175.60000000000002,463.6502056874605
32,175.70000000000002,464.9985603051985
32,175.8,455.46966981367956
32,175.9,460.62887878998794
32,176.0,459.52246337528777
32,176.10000000000002,588.8124129140266
32,176.20000000000002,536.7295308642039
32,176.3,478.7998517228693
32,176.4,461.7581114108633
32,176.5,456.0128067978661
32,176.60000000000002,466.8408867008209
32,176.70000000000002,463.55424900453477
32,176.8,450.80857853462874
32,176.9,455.64676369294324
32,177.0,465.1168141581955
32,177.10000000000002,476.226410000527
32,177.20000000000002,467.57916827153065
32,177.3,472.61098724312933
32,177.4,497.7523996235037
32,177.5,478.0369572989642
32,177.60000000000002,472.7616337257423
32,177.70000000000002,480.35722580304025
32,177.8,476.7003899073641
32,177.9,484.5727398743309
32,178.0,485.6096805189854
32,178.10000000000002,473.93925161070155
32,178.20000000000002,462.85487004656005
32,178.3,469.9733248958696
32,178.4,482.18664624135374
32,178.5,481.6370382834635
32,178.60000000000002,529.9184010723034
32,178.70000000000002,599.298342912369
32,178.8,517.1906499721046
32,178.9,468.7042383752507
32,179.0,485.5060966699629
32,179.10000000000002,484.4469199443334
32,179.20000000000002,478.90432210195206
32,179.3,480.28354831617054
32,179.4,480.6909068734884
32,179.5,479.5476869749799
32,179.60000000000002,472.5379212277583
32,179.70000000000002,483.2899098974759
32,179.8,483.61252859368886
32,179.9,481.7059958807299
32,180.0,470.972358804145
32,180.10000000000002,475.21853730182835
32,180.20000000000002,476.0012908853713
32,180.3,471.9882555562699
32,180.4,471.259315107252
32,180.5,477.56493738353834
32,180.60000000000002,476.9729280007424
32,180.70000000000002,465.45752790903015
32,180.8,478.5030198288215
32,180.9,489.91003518641224
32,181.0,473.9985046750796
32,181.10000000000002,480.5073053806223
32,181.20000000000002,482.0352137978346
32,181.3,474.32455728530454
32,181.4,475.55654339122736
32,181.5,475.7700215171112
32,181.60000000000002,479.11763630857916
32,181.70000000000002,471.05895802455956
32,181.8,549.3610293724656
32,181.9,516.0917760715676
32,182.0,483.9774939623921
32,182.10000000000002,480.83995074865777
32,182.20000000000002,483.7059180439599
32,182.3,484.34943042763376
32,182.4,488.4056960627561
32,182.5,476.9523378751269
32,182.60000000000002,491.91111185028615
32,182.70000000000002,497.38310195016766
32,182.8,513.1219318225823
32,182.9,475.9191804860346
32,183.0,464.2691029347997
32,183.10000000000002,450.4577162124105
32,183.20000000000002,453.28910500178966
32,183.3,472.37134015512237
32,183.4,470.1586814809336
32,183.5,460.67661695131716
32,183.60000000000002,478.57870602723824
32,183.70000000000002,493.1465249621134
32,183.8,497.5391015364676
32,183.9,499.6439936692212
32,184.0,494.29013230615993
32,184.10000000000002,482.65390508093026
32,184.20000000000002,475.0982821015902
32,184.3,484.11494766743255
32,184.4,484.83733375509235
32,184.5,489.47931088332285
32,184.60000000000002,495.2070477907279
32,184.70000000000002,492.1620319003571
32,184.8,579.824156873731
32,184.9,521.8415723104172
32,185.0,481.00366028307957
32,185.10000000000002,474.0674795353363
32,185.20000000000002,457.5026299728339
32,185.3,474.97327851225265
32,185.4,483.044874340133
32,185.5,475.9784673114544
32,185.60000000000002,468.10982455529825
32,185.70000000000002,469.74797744084765
32,185.8,488.16366222600584
32,185.9,478.06483661483
32,186.0,468.3502163550667
32,186.10000000000002,462.1732737211293
32,186.20000000000002,517.2796849099792
32,186.3,577.9406585921164
32,186.4,515.1028863238037
32,186.5,477.70402330435775
32,186.60000000000002,476.42008185505716
32,186.70000000000002,465.91038495346044
32,186.8,470.63734064909846
32,186.9,468.548564687267
32,187.0,464.75896938705
32,187.10000000000002,469.49231730886225
32,187.20000000000002,463.67242103033203
32,187.3,476.0108642131256
32,187.4,476.71598363948635
32,187.5,471.3167813323548
32,187.60000000000002,473.6601822260354
32,187.70000000000002,466.5846756592641
32,187.8,530.9399160187751
32,187.9,643.6211065004169
32,188.0,550.365887392443
32,188.10000000000002,460.7125893801499
32,188.20000000000002,467.5666804287245
32,188.3,470.42562072966973
32,188.4,460.29354397488476
32,188.5,465.1204858720983
32,188.60000000000002,473.0980651230625
32,188.70000000000002,462.31662948928715
32,188.8,464.7708445367958
32,188.9,468.88935809381724
32,189.0,465.0281039376646
32,189.10000000000002,455.1331856815015
32,189.20000000000002,623.1287098125381
32,189.3,572.4526149522565
32,189.4,469.42262089660363
32,189.5,486.0781262047554
32,189.60000000000002,477.18122469654014
32,189.70000000000002,558.3408639693163
32,189.8,523.2222396258741
32,189.9,468.1069799099299
32,190.0,464.46586776591687
32,190.10000000000002,472.6664046085088
32,190.20000000000002,473.9678506105185
32,190.3,468.4200089482174
32,190.4,461.12267141464787
32,190.5,463.50090606726366
32,190.60000000000002,463.7253273847149
32,190.70000000000002,464.2085528566026
32,190.8,507.5032980256275
32,190.9,488.3002420536653
32,191.0,467.49864207967977
32,191.10000000000002,536.1677596713015
32,191.20000000000002,511.46885864211526
32,191.3,470.38423222080115
32,191.4,469.615506186677
32,191.5,457.12673401026353
32,191.60000000000002,462.60595022075296
32,191.70000000000002,457.83690973821655
32,191.8,461.26561181090784
32,191.9,473.37921139575377
32,192.0,471.28103557624945
32,192.10000000000002,464.783435072986
32,192.20000000000002,472.90749583095345
32,192.3,464.55662809893425
32,192.4,462.8411898734005
32,192.5,479.5613530966219
32,192.60000000000002,468.74462746059834
32,192.70000000000002,462.2365299136478
32,192.8,477.8716707208646
32,192.9,473.8734620371329
32,193.0,462.9394419922415
32,193.10000000000002,480.9114001720521
32,193.20000000000002,472.7443325067907
32,193.3,465.9167207849135
32,193.4,468.6214554269058
32,193.5,468.8543024340263
32,193.60000000000002,460.10985842443466
32,193.70000000000002,463.3502360643503
32,193.8,468.01905851398885
32,193.9,460.74377433095395
32,194.0,459.244083274754
32,194.10000000000002,455.9561047304717
32,194.20000000000002,457.7013389351045
32,194.3,458.57399283002894
32,194.4,459.37020749267896
32,194.5,465.7200050468706
32,194.60000000000002,459.931315629092
32,194.70000000000002,460.0147377103185
32,194.8,456.7364239270439
32,194.9,467.3323834209452
32,195.0,472.3738957316158
32,195.10000000000002,462.7342726091259
32,195.20000000000002,462.92231555249595
32,195.3,460.1158552165034
32,195.4,463.59549011309065
32,195.5,465.30752164195286
32,195.60000000000002,451.77850793359136
32,195.70000000000002,455.81990214696947
32,195.8,462.9121902483888
32,195.9,454.0357877968453
32,196.0,460.0502707861233
32,196.10000000000002,474.88646058942635
32,196.20000000000002,474.17394203457843
32,196.3,477.1704525462475
32,196.4,479.6525649735631
32,196.5,467.06052719933473
32,196.60000000000002,462.71268968411266
32,196.70000000000002,462.4478270244114
32,196.8,463.1511756754766
32,196.9,472.62502214734786
32,197.0,485.67881620145545
32,197.10000000000002,492.0481679859126
32,197.20000000000002,492.9421567472063
32,197.3,493.7761803104822
32,197.4,482.13947093038377
32,197.5,479.1865653978678
32,197.60000000000002,479.3010554329158
32,197.70000000000002,480.538624411912
32,197.8,476.4640068054427
32,197.9,464.90758020745164
32,198.0,473.669223923559
32,198.10000000000002,482.3391995124595
32,198.20000000000002,477.6040463135711
32,198.3,475.1824156000992
32,198.4,466.5786122698149
32,198.5,485.8344545621347
32,198.60000000000002,495.18448908957424
32,198.70000000000002,491.65610074154034
32,198.8,490.8652820212446
32,198.9,489.6236049444674
32,199.0,510.69511452066024
32,199.10000000000002,508.6267735104823
32,199.20000000000002,484.69458374354224
32,199.3,481.81547211678105
32,199.4,475.1130761112966
32,199.5,482.6744747035724
32,199.60000000000002,491.0342605791824
32,199.70000000000002,465.7255230584402
32,199.8,454.8563465478101
32,199.9,455.5529739429013
32,200.0,464.2074051944957
32,200.10000000000002,465.35246355244027
32,200.20000000000002,455.80861039121254
32,200.3,458.68088048346493
32,200.4,461.9230414299192
32,200.5,463.29890145996706
32,200.60000000000002,460.44970809845887
32,200.70000000000002,465.48844679598045
32,200.8,460.1262012390809
32,200.9,454.69300323500806
32,201.0,455.867324290514
32,201.10000000000002,459.07890875808647
32,201.20000000000002,459.0796166233367
32,201.3,462.91930203451557
32,201.4,465.15205979340124
32,201.5,471.93524861204435
32,201.60000000000002,467.856940413186
32,201.70000000000002,437.2440229809785
32,201.8,413.92598187354946
32,201.9,431.1848613979846
32,202.0,470.9902188296014
32,202.10000000000002,476.1769203941235
32,202.20000000000002,462.213767273584
32,202.3,466.80180273142446
32,202.4,486.8507243810813
32,202.5,535.1449376765949
32,202.60000000000002,520.3324357890274
32,202.70000000000002,476.66234941377365
32,202.8,483.5116241575261
32,202.9,470.4346003240341
32,203.0,461.85840490570985
32,203.10000000000002,461.99265728573874
32,203.20000000000002,465.9373943809126
32,203.3,470.66238208693375
32,203.4,465.1264545454545
32,203.5,467.3541431260202
32,203.60000000000002,472.16755372597464
32,203.70000000000002,477.6204377021889
32,203.8,470.5814983655437
32,203.9,471.198201221896
32,204.0,476.4810368531165
32,204.10000000000002,605.4636160129826
32,204.20000000000002,593.9321030843578
32,204.3,484.06383919161993
32,204.4,482.74607184722066
32,204.5,465.67923275894935
32,204.60000000000002,464.5323242993063
32,204.70000000000002,469.1847923678099
32,204.8,467.0205859634399
32,204.9,466.18267203758984
32,205.0,469.9804958125949
32,205.10000000000002,550.2524151433626
32,205.20000000000002,545.4113922766694
32,205.3,474.9207769308135
32,205.4,476.5819715926
32,205.5,470.83787270842765
32,205.60000000000002,475.1566385134088
32,205.70000000000002,470.1041820110482
32,205.8,466.8251422696341
32,205.9,477.8413807429162
32,206.0,480.50348916641053
32,206.10000000000002,474.14829564804927
32,206.20000000000002,475.29214069546754
32,206.3,482.8089996039951
32,206.4,479.527747956596
32,206.5,466.19506359187216
32,206.60000000000002,468.09485884646483
32,206.70000000000002,479.6429772568279
32,206.8,483.4857407873042
32,206.9,480.04192657363933
32,207.0,472.69528806429395
32,207.10000000000002,471.80216396366865
32,207.20000000000002,476.10583028281354
32,207.3,475.35085261662886
32,207.4,473.95347918677237
32,207.5,477.45666619803893
32,207.60000000000002,467.35926615117563
32,207.70000000000002,466.9043193780721
32,207.8,520.834771920679
32,207.9,520.1804466346675
32,208.0,497.60975188722404
32,208.10000000000002,497.25824186969686
32,208.20000000000002,471.94064774080124
32,208.3,484.34532511407525
32,208.4,492.45263760341555
32,208.5,478.7601416956584
32,208.60000000000002,473.83012721545464
32,208.70000000000002,482.05633014983516
32,208.8,472.5359995348619
32,208.9,463.4866315554703
32,209.0,473.7856211973177
32,209.10000000000002,479.96074761142256
32,209.20000000000002,483.5071301425203
32,209.3,473.82295036922875
32,209.4,464.7725257710937
32,209.5,474.65021356030746
32,209.60000000000002,474.3503995625038
32,209.70000000000002,468.97934300494916
32,209.8,472.3184104502907
32,209.9,476.47523667709584
32,210.0,476.5061420578564
32,210.10000000000002,475.188925381442
32,210.20000000000002,473.348785139205
32,210.3,470.72985717151937
32,210.4,470.55112827037016
32,210.5,462.0094054777286
32,210.60000000000002,471.64816825431126
32,210.70000000000002,484.41769913358047
32,210.8,491.4235978940592
32,210.9,478.2881158902782
32,211.0,445.44769691901575
32,211.10000000000002,471.41889558791206
32,211.20000000000002,471.8484091038551
32,211.3,452.76659335566995
32,211.4,453.16087649838255
32,211.5,461.78706259799554
32,211.60000000000002,483.2218009035777
32,211.70000000000002,620.9377209268896
32,211.8,631.7050264684725
32,211.9,478.08049957038264
32,212.0,496.677169417293
32,212.10000000000002,518.9220771546604
32,212.20000000000002,511.53863789945063
32,212.3,483.1216135930454
32,212.4,480.36816005394127
32,212.5,480.02439485736346
32,212.60000000000002,481.8736098409766
32,212.70000000000002,484.854183215777
32,212.8,468.38054216339054
32,212.9,458.7651350597607
32,213.0,467.3805030119334
32,213.10000000000002,481.81134975194897
32,213.20000000000002,485.53340988784015
32,213.3,475.371416982986
32,213.4,469.7237291754137
32,213.5,482.53678287225677
32,213.60000000000002,484.02359377689555
32,213.70000000000002,481.32790406902757
32,213.8,472.7765036236197
32,213.9,472.66003845191665
32,214.0,482.97406988924473
32,214.10000000000002,471.75398060915217
32,214.20000000000002,466.1970337260362
32,214.3,477.8966193870534
32,214.4,485.09101886840125
32,214.5,507.63774016065116
32,214.60000000000002,510.00429054714306
32,214.70000000000002,481.71250016608786
32,214.8,480.39740503794286
32,214.9,480.83688593365025
32,215.0,485.79204653074646
32,215.10000000000002,490.5800710303583
32,215.20000000000002,490.06285203272125
32,215.3,490.6239697962146
32,215.4,494.5317805534841
32,215.5,488.80898136383996
32,215.60000000000002,479.84067582317016
32,215.70000000000002,477.99318842211056
32,215.8,475.4693844073126
32,215.9,473.9582746508926
32,216.0,484.5278879103283
32,216.10000000000002,490.71253473218275
32,216.20000000000002,475.39985391818857
32,216.3,475.68873188405973
32,216.4,484.4565333939474
32,216.5,485.4087085244316
32,216.60000000000002,484.55375287642687
32,216.70000000000002,474.44254611966267
32,216.8,469.16490016656275
32,216.9,472.0666109621548
32,217.0,470.8259553209741
32,217.10000000000002,478.3414588388951
32,217.20000000000002,480.62770123106685
32,217.3,477.9953371825294
32,217.4,589.7240269715861
32,217.5,633.3807981599784
32,217.60000000000002,487.6964472093339
32,217.70000000000002,478.2877612758691
32,217.8,471.17431640995136
32,217.9,477.4539783115255
32,218.0,484.78882357616584
32,218.10000000000002,479.93450536760906
32,218.20000000000002,471.0463129541973
32,218.3,474.2116267354097
32,218.4,494.6122164216795
32,218.5,507.327914684355
32,218.60000000000002,483.41249288924354
32,218.70000000000002,514.0108794689168
32,218.8,519.5239451722331
32,218.9,473.4060272314444
32,219.0,481.7279419961115
32,219.10000000000002,468.95445659992424
32,219.20000000000002,453.6656964859606
32,219.3,453.8677081491698
32,219.4,481.35459116355435
32,219.5,518.1137185870735
32,219.60000000000002,536.8305180112492
32,219.70000000000002,480.8005448050239
64,0.0,715.99
64,0.1,553.4367980980838
64,0.2,470.22971623482766
64,0.30000000000000004,466.84083486677036
64,0.4,661.9171433850319
64,0.5,546.3931407939915
64,0.6000000000000001,562.7080878645219
64,0.7000000000000001,499.04611724164215
64,0.8,484.30090321710645
64,0.9,516.3823340504764
64,1.0,643.8507825863203
64,1.1,564.7666418951952
64,1.2000000000000002,523.4968863541818
64,1.3,479.8035697927909
64,1.4000000000000001,467.79712968522176
64,1.5,473.1837380739103
64,1.6,487.98193665458723
64,1.7000000000000002,496.78968881990244
64,1.8,494.56678078852946
64,1.9000000000000001,485.2462335696194
64,2.0,490.32784274382817
64,2.1,497.83823695018157
64,2.2,513.9058663330808
64,2.3000000000000003,497.46285640571085
64,2.4000000000000004,489.6775997502883
64,2.5,503.75649089908336
64,2.6,497.21071958466655
64,2.7,489.84748483860744
64,2.8000000000000003,507.92204325595475
64,2.9000000000000004,483.5827851718073
64,3.0,477.22643554854557
64,3.1,577.8394343073746
64,3.2,530.0781385535765
64,3.3000000000000003,584.8197899833712
64,3.4000000000000004,522.6196233690662
64,3.5,480.5823803076659
64,3.6,493.80441985665203
64,3.7,493.3799238277462
64,3.8000000000000003,489.1749116160485
64,3.9000000000000004,482.1092712346132
64,4.0,495.30437443200907
64,4.1000000000000005,501.3527266683664
64,4.2,491.2524928016927
64,4.3,483.63560820152594
64,4.4,488.29572528575414
64,4.5,496.9670346078971
64,4.6000000000000005,506.0941354991208
64,4.7,565.8609463988125
64,4.800000000000001,532.4713233744877
64,4.9,475.39354201309453
64,5.0,463.8216472125664
64,5.1000000000000005,479.9978842439854
64,5.2,499.57733205349683
64,5.300000000000001,498.8974931824896
64,5.4,497.09720562856074
64,5.5,502.15308411698135
64,5.6000000000000005,496.0120319176208
64,5.7,479.8221968019328
64,5.800000000000001,494.78915000845905
64,5.9,517.0391735630294
64,6.0,496.64665753192907
64,6.1000000000000005,479.3753370601943
64,6.2,479.82927065705604
64,6.300000000000001,473.8053398742524
64,6.4,463.21789573395
64,6.5,472.5395464795713
64,6.6000000000000005,472.61577883470295
64,6.7,486.5058936677675
64,6.800000000000001,494.5282732389601
64,6.9,501.27728148312286
64,7.0,500.04580088586243
64,7.1000000000000005,498.06215718819544
64,7.2,496.275307376848
64,7.300000000000001,490.675299188464
64,7.4,490.55388125549473
64,7.5,495.1589848683756
64,7.6000000000000005,499.78857376353926
64,7.7,495.0970156684751
64,7.800000000000001,486.2643826050906
64,7.9,494.66232759435036
64,8.0,491.4283157173662
64,8.1,476.81804924526375
64,8.200000000000001,579.3535542639444
64,8.3,522.4198131900799
64,8.4,480.67251242533627
64,8.5,496.5651356443051
64,8.6,499.24629385668135
64,8.700000000000001,499.4352935985286
64,8.8,487.5108465910606
64,8.9,609.5129263086925
64,9.0,566.434151714722
64,9.1,504.130816638193
64,9.200000000000001,579.9246216296083
64,9.3,526.3610744080642
64,9.4,608.9357756910613
64,9.5,540.1689742231924
64,9.600000000000001,483.11161911058707
64,9.700000000000001,494.025187779872
64,9.8,499.4195443498814
64,9.9,480.69405977297413
64,10.0,494.3876585435008
64,10.100000000000001,495.8100397364845
64,10.200000000000001,496.4070103790714
64,10.3,502.2078876100481
64,10.4,483.76528012466304
64,10.5,449.98993952174
64,10.600000000000001,539.4551918459078
64,10.700000000000001,514.5084254807108
64,10.8,492.2368842531657
64,10.9,503.8031211902431
64,11.0,531.6720805073943
64,11.100000000000001,517.5777310316225
64,11.200000000000001,482.9168627979286
64,11.3,500.936217315574
64,11.4,514.4360688688483
64,11.5,500.40896157777485
64,11.600000000000001,509.1508000767238
64,11.700000000000001,508.1812962906133
64,11.8,529.903934949835
64,11.9,524.8732690354893
64,12.0,514.0977057948913
64,12.100000000000001,508.9390244126532
64,12.200000000000001,515.7374007038613
64,12.3,485.73478178317623
64,12.4,488.8994803476886
64,12.5,511.96422179146873
64,12.600000000000001,503.8890645812928
64,12.700000000000001,493.1736862683245
64,12.8,554.4374071724717
64,12.9,527.2312204316496
64,13.0,497.22968958533386
64,13.100000000000001,492.4361325996468
64,13.200000000000001,501.3055305405716
64,13.3,513.0462569738934
64,13.4,508.2757580104073
64,13.5,490.543144118558
64,13.600000000000001,488.97727030653635
64,13.700000000000001,509.85974031301623
64,13.8,505.2867718246233
64,13.9,491.4680266896665
64,14.0,546.8957380600642
64,14.100000000000001,535.8450245956781
64,14.200000000000001,499.8361324261534
64,14.3,505.819691642819
64,14.4,510.07621532930705
64,14.5,500.89269406850894
64,14.600000000000001,496.31157042259224
64,14.700000000000001,494.8980613400932
64,14.8,500.6658220736058
64,14.9,506.7964826176454
64,15.0,500.6305907267191
64,15.100000000000001,500.1515384229048
64,15.200000000000001,494.9510426321682
64,15.3,486.08304151795704
64,15.4,493.5262329739608
64,15.5,506.4075805607708
64,15.600000000000001,513.2179762312073
64,15.700000000000001,491.31953863693724
64,15.8,487.7480025260842
64,15.9,506.6300150380025
64,16.0,498.39479754569066
64,16.1,498.99063287901055
64,16.2,539.5684254250854
64,16.3,523.9259504556854
64,16.400000000000002,510.81644717224384
64,16.5,503.92871593394807
64,16.6,498.02624138841435
64,16.7,484.9300799414776
64,16.8,496.14630778820674
64,16.900000000000002,501.51500634646015
64,17.0,496.1291750613577
64,17.1,517.4956526556552
64,17.2,500.6244914561301
64,17.3,501.780558452495
64,17.400000000000002,499.3588469127972
64,17.5,503.94813609340565
64,17.6,506.1073931412285
64,17.7,505.51179722210304
64,17.8,504.56594259489594
64,17.900000000000002,499.23298904949115
64,18.0,635.8658449378927
64,18.1,593.9191885052785
64,18.2,491.41006497281245
64,18.3,493.9901494330057
64,18.400000000000002,510.83116803599023
64,18.5,501.94574470123166
64,18.6,504.524186945934
64,18.7,516.5165487172155
64,18.8,524.7849260116709
64,18.900000000000002,500.9287492033301
64,19.0,472.65090283840715
64,19.1,555.9201819393043
64,19.200000000000003,543.891151705273
64,19.3,494.9524048144318
64,19.400000000000002,505.56217282657684
64,19.5,557.8685849701232
64,19.6,527.9483182858559
64,19.700000000000003,513.513616198833
64,19.8,505.4603132672604
64,19.900000000000002,497.8117067366799
64,20.0,502.5242964239593
64,20.1,495.6826317943781
64,20.200000000000003,521.1254786074905
64,20.3,517.705018017949
64,20.400000000000002,495.8150304158882
64,20.5,495.9903717681376
64,20.6,498.31797054404313
64,20.700000000000003,502.45277732128284
64,20.8,496.9929859123986
64,20.900000000000002,496.64744584957657
64,21.0,503.061899517478
64,21.1,506.9141988879358
64,21.200000000000003,507.56733659888386
64,21.3,494.88720504060296
64,21.400000000000002,493.2949323635621
64,21.5,491.78963046262436
64,21.6,496.92291016126904
64,21.700000000000003,528.5064525780061
64,21.8,519.8939830948525
64,21.900000000000002,487.1039746416312
64,22.0,492.3132343610382
64,22.1,495.73295371910655
64,22.200000000000003,501.1932807155576
64,22.3,498.84391619837254
64,22.400000000000002,499.9484087611871
64,22.5,515.4890941199176
64,22.6,505.99327817191835
64,22.700000000000003,493.45213591366894
64,22.8,479.05588932541684
64,22.900000000000002,489.5850736812267
64,23.0,509.74463250869917
64,23.1,586.8843108416988
64,23.200000000000003,559.4856839191722
64,23.3,498.22529331649497
64,23.400000000000002,515.4777620183745
64,23.5,504.93202094729816
64,23.6,490.3508691854288
64,23.700000000000003,493.69113567823877
64,23.8,497.60330915017107
64,23.900000000000002,506.0240465393314
64,24.0,496.85932263744115
64,24.1,498.47639771402737
64,24.200000000000003,496.9962922952279
64,24.3,498.6091512673595
64,24.400000000000002,499.5611753868509
64,24.5,492.99166230810806
64,24.6,487.71012266764495
64,24.700000000000003,489.6927447361653
64,24.8,534.3874247812367
64,24.900000000000002,561.2268425776753
64,25.0,519.1410821976556
64,25.1,499.77347784676556
64,25.200000000000003,511.6964061170081
64,25.3,499.4105631838163
64,25.400000000000002,489.6738753624985
64,25.5,503.2328763700132
64,25.6,497.83301409470766
64,25.700000000000003,499.77923243561537
64,25.8,517.5953012824575
64,25.900000000000002,514.4619099655257
64,26.0,523.6297570575972
64,26.1,523.835783299539
64,26.200000000000003,487.8920303752635
64,26.3,488.48954345515835
64,26.400000000000002,506.9411180205446
64,26.5,488.3795381588325
64,26.6,488.875833169077
64,26.700000000000003,506.46042629071974
64,26.8,511.64008325497724
64,26.900000000000002,509.54575381275833
64,27.0,503.8128411259485
64,27.1,501.8065386619519
64,27.200000000000003,522.0697837937669
64,27.3,526.4244436374552
64,27.400000000000002,536.3440486581778
64,27.5,537.3750227032848
64,27.6,515.1705882607184
64,27.700000000000003,507.12119192735946
64,27.8,497.6612950699293
64,27.900000000000002,512.1870360534272
64,28.0,520.4414141690996
64,28.1,510.72951787969
64,28.200000000000003,503.0549843028345
64,28.3,509.99331797969415
64,28.400000000000002,515.6144977316047
64,28.5,510.0119311754782
64,28.6,509.3853681624094
64,28.700000000000003,515.5468983576094
64,28.8,515.5188096225924
64,28.900000000000002,504.75460513343484
64,29.0,515.8198136534223
64,29.1,538.6646899372615
64,29.200000000000003,524.8384186018349
64,29.3,492.284301523769
64,29.400000000000002,490.2623768249796
64,29.5,501.7436529672749
64,29.6,500.02375964572406
64,29.700000000000003,502.0989882490032
64,29.8,505.51987175516126
64,29.900000000000002,486.02904828706835
64,30.0,484.93848794422894
64,30.1,498.24652534689125
64,30.200000000000003,610.8036323268105
64,30.3,625.1438871840188
64,30.400000000000002,494.4939793719019
64,30.5,491.26193144506027
64,30.6,486.793286562953
64,30.700000000000003,488.8050663958245
64,30.8,501.15513774412506
64,30.900000000000002,495.89639959778697
64,31.0,557.9611971140329
64,31.1,562.6909056169369
64,31.200000000000003,491.52170682218366
64,31.3,492.88568822951925
64,31.400000000000002,495.65205517425414
64,31.5,499.26972328015097
64,31.6,493.64456634975966
64,31.700000000000003,483.53275202032023
64,31.8,501.99140293541626
64,31.900000000000002,511.9956922277049
64,32.0,493.9916894758914
64,32.1,490.9167374494268
64,32.2,512.2484527644614
64,32.300000000000004,580.8301933931455
64,32.4,610.1193999456758
64,32.5,538.305799033577
64,32.6,533.4658319495479
64,32.7,539.2504412533729
64,32.800000000000004,548.8268747495963
64,32.9,551.5285554199083
64,33.0,497.73123446382874
64,33.1,504.0322918447146
64,33.2,602.8225434543576
64,33.300000000000004,625.6636975310157
64,33.4,618.1741040332796
64,33.5,687.4666071062651
64,33.6,602.3536336439541
64,33.7,637.1609139791101
64,33.800000000000004,645.7731605815737
64,33.9,520.4811625097992
64,34.0,533.5951741105043
64,34.1,535.8675072943838
64,34.2,552.8687886701306
64,34.300000000000004,564.9628586246629
64,34.4,514.5656182682045
64,34.5,511.914752033702
64,34.6,518.6660237770373
64,34.7,518.2898720559047
64,34.800000000000004,592.0946638308286
64,34.9,613.4824228247426
64,35.0,545.5030675562333
64,35.1,548.2318675413236
64,35.2,525.7712414773974
64,35.300000000000004,526.2810058254598
64,35.4,525.2299414913338
64,35.5,527.9287926743557
64,35.6,608.3289877833449
64,35.7,611.7232752194237
64,35.800000000000004,504.27961876017173
64,35.9,516.0221830471164
64,36.0,544.3913397305314
64,36.1,544.4038228635138
64,36.2,542.8561753716524
64,36.300000000000004,559.5336511995341
64,36.4,509.4324579247573
64,36.5,509.2905491458388
64,36.6,500.1377202169129
64,36.7,501.1090132599471
64,36.800000000000004,499.04218387133733
64,36.9,507.45609056379004
64,37.0,509.1734973443989
64,37.1,508.47687243951884
64,37.2,508.8599990587823
64,37.300000000000004,537.6279731350702
64,37.4,534.028928547636
64,37.5,503.73920804711906
64,37.6,512.6727456540074
64,37.7,513.1520834749919
64,37.800000000000004,509.8185225645007
64,37.9,588.3449428475402
64,38.0,669.5988331387452
64,38.1,560.1165954871437
64,38.2,504.9016728289025
64,38.300000000000004,516.7661881521481
64,38.400000000000006,511.8552180038065
64,38.5,506.980769821886
64,38.6,513.7537699275638
64,38.7,518.7258479640493
64,38.800000000000004,520.0228076758658
64,38.900000000000006,509.63945059771874
64,39.0,508.56499042711096
64,39.1,511.2669804575411
64,39.2,515.2181011667161
64,39.300000000000004,511.1041301690698
64,39.400000000000006,511.4851498695615
64,39.5,512.3724624365603
64,39.6,608.8153970191537
64,39.7,643.1998130924115
64,39.800000000000004,500.4352324034137
64,39.900000000000006,504.1688803504427
64,40.0,508.60205411091914
64,40.1,500.6381148824332
64,40.2,507.3386534648656
64,40.300000000000004,512.1486575080418
64,40.400000000000006,511.6892331516175
64,40.5,503.2219759188575
64,40.6,484.854442670676
64,40.7,484.9928868427073
64,40.800000000000004,495.3225462208348
64,40.900000000000006,503.9598044443699
64,41.0,496.799192769046
64,41.1,487.9281599391709
64,41.2,494.42891252311244
64,41.300000000000004,510.24428118138127
64,41.400000000000006,507.89092505343336
64,41.5,503.5350259126618
64,41.6,504.5574971921159
64,41.7,511.9654938739618
64,41.800000000000004,499.3796540778931
64,41.900000000000006,524.2084682451983
64,42.0,526.7904167564168
64,42.1,477.7391885230787
64,42.2,491.3630786923373
64,42.300000000000004,490.0157214061231
64,42.400000000000006,480.3539950652525
64,42.5,475.9629517742731
64,42.6,477.2402158323507
64,42.7,490.3150892604754
64,42.800000000000004,497.6646535598394
64,42.900000000000006,503.43158410397524
64,43.0,506.3059559989706
64,43.1,524.3865143694544
64,43.2,526.6285865262173
64,43.300000000000004,500.7606668998513
64,43.400000000000006,495.384683196957
64,43.5,492.9524539345762
64,43.6,504.834660260342
64,43.7,611.6638311116266
64,43.800000000000004,665.6050786769997
64,43.900000000000006,500.87926510814265
64,44.0,488.8113394130583
64,44.1,510.0935089128964
64,44.2,512.6862040262189
64,44.300000000000004,508.7448609064002
64,44.400000000000006,488.5690768300076
64,44.5,490.685665982972
64,44.6,512.2313231908396
64,44.7,490.6336505166548
64,44.800000000000004,490.1582555679991
64,44.900000000000006,499.4099793932573
64,45.0,503.38330932087274
64,45.1,525.6978602850569
64,45.2,523.8095132197113
64,45.300000000000004,498.4217058709424
64,45.400000000000006,495.37134070644987
64,45.5,505.84505163433266
64,45.6,490.5083000223959
64,45.7,498.34695520671926
64,45.800000000000004,528.1304714400068
64,45.900000000000006,514.7583760179547
64,46.0,512.323797625089
64,46.1,499.4832051351695
64,46.2,506.6197496841977
64,46.300000000000004,498.5070030437764
64,46.400000000000006,499.1771913117865
64,46.5,537.4216499942816
64,46.6,571.9843335266455
64,46.7,509.45292658845335
64,46.800000000000004,485.1229806017104
64,46.900000000000006,508.6252939693411
64,47.0,503.31316045964746
64,47.1,506.6132588987342
64,47.2,506.1235489066432
64,47.300000000000004,504.5881266180476
64,47.400000000000006,521.3955074051844
64,47.5,521.3759212174211
64,47.6,508.6524710099211
64,47.7,511.39612935939937
64,47.800000000000004,508.76446264662974
64,47.900000000000006,520.0056718191375
64,48.0,515.8622283276385
64,48.1,494.4293694705195
64,48.2,501.02016768407856
64,48.300000000000004,497.28150830501284
64,48.400000000000006,505.74431271618323
64,48.5,505.09832494228476
64,48.6,497.9926241778504
64,48.7,496.7118588744619
64,48.800000000000004,518.9398053525915
64,48.900000000000006,514.4439287874868
64,49.0,502.43614043180827
64,49.1,489.9766290959004
64,49.2,514.6487628522137
64,49.300000000000004,498.8412949011023
64,49.400000000000006,489.748910149376
64,49.5,499.1570072696341
64,49.6,515.8013170434164
64,49.7,536.1624324634835
64,49.800000000000004,557.2554498389372
64,49.900000000000006,661.7356614728748
64,50.0,505.9931633349853
64,50.1,500.82655200482213
64,50.2,538.1595209618622
64,50.300000000000004,590.8998010578271
64,50.400000000000006,490.2134210434023
64,50.5,490.71919408349464
64,50.6,486.2384410354287
64,50.7,502.4706149969622
64,50.800000000000004,509.8776365539133
64,50.900000000000006,510.15884913243724
64,51.0,495.3451882856353
64,51.1,501.0455125972981
64,51.2,523.3528538050239
64,51.300000000000004,517.7764249764086
64,51.400000000000006,491.7676394129722
64,51.5,481.1797773448949
64,51.6,480.37277771593324
64,51.7,491.14064530335736
64,51.800000000000004,507.41002074036624
64,51.900000000000006,500.18106631560113
64,52.0,500.43012569101586
64,52.1,512.49290624446
64,52.2,524.1669722396628
64,52.300000000000004,535.0826644936809
64,52.400000000000006,506.29563964126703
64,52.5,513.2396793605558
64,52.6,517.2541460031019
64,52.7,506.0272408816691
64,52.800000000000004,507.8086282684787
64,52.900000000000006,509.35254000700553
64,53.0,540.0574267957085
64,53.1,574.4364418585133
64,53.2,507.8925138743746
64,53.300000000000004,585.9434952149795
64,53.400000000000006,689.9643375938098
64,53.5,505.2429328523228
64,53.6,508.5614526099078
64,53.7,507.14154383643887
64,53.800000000000004,505.86121328507255
64,53.900000000000006,517.4094712807025
64,54.0,518.847361398902
64,54.1,512.7972710815641
64,54.2,513.1333613335524
64,54.300000000000004,514.7984347729121
64,54.400000000000006,524.0716884213232
64,54.5,519.7518277170067
64,54.6,518.4852176273109
64,54.7,518.3574282746011
64,54.800000000000004,501.4592100202295
64,54.900000000000006,498.58113534610516
64,55.0,520.0242816138241
64,55.1,499.48201826421985
64,55.2,496.54548251281415
64,55.300000000000004,507.4768921416632
64,55.400000000000006,496.6820131384191
64,55.5,509.56473327312716
64,55.6,516.0139713542798
64,55.7,513.7255023406086
64,55.800000000000004,491.78582306187565
64,55.900000000000006,512.3149225412158
64,56.0,523.1455817152007
64,56.1,517.9596886635223
64,56.2,498.0223502920181
64,56.300000000000004,516.9437880613441
64,56.400000000000006,511.2559217259532
64,56.5,520.0624477319951
64,56.6,500.0940818592524
64,56.7,494.4240659427705
64,56.800000000000004,516.1394953354495
64,56.900000000000006,527.181889563265
64,57.0,541.1147526020817
64,57.1,518.9036711072243
64,57.2,512.1737284975595
64,57.300000000000004,506.5276198872923
64,57.400000000000006,524.2094166013547
64,57.5,507.76062909824833
64,57.6,504.16519141480575
64,57.7,501.75155294092326
64,57.800000000000004,485.17734793123736
64,57.900000000000006,512.9680590662806
64,58.0,506.03806098854096
64,58.1,500.20139418726836
64,58.2,492.62363906525815
64,58.300000000000004,482.8218482660038
64,58.400000000000006,513.6364834424676
64,58.5,504.4222585962036
64,58.6,499.7660610809288
64,58.7,486.0750651465444
64,58.800000000000004,496.39235963717243
64,58.900000000000006,504.0627885387228
64,59.0,504.5721883992356
64,59.1,515.2092829590837
64,59.2,521.0940957170287
64,59.300000000000004,509.24605362601477
64,59.400000000000006,531.200767514808
64,59.5,515.1294564830499
64,59.6,526.4274148892015
64,59.7,542.465018901473
64,59.800000000000004,625.7014581771317
64,59.900000000000006,491.59730948438084
64,60.0,503.71225460368294
64,60.1,480.60268436423314
64,60.2,516.2311295263105
64,60.300000000000004,512.7454462929326
64,60.400000000000006,494.9075224608274
64,60.5,513.0611618548348
64,60.6,497.6786600192536
64,60.7,494.1435915755407
64,60.800000000000004,492.6689000095336
64,60.900000000000006,524.949826100159
64,61.0,500.7279193773993
64,61.1,491.2784211318424
64,61.2,525.7644556449013
64,61.300000000000004,507.3528208464782
64,61.400000000000006,497.8279554116481
64,61.5,513.4533835863857
64,61.6,572.8133309190196
64,61.7,492.8946526075494
64,61.800000000000004,484.98670583323883
64,61.900000000000006,507.77795616095824
64,62.0,535.9891268008712
64,62.1,530.7351173638912
64,62.2,528.8395558746995
64,62.300000000000004,518.998222126114
64,62.400000000000006,514.70964669318
64,62.5,514.2545968521762
64,62.6,512.0197750227562
64,62.7,500.5931780443155
64,62.800000000000004,497.246147663801
64,62.900000000000006,498.85416033455175
64,63.0,488.8010791138562
64,63.1,500.5038531489931
64,63.2,520.1172980839333
64,63.300000000000004,519.0730880981092
64,63.400000000000006,518.1863091996502
64,63.5,510.71675216776947
64,63.6,486.1307588021408
64,63.7,496.43123265512327
64,63.800000000000004,509.36675475784807
64,63.900000000000006,505.9277813141884
64,64.0,509.36367173738995
64,64.10000000000001,494.2105890641085
64,64.2,492.97076138625164
64,64.3,490.98663157280134
64,64.4,512.5962522689797
64,64.5,513.682880522897
64,64.60000000000001,517.9097191522948
64,64.7,535.1391105956185
64,64.8,508.5465560058146
64,64.9,502.8588859779026
64,65.0,520.7163372638923
64,65.10000000000001,513.7926018592589
64,65.2,544.7745249825475
64,65.3,515.8015887052553
64,65.4,492.2417642788902
64,65.5,496.28714923819166
64,65.60000000000001,520.038596904733
64,65.7,523.2254501651146
64,65.8,531.5669566853493
64,65.9,500.431685202735
64,66.0,483.7017080599156
64,66.10000000000001,473.95023307626167
64,66.2,483.6650085592928
64,66.3,520.09941715349
64,66.4,524.9302753377976
64,66.5,551.180133435634
64,66.60000000000001,511.64922072738835
64,66.7,533.0545748645341
64,66.8,530.4373169414617
64,66.9,498.22356727254504
64,67.0,496.9113270456885
64,67.10000000000001,513.7867737018083
64,67.2,509.4883807616698
64,67.3,500.93935999123113
64,67.4,501.2055697389364
64,67.5,502.3473730320425
64,67.60000000000001,516.5402797194531
64,67.7,512.2175952593352
64,67.8,501.90216125136715
64,67.9,504.71442008578265
64,68.0,518.7850820866897
64,68.10000000000001,522.9410776794612
64,68.2,522.4704040756017
64,68.3,495.03741834623617
64,68.4,510.62188825325103
64,68.5,528.1093396030392
64,68.60000000000001,509.5331633818508
64,68.7,503.2443425336505
64,68.8,548.1853365541016
64,68.9,513.7362650532779
64,69.0,529.415747446518
64,69.10000000000001,517.7839243325925
64,69.2,515.7569071946091
64,69.3,500.09833277041764
64,69.4,519.0984055658919
64,69.5,504.6442956129776
64,69.60000000000001,501.5666574369901
64,69.7,505.02499753321706
64,69.8,499.9446866099786
64,69.9,500.9873498309668
64,70.0,519.964263105223
64,70.10000000000001,522.297424979328
64,70.2,515.5371446148425
64,70.3,526.6670712973518
64,70.4,512.3041710208131
64,70.5,533.3640818100811
64,70.60000000000001,535.0567629555679
64,70.7,530.8443260048508
64,70.8,526.6062227931825
64,70.9,521.5453561890208
64,71.0,534.1276748794297
64,71.10000000000001,485.86920662471465
64,71.2,498.25676131977417
64,71.3,485.3019224214749
64,71.4,502.6485875848584
64,71.5,484.79417184384374
64,71.60000000000001,469.48142248122844
64,71.7,496.82592374387366
64,71.8,504.92010932173764
64,71.9,486.9196206293451
64,72.0,482.11122989858745
64,72.10000000000001,500.52280295469353
64,72.2,484.73234364707844
64,72.3,507.95026602719025
64,72.4,492.3040658689832
64,72.5,515.0977881548974
64,72.60000000000001,591.7721311008311
64,72.7,512.9294738595339
64,72.8,507.34204720379086
64,72.9,510.76997568798174
64,73.0,497.7352334921115
64,73.10000000000001,508.6863682726395
64,73.2,516.8376284100067
64,73.3,456.8677566809547
64,73.4,492.4008481236034
64,73.5,478.4854962268422
64,73.60000000000001,500.9655831255935
64,73.7,495.86708951215957
64,73.8,508.32369035624725
64,73.9,495.12021988605755
64,74.0,508.76564897766616
64,74.10000000000001,474.55329137629536
64,74.2,521.7710581856052
64,74.3,535.8782537465586
64,74.4,489.9498208406413
64,74.5,501.77612697353686
64,74.60000000000001,495.96684861364133
64,74.7,482.4639983026215
64,74.8,490.1430103124713
64,74.9,502.5188833610921
64,75.0,500.718640238367
64,75.10000000000001,533.9689802668918
64,75.2,732.0956167827363
64,75.3,514.8326735638967
64,75.4,535.7778121744823
64,75.5,495.4640288502778
64,75.60000000000001,501.17376497783994
64,75.7,486.2422089150029
64,75.8,499.54688800098694
64,75.9,618.2763236276572
64,76.0,505.18250703671674
64,76.10000000000001,515.4611647563379
64,76.2,508.0294191583604
64,76.3,498.37644412091913
64,76.4,517.086749639604
64,76.5,498.93730479235813
64,76.60000000000001,543.6646214526205
64,76.7,547.5576151384946
64,76.80000000000001,481.48124484229356
64,76.9,489.2140184687981
64,77.0,504.2438443576058
64,77.10000000000001,480.5150505276727
64,77.2,506.50989528247925
64,77.30000000000001,501.7450635815191
64,77.4,512.2260437075864
64,77.5,504.8819536953419
64,77.60000000000001,489.0848023277814
64,77.7,493.16259477996954
64,77.80000000000001,504.61563706177935
64,77.9,482.8340005890242
64,78.0,501.90320187667015
64,78.10000000000001,505.784396832345
64,78.2,532.6772339596995
64,78.30000000000001,754.4904417379115
64,78.4,746.912962106686
64,78.5,695.6465201493925
64,78.60000000000001,477.7403047833729
64,78.7,499.3504425377197
64,78.80000000000001,529.062430701786
64,78.9,547.0529863361581
64,79.0,538.3263494062029
64,79.10000000000001,507.40476627993075
64,79.2,500.5667387819003
64,79.30000000000001,506.7493888580435
64,79.4,493.4785232711792
64,79.5,472.7522105993056
64,79.60000000000001,494.3941216484641
64,79.7,509.73773484467614
64,79.80000000000001,513.2795101096524
64,79.9,489.4738026353672
64,80.0,504.3979825335522
64,80.10000000000001,512.9287066264448
64,80.2,500.2346843090847
64,80.30000000000001,476.550160000576
64,80.4,506.1969057711709
64,80.5,464.6078816360665
64,80.60000000000001,500.28190467461434
64,80.7,525.8771302004973
64,80.80000000000001,505.40753059142224
64,80.9,503.2759364053568
64,81.0,507.4011290022063
64,81.10000000000001,496.0974584211539
64,81.2,519.7242599215135
64,81.30000000000001,528.1755156852454
64,81.4,553.5972865762313
64,81.5,528.6894396521118
64,81.60000000000001,534.2335482034813
64,81.7,594.8411844259911
64,81.80000000000001,521.0920898028423
64,81.9,508.73693709067265
64,82.0,526.0545811689859
64,82.10000000000001,548.1377087642043
64,82.2,553.4735458961817
64,82.30000000000001,647.1410568432253
64,82.4,533.3751469594023
64,82.5,512.2180682825472
64,82.60000000000001,567.531501030953
64,82.7,520.9184358611456
64,82.80000000000001,523.595159516966
64,82.9,508.95771644263027
64,83.0,488.86204259739765
64,83.10000000000001,511.3468423957774
64,83.2,487.7771449413984
64,83.30000000000001,519.3978288372022
64,83.4,498.41044961700004
64,83.5,526.1772605920239
64,83.60000000000001,524.1080216397406
64,83.7,500.2077139185007
64,83.80000000000001,491.6530965152476
64,83.9,503.17435264058184
64,84.0,493.7067323860103
64,84.10000000000001,508.01769937886246
64,84.2,520.12094038812
64,84.30000000000001,502.2900498005622
64,84.4,494.900000194424
64,84.5,515.9161556917329
64,84.60000000000001,516.4231491207998
64,84.7,508.8902314716721
64,84.80000000000001,498.85351564635647
64,84.9,505.4161712803071
64,85.0,514.0458395130868
64,85.10000000000001,498.1734095539915
64,85.2,515.5368158927358
64,85.30000000000001,502.7507538719636
64,85.4,519.8232431064563
64,85.5,530.6746387432809
64,85.60000000000001,519.8061167552206
64,85.7,510.5711309097585
64,85.80000000000001,524.7067882650906
64,85.9,520.7834462811129
64,86.0,504.3295441241992
64,86.10000000000001,507.1027787239916
64,86.2,498.92602133527754
64,86.30000000000001,503.50300602827997
64,86.4,557.2184722469071
64,86.5,505.9139702721636
64,86.60000000000001,507.8012850166667
64,86.7,514.7136507206633
64,86.80000000000001,525.9370434387879
64,86.9,517.802495913247
64,87.0,520.7620987654615
64,87.10000000000001,504.4605331090477
64,87.2,533.1741846309984
64,87.30000000000001,508.3699186904963
64,87.4,496.35323540671885
64,87.5,492.5152379400882
64,87.60000000000001,497.33044767045453
64,87.7,501.7314145649318
64,87.80000000000001,495.8385806160316
64,87.9,510.5192922697595
64,88.0,650.9591779508759
64,88.10000000000001,521.1552002382826
64,88.2,516.7613028102535
64,88.30000000000001,511.2629223190984
64,88.4,544.1874140968945
64,88.5,598.298630948183
64,88.60000000000001,528.654283280954
64,88.7,528.2762258961441
64,88.80000000000001,536.8780401251289
64,88.9,510.91664977994407
64,89.0,502.4858629557974
64,89.10000000000001,509.1305680086354
64,89.2,519.024976543522
64,89.30000000000001,533.3828831635392
64,89.4,586.9272389280128
64,89.5,521.7507662377269
64,89.60000000000001,514.0284680838048
64,89.7,585.8311984951505
64,89.80000000000001,551.539436656724
64,89.9,534.5171889411505
64,90.0,491.83983648745897
64,90.10000000000001,506.61685606464283
64,90.2,509.5565188566028
64,90.30000000000001,480.65585996321147
64,90.4,505.03960856256396
64,90.5,497.9637810428393
64,90.60000000000001,503.21193036824974
64,90.7,513.6859485898099
64,90.80000000000001,484.9554570743873
64,90.9,659.6412835920249
64,91.0,514.1981335857581
64,91.10000000000001,725.7176226889959
64,91.2,727.283133990515
64,91.30000000000001,520.4817470116991
64,91.4,516.6137029301972
64,91.5,565.7464856289794
64,91.60000000000001,504.78663769059574
64,91.7,525.9211755032013
64,91.80000000000001,521.5262412348957
64,91.9,547.1461898185207
64,92.0,533.9778337693903
64,92.10000000000001,531.5853461990285
64,92.2,534.9014489465429
64,92.30000000000001,527.2991123088916
64,92.4,500.84683535231517
64,92.5,503.3334410412089
64,92.60000000000001,519.3925645352508
64,92.7,582.1205452830216
64,92.80000000000001,519.9150839567667
64,92.9,528.9990102320174
64,93.0,493.0387632083115
64,93.10000000000001,470.9627007501336
64,93.2,500.4762451667169
64,93.30000000000001,494.8808687378345
64,93.4,503.22315696929
64,93.5,510.70708190244716
64,93.60000000000001,635.7105887778134
64,93.7,529.1500617461008
64,93.80000000000001,605.5044571207873
64,93.9,491.5013465995659
64,94.0,493.17410966127744
64,94.10000000000001,514.1853574403411
64,94.2,612.5779834112873
64,94.30000000000001,487.34351763552417
64,94.4,515.7969753212049
64,94.5,509.84483396558215
64,94.60000000000001,542.4319636086391
64,94.7,540.3167950199083
64,94.80000000000001,540.6275575560448
64,94.9,532.2345087816532
64,95.0,535.9806742044249
64,95.10000000000001,515.2930822501954
64,95.2,521.9532047433299
64,95.30000000000001,530.4647058187749
64,95.4,523.2500961178092
64,95.5,527.8438690266836
64,95.60000000000001,528.7976311922536
64,95.7,511.6543117643269
64,95.80000000000001,512.7007425762395
64,95.9,510.36872717151965
64,96.0,510.5589512468278
64,96.10000000000001,510.9387388202495
64,96.2,502.8560433108389
64,96.30000000000001,486.25265191832295
64,96.4,511.78683251609186
64,96.5,514.457261708967
64,96.60000000000001,511.3984013000595
64,96.7,519.266908025858
64,96.80000000000001,502.1146431805271
64,96.9,492.13718100214885
64,97.0,511.374721740353
64,97.10000000000001,514.0984461990465
64,97.2,548.0833454580985
64,97.30000000000001,523.0134469934475
64,97.4,493.2993108630342
64,97.5,515.9401402748357
64,97.60000000000001,517.3572095571695
64,97.7,509.4740028079604
64,97.80000000000001,517.6382683495814
64,97.9,527.7743792228838
64,98.0,533.7662870255201
64,98.10000000000001,499.65582273901
64,98.2,503.6131291238055
64,98.30000000000001,505.11100328737626
64,98.4,514.3950842853234
64,98.5,526.8925672908977
64,98.60000000000001,491.56686625013367
64,98.7,497.41928945558726
64,98.80000000000001,523.9873197848761
64,98.9,521.0062144992871
64,99.0,514.1063177692578
64,99.10000000000001,528.8511058223061
64,99.2,533.568827856161
64,99.30000000000001,490.97401992479064
64,99.4,499.10325055544246
64,99.5,613.6600371902304
64,99.60000000000001,508.85729434453947
64,99.7,528.7407835315881
64,99.80000000000001,521.2856101566955
64,99.9,500.9679889109956
64,100.0,523.6737665390234
64,100.10000000000001,585.0430438524392
64,100.2,527.2254366332412
64,100.30000000000001,565.1233729788004
64,100.4,522.4787185223984
64,100.5,509.36979592259746
64,100.60000000000001,504.7142850439627
64,100.7,521.0045972792914
64,100.80000000000001,494.0228419200536
64,100.9,509.35743509159994
64,101.0,514.5002536523527
64,101.10000000000001,507.89088549996245
64,101.2,513.5144498889903
64,101.30000000000001,532.5740029347171
64,101.4,516.9259364319502
64,101.5,525.6807561077887
64,101.60000000000001,517.2470139032964
64,101.7,517.9805563592176
64,101.80000000000001,629.1821422166445
64,101.9,540.6496579418526
64,102.0,508.5187531929089
64,102.10000000000001,525.940026194089
64,102.2,547.9722836344147
64,102.30000000000001,538.56257012605
64,102.4,512.395715033108
64,102.5,635.5178256166611
64,102.60000000000001,536.6149574448195
64,102.7,518.6899067078677
64,102.80000000000001,529.1670036484956
64,102.9,515.1029131114526
64,103.0,513.680387461577
64,103.10000000000001,505.26500809683716
64,103.2,500.703590069864
64,103.30000000000001,514.4510807853995
64,103.4,528.8314030734192
64,103.5,528.033547450543
64,103.60000000000001,507.27410507698926
64,103.7,511.8109505567433
64,103.80000000000001,532.5486957199118
64,103.9,515.3849772872182
64,104.0,525.530902917897
64,104.10000000000001,518.4615306133527
64,104.2,521.7004166046333
64,104.30000000000001,523.3727159199548
64,104.4,504.20846344989474
64,104.5,541.4297797833763
64,104.60000000000001,532.693096085657
64,104.7,524.2054988255252
64,104.80000000000001,601.93564785033
64,104.9,516.1144373632172
64,105.0,489.6937971919174
64,105.10000000000001,519.229975998707
64,105.2,527.1443337733008
64,105.30000000000001,587.3429340580343
64,105.4,550.6630509315643
64,105.5,541.0330195822393
64,105.60000000000001,517.2319390363197
64,105.7,513.115579849498
64,105.80000000000001,520.2024338570941
64,105.9,497.38206015478886
64,106.0,512.2080111112435
64,106.10000000000001,504.0826810614118
64,106.2,514.1685597121483
64,106.30000000000001,592.4534427500264
64,106.4,520.1685334373794
64,106.5,516.3979129189454
64,106.60000000000001,515.7671963767871
64,106.7,511.0111258545184
64,106.80000000000001,504.6123455073133
64,106.9,518.4985843209432
64,107.0,493.12018577241776
64,107.10000000000001,495.27908727806124
64,107.2,506.1061312755778
64,107.30000000000001,512.3524043319653
64,107.4,519.7035265215293
64,107.5,529.8357522750181
64,107.60000000000001,506.49941559683475
64,107.7,493.4855422026719
64,107.80000000000001,523.6502600627695
64,107.9,519.3493941967437
64,108.0,536.9898460948242
64,108.10000000000001,580.3680718161995
64,108.2,519.70272663324
64,108.30000000000001,522.9944335439039
64,108.4,491.6367288345989
64,108.5,498.3776254062658
64,108.60000000000001,502.430654510103
64,108.7,542.1700564591742
64,108.80000000000001,524.8564344631008
64,108.9,510.4480397576145
64,109.0,683.2535521867391
64,109.10000000000001,754.0284292607633
64,109.2,562.2035936047549
64,109.30000000000001,509.849022973359
64,109.4,517.4469162475165
64,109.5,505.1596330778909
64,109.60000000000001,655.3066797771688
64,109.7,545.6449379301911
64,109.80000000000001,522.2183668468153
64,109.9,529.8340937533214
64,110.0,514.935467426322
64,110.10000000000001,505.02265448233567
64,110.2,519.9581061118093
64,110.30000000000001,521.8199315086899
64,110.4,528.5945863916018
64,110.5,498.013827259015
64,110.60000000000001,494.24566010265454
64,110.7,514.7698052051596
64,110.80000000000001,510.9010583175072
64,110.9,490.8591023695947
64,111.0,501.44380134959323
64,111.10000000000001,521.2881963805343
64,111.2,521.0475816425442
64,111.30000000000001,515.1398816373013
64,111.4,498.08943664432644
64,111.5,503.52419275641654
64,111.60000000000001,512.7231767563982
64,111.7,511.63558275946684
64,111.80000000000001,513.2189137917234
64,111.9,506.009538063421
64,112.0,550.8666013533315
64,112.10000000000001,507.24135721906424
64,112.2,516.2852137194826
64,112.30000000000001,501.29545449112607
64,112.4,607.4650771067079
64,112.5,532.4997437534848
64,112.60000000000001,522.5373089199953
64,112.7,502.4708769620738
64,112.80000000000001,504.771681205954
64,112.9,512.1682095246889
64,113.0,507.36316155101554
64,113.10000000000001,507.4872652492518
64,113.2,491.6515393720197
64,113.30000000000001,510.25205795481725
64,113.4,592.7725447860653
64,113.5,525.661090985333
64,113.60000000000001,621.5707400370902
64,113.7,527.8577154108556
64,113.80000000000001,493.5159770747923
64,113.9,487.3861009245438
64,114.0,500.5714047962294
64,114.10000000000001,521.067429367165
64,114.2,513.244721299506
64,114.30000000000001,513.1541035016884
64,114.4,492.8378764597375
64,114.5,484.34524409780875
64,114.60000000000001,513.9377363208391
64,114.7,504.3813579157029
64,114.80000000000001,518.9967852161474
64,114.9,527.458609264422
64,115.0,526.0639602539175
64,115.10000000000001,527.2367319814713
64,115.2,532.2391332421506
64,115.30000000000001,502.30445772985104
64,115.4,491.92617403637206
64,115.5,499.74976923535115
64,115.60000000000001,507.34370404357685
64,115.7,513.7901964683374
64,115.80000000000001,512.3788498958711
64,115.9,525.4116937884244
64,116.0,522.6597927058857
64,116.10000000000001,516.6459078385021
64,116.2,517.2145832871511
64,116.30000000000001,534.6950304006928
64,116.4,591.4718550879523
64,116.5,538.1194615824472
64,116.60000000000001,520.8793383733772
64,116.7,494.9616241489066
64,116.80000000000001,514.5440346602669
64,116.9,520.1620667729386
64,117.0,503.88640700763665
64,117.10000000000001,519.0558199546336
64,117.2,523.5944539164082
64,117.30000000000001,518.122399788406
64,117.4,523.2162541906249
64,117.5,516.5738583960945
64,117.60000000000001,512.9595414876176
64,117.7,513.1199674384687
64,117.80000000000001,502.48907951352317
64,117.9,525.0116508573466
64,118.0,509.05465927009595
64,118.10000000000001,519.9845037752553
64,118.2,503.7454686268006
64,118.30000000000001,515.9831408157952
64,118.4,526.8692078948499
64,118.5,511.71101196674476
64,118.60000000000001,508.2400576124827
64,118.7,481.6695903957631
64,118.80000000000001,505.50595467162236
64,118.9,510.77437278944234
64,119.0,507.0922222187803
64,119.10000000000001,537.2823552258759
64,119.2,526.5979752819044
64,119.30000000000001,511.4458482719503
64,119.4,496.5220686930863
64,119.5,476.8678719433888
64,119.60000000000001,495.39456399725793
64,119.7,504.669542869738
64,119.80000000000001,499.97565605476734
64,119.9,511.50523102328424
64,120.0,505.0670079056657
64,120.10000000000001,506.82484068886237
64,120.2,511.2559635865888
64,120.30000000000001,487.43109258856435
64,120.4,553.3393262870509
64,120.5,531.5028650615501
64,120.60000000000001,506.5709342355048
64,120.7,514.0326251704315
64,120.80000000000001,515.8969216474011
64,120.9,526.4685965896617
64,121.0,528.091414901602
64,121.10000000000001,502.6230428668415
64,121.2,509.0362746728373
64,121.30000000000001,506.7510380771267
64,121.4,509.98476462780917
64,121.5,502.99746443821726
64,121.60000000000001,655.6236570967169
64,121.7,555.2538425514808
64,121.80000000000001,491.2394650450274
64,121.9,499.7710990563881
64,122.0,505.7337241866572
64,122.10000000000001,500.4198952443124
64,122.2,523.2587036184151
64,122.30000000000001,495.0184242999673
64,122.4,505.4932841700246
64,122.5,486.68603609008943
64,122.60000000000001,589.9652990713756
64,122.7,543.6141911946376
64,122.80000000000001,497.7598451064624
64,122.9,506.98125416969526
64,123.0,501.1356281667588
64,123.10000000000001,514.796418797466
64,123.2,496.42512152036164
64,123.30000000000001,497.23903200274736
64,123.4,502.4969923556982
64,123.5,492.82987836668946
64,123.60000000000001,487.13580434822995
64,123.7,500.4323078992147
64,123.80000000000001,621.9787196824395
64,123.9,643.3506502727159
64,124.0,608.4740090430564
64,124.10000000000001,540.009891162229
64,124.2,501.883386492907
64,124.30000000000001,590.1184922339485
64,124.4,538.4102018352913
64,124.5,501.87538594338275
64,124.60000000000001,494.35219012067836
64,124.7,496.7263968873157
64,124.80000000000001,498.05537263623336
64,124.9,485.37194076096574
64,125.0,493.5915517356412
64,125.10000000000001,481.63391317215206
64,125.2,488.3546332939367
64,125.30000000000001,506.257134235335
64,125.4,497.43092333471424
64,125.5,498.4472196031994
64,125.60000000000001,437.48140544630536
64,125.7,459.8663108211433
64,125.80000000000001,501.6411094964768
64,125.9,515.1237139565087
64,126.0,503.5176319705702
64,126.10000000000001,492.96667626722035
64,126.2,480.9492844346912
64,126.30000000000001,491.07343105880716
64,126.4,492.81010795141515
64,126.5,488.83479831792624
64,126.60000000000001,499.4506488082232
64,126.7,511.09432512164113
64,126.80000000000001,508.7184423232807
64,126.9,528.3504447796346
64,127.0,504.8648206807156
64,127.10000000000001,483.7670421723318
64,127.2,487.3746944586441
64,127.30000000000001,493.30011051091606
64,127.4,500.8139698795961
64,127.5,505.6388012593303
64,127.60000000000001,507.97997781457957
64,127.7,496.9562661803983
64,127.80000000000001,550.9327623020267
64,127.9,526.7584754433317
64,128.0,489.1108634576526
64,128.1,478.106760394644
64,128.20000000000002,489.88140157838797
64,128.3,587.8012202100847
64,128.4,547.135364480147
64,128.5,503.0004406848319
64,128.6,486.0099664460162
64,128.70000000000002,481.56196484086564
64,128.8,485.692157275922
64,128.9,486.43710275864225
64,129.0,488.4336502450379
64,129.1,503.84318848800393
64,129.20000000000002,495.28545885977127
64,129.3,489.08861674553907
64,129.4,497.4905915684733
64,129.5,484.01999710722333
64,129.6,485.98597337863674
64,129.70000000000002,491.76634349481293
64,129.8,489.45047077363057
64,129.9,496.36722476666205
64,130.0,477.88497761595903
64,130.1,473.96151308464783
64,130.20000000000002,506.51496343812073
64,130.3,510.6306954782851
64,130.4,500.81515800449864
64,130.5,491.38583523522
64,130.6,494.4966732980069
64,130.70000000000002,492.11998065768785
64,130.8,511.88863216035844
64,130.9,501.5487459960087
64,131.0,495.40892131160825
64,131.1,482.7103437243298
64,131.20000000000002,501.30488140650044
64,131.3,539.4050886004679
64,131.4,524.6959852370398
64,131.5,571.5395695381441
64,131.6,549.6620047065836
64,131.70000000000002,482.80944040411043
64,131.8,486.9557956537007
64,131.9,566.1061813037501
64,132.0,545.9313740377078
64,132.1,498.5103295270004
64,132.20000000000002,556.5614550402843
64,132.3,535.3126481271938
64,132.4,495.8832045770061
64,132.5,507.658756407507
64,132.6,505.960757525043
64,132.70000000000002,497.1920647243553
64,132.8,499.33940711281696
64,132.9,491.46131970252503
64,133.0,482.5707919835869
64,133.1,497.1300804100457
64,133.20000000000002,512.4051036237837
64,133.3,499.6905758606855
64,133.4,487.81648863281094
64,133.5,499.9870470072742
64,133.6,506.49855657806984
64,133.70000000000002,501.49546998291424
64,133.8,491.30350486030375
64,133.9,502.357659998
64,134.0,514.8535130891673
64,134.1,517.8860488928071
64,134.20000000000002,537.7700846387418
64,134.3,532.9518589817485
64,134.4,505.85441291604565
64,134.5,504.86803070045846
64,134.6,515.817281830572
64,134.70000000000002,521.0222900657429
64,134.8,524.275951577207
64,134.9,512.8624836435803
64,135.0,499.56791619906653
64,135.1,497.08154329715364
64,135.20000000000002,504.891636409303
64,135.3,503.5896536507946
64,135.4,498.6428303158968
64,135.5,503.1666606461636
64,135.6,508.8491538682957
64,135.70000000000002,516.3349008113477
64,135.8,498.9048041533382
64,135.9,493.9615908397503
64,136.0,497.99007054147563
64,136.1,501.1403514552181
64,136.20000000000002,503.58895184778277
64,136.3,512.3539028787268
64,136.4,506.98208144478394
64,136.5,508.04945696666135
64,136.6,508.0000745776773
64,136.70000000000002,500.6570104252344
64,136.8,506.12393576590915
64,136.9,504.83256470862864
64,137.0,513.6678585485562
64,137.1,619.227587567357
64,137.20000000000002,590.2561909540239
64,137.3,497.18746645462033
64,137.4,521.010336045767
64,137.5,510.0167312914695
64,137.6,488.25737378548155
64,137.70000000000002,502.05822519674723
64,137.8,529.2461384204854
64,137.9,520.6988511967415
64,138.0,490.86339072760893
64,138.1,480.84375778410066
64,138.20000000000002,490.6644199013083
64,138.3,509.6903707439483
64,138.4,515.533398318671
64,138.5,493.0908443062406
64,138.6,505.04760796033304
64,138.70000000000002,519.0863703879435
64,138.8,495.8187554289042
64,138.9,491.208266241119
64,139.0,498.8479516689383
64,139.1,508.1401981228057
64,139.20000000000002,501.81560004574686
64,139.3,499.7318315268278
64,139.4,508.04529039483407
64,139.5,491.2642677653181
64,139.6,483.31329202277897
64,139.70000000000002,500.7626624996459
64,139.8,490.992541591024
64,139.9,487.24326193547944
64,140.0,504.1534447936598
64,140.1,504.3415733305694
64,140.20000000000002,498.1951483457107
64,140.3,494.3278232878606
64,140.4,499.1334402499034
64,140.5,500.6316968942663
64,140.6,494.7847145110594
64,140.70000000000002,507.28371734184054
64,140.8,498.54478548205896
64,140.9,488.5440240961347
64,141.0,508.1168549591946
64,141.1,519.5680053013577
64,141.20000000000002,502.20557418917355
64,141.3,489.80130005961576
64,141.4,509.12527334732897
64,141.5,520.123682854774
64,141.6,522.2107397794078
64,141.70000000000002,528.5882088655543
64,141.8,525.8757541664035
64,141.9,580.0230597631572
64,142.0,601.4655213717575
64,142.1,501.5440496928546
64,142.20000000000002,496.1474188471003
64,142.3,488.53596986181657
64,142.4,477.8020268206959
64,142.5,492.64378567750794
64,142.6,513.7625125181091
64,142.70000000000002,521.1510692749071
64,142.8,515.0989843909997
64,142.9,504.70155965401386
64,143.0,508.03051064772785
64,143.1,510.7678704130186
64,143.20000000000002,553.4056089571828
64,143.3,557.3836214806222
64,143.4,470.9070914702432
64,143.5,460.5937997198246
64,143.6,488.85525801181706
64,143.70000000000002,494.94033177389156
64,143.8,500.25005759539494
64,143.9,551.9911644648561
64,144.0,564.6428055114733
64,144.1,517.8140812314746
64,144.20000000000002,504.2455342967541
64,144.3,505.81344022837027
64,144.4,501.11661836629605
64,144.5,498.3318008192268
64,144.6,496.5436200558065
64,144.70000000000002,494.51348939315756
64,144.8,500.85029226228085
96,0.0,717.337
96,0.1,593.0027376356384
96,0.2,508.02126157746625
96,0.30000000000000004,520.9285392649922
96,0.4,525.4917192945001
96,0.5,536.6357088746342
96,0.6000000000000001,525.979565030226
96,0.7000000000000001,507.60463616621274
96,0.8,520.257018097251
96,0.9,530.750861101686
96,1.0,501.88067296979165
96,1.1,477.43263919366177
96,1.2000000000000002,484.39634036609374
96,1.3,506.6569096752057
96,1.4000000000000001,518.2366238382539
96,1.5,517.0542992422618
96,1.6,508.1988225002144
96,1.7000000000000002,500.79851191160947
96,1.8,521.2637965097383
96,1.9000000000000001,538.5683688962278
96,2.0,526.9083895820129
96,2.1,509.291708968347
96,2.2,521.7014090950032
96,2.3000000000000003,516.5589673176449
96,2.4000000000000004,509.65863849991786
96,2.5,530.5995841941102
96,2.6,580.8016627567129
96,2.7,559.334476823256
96,2.8000000000000003,511.4401224340798
96,2.9000000000000004,549.9192119039735
96,3.0,549.5510960152309
96,3.1,528.5134622890351
96,3.2,597.1627044105455
96,3.3000000000000003,579.6618305874051
96,3.4000000000000004,511.74885535418133
96,3.5,509.2590780277884
96,3.6,525.2009604766478
96,3.7,558.879057574624
96,3.8000000000000003,555.2066714450123
96,3.9000000000000004,536.2486307057383
96,4.0,509.087958481862
96,4.1000000000000005,507.90448502524373
96,4.2,557.1503785758539
96,4.3,560.0209095439837
96,4.4,522.0225520433083
96,4.5,513.6065086579725
96,4.6000000000000005,519.1896976665055
96,4.7,501.6178247128148
96,4.800000000000001,473.57524602923814
96,4.9,499.4304383880884
96,5.0,533.3201618173631
96,5.1000000000000005,503.1798552603174
96,5.2,507.3753155270477
96,5.300000000000001,543.6776618271399
96,5.4,530.1515705352738
96,5.5,552.971712934483
96,5.6000000000000005,546.9148520002569
96,5.7,527.7682127984715
96,5.800000000000001,527.7175497800902
96,5.9,513.8628923887304
96,6.0,509.4030322910363
96,6.1000000000000005,513.5624135786027
96,6.2,525.8343139083009
96,6.300000000000001,530.1677851747186
96,6.4,513.3432419106257
96,6.5,504.07143152276217
96,6.6000000000000005,515.6847798166624
96,6.7,604.97929509181
96,6.800000000000001,612.668799409701
96,6.9,573.2561717122525
96,7.0,596.9470788274873
96,7.1000000000000005,569.2416188611361
96,7.2,549.8178490526115
96,7.300000000000001,551.4605896570295
96,7.4,540.9990883991011
96,7.5,519.395434833728
96,7.6000000000000005,514.4115423685
96,7.7,517.4246585560752
96,7.800000000000001,529.5791387059425
96,7.9,527.7492891930011
96,8.0,521.6434859737822
96,8.1,521.7811247042397
96,8.200000000000001,530.0186194543572
96,8.3,542.4344332551867
96,8.4,522.7517870897649
96,8.5,506.0380355150964
96,8.6,520.7659566425002
96,8.700000000000001,527.2310143791409
96,8.8,509.26197943412615
96,8.9,511.21348884150353
96,9.0,526.9569617460171
96,9.1,546.9430987297553
96,9.200000000000001,553.4086496591777
96,9.3,544.6880081169368
96,9.4,552.9130859616181
96,9.5,523.2203729731018
96,9.600000000000001,521.6575077254817
96,9.700000000000001,516.2042073943289
96,9.8,498.56609791148907
96,9.9,514.5722896035076
96,10.0,508.90524045674204
96,10.100000000000001,497.3977250100084
96,10.200000000000001,513.7343790723772
96,10.3,520.4824964071772
96,10.4,533.1161496399586
96,10.5,531.0652894334902
96,10.600000000000001,528.2683235460071
96,10.700000000000001,527.6553412881552
96,10.8,528.6977922779994
96,10.9,537.007789989994
96,11.0,548.6971300010721
96,11.100000000000001,534.1972830953397
96,11.200000000000001,528.0158740315718
96,11.3,542.6896206154473
96,11.4,550.6073144889374
96,11.5,529.0056702631347
96,11.600000000000001,533.9278342653192
96,11.700000000000001,530.6379847218319
96,11.8,518.6261607949859
96,11.9,508.33242836694257
96,12.0,507.0927058097033
96,12.100000000000001,503.6728693699799
96,12.200000000000001,524.3166129748673
96,12.3,520.0639033043797
96,12.4,538.9580933972085
96,12.5,527.8262149820836
96,12.600000000000001,513.2309818435225
96,12.700000000000001,497.8803145346032
96,12.8,603.3442907444436
96,12.9,667.4247954786964
96,13.0,576.788019167449
96,13.100000000000001,542.2355298226726
96,13.200000000000001,553.707507920155
96,13.3,539.9032504881941
96,13.4,535.8771960209941
96,13.5,536.6917580718941
96,13.600000000000001,530.1975991191948
96,13.700000000000001,538.5461981609001
96,13.8,542.6633580633402
96,13.9,542.9028781953813
96,14.0,535.297450140821
96,14.100000000000001,512.4264363513338
96,14.200000000000001,515.6462578474117
96,14.3,529.4151303012762
96,14.4,569.1596065003574
96,14.5,569.8010882587004
96,14.600000000000001,560.2864115355197
96,14.700000000000001,552.308925662384
96,14.8,530.3650475230584
96,14.9,544.7993070474089
96,15.0,585.5674162749195
96,15.100000000000001,533.1559283850368
96,15.200000000000001,525.429470566259
96,15.3,527.1942963817185
96,15.4,532.3446800487988
96,15.5,536.8330215004574
96,15.600000000000001,521.4744750467605
96,15.700000000000001,528.5215805867064
96,15.8,587.2279284407878
96,15.9,666.0094783118403
96,16.0,587.4278029217949
96,16.1,527.5453788023113
96,16.2,537.1188766554675
96,16.3,525.9807920866394
96,16.400000000000002,525.8710266631404
96,16.5,533.8596221244272
96,16.6,530.7595790689356
96,16.7,527.3133734441154
96,16.8,559.0622538827188
96,16.900000000000002,520.7410193646913
96,17.0,586.1733671914085
96,17.1,739.7878315982838
96,17.2,651.2105667628383
96,17.3,536.3522660774058
96,17.400000000000002,518.1152440432369
96,17.5,510.99152089046237
96,17.6,514.6870185950772
96,17.7,535.8527740173221
96,17.8,541.3106533110019
96,17.900000000000002,545.7414182890773
96,18.0,549.4636860061754
96,18.1,536.6449541330737
96,18.2,513.2529200834826
96,18.3,516.1594823278267
96,18.400000000000002,539.1009457540387
96,18.5,548.0196551272277
96,18.6,542.3567950204189
96,18.7,546.7779447304566
96,18.8,531.4276839374608
96,18.900000000000002,526.9833443597634
96,19.0,539.2185354407248
96,19.1,539.2281140657796
96,19.200000000000003,531.3678695529104
96,19.3,529.5048011507646
96,19.400000000000002,545.6258753208136
96,19.5,537.7512753871116
96,19.6,528.821298737875
96,19.700000000000003,522.7888704493138
96,19.8,514.9011416301141
96,19.900000000000002,546.7601446407432
96,20.0,557.4786030929922
96,20.1,539.8451832110719
96,20.200000000000003,546.7594629924977
96,20.3,539.6011640250742
96,20.400000000000002,524.2769285688425
96,20.5,536.7402941154044
96,20.6,519.346315145797
96,20.700000000000003,530.7621641458179
96,20.8,515.1849049047288
96,20.900000000000002,520.9640813737342
96,21.0,561.6209982750652
96,21.1,565.1556244620213
96,21.200000000000003,516.2763748939246
96,21.3,534.6049429137087
96,21.400000000000002,534.1060683477797
96,21.5,521.0381118560238
96,21.6,568.4111941131899
96,21.700000000000003,553.7645327409004
96,21.8,558.5863679245597
96,21.900000000000002,556.7564038743308
96,22.0,548.4184636909838
96,22.1,523.4146730638291
96,22.200000000000003,522.9684652220853
96,22.3,550.9080035242373
96,22.400000000000002,535.3956574570028
96,22.5,551.0717178621546
96,22.6,558.4880847601348
96,22.700000000000003,542.9158052109058
96,22.8,522.5771823564731
96,22.900000000000002,547.5161231946671
96,23.0,563.5526955017631
96,23.1,558.8165041987219
96,23.200000000000003,566.6812642149715
96,23.3,541.9192842902002
96,23.400000000000002,573.0133371795345
96,23.5,603.1902725719799
96,23.6,547.8444070871597
96,23.700000000000003,538.2403800693337
96,23.8,551.97656675077
96,23.900000000000002,542.0480703946484
96,24.0,571.5063089444453
96,24.1,549.7191612094634
96,24.200000000000003,516.704729958661
96,24.3,542.069966212082
96,24.400000000000002,554.3340474938815
96,24.5,536.4675932590695
96,24.6,574.8605575941543
96,24.700000000000003,520.0904136155398
96,24.8,545.7424258492579
96,24.900000000000002,562.2641234097898
96,25.0,546.8924804825695
96,25.1,558.3916121827506
96,25.200000000000003,548.5551323077922
96,25.3,552.8711710899286
96,25.400000000000002,530.173499608331
96,25.5,534.5989294480063
96,25.6,539.554789201166
96,25.700000000000003,559.8082701454442
96,25.8,531.4565390793864
96,25.900000000000002,546.3778305618962
96,26.0,548.1431432227257
96,26.1,559.8899355560847
96,26.200000000000003,541.7876298740376
96,26.3,527.7681350519686
96,26.400000000000002,497.25364489785267
96,26.5,560.8416823817024
96,26.6,666.9718769620781
96,26.700000000000003,523.350118852383
96,26.8,529.4781798529405
96,26.900000000000002,528.4290382583999
96,27.0,538.7177047462933
96,27.1,544.0532214991654
96,27.200000000000003,516.2777830944854
96,27.3,549.6072655675526
96,27.400000000000002,537.4330400952048
96,27.5,496.9179475163989
96,27.6,520.9093737865535
96,27.700000000000003,512.6490966488586
96,27.8,501.25285651550274
96,27.900000000000002,533.4463753027293
96,28.0,538.0992104422915
96,28.1,547.3232626693
96,28.200000000000003,541.9901088767427
96,28.3,541.2811182886095
96,28.400000000000002,600.9974555723155
96,28.5,620.3587404675102
96,28.6,571.6364992192764
96,28.700000000000003,550.7535442807924
96,28.8,544.4743635490659
96,28.900000000000002,547.5354886181511
96,29.0,536.409139539427
96,29.1,570.5324677168516
96,29.200000000000003,605.6425499051719
96,29.3,594.7476591536424
96,29.400000000000002,714.559737274969
96,29.5,553.552154741708
96,29.6,569.2158088202777
96,29.700000000000003,573.7459433301095
96,29.8,591.0718978314219
96,29.900000000000002,590.9375904940696
96,30.0,557.379745528833
96,30.1,600.5581249982121
96,30.200000000000003,537.5825853317189
96,30.3,542.1688479711435
96,30.400000000000002,645.1124574315097
96,30.5,708.8285192943665
96,30.6,699.4798385696862
96,30.700000000000003,521.6881390064566
96,30.8,519.6690572382937
96,30.900000000000002,543.2596762515611
96,31.0,555.4421551118238
96,31.1,531.2862520083685
96,31.200000000000003,555.7386841843186
96,31.3,547.7497487115934
96,31.400000000000002,548.3463145721694
96,31.5,531.9249089436163
96,31.6,549.4909674327732
96,31.700000000000003,548.4518093167645
96,31.8,533.6594782043315
96,31.900000000000002,591.698981320523
96,32.0,534.3926744877538
96,32.1,531.3558378541682
96,32.2,528.9673430261663
96,32.300000000000004,497.9295981014381
96,32.4,508.19067081305036
96,32.5,522.120671607368
96,32.6,529.3101716197964
96,32.7,567.242834253883
96,32.800000000000004,622.0114339694074
96,32.9,547.4543024734755
96,33.0,575.8754906723086
96,33.1,516.2500254246621
96,33.2,539.8580254615804
96,33.300000000000004,535.5419751204965
96,33.4,555.2567032566725
96,33.5,515.3477319316219
96,33.6,535.4753324596054
96,33.7,535.0914038325185
96,33.800000000000004,532.6539166410944
96,33.9,529.8053393746765
96,34.0,551.9270608534252
96,34.1,544.4022788189377
96,34.2,527.5841721991914
96,34.300000000000004,565.035369035971
96,34.4,541.9960299098517
96,34.5,531.2338024268097
96,34.6,537.2197535010155
96,34.7,507.79197321433384
96,34.800000000000004,536.2415020991863
96,34.9,502.28315798918476
96,35.0,541.5429396438144
96,35.1,539.6104910131077
96,35.2,554.6979739588464
96,35.300000000000004,540.4872866298966
96,35.4,548.4629842925451
96,35.5,545.6798819838042
96,35.6,553.8553435309029
96,35.7,558.365230038543
96,35.800000000000004,584.3743245877105
96,35.9,566.9301402381292
96,36.0,535.3563465388052
96,36.1,521.5095043395394
96,36.2,542.5389477595833
96,36.300000000000004,544.487373562615
96,36.4,528.8093281793739
96,36.5,531.3373955166268
96,36.6,514.897270608672
96,36.7,576.083214467089
96,36.800000000000004,503.21532336501343
96,36.9,544.1404246152525
96,37.0,544.8372068497231
96,37.1,517.5054041922684
96,37.2,500.8884130032275
96,37.300000000000004,557.1545474298224
96,37.4,568.7937670243272
96,37.5,507.47885495126525
96,37.6,542.7606232807607
96,37.7,518.1976994003139
96,37.800000000000004,545.4404753496269
96,37.9,556.858967740276
96,38.0,520.0381791061847
96,38.1,529.7831418335011
96,38.2,541.9160806452701
96,38.300000000000004,578.7594022417553
96,38.400000000000006,562.6435992208302
96,38.5,548.0094117989192
96,38.6,549.697877839677
96,38.7,535.968402413302
96,38.800000000000004,543.3242246767455
96,38.900000000000006,552.9084840896465
96,39.0,539.3885951763707
96,39.1,542.7530414863384
96,39.2,554.0976156813499
96,39.300000000000004,522.3290026131083
96,39.400000000000006,525.4042473647243
96,39.5,571.3468028416348
96,39.6,614.3226378986234
96,39.7,568.7909532321237
96,39.800000000000004,556.6142853128981
96,39.900000000000006,535.136318210778
96,40.0,542.8272854532198
96,40.1,537.4468003888684
96,40.2,524.3977974108049
96,40.300000000000004,543.5495124510928
96,40.400000000000006,544.4764540103533
96,40.5,573.3906365878123
96,40.6,523.5362543385602
96,40.7,545.4927886125867
96,40.800000000000004,555.0524387663838
96,40.900000000000006,563.2765738311608
96,41.0,559.8976214741497
96,41.1,557.8227324372032
96,41.2,518.9176260573724
96,41.300000000000004,544.9117973085332
96,41.400000000000006,520.0301827524838
96,41.5,528.3183635014165
96,41.6,534.4344866524033
96,41.7,551.8048777693325
96,41.800000000000004,538.5823573579718
96,41.900000000000006,536.5311640155269
96,42.0,696.1280832956089
96,42.1,570.0124537393937
96,42.2,525.5869230294198
96,42.300000000000004,552.7639901854002
96,42.400000000000006,674.8869258586548
96,42.5,542.1159603744544
96,42.6,599.7894782028612
96,42.7,562.3102923610281
96,42.800000000000004,555.1383658644781
96,42.900000000000006,545.9396363544514
96,43.0,534.5498978045491
96,43.1,522.0239745945969
96,43.2,505.8586628352248
96,43.300000000000004,541.884048901954
96,43.400000000000006,497.47227375220905
96,43.5,577.8729973361608
96,43.6,559.3828394687814
96,43.7,576.4374852717747
96,43.800000000000004,534.7169363568996
96,43.900000000000006,527.4690758195273
96,44.0,550.7533684931605
96,44.1,513.9880125764834
96,44.2,565.4842890898077
96,44.300000000000004,541.0362129094057
96,44.400000000000006,546.8533966389077
96,44.5,543.684376005223
96,44.6,513.885515678968
96,44.7,528.4357174077754
96,44.800000000000004,502.01508007110033
96,44.900000000000006,548.7571753339975
96,45.0,526.2287882250064
96,45.1,536.3064747901424
96,45.2,543.8514577416056
96,45.300000000000004,513.8679091128291
96,45.400000000000006,547.6689440252335
96,45.5,522.2495365374857
96,45.6,542.542929779838
96,45.7,523.8585124489576
96,45.800000000000004,535.1948444555621
96,45.900000000000006,502.46763810213776
96,46.0,534.2637554407255
96,46.1,544.6543207962064
96,46.2,497.8931928802707
96,46.300000000000004,527.7787371267908
96,46.400000000000006,486.6106571888733
96,46.5,520.435820991758
96,46.6,547.5017257623589
96,46.7,545.7250145028839
96,46.800000000000004,547.6784745197068
96,46.900000000000006,537.3543745906874
96,47.0,538.8492156360561
96,47.1,546.2723330588689
96,47.2,524.447349943774
96,47.300000000000004,531.842844035506
96,47.400000000000006,487.47153122020734
96,47.5,547.0746797360239
96,47.6,536.9075767583248
96,47.7,518.6183421951833
96,47.800000000000004,732.552908466524
96,47.900000000000006,543.0172647259635
96,48.0,531.9372466673179
96,48.1,648.3213661008206
96,48.2,503.99733058629084
96,48.300000000000004,529.1072729857093
96,48.400000000000006,518.3768875193601
96,48.5,515.2462157102894
96,48.6,504.60187912269754
96,48.7,541.0490731726843
96,48.800000000000004,538.8468256015068
96,48.900000000000006,476.2966148756664
96,49.0,535.0185593525651
96,49.1,526.4939778667889
96,49.2,581.4655243702264
96,49.300000000000004,512.6502596176623
96,49.400000000000006,522.5265712743936
96,49.5,571.1001886882809
96,49.6,534.7105472664366
96,49.7,534.8248400684336
96,49.800000000000004,508.90217967056657
96,49.900000000000006,565.729399495793
96,50.0,541.8968993397335
96,50.1,508.5238125704138
96,50.2,576.4882897557795
96,50.300000000000004,666.7537723199626
96,50.400000000000006,614.4384428450917
96,50.5,570.4554405397807
96,50.6,529.839588329927
96,50.7,582.3153631022299
96,50.800000000000004,583.2536121481004
96,50.900000000000006,568.1200480704468
96,51.0,464.9062461652824
96,51.1,532.4628822037649
96,51.2,507.87756853466425
96,51.300000000000004,565.3654506194337
96,51.400000000000006,497.9408236266883
96,51.5,748.1213653483275
96,51.6,581.4629449083367
96,51.7,608.4968253832677
96,51.800000000000004,530.2350986743679
96,51.900000000000006,551.3205894023498
96,52.0,526.0594407672604
96,52.1,527.9653799876563
96,52.2,487.8292766492418
96,52.300000000000004,528.7010311750314
96,52.400000000000006,503.3899677251196
96,52.5,543.1850251532163
96,52.6,594.9612538390043
96,52.7,518.3656614879131
96,52.800000000000004,479.0536350321891
96,52.900000000000006,697.6223740700949
96,53.0,561.5684378712747
96,53.1,477.22350695079206
96,53.2,534.399282320371
96,53.300000000000004,538.9311639304203
96,53.400000000000006,573.8163778062604
96,53.5,543.1474210073643
96,53.6,552.5828959550356
96,53.7,569.0597698749377
96,53.800000000000004,507.1147945390668
96,53.900000000000006,539.346829085752
96,54.0,498.07404595570716
96,54.1,557.3603047891556
96,54.2,588.1313425428593
96,54.300000000000004,539.5271133550607
96,54.400000000000006,528.7895561875982
96,54.5,757.5455698363155
96,54.6,723.4461536581583
96,54.7,659.4221278318546
96,54.800000000000004,519.6520213249353
96,54.900000000000006,541.169788705729
96,55.0,508.2561100302807
96,55.1,533.0164981688753
96,55.2,543.4309812301532
96,55.300000000000004,610.8613478430717
96,55.400000000000006,541.6355321874712
96,55.5,526.8135612810235
96,55.6,511.9915903745747
96,55.7,542.6482760240057
96,55.800000000000004,523.324802046018
96,55.900000000000006,543.5914898196843
96,56.0,539.9989329677084
96,56.1,531.3466467229052
96,56.2,531.2273779562231
96,56.300000000000004,549.5827263336454
96,56.400000000000006,549.548758595749
96,56.5,559.2493417607524
96,56.6,515.3260232335066
96,56.7,506.404593391537
96,56.800000000000004,533.7667160514428
96,56.900000000000006,546.8636166055958
96,57.0,532.4846301211882
96,57.1,547.7157519789549
96,57.2,553.5980301512641
96,57.300000000000004,544.3220957819696
96,57.400000000000006,530.4625208296794
96,57.5,532.9461999563975
96,57.6,535.6369607756942
96,57.7,509.515401035551
96,57.800000000000004,512.4960738095353
96,57.900000000000006,544.4287639035101
96,58.0,546.9350243964035
96,58.1,531.5653168689336
96,58.2,521.9663361432864
96,58.300000000000004,518.7742595204512
96,58.400000000000006,517.8895642695816
96,58.5,522.7721557814086
96,58.6,515.3149723610319
96,58.7,510.3954353190636
96,58.800000000000004,570.7328055116279
96,58.900000000000006,560.8759493411984
96,59.0,560.6464607620272
96,59.1,558.7484365948607
96,59.2,545.2759180660652
96,59.300000000000004,500.9979713144124
96,59.400000000000006,577.0365874099026
96,59.5,588.9139489766984
96,59.6,567.3510004622688
96,59.7,544.374607301607
96,59.800000000000004,549.6884726470374
96,59.900000000000006,649.0699175293995
96,60.0,617.823192847494
96,60.1,561.4454668459905
96,60.2,579.2489744349946
96,60.300000000000004,542.6130447237625
96,60.400000000000006,566.2873052536045
96,60.5,530.9802838560406
96,60.6,554.2676693978801
96,60.7,555.954168515262
96,60.800000000000004,535.4751970986719
96,60.900000000000006,549.7670820667774
96,61.0,595.4116978501952
96,61.1,598.9353821347129
96,61.2,565.927318997385
96,61.300000000000004,574.6961745950885
96,61.400000000000006,586.0245003757819
96,61.5,522.3795920821241
96,61.6,595.2852435346637
96,61.7,613.1542290792551
96,61.800000000000004,535.406318936188
96,61.900000000000006,589.5563729936366
96,62.0,537.5470080506435
96,62.1,574.6820442135769
96,62.2,517.071334306171
96,62.300000000000004,611.8642455130389
96,62.400000000000006,603.3273379320194
96,62.5,549.4265930673936
96,62.6,566.2794549938292
96,62.7,541.1490009368432
96,62.800000000000004,512.9937495837154
96,62.900000000000006,519.7359151929053
96,63.0,695.6315911966319
96,63.1,597.8265117232422
96,63.2,565.0850253674755
96,63.300000000000004,574.4945623540069
96,63.400000000000006,569.0844964446029
96,63.5,561.8063501434399
96,63.6,572.474469258279
96,63.7,568.658822233447
96,63.800000000000004,563.3539840725338
96,63.900000000000006,548.3590112233608
96,64.0,555.6479511150188
96,64.10000000000001,692.3330784637359
96,64.2,571.0664167892511
96,64.3,538.6328196193865
96,64.4,585.713266531017
96,64.5,558.7857764585885
96,64.60000000000001,541.2142043897799
96,64.7,537.1952006561845
96,64.8,537.1876378118604
96,64.9,571.4724658126522
96,65.0,587.8414719058023
96,65.10000000000001,531.8696595562343
96,65.2,502.4161343320699
96,65.3,542.6559000636079
96,65.4,580.3430691022339
96,65.5,587.9299859914948
96,65.60000000000001,557.3378822936863
96,65.7,563.5133730120313
96,65.8,542.4482871240942
96,65.9,543.0494913172128
96,66.0,523.942862437581
96,66.10000000000001,546.7873513214628
96,66.2,556.574225124424
96,66.3,575.7762282851236
96,66.4,540.1984979808163
96,66.5,552.0256896154918
96,66.60000000000001,537.3840726457448
96,66.7,555.2437349016176
96,66.8,710.892861464565
96,66.9,663.8264420645828
96,67.0,588.7500589439078
96,67.10000000000001,590.312479594609
96,67.2,592.2136899221409
96,67.3,567.1304023832788
96,67.4,550.2344792094627
96,67.5,565.0997923504298
96,67.60000000000001,527.1870481667721
96,67.7,514.8702803707187
96,67.8,519.6731028251709
96,67.9,540.004994084209
96,68.0,544.0832866822481
96,68.10000000000001,543.6445987799938
96,68.2,544.1426552531445
96,68.3,519.1814314627309
96,68.4,559.1388281748489
96,68.5,536.378900365707
96,68.60000000000001,565.9373422991096
96,68.7,553.3884156294226
96,68.8,534.720502471525
96,68.9,535.0065228861461
96,69.0,518.7863657016691
96,69.10000000000001,544.4155846680592
96,69.2,566.5822152414405
96,69.3,556.2937416598968
96,69.4,590.2919054416216
96,69.5,523.1100877160379
96,69.60000000000001,550.3908911430077
96,69.7,544.1825716532128
96,69.8,550.3079506514916
96,69.9,562.7634825551451
96,70.0,544.1081075987523
96,70.10000000000001,545.728390038793
96,70.2,581.7502946980649
96,70.3,544.7988449402981
96,70.4,536.6477567460249
96,70.5,555.9073434029606
96,70.60000000000001,553.9915816505314
96,70.7,584.2759355652573
96,70.8,549.5417349841673
96,70.9,563.7958310932993
96,71.0,523.8013514612846
96,71.10000000000001,553.7683768444465
96,71.2,534.3274458764469
96,71.3,506.0944730190623
96,71.4,545.9378314072853
96,71.5,515.153192151798
96,71.60000000000001,535.506134447881
96,71.7,497.82161798793646
96,71.8,538.3269986045964
96,71.9,532.254964347734
96,72.0,537.822702448893
96,72.10000000000001,552.8897414319425
96,72.2,535.8303655468004
96,72.3,552.3357028851324
96,72.4,526.7495573961687
96,72.5,556.9344869087616
96,72.60000000000001,506.58746169810684
96,72.7,549.2366407212471
96,72.8,514.1243204000385
96,72.9,523.420916679771
96,73.0,544.6413354686856
96,73.10000000000001,642.9739714668343
96,73.2,534.113247934967
96,73.3,516.5672587654556
96,73.4,544.4643742636267
96,73.5,528.280609681485
96,73.60000000000001,547.2520848826927
96,73.7,518.7239102288174
96,73.8,532.1369245844455
96,73.9,509.92414123793696
96,74.0,534.4359072401963
96,74.10000000000001,593.4091218105362
96,74.2,558.8658100550897
96,74.3,549.263895302183
96,74.4,544.1466360688547
96,74.5,570.009078335172
96,74.60000000000001,551.3170121129637
96,74.7,556.0907435293784
96,74.8,585.6927027333122
96,74.9,528.8413959404173
96,75.0,568.0103499453229
96,75.10000000000001,551.5497001851415
96,75.2,541.1426174698736
96,75.3,548.0461450298748
96,75.4,557.4172842303885
96,75.5,534.3632492566898
96,75.60000000000001,575.7676350191949
96,75.7,617.3588883310669
96,75.8,543.6675583448724
96,75.9,565.5574531036694
96,76.0,552.1181622525787
96,76.10000000000001,541.8431133348103
96,76.2,570.646929114842
96,76.3,510.9400550107486
96,76.4,542.0810811689132
96,76.5,510.1814292562291
96,76.60000000000001,545.2110909503774
96,76.7,550.5541012971416
96,76.80000000000001,538.1649807321049
96,76.9,539.7446435900249
96,77.0,584.6974417101317
96,77.10000000000001,519.9360401520111
96,77.2,524.9580611830419
96,77.30000000000001,534.2764644150838
96,77.4,577.6094934921564
96,77.5,523.4443068242471
96,77.60000000000001,545.2838893890084
96,77.7,644.5223169587387
96,77.80000000000001,527.2642670148492
96,77.9,539.4832819896967
96,78.0,546.5784495895928
96,78.10000000000001,524.0045617977398
96,78.2,533.6100092355646
96,78.30000000000001,536.7051000543283
96,78.4,595.9426303898132
96,78.5,550.1362761533494
96,78.60000000000001,533.2399595546678
96,78.7,568.0172474166246
96,78.80000000000001,524.6766694047167
96,78.9,536.08497684308
96,79.0,606.3108738521945
96,79.10000000000001,541.9994063705152
96,79.2,549.6792006395374
96,79.30000000000001,533.4348738311131
96,79.4,546.4234039150102
96,79.5,582.5900952169904
96,79.60000000000001,548.252303043456
96,79.7,565.708732797447
96,79.80000000000001,543.0369990364363
96,79.9,560.5434951335476
96,80.0,702.7305852150628
96,80.10000000000001,727.6487598212954
96,80.2,558.8455755507
96,80.30000000000001,533.8067768880342
96,80.4,572.7169452444566
96,80.5,530.6357520351642
96,80.60000000000001,616.3352179922348
96,80.7,639.1995730241887
96,80.80000000000001,572.2890028616742
96,80.9,567.6441375658865
96,81.0,539.2575213265851
96,81.10000000000001,536.9521309129909
96,81.2,516.2325175015659
96,81.30000000000001,546.6152150399894
96,81.4,581.8506775169618
96,81.5,570.9308139377505
96,81.60000000000001,548.6316000745735
96,81.7,526.623744679355
96,81.80000000000001,526.0311617788142
96,81.9,549.9785455251655
96,82.0,549.4492570353567
96,82.10000000000001,569.922212054293
96,82.2,540.2062899476484
96,82.30000000000001,518.3024798840972
96,82.4,537.2789225750201
96,82.5,543.7191913716894
96,82.60000000000001,542.9028906100198
96,82.7,531.573931259352
96,82.80000000000001,535.4599588238528
96,82.9,544.5591700166564
96,83.0,558.4051094560789
96,83.10000000000001,532.9400177936385
96,83.2,593.2729332709064
96,83.30000000000001,554.8494147410972
96,83.4,534.0244677200362
96,83.5,547.7998971994463
96,83.60000000000001,601.5709824603842
96,83.7,561.4199718542181
96,83.80000000000001,561.7372153341413
96,83.9,539.1886132025951
96,84.0,510.06032297611245
96,84.10000000000001,528.4356505635408
96,84.2,525.9577743552715
96,84.30000000000001,537.5318304888649
96,84.4,538.2619678377397
96,84.5,547.5036992739979
96,84.60000000000001,541.6316145795201
96,84.7,545.4277246495318
96,84.80000000000001,539.3398753177302
96,84.9,550.9749004193682
96,85.0,550.8625450655434
96,85.10000000000001,529.2412005303197
96,85.2,540.1758218847613
96,85.30000000000001,516.4361204647915
96,85.4,539.670530414894
96,85.5,548.3804658860477
96,85.60000000000001,550.894560122096
96,85.7,557.4739360848474
96,85.80000000000001,544.08680531774
96,85.9,550.1901046302085
96,86.0,548.5166436197969
96,86.10000000000001,541.9206314703922
96,86.2,550.2648882961188
96,86.30000000000001,541.4685532154778
96,86.4,548.4752060956791
96,86.5,544.1481338774051
96,86.60000000000001,575.4994252795548
96,86.7,548.9772514558119
96,86.80000000000001,527.7271314403872
96,86.9,512.8722717645957
96,87.0,512.5912552443804
96,87.10000000000001,519.0782858381722
96,87.2,529.0670636911389
96,87.30000000000001,519.4452835302003
96,87.4,535.8818275218314
96,87.5,530.2008647496069
96,87.60000000000001,517.4994302803854
96,87.7,540.8707358855241
96,87.80000000000001,551.3085255529376
96,87.9,555.3422056141524
96,88.0,551.0270134867872
96,88.10000000000001,546.0537018164572
96,88.2,559.8900644466268
96,88.30000000000001,532.8797955292862
96,88.4,553.5675508842857
96,88.5,603.8709207347731
96,88.60000000000001,546.3543983329477
96,88.7,514.1162214920137
96,88.80000000000001,530.1299166706011
96,88.9,539.3773112367664
96,89.0,603.5963370475462
96,89.10000000000001,573.7936737660567
96,89.2,565.505193689152
96,89.30000000000001,522.4737794990859
96,89.4,545.4356290641905
96,89.5,560.5153339282267
96,89.60000000000001,544.1673700556122
96,89.7,520.3953312067664
96,89.80000000000001,530.495053288796
96,89.9,507.25996740991843
96,90.0,514.6961810795679
96,90.10000000000001,511.63910421940403
96,90.2,546.2284188955755
96,90.30000000000001,518.5191779420247
96,90.4,513.1999318312123
96,90.5,519.803933313318
96,90.60000000000001,539.5491057689627
96,90.7,573.7401799730761
96,90.80000000000001,508.0005161612454
96,90.9,515.8863259543634
96,91.0,522.4036313359004
96,91.10000000000001,521.8336532833274
96,91.2,527.5092440653252
96,91.30000000000001,533.5878164469929
96,91.4,526.0472140769695
96,91.5,512.5814311876765
96,91.60000000000001,512.1299500347885
96,91.7,493.2204289410282
96,91.80000000000001,512.6900627901036
96,91.9,515.7719689295651
96,92.0,504.19373483203094
96,92.10000000000001,484.05504891688764
96,92.2,516.3596198957761
96,92.30000000000001,543.7068246783747
96,92.4,542.6590881253182
96,92.5,491.6579941610223
96,92.60000000000001,502.195841750762
96,92.7,507.5878661692867
96,92.80000000000001,518.6913681595524
96,92.9,518.5350107474916
96,93.0,539.9151652079844
96,93.10000000000001,544.583793269938
96,93.2,522.0975419571747
96,93.30000000000001,539.1297197192201
96,93.4,538.7837979895489
96,93.5,495.4540335053634
96,93.60000000000001,473.6309908977612
96,93.7,573.4258343899337
96,93.80000000000001,528.9419555768799
96,93.9,500.9484710333514
96,94.0,494.3792864332025
96,94.10000000000001,485.247609056445
96,94.2,540.6790128989232
96,94.30000000000001,554.4501130917954
96,94.4,562.363866973099
96,94.5,544.5031223377639
96,94.60000000000001,496.5738581174866
96,94.7,487.17610243237607
96,94.80000000000001,539.705058191626
96,94.9,544.3112455842885
96,95.0,510.60882987037746
96,95.10000000000001,504.07338022016836
96,95.2,529.7973817810977
96,95.30000000000001,520.9877879944305
96,95.4,544.0469792283945
96,95.5,570.9555691291512
96,95.60000000000001,539.0337168583187
96,95.7,539.7973074261704
96,95.80000000000001,541.5314942038713
96,95.9,534.4393310211051
96,96.0,530.1035920752586
96,96.10000000000001,526.0094646585366
96,96.2,553.3590243778783
96,96.30000000000001,660.8094860154847
96,96.4,534.3489823425549
96,96.5,521.6761180339118
96,96.60000000000001,519.5776142910545
96,96.7,515.0239323905407
96,96.80000000000001,551.5165224791921
96,96.9,508.907520808697
96,97.0,522.7812057567671
96,97.10000000000001,529.9777921960317
96,97.2,499.4289810402906
96,97.30000000000001,513.8028940473454
96,97.4,512.2670847004484
96,97.5,505.8858804113689
96,97.60000000000001,517.9539967388781
96,97.7,528.5183013870061
96,97.80000000000001,513.5170058114294
96,97.9,529.1031677365263
96,98.0,513.657453677471
96,98.10000000000001,480.75473302071316
96,98.2,504.45770144419356
96,98.30000000000001,519.3156185152707
96,98.4,515.2990306555182
96,98.5,506.93574122188335
96,98.60000000000001,548.5907548161796
96,98.7,547.2247486136351
96,98.80000000000001,541.908580830777
96,98.9,503.85244900808334
96,99.0,486.6923692531303
96,99.10000000000001,543.4959185543548
96,99.2,554.5527408969385
96,99.30000000000001,525.1273309674739
96,99.4,539.6881571967399
96,99.5,532.508415435167
96,99.60000000000001,554.5361226679353
96,99.7,552.293853977368
96,99.80000000000001,562.790492948538
96,99.9,592.5988328484649
96,100.0,564.4671602075803
96,100.10000000000001,536.6197547916081
96,100.2,539.3856936265017
96,100.30000000000001,517.4701439845172
96,100.4,518.8318651329597
96,100.5,529.1836286209221
96,100.60000000000001,530.4197648535564
96,100.7,540.1775605369695
96,100.80000000000001,542.2357853910627
96,100.9,538.2237126749353
96,101.0,531.5278830966149
96,101.10000000000001,537.3921748503691
96,101.2,532.3868763618945
96,101.30000000000001,530.3611177596911
96,101.4,530.6596246557519
96,101.5,538.1774737980809
96,101.60000000000001,538.0620981514745
96,101.7,520.3725462776749
96,101.80000000000001,526.8181217277374
96,101.9,543.7593876096334
96,102.0,535.8801745184563
96,102.10000000000001,553.0122342197092
96,102.2,544.7952565797302
96,102.30000000000001,571.3323098508255
96,102.4,565.8886461714029
96,102.5,540.0035988267782
96,102.60000000000001,542.2590301136821
96,102.7,550.319446940249
96,102.80000000000001,555.4822392002694
96,102.9,535.6384634479552
96,103.0,540.1608909875479
96,103.10000000000001,515.9830271744033
96,103.2,526.9299470373525
96,103.30000000000001,546.9485781916358
96,103.4,555.603249634484
96,103.5,535.1711015366433
96,103.60000000000001,535.7155891640494
96,103.7,537.6871149336273
96,103.80000000000001,535.1877905211668
96,103.9,521.2073214304253
96,104.0,521.4847034904916
96,104.10000000000001,525.1826565237487
96,104.2,539.2366833982803
96,104.30000000000001,528.7584863961689
96,104.4,511.5232312434467
96,104.5,518.0927828399322
96,104.60000000000001,522.0788038534303
96,104.7,525.2052687743345
96,104.80000000000001,533.1419588254086
96,104.9,541.161502053499
96,105.0,575.5804316895099
96,105.10000000000001,587.4611899218684
96,105.2,554.8499292880276
96,105.30000000000001,548.068711624052
96,105.4,641.7141955603714
96,105.5,576.4454252082579
96,105.60000000000001,533.7689042168581
96,105.7,544.2959922949716
96,105.80000000000001,536.9413391928188
96,105.9,529.9442616792409
96,106.0,534.0038767388331
96,106.10000000000001,513.3786312535109
96,106.2,513.8375518414036
96,106.30000000000001,551.4679613577225
96,106.4,540.3573429406076
96,106.5,517.0877718938316
96,106.60000000000001,527.842937387179
96,106.7,520.0714903950487
96,106.80000000000001,530.8969645265092
96,106.9,558.3476477944904
96,107.0,558.653352546048
96,107.10000000000001,527.7207460397985
96,107.2,517.6880019014716
96,107.30000000000001,527.5974920367152
96,107.4,526.8822922310753
96,107.5,532.4344721416709
96,107.60000000000001,523.794385178635
96,107.7,514.0371778537609
96,107.80000000000001,522.1440773641074
96,107.9,535.0324796097958
96,108.0,546.2048216116797
96,108.10000000000001,537.239603226627
96,108.2,509.59809394672914
96,108.30000000000001,520.1870480984228
96,108.4,539.5633295306815
96,108.5,541.1781683330632
96,108.60000000000001,583.8299115886352
96,108.7,642.9782103242547
96,108.80000000000001,593.4805879975376
96,108.9,620.5152811779058
96,109.0,604.8908696853752
96,109.10000000000001,546.2481613712046
96,109.2,512.0467715656105
96,109.30000000000001,523.2199496693912
96,109.4,547.3480796601166
96,109.5,541.9750661708814
96,109.60000000000001,540.5047688813069
96,109.7,535.5588946058384
96,109.80000000000001,510.224712527011
96,109.9,519.7183465880684
96,110.0,533.0765771401883
96,110.10000000000001,530.9268019601163
96,110.2,539.6814730501172
96,110.30000000000001,531.4811273173052
96,110.4,557.502242678127
96,110.5,580.0783725239297
96,110.60000000000001,553.1995394382137
96,110.7,529.861913788075
96,110.80000000000001,546.1372146033617
96,110.9,588.07510590296
96,111.0,662.1157213399131
96,111.10000000000001,614.1141968508307
96,111.2,539.8866307684972
96,111.30000000000001,530.6363404925744
96,111.4,516.4977770893439
96,111.5,505.8298796766914
96,111.60000000000001,550.7301997540661
96,111.7,555.3716970166452
96,111.80000000000001,539.0059659906464
96,111.9,548.042818086027
96,112.0,543.9997687215852
96,112.10000000000001,557.6334621105627
96,112.2,552.0309640163166
96,112.30000000000001,559.0394070793263
96,112.4,571.6402470272852
96,112.5,547.221244787137
96,112.60000000000001,534.2920932397049
96,112.7,529.8664339537485
96,112.80000000000001,540.2077955668697
96,112.9,537.207267457619
96,113.0,540.8590363122102
96,113.10000000000001,549.3425810190096
96,113.2,536.9132854901341
128,0.0,673.674
128,0.1,582.5255165423745
128,0.2,614.4825970163764
128,0.30000000000000004,620.7758686909841
128,0.4,566.8996561143503
128,0.5,519.0253509104252
128,0.6000000000000001,542.1867109841933
128,0.7000000000000001,516.8688461691679
128,0.8,545.2633566697959
128,0.9,545.7935133016757
128,1.0,533.6743778237902
128,1.1,534.3348094693558
128,1.2000000000000002,539.0473087038149
128,1.3,563.6926566994613
128,1.4000000000000001,573.3955583255894
128,1.5,557.4396345754732
128,1.6,493.3078691862473
128,1.7000000000000002,514.1011040837334
128,1.8,546.2913555149959
128,1.9000000000000001,562.6423474047882
128,2.0,558.8766789695153
128,2.1,554.2324716889058
128,2.2,552.4950004307941
128,2.3000000000000003,562.9362244840676
128,2.4000000000000004,562.0335441822562
128,2.5,570.8160331871902
128,2.6,569.4853124524058
128,2.7,551.7363831308996
128,2.8000000000000003,556.5574465975373
128,2.9000000000000004,579.2365416121423
128,3.0,563.365884416423
128,3.1,539.6349754629465
128,3.2,540.5309912910882
128,3.3000000000000003,548.1425204633996
128,3.4000000000000004,548.0786662525938
128,3.5,540.5841735352491
128,3.6,565.2314704674768
128,3.7,574.9198951855655
128,3.8000000000000003,566.8431926665046
128,3.9000000000000004,558.9538334581047
128,4.0,553.9847776342939
128,4.1000000000000005,549.1207774636812
128,4.2,552.4666441390353
128,4.3,540.3188173985561
128,4.4,538.168047958712
128,4.5,533.447499431695
128,4.6000000000000005,523.1439654238693
128,4.7,529.3782104118793
128,4.800000000000001,543.86512142761
128,4.9,537.4026732821226
128,5.0,528.3427767943296
128,5.1000000000000005,561.7222579653105
128,5.2,572.4230075049496
128,5.300000000000001,576.4143186320993
128,5.4,560.7639330887291
128,5.5,566.6888118659493
128,5.6000000000000005,534.5555426751224
128,5.7,519.7737130706577
128,5.800000000000001,518.1457819083217
128,5.9,576.6711905950799
128,6.0,582.7827140821985
128,6.1000000000000005,699.9892303949918
128,6.2,652.4792015402207
128,6.300000000000001,541.868683287107
128,6.4,551.1105906052743
128,6.5,573.2422026077446
128,6.6000000000000005,560.8829271750733
128,6.7,549.8040551431956
128,6.800000000000001,542.9470855592062
128,6.9,540.1242525003038
128,7.0,531.7919900785803
128,7.1000000000000005,539.6852960032406
128,7.2,570.8392010340892
128,7.300000000000001,583.3071207700189
128,7.4,549.0203062139487
128,7.5,529.7407049780311
128,7.6000000000000005,554.4355122855184
128,7.7,558.7134997331312
128,7.800000000000001,678.045600434607
128,7.9,758.5645376716702
128,8.0,627.7534968314321
128,8.1,522.0756398934612
128,8.200000000000001,553.2806692616709
128,8.3,557.3371230613452
128,8.4,524.0005993419751
128,8.5,535.0972153378837
128,8.6,527.2829451617978
128,8.700000000000001,532.036533795529
128,8.8,530.1505369744474
128,8.9,536.862496601411
128,9.0,571.4428266140561
128,9.1,567.8224362835022
128,9.200000000000001,563.5069096963258
128,9.3,556.7552069549471
128,9.4,544.9787565915556
128,9.5,529.7045650973225
128,9.600000000000001,551.0438543077228
128,9.700000000000001,546.9767390836962
128,9.8,540.0794429639126
128,9.9,548.1685072538971
128,10.0,567.3583203310368
128,10.100000000000001,569.9699964580218
128,10.200000000000001,548.3417349494273
128,10.3,558.4741278270734
128,10.4,541.1493555714385
128,10.5,524.0576389509022
128,10.600000000000001,603.8573193089813
128,10.700000000000001,618.0549729317316
128,10.8,548.8095677467156
128,10.9,615.7447472908194
128,11.0,605.4030702586156
128,11.100000000000001,540.5563866078022
128,11.200000000000001,555.9390327707011
128,11.3,542.0214491066235
128,11.4,542.2082579063867
128,11.5,552.0407764529273
128,11.600000000000001,558.475742000086
128,11.700000000000001,544.5544708134491
128,11.8,557.750077746329
128,11.9,547.7331841900734
128,12.0,544.0078075348699
128,12.100000000000001,564.6567898553108
128,12.200000000000001,544.5926397018947
128,12.3,536.8609479788703
128,12.4,551.9797278799215
128,12.5,551.3988774158503
128,12.600000000000001,557.526076687627
128,12.700000000000001,559.5520328668028
128,12.8,558.5156530818336
128,12.9,567.5886469653723
128,13.0,549.2033529722954
128,13.100000000000001,527.3631499412696
128,13.200000000000001,553.4515303885576
128,13.3,556.8811188943713
128,13.4,530.2554370817945
128,13.5,548.4593097741924
128,13.600000000000001,539.0235175187917
128,13.700000000000001,548.4094127882521
128,13.8,573.4184694578194
128,13.9,558.189059089252
128,14.0,536.0130981797822
128,14.100000000000001,545.9148199513978
128,14.200000000000001,548.5861899061757
128,14.3,536.5342340562358
128,14.4,548.688264276831
128,14.5,560.9841256456193
128,14.600000000000001,533.6552578028615
128,14.700000000000001,536.5436184398825
128,14.8,573.2898319070155
128,14.9,574.567537817973
128,15.0,545.9428811112169
128,15.100000000000001,529.2778444232662
128,15.200000000000001,543.5567220041748
128,15.3,566.4925007155607
128,15.4,561.2992195374061
128,15.5,544.5796799093753
128,15.600000000000001,530.682693956562
128,15.700000000000001,536.4780329203146
128,15.8,571.3530522754623
128,15.9,582.3261467274131
128,16.0,567.8373543753634
128,16.1,566.1327758977586
128,16.2,564.2852855349839
128,16.3,562.0475654974425
128,16.400000000000002,559.3002704562565
128,16.5,558.4118079257322
128,16.6,546.0960475370422
128,16.7,526.7233197741164
128,16.8,528.7235077741219
128,16.900000000000002,542.3435023396011
128,17.0,556.2647471496615
128,17.1,570.8461836228776
128,17.2,565.4916053425148
128,17.3,593.4413799755055
128,17.400000000000002,630.0747080564338
128,17.5,574.3062491124064
128,17.6,541.3385891747374
128,17.7,564.712550681367
128,17.8,555.5296777183404
128,17.900000000000002,555.3658054176294
128,18.0,549.6546007686919
128,18.1,540.5762848366576
128,18.2,579.1365629641451
128,18.3,590.4452353885225
128,18.400000000000002,569.0043351102383
128,18.5,611.1829825387446
128,18.6,595.0462958907161
128,18.7,539.3784214337453
128,18.8,553.6212614595721
128,18.900000000000002,570.1569383352876
128,19.0,549.7980162033617
128,19.1,540.3456589065647
128,19.200000000000003,568.1484534072314
128,19.3,573.7858060958029
128,19.400000000000002,541.8456983631854
128,19.5,528.9330700238734
128,19.6,558.2926245209161
128,19.700000000000003,574.8130521708471
128,19.8,554.8317907284953
128,19.900000000000002,538.0093604746594
128,20.0,565.3152234919605
128,20.1,546.6695512866937
128,20.200000000000003,584.7616845204839
128,20.3,656.7835758387341
128,20.400000000000002,607.0058228503198
128,20.5,550.1902074700661
128,20.6,544.9444540683508
128,20.700000000000003,569.9259746671245
128,20.8,592.2700987732738
128,20.900000000000002,569.4861086355256
128,21.0,537.3237705011783
128,21.1,548.9583735034952
128,21.200000000000003,539.575274991184
128,21.3,570.2497213182492
128,21.400000000000002,581.033318233307
128,21.5,554.0253693567062
128,21.6,536.5811686322902
128,21.700000000000003,530.1965641013797
128,21.8,533.5786580150923
128,21.900000000000002,526.1285759017663
128,22.0,554.0756400574604
128,22.1,564.0892823425424
128,22.200000000000003,556.8453875312122
128,22.3,543.8854194829078
128,22.400000000000002,530.8552998465724
128,22.5,532.0069557836256
128,22.6,520.3701677063062
128,22.700000000000003,551.6147122051989
128,22.8,550.6537038000135
128,22.900000000000002,521.1493460789052
128,23.0,539.7692414186635
128,23.1,574.9369780795611
128,23.200000000000003,554.6193687881203
128,23.3,530.6667257987119
128,23.400000000000002,553.1692853070485
128,23.5,578.1073697900284
128,23.6,567.2200224255334
128,23.700000000000003,556.348232870967
128,23.8,537.9253242621991
128,23.900000000000002,536.3051475069326
128,24.0,531.7141371790748
128,24.1,631.3367261025492
128,24.200000000000003,670.5891249077906
128,24.3,531.2985549576505
128,24.400000000000002,518.0382487525261
128,24.5,537.281224121458
128,24.6,547.6117665407812
128,24.700000000000003,564.3870281166608
128,24.8,550.7486566047533
128,24.900000000000002,510.97100333876585
128,25.0,513.4169984559518
128,25.1,527.2465409809972
128,25.200000000000003,549.9271875831912
128,25.3,572.2820985479273
128,25.400000000000002,553.6786193434932
128,25.5,573.5986846216165
128,25.6,595.8879951326561
128,25.700000000000003,564.3220881171369
128,25.8,591.9561509059288
128,25.900000000000002,610.4332185821297
128,26.0,571.8435158634658
128,26.1,571.1384086980768
128,26.200000000000003,568.2738015099377
128,26.3,566.4876135346914
128,26.400000000000002,579.6808192138723
128,26.5,574.0924851428849
128,26.6,626.0028910610395
128,26.700000000000003,587.5028047319983
128,26.8,549.3602219067042
128,26.900000000000002,541.8577986944337
128,27.0,598.7768739114379
128,27.1,643.5142274108765
128,27.200000000000003,614.3720781188134
128,27.3,615.2622815473935
128,27.400000000000002,601.4193626588142
128,27.5,628.889366534662
128,27.6,637.482668719819
128,27.700000000000003,551.0066622741545
128,27.8,577.4222840697191
128,27.900000000000002,588.0540089224057
128,28.0,573.0877338060586
128,28.1,578.9127881524871
128,28.200000000000003,607.5233905657458
128,28.3,589.3956159308816
128,28.400000000000002,555.4338927996838
128,28.5,593.7677870722705
128,28.6,651.829142955307
128,28.700000000000003,615.771178033756
128,28.8,543.4450258683783
128,28.900000000000002,574.4484645614633
128,29.0,580.072869685166
128,29.1,522.5363924700368
128,29.200000000000003,528.7536269740227
128,29.3,541.3864215638396
128,29.400000000000002,557.5912381687967
128,29.5,547.9920427684164
128,29.6,576.7079169700571
128,29.700000000000003,580.6198455052651
128,29.8,575.4192837873068
128,29.900000000000002,621.0102523988063
128,30.0,552.1678085425734
128,30.1,564.8988089409993
128,30.200000000000003,568.9701285138366
128,30.3,567.6644259473522
128,30.400000000000002,532.8321938150904
128,30.5,526.6497314869528
128,30.6,556.3789632191351
128,30.700000000000003,574.2864054243529
128,30.8,663.500548897503
128,30.900000000000002,630.2686979678335
128,31.0,559.7792320180695
128,31.1,573.8971892881826
128,31.200000000000003,631.5451781512712
128,31.3,647.887399023529
128,31.400000000000002,563.6206625212084
128,31.5,623.600526703442
128,31.6,621.1720273744437
128,31.700000000000003,551.874071379998
128,31.8,597.3207169146311
128,31.900000000000002,598.1385236802403
128,32.0,562.3445174133502
128,32.1,557.8901003419329
128,32.2,550.8286462272351
128,32.300000000000004,544.4550889959022
128,32.4,562.7612119093795
128,32.5,578.1750573846659
128,32.6,567.1240310407189
128,32.7,568.0571381572022
128,32.800000000000004,566.913735829202
128,32.9,560.9082112227823
128,33.0,572.7270909465649
128,33.1,534.6341444205646
128,33.2,550.1572984447928
128,33.300000000000004,551.3001306915424
128,33.4,600.0729803943145
128,33.5,634.1754471963118
128,33.6,620.4767472161128
128,33.7,576.5742263472023
128,33.800000000000004,561.1299583937702
128,33.9,574.5727265069012
128,34.0,621.2997957330513
128,34.1,595.9349418269686
128,34.2,628.256444609911
128,34.300000000000004,594.1131717588842
128,34.4,545.6802972774241
128,34.5,521.730944535124
128,34.6,525.7195154724858
128,34.7,548.6198177902337
128,34.800000000000004,603.752733311571
128,34.9,581.0790616082562
128,35.0,539.1452429946627
128,35.1,544.326624911063
128,35.2,561.31380767385
128,35.300000000000004,547.911512858992
128,35.4,549.3795753727757
128,35.5,548.2814056430456
128,35.6,613.0341099449095
128,35.7,614.4431606085512
128,35.800000000000004,602.3148839129346
128,35.9,598.4142018223713
128,36.0,582.0785862492941
128,36.1,556.1389499121934
128,36.2,569.3019496873719
128,36.300000000000004,570.0953698589013
128,36.4,570.2627625870618
128,36.5,571.4461749556797
128,36.6,573.4440303986496
128,36.7,538.0823693005666
128,36.800000000000004,505.75066339901156
128,36.9,569.874511844428
128,37.0,751.2715955950684
128,37.1,679.8416573345662
128,37.2,526.7943963972724
128,37.300000000000004,540.7584546003471
128,37.4,575.7771620527211
128,37.5,593.2161985293767
128,37.6,584.410857634388
128,37.7,564.5415852670997
128,37.800000000000004,565.6130899015052
128,37.9,633.7369215358888
128,38.0,601.8197482766755
128,38.1,567.5298902069457
128,38.2,550.3107489241851
128,38.300000000000004,537.487871366518
128,38.400000000000006,580.6226401424964
128,38.5,672.2726517799275
128,38.6,558.4061506249967
128,38.7,543.8130667657075
128,38.800000000000004,548.4996325669003
128,38.900000000000006,559.8559265094419
128,39.0,583.7529430935764
128,39.1,574.6268979641624
128,39.2,535.1129561679287
128,39.300000000000004,551.1700362043383
128,39.400000000000006,577.4139988462625
128,39.5,580.7531710687778
128,39.6,553.3185578956404
128,39.7,585.6222730926945
128,39.800000000000004,572.4389238128589
128,39.900000000000006,559.7074031919711
128,40.0,570.9383358702049
128,40.1,594.3634519075201
128,40.2,587.6678989232091
128,40.300000000000004,568.1704759120548
128,40.400000000000006,543.713017482187
128,40.5,600.180296719007
128,40.6,585.1352387321822
128,40.7,590.3759553460334
128,40.800000000000004,676.8016689295072
128,40.900000000000006,596.3279823434275
128,41.0,619.0132514617933
128,41.1,617.2419424974117
128,41.2,763.8710434269769
128,41.300000000000004,700.3449906756152
128,41.400000000000006,612.422462292931
128,41.5,574.8327887298774
128,41.6,553.4719303109582
128,41.7,543.8831751358554
128,41.800000000000004,580.9625897140679
128,41.900000000000006,576.1736166528846
128,42.0,549.2779490661977
128,42.1,545.3039361842568
128,42.2,586.450041490913
128,42.300000000000004,559.1397461201756
128,42.400000000000006,551.2777786412813
128,42.5,600.7665356825444
128,42.6,565.0238893407649
128,42.7,580.2903640929102
128,42.800000000000004,558.2864207948255
128,42.900000000000006,596.2442131663139
128,43.0,574.5618283076908
128,43.1,585.9960229703192
128,43.2,571.4082879585975
128,43.300000000000004,614.1001243382386
128,43.400000000000006,662.1586526562522
128,43.5,588.1650093967406
128,43.6,558.5842787253821
128,43.7,586.9988521080234
128,43.800000000000004,572.8121665499929
128,43.900000000000006,636.4905714757512
128,44.0,643.182257212707
128,44.1,616.5083788317437
128,44.2,640.435582589528
128,44.300000000000004,578.3890269422773
128,44.400000000000006,579.3029019748362
128,44.5,565.9012846277203
128,44.6,584.0581294131657
128,44.7,565.08790445698
128,44.800000000000004,612.7130886094384
128,44.900000000000006,577.6405219328461
128,45.0,589.1584261874075
128,45.1,569.5813422033108
128,45.2,579.679638313647
128,45.300000000000004,549.2533047095343
128,45.400000000000006,608.9396444289893
128,45.5,648.8848286653642
128,45.6,580.9835006721039
128,45.7,585.8150283894743
128,45.800000000000004,546.5488353519735
128,45.900000000000006,580.4745092886046
128,46.0,558.5643456616001
128,46.1,592.8079171124377
128,46.2,570.390183932112
128,46.300000000000004,592.0921358800367
128,46.400000000000006,576.0329429659956
128,46.5,581.1515905992294
128,46.6,568.2828243502124
128,46.7,546.6659783998373
128,46.800000000000004,575.5339117436134
128,46.900000000000006,566.0902584466817
128,47.0,591.8947260652554
128,47.1,565.780947096956
128,47.2,583.7184967208267
128,47.300000000000004,559.1870493503134
128,47.400000000000006,540.0894652269978
128,47.5,585.7684890430606
128,47.6,559.782669861924
128,47.7,572.2802259158578
128,47.800000000000004,573.3629195099593
128,47.900000000000006,593.9784271048956
128,48.0,575.8052067000375
128,48.1,571.1595093563567
128,48.2,545.7814816559945
128,48.300000000000004,591.8520129112178
128,48.400000000000006,565.5875943202371
128,48.5,544.362574336591
128,48.6,572.7077624575014
128,48.7,547.8539025994035
128,48.800000000000004,589.9196827652895
128,48.900000000000006,568.6199104878773
128,49.0,644.6565477634165
128,49.1,597.6996280689293
128,49.2,608.5638954899632
128,49.300000000000004,738.5401783384484
128,49.400000000000006,649.942648117071
128,49.5,582.6231812507297
128,49.6,590.0104193277247
128,49.7,574.326121519278
128,49.800000000000004,596.9696691485667
128,49.900000000000006,560.7033103479663
128,50.0,567.8302729932363
128,50.1,591.7575352900685
128,50.2,630.0336912228685
128,50.300000000000004,574.5683800367402
128,50.400000000000006,611.5852967183058
128,50.5,567.9484516441812
128,50.6,529.734640235762
128,50.7,556.3148246661707
128,50.800000000000004,593.8465779906096
128,50.900000000000006,601.7564882293756
128,51.0,548.8074492449095
128,51.1,584.5735527046078
128,51.2,545.297048174127
128,51.300000000000004,587.567513093798
128,51.400000000000006,549.6649781586611
128,51.5,562.0740920442876
128,51.6,560.0033766308642
128,51.7,545.5111208277258
128,51.800000000000004,585.1777258550428
128,51.900000000000006,569.0151855932847
128,52.0,589.8206583562655
128,52.1,566.0805682245399
128,52.2,593.615752074356
128,52.300000000000004,627.5016156776555
128,52.400000000000006,546.9305330855594
128,52.5,576.6312217038898
128,52.6,542.5009382592045
128,52.7,580.6057334515162
128,52.800000000000004,560.9720381760275
128,52.900000000000006,583.8258761419553
128,53.0,556.7862379202708
128,53.1,592.6097021835471
128,53.2,566.4798396641294
128,53.300000000000004,595.7748950209681
128,53.400000000000006,580.8267173689135
128,53.5,545.9717802566743
128,53.6,578.3110067880446
128,53.7,543.1120233556921
128,53.800000000000004,576.4091382545733
128,53.900000000000006,684.6122197193424
128,54.0,570.8570695166906
128,54.1,582.6679166314083
128,54.2,622.4713119124009
128,54.300000000000004,573.38252515679
128,54.400000000000006,584.1851615223121
128,54.5,574.0319048374646
128,54.6,686.8856897823212
128,54.7,580.407755843523
128,54.800000000000004,539.4362654843497
128,54.900000000000006,594.1157250128115
128,55.0,667.9017842255132
128,55.1,742.6875325803442
128,55.2,697.0576229008066
128,55.300000000000004,581.7662036201655
128,55.400000000000006,599.0512115736313
128,55.5,551.0522280160798
128,55.6,578.0794948289948
128,55.7,552.6546508919738
128,55.800000000000004,597.9234161184868
128,55.900000000000006,585.7512330994151
128,56.0,538.5457939989944
128,56.1,574.09774884264
128,56.2,579.0281174895929
128,56.300000000000004,582.9468209501932
128,56.400000000000006,573.6079869052352
128,56.5,533.2807128968382
128,56.6,569.0267478270808
128,56.7,534.0899276382211
128,56.800000000000004,587.2278651295704
128,56.900000000000006,653.7061818135932
128,57.0,689.414535458551
128,57.1,570.3033739327069
128,57.2,551.0705256299633
128,57.300000000000004,620.4631247075571
128,57.400000000000006,599.6003851626137
128,57.5,647.8280160390599
128,57.6,550.4641251532777
128,57.7,551.1590626679957
128,57.800000000000004,572.3263133827364
128,57.900000000000006,546.8424054238682
128,58.0,619.4994380208022
128,58.1,570.6425775608818
128,58.2,536.6995162081614
128,58.300000000000004,596.0984535933168
128,58.400000000000006,595.883042384108
128,58.5,593.4994095343396
128,58.6,660.0710018695894
128,58.7,573.7262652418733
128,58.800000000000004,594.5222555486447
128,58.900000000000006,598.4986580328224
128,59.0,674.7460117928238
128,59.1,596.4266904209069
128,59.2,543.2896251659719
128,59.300000000000004,676.4067156160219
128,59.400000000000006,573.7504845357789
128,59.5,582.8354099102856
128,59.6,550.7191953828853
128,59.7,566.7283154627913
128,59.800000000000004,537.6894246140447
128,59.900000000000006,569.7831973688913
128,60.0,568.7887678085929
128,60.1,564.9246528043993
128,60.2,548.243551129314
128,60.300000000000004,564.1038916414883
128,60.400000000000006,572.6160749675344
128,60.5,589.9696278475583
128,60.6,582.1767581397347
128,60.7,594.4193675028928
128,60.800000000000004,563.6614690757737
128,60.900000000000006,719.6847940356457
128,61.0,651.7490491108866
128,61.1,590.7899418296603
128,61.2,577.7006107055226
128,61.300000000000004,596.6326510258915
128,61.400000000000006,572.7604235558185
128,61.5,609.5387077806187
128,61.6,572.2100048366916
128,61.7,558.1911017287447
128,61.800000000000004,612.0938902965469
128,61.900000000000006,724.4307113341338
128,62.0,569.652524114729
128,62.1,600.7064557214644
128,62.2,610.6340170910635
128,62.300000000000004,588.6367354694066
128,62.400000000000006,596.0586291268246
128,62.5,598.0287586916743
128,62.6,575.6430322669811
128,62.7,647.1666284142465
128,62.800000000000004,577.7358586793981
128,62.900000000000006,557.9309184083265
128,63.0,575.5630312567015
128,63.1,551.96434177161
128,63.2,627.1836990452309
128,63.300000000000004,739.3503908332038
128,63.400000000000006,642.2455381155893
128,63.5,596.1148583290842
128,63.6,562.777643996505
128,63.7,734.9445193135296
128,63.800000000000004,596.7333542065795
128,63.900000000000006,619.477133265503
128,64.0,613.5299520486091
128,64.10000000000001,570.8487526323839
128,64.2,593.8117128364088
128,64.3,565.0743552046457
128,64.4,619.4324968210508
128,64.5,614.0439839065945
128,64.60000000000001,577.5551644159631
128,64.7,619.3664873046455
128,64.8,570.6105452328303
128,64.9,588.7124600384108
128,65.0,651.0147915400945
128,65.10000000000001,586.1807446223138
128,65.2,599.7636767450821
128,65.3,551.5421998818169
128,65.4,595.4283131535466
128,65.5,544.829507690695
128,65.60000000000001,582.2133585338978
128,65.7,552.1530116541037
128,65.8,573.6003160131995
128,65.9,602.7354491421858
128,66.0,582.376564160241
128,66.10000000000001,654.3283760873378
128,66.2,574.6996807697444
128,66.3,588.1098899527481
128,66.4,592.7901777415556
128,66.5,542.0856138673313
128,66.60000000000001,582.3045708403171
128,66.7,533.3404420291768
128,66.8,578.9368311268554
128,66.9,619.5928611346527
128,67.0,612.8923301535038
128,67.10000000000001,602.9947171974728
128,67.2,562.9621815940405
128,67.3,594.8586706252376
128,67.4,619.236629957041
128,67.5,650.9446635754078
128,67.60000000000001,555.4762494164756
128,67.7,577.017904195848
128,67.8,649.1591835738398
128,67.9,611.0959077999232
128,68.0,588.7054606576672
128,68.10000000000001,621.4917138695985
128,68.2,557.5400774051845
128,68.3,612.2188532992177
128,68.4,573.7079248938059
128,68.5,554.3908687263655
128,68.60000000000001,595.0997282021123
128,68.7,750.8934833320974
128,68.8,584.9488930478725
128,68.9,533.127205970281
128,69.0,593.0187138438959
128,69.10000000000001,548.8828193941631
128,69.2,596.1540722782247
128,69.3,567.4269144999424
128,69.4,579.148586714163
128,69.5,577.83593458131
128,69.60000000000001,607.6503610347432
128,69.7,572.6627703407895
128,69.8,608.6549648987544
128,69.9,552.6434598396829
128,70.0,556.1876017594944
128,70.10000000000001,592.1364769936317
128,70.2,551.3760146784107
128,70.3,594.6675278877598
128,70.4,565.8677012526789
128,70.5,563.8475021974003
128,70.60000000000001,563.0312719509263
128,70.7,598.922674231382
128,70.8,584.8268284149211
128,70.9,546.3525899448026
128,71.0,598.4765045920738
128,71.10000000000001,574.3858569466444
128,71.2,537.5837514094314
128,71.3,593.0400436887405
128,71.4,559.9764749748035
128,71.5,605.8792718356335
128,71.60000000000001,579.4753917594619
128,71.7,545.5994801869002
128,71.8,590.0985130155873
128,71.9,587.4148058484741
128,72.0,573.4134744713044
128,72.10000000000001,535.614267561987
128,72.2,591.9403854445825
128,72.3,551.0772777376415
128,72.4,590.1982391696199
128,72.5,582.2859688467286
128,72.60000000000001,560.6947222112062
128,72.7,588.1982584622872
128,72.8,555.224701527317
128,72.9,590.5508301169766
128,73.0,538.0211687967596
128,73.10000000000001,591.6882029156013
128,73.2,551.9858891497811
128,73.3,595.720815170562
128,73.4,568.2143224640427
128,73.5,550.9440559627518
128,73.60000000000001,576.8333509642239
128,73.7,536.4123967011772
128,73.8,586.3279045519625
128,73.9,553.8329790892326
128,74.0,583.4663144357655
128,74.10000000000001,592.2976626067817
128,74.2,539.1851044241782
128,74.3,584.3669952809178
128,74.4,674.0447891969227
128,74.5,581.7466508462945
128,74.60000000000001,543.0349734667589
128,74.7,598.1026335808251
128,74.8,581.6315996530604
128,74.9,545.7874131376266
128,75.0,646.2627031799173
128,75.10000000000001,550.3919283789908
128,75.2,593.6708096356905
128,75.3,524.2651552120537
128,75.4,533.5953869221063
128,75.5,578.1856988150184
128,75.60000000000001,579.7170883559146
128,75.7,544.9939898365886
128,75.8,546.6906768900894
128,75.9,583.7841892649898
128,76.0,588.5067221168599
128,76.10000000000001,560.6846898017518
128,76.2,543.6189500930491
128,76.3,585.3711236778321
128,76.4,656.6841308736036
128,76.5,683.5541031753974
128,76.60000000000001,574.6804431550278
128,76.7,588.6548985919728
128,76.80000000000001,556.1795791868274
128,76.9,607.7993523160283
128,77.0,587.5417249305993
128,77.10000000000001,564.4173043482385
128,77.2,545.8251941719899
128,77.30000000000001,578.9945467050828
128,77.4,614.6867961645253
128,77.5,574.582008716601
128,77.60000000000001,530.8352696544785
128,77.7,579.3781672002722
128,77.80000000000001,537.264809073422
128,77.9,554.1977938862809
128,78.0,588.2787643987791
128,78.10000000000001,563.6108806425069
128,78.2,538.0651241085803
128,78.30000000000001,681.4550945985335
128,78.4,600.2852723638821
128,78.5,559.1561596846101
128,78.60000000000001,597.510954804961
128,78.7,559.8542611286866
128,78.80000000000001,526.9723190562162
128,78.9,571.2865159960284
128,79.0,546.7937049608853
128,79.10000000000001,563.1416522274255
128,79.2,574.7991906727507
128,79.30000000000001,542.3925198608506
128,79.4,571.9734802413293
128,79.5,684.7593463274225
128,79.60000000000001,565.1673181200258
128,79.7,579.5148120767383
128,79.80000000000001,562.0233112909312
128,79.9,552.3563099381172
128,80.0,572.5168978161151
128,80.10000000000001,561.7639828065716
128,80.2,523.6114871510392
128,80.30000000000001,578.758890171426
128,80.4,561.6419539693268
128,80.5,575.5334961731289
128,80.60000000000001,570.8540954694811
128,80.7,602.0539275400384
128,80.80000000000001,573.8777731842579
128,80.9,545.3874089447946
128,81.0,563.422222719962
128,81.10000000000001,541.5839866508742
128,81.2,542.5219437486597
128,81.30000000000001,561.5388457178419
128,81.4,582.2452393270366
128,81.5,568.3948965879603
128,81.60000000000001,527.2556558299539
128,81.7,580.2310599744096
128,81.80000000000001,565.6663468371838
128,81.9,564.2185382307667
128,82.0,670.2469016727828
128,82.10000000000001,585.7480713796455
128,82.2,693.0072613450161
128,82.30000000000001,609.9450742930215
128,82.4,527.9556145729784
128,82.5,722.4648000562362
128,82.60000000000001,582.2669204801773
128,82.7,571.8499198486438
128,82.80000000000001,550.2534740356975
128,82.9,565.6814553170309
128,83.0,565.9959435671776
128,83.10000000000001,542.4998587600079
128,83.2,541.8435204043168
128,83.30000000000001,576.70301383912
128,83.4,544.961761519213
128,83.5,583.6201319523708
128,83.60000000000001,575.1554603055295
128,83.7,553.7867342275381
128,83.80000000000001,582.3642137278819
128,83.9,562.6045425045437
128,84.0,531.3061969303794
128,84.10000000000001,573.4009306548778
128,84.2,563.2286919616257
128,84.30000000000001,581.5221832428673
128,84.4,578.2667464811215
128,84.5,598.7401916437911
128,84.60000000000001,582.778732716763
128,84.7,560.6093748163214
128,84.80000000000001,550.7461894841676
128,84.9,570.6871394784512
128,85.0,548.6314760180047
128,85.10000000000001,597.9417431790398
128,85.2,593.9473902918494
128,85.30000000000001,566.9521424954931
128,85.4,537.9912012352693
128,85.5,673.3146851798458
128,85.60000000000001,588.8374482913647
128,85.7,530.6333482192368
128,85.80000000000001,588.2218273946052
128,85.9,565.7231678433033
128,86.0,558.6235526675721
128,86.10000000000001,608.3982642393908
128,86.2,544.3294737465634
128,86.30000000000001,583.4763487522318
128,86.4,552.0075101772352
128,86.5,586.4296863505741
128,86.60000000000001,571.9242032138827
128,86.7,523.8420814827507
128,86.80000000000001,551.8945770771925
128,86.9,562.2441293504837
128,87.0,578.6367346812339
128,87.10000000000001,552.895196650655
128,87.2,519.5608018395637
128,87.30000000000001,577.663193415311
128,87.4,575.5975405333268
128,87.5,594.8747183277137
128,87.60000000000001,559.2788034513203
128,87.7,546.0941837802804
128,87.80000000000001,577.2502947656659
128,87.9,560.0805781660123
128,88.0,585.9072780204305
128,88.10000000000001,558.0064096119949
128,88.2,551.7153341678045
128,88.30000000000001,598.160037627133
128,88.4,540.157037192463
128,88.5,581.1832124129353
128,88.60000000000001,573.2483827511253
128,88.7,588.8165418952892
128,88.80000000000001,704.6754746092412
128,88.9,586.9602418074237
128,89.0,529.8557605807626
128,89.10000000000001,575.5605285988006
128,89.2,554.2382234413337
128,89.30000000000001,558.6838322832164
128,89.4,553.9275148860522
128,89.5,573.9046309831031
128,89.60000000000001,554.8019341460426
128,89.7,576.2919967530944
128,89.80000000000001,579.9368444519105
128,89.9,607.8094231583632
128,90.0,575.9667666560233
128,90.10000000000001,592.328104890355
128,90.2,561.362915472578
128,90.30000000000001,557.6721883969361
128,90.4,605.5563436764468
128,90.5,579.7333294469187
128,90.60000000000001,632.0540290255383
128,90.7,562.4413554109381
128,90.80000000000001,584.229118630923
128,90.9,577.0107715035958
128,91.0,555.9906571773744
128,91.10000000000001,525.7803598442543
128,91.2,554.2995829723366
128,91.30000000000001,592.262108394517
128,91.4,540.8654589481621
128,91.5,574.7298891255862
128,91.60000000000001,573.8338217255264
128,91.7,570.2646948656061
128,91.80000000000001,568.5987617163727
128,91.9,555.6465913828625
128,92.0,533.2110830033592
128,92.10000000000001,536.138619485802
128,92.2,519.5445501949227
128,92.30000000000001,570.4553687656738
128,92.4,576.817727831229
128,92.5,554.00753347884
128,92.60000000000001,527.612259125609
128,92.7,575.7022228484035
128,92.80000000000001,578.3153844354312
128,92.9,557.1971439333203
128,93.0,515.0830461441319
128,93.10000000000001,533.6321940241208
128,93.2,573.6951243955972
128,93.30000000000001,575.6213943173525
128,93.4,546.3301915445422
128,93.5,525.5958179819128
128,93.60000000000001,537.220356721074
128,93.7,584.0166093554282
128,93.80000000000001,586.1179078392166
128,93.9,542.0055407057247
128,94.0,575.2724028765152
128,94.10000000000001,584.795983482413
128,94.2,583.0149358624091
128,94.30000000000001,580.2300517968534
128,94.4,522.5039858561269
128,94.5,558.9997268260603
128,94.60000000000001,536.5056989232057
128,94.7,533.3546427012076
128,94.80000000000001,515.0131165615024
128,94.9,555.6859022443911
128,95.0,724.4563005251721
128,95.10000000000001,595.8681619136855
128,95.2,538.9685359239396
128,95.30000000000001,521.4843343546028
128,95.4,506.7658119192378
128,95.5,567.3165566897558
128,95.60000000000001,567.1844784988367
128,95.7,525.6351266031248
128,95.80000000000001,538.4529651234187
128,95.9,598.9270526186419
128,96.0,572.9563253527871
128,96.10000000000001,549.6886407433336
128,96.2,525.8472689661737
128,96.30000000000001,558.8950916807104
128,96.4,571.0288866631721
128,96.5,560.2402053713761
128,96.60000000000001,593.1218367625231
128,96.7,574.5185126861234
128,96.80000000000001,533.4306532163026
128,96.9,571.1975523176759
128,97.0,542.2886685583184
128,97.10000000000001,541.3867768899404
128,97.2,553.2129027442144
128,97.30000000000001,534.5748398313899
128,97.4,543.4638371257496
128,97.5,534.1721361501565
128,97.60000000000001,628.5046488335238
128,97.7,583.182049065251
128,97.80000000000001,585.5029461224151
128,97.9,507.3288127308885
192,0.0,761.007
192,0.1,616.6673721985532
192,0.2,511.9391769621182
192,0.30000000000000004,580.6823077274266
192,0.4,555.9951732358926
192,0.5,609.5463180380916
192,0.6000000000000001,567.2203225995539
192,0.7000000000000001,609.7586688075297
192,0.8,572.6765743496877
192,0.9,593.4472300881159
192,1.0,605.7167396826153
192,1.1,576.8586445938186
192,1.2000000000000002,629.766922632882
192,1.3,735.0267968633095
192,1.4000000000000001,543.082558475945
192,1.5,572.8778641088082
192,1.6,574.8120877583261
192,1.7000000000000002,567.2614167369201
192,1.8,580.3516974997558
192,1.9000000000000001,569.0643569573743
192,2.0,570.0638242418611
192,2.1,538.1286877647888
192,2.2,649.4510097565278
192,2.3000000000000003,602.6282421510324
192,2.4000000000000004,675.9170933182434
192,2.5,571.9533148724864
192,2.6,558.5809526135708
192,2.7,602.7809594879042
192,2.8000000000000003,607.935050836828
192,2.9000000000000004,606.4879804522959
192,3.0,621.1513181439103
192,3.1,603.6610018714169
192,3.2,525.5757658711398
192,3.3000000000000003,594.0680629398591
192,3.4000000000000004,642.9698639577775
192,3.5,569.3557052001772
192,3.6,658.7719644773681
192,3.7,608.5057206286648
192,3.8000000000000003,634.3854900179181
192,3.9000000000000004,597.0277811722767
192,4.0,611.6626998563187
192,4.1000000000000005,727.9874027511903
192,4.2,667.7107872110087
192,4.3,625.9016872608066
192,4.4,611.9253972002448
192,4.5,576.6767297232245
192,4.6000000000000005,562.089446542493
192,4.7,600.9029421016639
192,4.800000000000001,623.7723792114031
192,4.9,588.3307027872878
192,5.0,537.3889325153375
192,5.1000000000000005,593.8411319830653
192,5.2,556.2462679500618
192,5.300000000000001,595.4579890459268
192,5.4,594.2609856874308
192,5.5,615.8286761086239
192,5.6000000000000005,609.1022945390515
192,5.7,595.7449188282466
192,5.800000000000001,592.5010707643635
192,5.9,570.7745434846105
192,6.0,555.1349222769411
192,6.1000000000000005,553.744318041285
192,6.2,595.668285146024
192,6.300000000000001,674.9129813353669
192,6.4,593.1069354384055
192,6.5,578.083961095705
192,6.6000000000000005,596.1363981092969
192,6.7,589.8989289995474
192,6.800000000000001,578.212219574468
192,6.9,635.800168719397
192,7.0,634.4333090273972
192,7.1000000000000005,586.3086534889426
192,7.2,538.5041885338479
192,7.300000000000001,553.7145993909604
192,7.4,590.0133346144958
192,7.5,578.3861605237194
192,7.6000000000000005,552.260010328748
192,7.7,592.69969597093
192,7.800000000000001,568.1720490418933
192,7.9,588.6846181170921
192,8.0,599.5346963064101
192,8.1,562.716327910911
192,8.200000000000001,590.7716564843921
192,8.3,576.9408154751266
192,8.4,536.9243858944237
192,8.5,607.242063537261
192,8.6,604.433162529126
192,8.700000000000001,587.9678484902637
192,8.8,604.0809244900247
192,8.9,563.6218114302732
192,9.0,587.1304596589717
192,9.1,578.8533363266494
192,9.200000000000001,555.8529962442766
192,9.3,540.6036577095555
192,9.4,571.3163265306124
192,9.5,538.2762509185613
192,9.600000000000001,595.1599735327976
192,9.700000000000001,567.6152294020517
192,9.8,574.089268942827
192,9.9,549.1375657803571
192,10.0,598.7679791778354
192,10.100000000000001,561.7364392420918
192,10.200000000000001,588.3452646515435
192,10.3,593.5189310732954
192,10.4,637.7342337060663
192,10.5,562.6465980109202
192,10.600000000000001,744.4694045138546
192,10.700000000000001,718.5888035564334
192,10.8,593.4385379840297
192,10.9,592.3693821187572
192,11.0,596.7493293779859
192,11.100000000000001,594.587998237262
192,11.200000000000001,574.9313958277634
192,11.3,533.2050348385925
192,11.4,555.9971400398869
192,11.5,600.3603547551593
192,11.600000000000001,596.2217517677162
192,11.700000000000001,544.693739085556
192,11.8,689.5536529094317
192,11.9,612.3524035088884
192,12.0,597.3486261038014
192,12.100000000000001,614.5069318052288
192,12.200000000000001,659.8414455082833
192,12.3,558.2065611818095
192,12.4,620.4874236268506
192,12.5,617.4132183136848
192,12.600000000000001,639.3872318389759
192,12.700000000000001,598.8773891281395
192,12.8,584.512966735607
192,12.9,597.8866390116161
192,13.0,522.401250696963
192,13.100000000000001,548.5406619244039
192,13.200000000000001,625.4821033804417
192,13.3,589.8922393818231
192,13.4,590.5663627354176
192,13.5,613.7361017813403
192,13.600000000000001,732.2437984088164
192,13.700000000000001,594.5644562253507
192,13.8,692.0507225687633
192,13.9,604.0898062994147
192,14.0,542.9892338013873
192,14.100000000000001,542.8248540164319
192,14.200000000000001,560.1589507646414
192,14.3,570.5176462342379
192,14.4,577.033963560895
192,14.5,598.2012922170755
192,14.600000000000001,608.1227130247287
192,14.700000000000001,589.2188134870275
192,14.8,559.0322860115549
192,14.9,578.269721249738
192,15.0,621.0537614516276
192,15.100000000000001,678.7342165215308
192,15.200000000000001,736.7177946402834
192,15.3,651.5116296962742
192,15.4,610.4988437361799
192,15.5,557.4019610018298
192,15.600000000000001,551.6824045594908
192,15.700000000000001,576.1952190478918
192,15.8,600.4145540088964
192,15.9,612.4823550452683
192,16.0,620.0950376087641
192,16.1,577.5956809556022
192,16.2,532.7788826697102
192,16.3,628.1547054972242
192,16.400000000000002,561.6795696329535
192,16.5,544.0591681761753
192,16.6,650.259382178116
192,16.7,727.9298746910664
192,16.8,631.9509383129235
192,16.900000000000002,570.9397836529084
192,17.0,543.0540098980175
192,17.1,611.0923287931582
192,17.2,577.5818427037942
192,17.3,551.231362921873
192,17.400000000000002,545.6261720010007
192,17.5,572.9331573578539
192,17.6,534.8174265507339
192,17.7,539.6935416671629
192,17.8,559.9247783632059
192,17.900000000000002,567.9096943539531
192,18.0,550.7619426482992
192,18.1,545.18975764395
192,18.2,546.8558118672238
192,18.3,542.139999390966
192,18.400000000000002,533.1551549512202
192,18.5,559.44005752302
192,18.6,567.8169212829016
192,18.7,543.6447572096349
192,18.8,515.7617281643328
192,18.900000000000002,539.2466484758968
192,19.0,574.0889903497214
192,19.1,595.9795024323761
192,19.200000000000003,587.6775231173158
192,19.3,538.4636569043076
192,19.400000000000002,565.1387835569907
192,19.5,548.7011109038143
192,19.6,578.665421052507
192,19.700000000000003,587.3371097378953
192,19.8,561.9222735343944
192,19.900000000000002,576.0025990954955
192,20.0,593.7763437025669
192,20.1,607.8161827269221
192,20.200000000000003,589.9968200975034
192,20.3,573.8517526148626
192,20.400000000000002,621.5626444487879
192,20.5,615.4035691023203
192,20.6,589.4293057994597
192,20.700000000000003,540.8152352391716
192,20.8,544.8013023603588
192,20.900000000000002,597.7149737204306
192,21.0,554.0742228637331
192,21.1,589.3141848285142
192,21.200000000000003,609.3396095759584
192,21.3,540.2650059802907
192,21.400000000000002,551.2236970196028
192,21.5,562.8907186893151
192,21.6,546.8081398327374
192,21.700000000000003,562.2037320125621
192,21.8,584.6094184132841
192,21.900000000000002,610.3201883882134
192,22.0,612.0281383659786
192,22.1,604.3242039329871
192,22.200000000000003,568.8660103093998
192,22.3,657.756720353958
192,22.400000000000002,625.9130090471108
192,22.5,604.8170626822574
192,22.6,564.313901458314
192,22.700000000000003,609.1250529068435
192,22.8,607.80877298119
192,22.900000000000002,590.4618288226462
192,23.0,642.8483276145543
192,23.1,631.3316909303621
192,23.200000000000003,613.7161781032818
192,23.3,615.4341029684288
192,23.400000000000002,607.1137466015437
192,23.5,626.1989840911257
192,23.6,664.8633505888918
192,23.700000000000003,630.7245840433446
192,23.8,602.392938363626
192,23.900000000000002,610.2917025948221
192,24.0,645.838286669351
192,24.1,598.7833227052967
192,24.200000000000003,566.1379322577645
192,24.3,694.9949332856781
192,24.400000000000002,641.2394584001681
192,24.5,602.2255260717375
192,24.6,662.5247129879704
192,24.700000000000003,601.8156349518877
192,24.8,566.9116040345987
192,24.900000000000002,575.2526376981566
192,25.0,576.6489828298978
192,25.1,564.2435821608636
192,25.200000000000003,647.5148087554818
192,25.3,645.6910291612561
192,25.400000000000002,612.3430280366346
192,25.5,625.1081058314769
192,25.6,598.8374794714476
192,25.700000000000003,591.2408767922077
192,25.8,553.8423863893973
192,25.900000000000002,529.3093297927089
192,26.0,548.2212524808265
192,26.1,593.4288165245472
192,26.200000000000003,615.6459934703469
192,26.3,586.1200054279299
192,26.400000000000002,581.0912429009473
192,26.5,577.784675191438
192,26.6,565.338066202884
192,26.700000000000003,551.550419664788
192,26.8,574.6122637440976
192,26.900000000000002,595.5979491480037
192,27.0,597.9183346794078
192,27.1,589.1960045350046
192,27.200000000000003,582.5679199264339
192,27.3,586.6383614117009
192,27.400000000000002,586.813963728022
192,27.5,603.4894188801243
192,27.6,606.2611193274867
192,27.700000000000003,595.4623436099752
192,27.8,590.9424209219774
192,27.900000000000002,593.2833948713306
192,28.0,576.1469714502166
192,28.1,533.1422335910263
192,28.200000000000003,573.8920734374801
192,28.3,595.4047929129355
192,28.400000000000002,614.8444337008407
192,28.5,596.3099898730437
192,28.6,579.597929670958
192,28.700000000000003,659.358939831354
192,28.8,621.5805435361725
192,28.900000000000002,563.6089113222828
192,29.0,545.4655601358194
192,29.1,548.1330135382242
192,29.200000000000003,546.4145242506485
192,29.3,597.192784999375
192,29.400000000000002,678.5617578897345
192,29.5,632.4635343091818
192,29.6,606.6760272288615
192,29.700000000000003,581.5386772241208
192,29.8,557.9126043546945
192,29.900000000000002,634.0646649301908
192,30.0,619.235217771932
192,30.1,587.3017610738926
192,30.200000000000003,591.2893267478538
192,30.3,589.1443368881519
192,30.400000000000002,581.7984169394844
192,30.5,591.8498848942462
192,30.6,605.1192343325473
192,30.700000000000003,608.7256282886523
192,30.8,608.8865187345729
192,30.900000000000002,642.0441893346178
192,31.0,631.667919719508
192,31.1,619.522673178042
192,31.200000000000003,637.0412429651062
192,31.3,619.9997123972925
192,31.400000000000002,612.6030410604045
192,31.5,612.004932145163
192,31.6,625.5330092608611
192,31.700000000000003,577.6859538895812
192,31.8,558.4256828421599
192,31.900000000000002,551.7487792112539
192,32.0,558.7546308974628
192,32.1,579.7422851678976
192,32.2,578.8204942014894
192,32.300000000000004,580.436718893263
192,32.4,592.2280306202924
192,32.5,659.472654563129
192,32.6,625.3031203452853
192,32.7,583.0692243107583
192,32.800000000000004,579.9062486552415
192,32.9,597.1220383013389
192,33.0,570.7921555798056
192,33.1,529.8841299620663
192,33.2,622.1897880884916
192,33.300000000000004,613.4019325763954
192,33.4,610.1204964923851
192,33.5,638.8116277133639
192,33.6,644.676069841527
192,33.7,601.3514157711777
192,33.800000000000004,538.7644336871726
192,33.9,540.6685551566381
192,34.0,592.871252326429
192,34.1,637.1789822343376
192,34.2,607.399326583881
192,34.300000000000004,586.5266350162369
192,34.4,574.2604536306225
192,34.5,638.500678099522
192,34.6,634.4518794155405
192,34.7,624.8052413752364
192,34.800000000000004,679.6028563695868
192,34.9,634.6556089426223
192,35.0,550.4767757360037
192,35.1,632.2028046925876
192,35.2,643.8172735062584
192,35.300000000000004,614.7512065992354
192,35.4,587.6110576261501
192,35.5,622.554944743444
192,35.6,673.347377187907
192,35.7,594.147833965847
192,35.800000000000004,592.650896329691
192,35.9,621.2208810795743
192,36.0,652.8541263191504
192,36.1,650.3883290565352
192,36.2,605.6661778660465
192,36.300000000000004,600.304581330227
192,36.4,601.2622289310965
192,36.5,567.571905047275
192,36.6,552.6406202765494
192,36.7,558.8075679957207
192,36.800000000000004,586.0255070955309
192,36.9,600.8635485432707
192,37.0,586.4589689863933
192,37.1,575.759661226386
192,37.2,669.9148567059036
192,37.300000000000004,661.1121052867794
192,37.4,606.099276607152
192,37.5,610.5057745037768
192,37.6,595.8544145169126
192,37.7,574.7451674597365
192,37.800000000000004,631.5785982162558
192,37.9,635.7474756205897
192,38.0,613.9960353149178
192,38.1,623.8587720049278
192,38.2,579.6889891628738
192,38.300000000000004,589.3107767997458
192,38.400000000000006,600.1985319600631
192,38.5,594.7384577253363
192,38.6,609.9118917562078
192,38.7,694.6640100117978
192,38.800000000000004,744.1584467522067
192,38.900000000000006,664.9052865172695
192,39.0,579.8598282628066
192,39.1,579.0267540238652
192,39.2,597.2908656796349
192,39.300000000000004,585.490401601779
192,39.400000000000006,579.8877759826174
192,39.5,596.4090024422264
192,39.6,579.5683457848052
192,39.7,562.6570375674787
192,39.800000000000004,585.1403631737969
192,39.900000000000006,606.1166033496318
192,40.0,604.2619671555104
192,40.1,568.1052034028312
192,40.2,544.8324756069496
192,40.300000000000004,568.3660693811046
192,40.400000000000006,609.3814658384229
192,40.5,614.4455741939635
192,40.6,578.1865679081764
192,40.7,591.228722377634
192,40.800000000000004,608.3626404000156
192,40.900000000000006,570.5393554542043
192,41.0,637.9172448753911
192,41.1,643.7352850487495
192,41.2,675.6043605893198
192,41.300000000000004,648.990691330625
192,41.400000000000006,592.0719466208607
192,41.5,598.1050154427093
192,41.6,622.5125636254468
192,41.7,610.8847010727928
192,41.800000000000004,574.5345989387546
192,41.900000000000006,594.4629764004281
192,42.0,676.1805915903394
192,42.1,671.8044119463849
192,42.2,682.9365698809069
192,42.300000000000004,660.5024361208543
192,42.400000000000006,639.7994427459553
192,42.5,609.8211475050922
192,42.6,599.1620107160561
192,42.7,609.1266731540085
192,42.800000000000004,600.7162230727813
192,42.900000000000006,621.7048761236117
192,43.0,618.6089426097894
192,43.1,575.5454582312069
192,43.2,578.6235672347789
192,43.300000000000004,630.8505705215229
192,43.400000000000006,630.3346770160265
192,43.5,583.1269540103359
192,43.6,591.6846012383539
192,43.7,580.716779390175
192,43.800000000000004,670.5431332952244
192,43.900000000000006,655.519727043223
192,44.0,597.7834191304886
192,44.1,618.4287110938519
192,44.2,586.4991497077011
192,44.300000000000004,590.4412675344346
192,44.400000000000006,612.3724208630435
192,44.5,682.8165751488397
192,44.6,698.0157563824353
192,44.7,618.5283767362943
192,44.800000000000004,551.9637512026812
192,44.900000000000006,570.6514972764622
192,45.0,665.8990678909532
192,45.1,652.754838835283
192,45.2,625.6342079158728
192,45.300000000000004,610.3282725037612
192,45.400000000000006,600.6491830431212
192,45.5,580.2104486382306
192,45.6,582.7006276981367
192,45.7,595.5224165422982
192,45.800000000000004,568.3811686076339
192,45.900000000000006,644.4239373522713
192,46.0,648.7978822399892
192,46.1,575.3689089411946
192,46.2,685.6678410320628
192,46.300000000000004,702.1871976278675
192,46.400000000000006,589.6711739326407
192,46.5,566.9636954419708
192,46.6,574.8816515732412
192,46.7,592.3091608536117
192,46.800000000000004,569.9723085764364
192,46.900000000000006,594.4078374128859
192,47.0,587.8333857285464
192,47.1,599.2803859095335
192,47.2,599.68401696892
192,47.300000000000004,586.2139788863477
192,47.400000000000006,601.0590371365315
192,47.5,598.6198221616509
192,47.6,584.7264319608845
192,47.7,590.2329299567539
192,47.800000000000004,591.3025860831046
192,47.900000000000006,622.7391470230924
192,48.0,613.2241554132448
192,48.1,638.2763164504745
192,48.2,649.1250907935172
192,48.300000000000004,613.2847690034897
192,48.400000000000006,601.4642746473434
192,48.5,583.3719670747774
192,48.6,574.091325029838
192,48.7,566.8058128318328
192,48.800000000000004,578.7582319341426
192,48.900000000000006,573.1153153527637
192,49.0,591.0331137656644
192,49.1,610.03153312289
192,49.2,616.5199299180333
192,49.300000000000004,607.38734005528
192,49.400000000000006,592.3041559300793
192,49.5,602.4496388591036
192,49.6,593.2896395094259
192,49.7,602.3945293484413
192,49.800000000000004,589.2938600207277
192,49.900000000000006,580.020225058502
192,50.0,581.9126203761068
192,50.1,586.3046420296769
192,50.2,601.6344939902212
192,50.300000000000004,577.9640277664998
192,50.400000000000006,577.3557433875518
192,50.5,555.4711110994635
192,50.6,558.6126903162334
192,50.7,572.1353625616456
192,50.800000000000004,574.5034660245175
192,50.900000000000006,574.214253894056
192,51.0,574.1119899845384
192,51.1,608.6099414876461
192,51.2,626.9543506457619
192,51.300000000000004,623.2691598753332
192,51.400000000000006,601.0764724062492
192,51.5,656.7313494791964
192,51.6,665.1375232916773
192,51.7,568.9042493677651
192,51.800000000000004,570.1655260706243
192,51.900000000000006,618.0244743162926
192,52.0,605.9182834033084
192,52.1,564.0466393453162
192,52.2,540.4380063429741
192,52.300000000000004,558.3610651533795
192,52.400000000000006,621.0108692431809
192,52.5,655.9930120766674
192,52.6,601.6697811617771
192,52.7,572.1293747784935
192,52.800000000000004,633.9388945977598
192,52.900000000000006,639.8599710404523
192,53.0,600.7582079381303
192,53.1,570.1548166232643
192,53.2,573.3806499842783
192,53.300000000000004,600.6566399528275
192,53.400000000000006,600.3604716963524
192,53.5,593.6484945898354
192,53.6,555.2103981080413
192,53.7,572.2165290661426
192,53.800000000000004,606.2908566521966
192,53.900000000000006,590.7214092433478
192,54.0,587.5541428224216
192,54.1,569.2804971915754
192,54.2,599.716514651725
192,54.300000000000004,667.4532554425297
192,54.400000000000006,645.1641423824494
192,54.5,603.056928575343
192,54.6,568.4612983479221
192,54.7,570.7949234790287
192,54.800000000000004,571.001960414277
192,54.900000000000006,576.0235664553365
192,55.0,583.6045727479817
192,55.1,592.0347074492939
192,55.2,602.9665087699129
192,55.300000000000004,582.3220736109967
192,55.400000000000006,609.8081645728352
192,55.5,611.2657868796599
192,55.6,651.6659688251793
192,55.7,675.4743126324246
192,55.800000000000004,618.3151369640926
192,55.900000000000006,636.8438218213228
192,56.0,655.4201930117147
192,56.1,612.7630277061553
192,56.2,572.662923576688
192,56.300000000000004,637.2403794138826
192,56.400000000000006,668.619627066277
192,56.5,586.6182268346093
192,56.6,573.3191683995572
192,56.7,573.4335853736079
192,56.800000000000004,638.9871875871277
192,56.900000000000006,687.8163405231392
192,57.0,642.0653955051949
192,57.1,604.6630928510338
192,57.2,602.3641584882181
192,57.300000000000004,584.8202859488703
192,57.400000000000006,562.4942502399259
192,57.5,563.9378043592212
192,57.6,599.5011468917451
192,57.7,577.0939056437544
192,57.800000000000004,633.1811027439718
192,57.900000000000006,703.5748674136412
192,58.0,620.9698399546322
192,58.1,572.5913981004496
192,58.2,643.1750304196664
192,58.300000000000004,630.0257683680818
192,58.400000000000006,596.6143800838761
192,58.5,598.6994874329232
192,58.6,590.422422079974
192,58.7,596.7694603102054
192,58.800000000000004,588.9964037004407
192,58.900000000000006,581.5659150715763
192,59.0,568.1890812976944
192,59.1,584.4859697245034
192,59.2,569.2056125235307
192,59.300000000000004,587.1506056744591
192,59.400000000000006,633.7985510534417
192,59.5,645.131681753738
192,59.6,596.3794346025295
192,59.7,585.3619941166374
192,59.800000000000004,587.8062094158357
192,59.900000000000006,617.8994083044633
192,60.0,608.0035455361972
192,60.1,599.9826175923308
192,60.2,606.2256577810374
192,60.300000000000004,595.2109552633353
192,60.400000000000006,587.7224056595865
192,60.5,568.6129427431807
192,60.6,613.9932065848253
192,60.7,608.8644129027632
192,60.800000000000004,560.6634408054434
192,60.900000000000006,562.8650519652958
192,61.0,563.7452967178004
192,61.1,556.3337956590749
192,61.2,635.7358708179958
192,61.300000000000004,622.3087324901303
192,61.400000000000006,562.6033299412262
192,61.5,590.307403056934
192,61.6,601.071778469412
192,61.7,585.0429048160047
192,61.800000000000004,593.4276155414391
192,61.900000000000006,603.3919025439167
192,62.0,596.1166950338724
192,62.1,565.0697335679663
192,62.2,578.6379821896476
192,62.300000000000004,595.8969429671271
192,62.400000000000006,560.7181195379628
192,62.5,572.5067494032048
192,62.6,594.144747169217
192,62.7,579.8284671499819
192,62.800000000000004,574.4834194566794
192,62.900000000000006,560.2372410671181
192,63.0,589.3630039554512
192,63.1,583.6732401361083
192,63.2,578.7137844409215
192,63.300000000000004,565.5964498254598
192,63.400000000000006,603.8197711985258
192,63.5,615.6013452331593
192,63.6,619.9428046551196
192,63.7,616.947198255755
192,63.800000000000004,597.8308004613235
192,63.900000000000006,589.5243871405859
192,64.0,595.2819946900125
192,64.10000000000001,598.0770946930492
192,64.2,590.6272119009632
192,64.3,606.4637172382984
192,64.4,597.8596151777645
192,64.5,602.376594470046
192,64.60000000000001,593.0610334315061
192,64.7,634.5657417968512
192,64.8,676.5077257936542
192,64.9,620.4678443575434
192,65.0,568.5084673694444
192,65.10000000000001,608.9034245094315
192,65.2,612.400529172724
192,65.3,620.5973132890138
192,65.4,607.5083071342818
192,65.5,601.000625267416
192,65.60000000000001,577.423431537891
192,65.7,608.257319916143
192,65.8,601.7035096587011
192,65.9,583.1457668748832
192,66.0,636.2560115471296
192,66.10000000000001,628.5805445356344
192,66.2,546.8446610537774
192,66.3,585.8839995964188
192,66.4,578.398719446333
192,66.5,593.2032510375323
192,66.60000000000001,589.5794124097403
192,66.7,611.3781367015912
192,66.8,588.643684591578
192,66.9,613.1942070337932
192,67.0,603.5903010419869
192,67.10000000000001,613.0457419035307
192,67.2,633.0894449451494
192,67.3,636.8465608503014
192,67.4,585.2617004976797
192,67.5,587.0485977802817
192,67.60000000000001,615.3359571527274
192,67.7,606.353859735754
192,67.8,618.3115161406946
192,67.9,697.0848825337996
192,68.0,659.4485494557591
192,68.10000000000001,605.2381992767623
192,68.2,683.2082341050102
192,68.3,649.1760909995951
192,68.4,602.1472893413176
192,68.5,602.547068260394
192,68.60000000000001,577.5162139916514
192,68.7,608.9325968965828
192,68.8,595.935799601123
192,68.9,587.7674202010193
192,69.0,544.4608942568389
192,69.10000000000001,592.1939953917944
192,69.2,607.6973357434878
192,69.3,569.6642211149584
192,69.4,597.7754991321709
192,69.5,562.4685122968101
192,69.60000000000001,616.6455889908044
192,69.7,632.283763766215
192,69.8,569.569109258881
192,69.9,568.5682671527569
192,70.0,646.9029657898687
192,70.10000000000001,656.2568433343062
192,70.2,581.3076448204811
192,70.3,619.7211500482526
192,70.4,586.9228173749723
192,70.5,552.3634194002645
192,70.60000000000001,593.0959411789393
192,70.7,591.1719577258774
192,70.8,573.9615527177837
192,70.9,604.7553545590144
192,71.0,607.3805235964373
192,71.10000000000001,663.0201141085773
192,71.2,733.5587969867839
192,71.3,697.5189968768397
192,71.4,656.161532997416
192,71.5,596.3229241033778
192,71.60000000000001,589.5527983107718
192,71.7,610.8396567430273
192,71.8,577.3740402860684
192,71.9,621.0800375692111
192,72.0,649.172720476296
192,72.10000000000001,645.2207548644888
192,72.2,647.3087823570328
192,72.3,600.3530075029312
192,72.4,617.6348354573553
192,72.5,665.7456613235238
192,72.60000000000001,606.9040421731427
192,72.7,565.416140071149
192,72.8,603.4979766213463
192,72.9,595.837325958894
192,73.0,579.3277745481146
192,73.10000000000001,642.6583807347597
192,73.2,667.0720281459361
192,73.3,602.5679646688803
192,73.4,585.7821537277132
192,73.5,621.5560905340692
192,73.60000000000001,700.6247532469166
192,73.7,713.3512495583653
192,73.8,606.2190198200512
192,73.9,602.9367050085626
192,74.0,573.0994541837699
192,74.10000000000001,585.2184586607934
192,74.2,576.8880950480773
192,74.3,621.8163452137098
192,74.4,628.69117027933
192,74.5,621.3047736731888
192,74.60000000000001,595.1686470118442
192,74.7,632.6838423807184
192,74.8,670.7177462180922
192,74.9,656.2398519751462
192,75.0,669.8799815428166
192,75.10000000000001,591.0865951032791
192,75.2,640.8949778809277
192,75.3,598.2536985721927
192,75.4,569.6353681556313
192,75.5,586.1700256484795
192,75.60000000000001,550.7407014818946
192,75.7,600.9622697281202
192,75.8,632.7719184796209
192,75.9,653.1833058843085
192,76.0,583.2249686655579
192,76.10000000000001,604.5738865138107
192,76.2,562.1066585259416
192,76.3,600.0207952804511
192,76.4,569.8926644147296
192,76.5,586.1253143755808
192,76.60000000000001,555.0614382402031
192,76.7,540.2022777859872
192,76.80000000000001,592.4672621805164
192,76.9,599.1851280800639
192,77.0,623.1657797658472
192,77.10000000000001,603.3829296467608
192,77.2,564.2084596999072
192,77.30000000000001,596.6915970657933
192,77.4,615.3769183680542
192,77.5,597.8176773135992
192,77.60000000000001,624.4122756955544
192,77.7,552.9157866522413
192,77.80000000000001,539.1205323592361
192,77.9,617.8916878875508
192,78.0,666.2297687336932
192,78.10000000000001,597.6536437868276
192,78.2,593.3748594828734
192,78.30000000000001,662.027871087889
192,78.4,692.2762278401505
192,78.5,592.5036556604448
192,78.60000000000001,591.0414715594783
192,78.7,612.5222963264721
192,78.80000000000001,596.1846251508539
192,78.9,566.6487425834525
192,79.0,588.0213232950335
192,79.10000000000001,633.0248036463134
192,79.2,661.3736782038375
192,79.30000000000001,626.9276616664222
192,79.4,643.9732849472846
192,79.5,591.7789782855754
192,79.60000000000001,609.0904950511642
192,79.7,562.1377820001154
192,79.80000000000001,604.4653940092401
192,79.9,641.557296605985
192,80.0,625.1632927964204
192,80.10000000000001,605.6016672644049
192,80.2,633.8093690732252
192,80.30000000000001,594.5570056377692
192,80.4,555.7493533756857
192,80.5,601.9945433048351
256,0.0,646.967
256,0.1,584.5387711586571
256,0.2,582.7324537595158
256,0.30000000000000004,596.520850060758
256,0.4,601.5950093323803
256,0.5,600.4130689919729
256,0.6000000000000001,638.7859395064582
256,0.7000000000000001,648.7092496241354
256,0.8,603.0694825469742
256,0.9,690.8569722137106
256,1.0,743.0457849109832
256,1.1,624.6389481934714
256,1.2000000000000002,632.5119669081068
256,1.3,646.8431445906342
256,1.4000000000000001,633.666295981644
256,1.5,623.8883983035098
256,1.6,554.4744354383992
256,1.7000000000000002,553.5848488047102
256,1.8,553.6885631388583
256,1.9000000000000001,584.8347916884887
256,2.0,601.5400503356104
256,2.1,620.9906501122279
256,2.2,593.233726267057
256,2.3000000000000003,553.1506102351491
256,2.4000000000000004,536.4847110490009
256,2.5,569.6523421202469
256,2.6,585.0327078097525
256,2.7,602.6694755525905
256,2.8000000000000003,613.9829830177486
256,2.9000000000000004,628.260778102402
256,3.0,605.2947272521498
256,3.1,616.7714445469513
256,3.2,608.2314655753953
256,3.3000000000000003,612.2560199183893
256,3.4000000000000004,632.8751154108799
256,3.5,644.1133271256064
256,3.6,617.0130312901573
256,3.7,627.8458157731487
256,3.8000000000000003,638.0633480943782
256,3.9000000000000004,641.8424958354278
256,4.0,646.063393732415
256,4.1000000000000005,649.687872610521
256,4.2,630.5329861709098
256,4.3,624.4945763195198
256,4.4,615.2128008058386
256,4.5,629.3621434833778
256,4.6000000000000005,620.8299376132971
256,4.7,560.6826725523732
256,4.800000000000001,578.777160239882
256,4.9,614.7976629142593
256,5.0,619.2658351140382
256,5.1000000000000005,555.9273764282867
256,5.2,566.066068027707
256,5.300000000000001,607.0420315199575
256,5.4,619.6320620822246
256,5.5,624.4176581752863
256,5.6000000000000005,627.8987420388206
256,5.7,618.111691206503
256,5.800000000000001,640.9101248139364
256,5.9,612.0617912958126
256,6.0,591.620984281569
256,6.1000000000000005,594.8704992245624
256,6.2,569.3531947378577
256,6.300000000000001,562.6906529853201
256,6.4,634.5019584000689
256,6.5,635.964009387971
256,6.6000000000000005,638.5900745229412
256,6.7,606.3382190177603
256,6.800000000000001,599.8509839971032
256,6.9,632.3197882874138
256,7.0,628.1584575584748
256,7.1000000000000005,567.4802554567544
256,7.2,573.3209031384622
256,7.300000000000001,610.3490640241507
256,7.4,711.3228862791722
256,7.5,688.0730860408715
256,7.6000000000000005,596.6123751993687
256,7.7,584.2197675607932
256,7.800000000000001,616.2896463849955
256,7.9,595.4196115192649
256,8.0,585.9352940220745
256,8.1,624.4767095162764
256,8.200000000000001,700.7939587678197
256,8.3,736.8845136442471
256,8.4,630.220237362375
256,8.5,532.1195196065818
256,8.6,557.6662703233704
256,8.700000000000001,616.9425750172137
256,8.8,615.5399414410291
256,8.9,603.4846937307317
256,9.0,623.6932855127985
256,9.1,697.2354879693117
256,9.200000000000001,683.1980967794186
256,9.3,642.7404262876527
256,9.4,589.5752351299836
256,9.5,668.0624435951929
256,9.600000000000001,723.7709171550766
256,9.700000000000001,716.2638503950478
256,9.8,644.5465246340618
256,9.9,594.0305678545305
256,10.0,598.0152722397078
256,10.100000000000001,612.4481432129006
256,10.200000000000001,609.4556888818475
256,10.3,593.6051347888027
256,10.4,684.7974499444845
256,10.5,665.1349601310056
256,10.600000000000001,574.2872038447233
256,10.700000000000001,609.9291137840597
256,10.8,690.8146681492887
256,10.9,622.8585052288511
256,11.0,571.4022572282843
256,11.100000000000001,619.6869358037574
256,11.200000000000001,679.6944900937267
256,11.3,614.5222071315056
256,11.4,593.8349041332596
256,11.5,663.2341313464416
256,11.600000000000001,630.2147254468281
256,11.700000000000001,606.9254327639411
256,11.8,645.513519030659
256,11.9,607.9861995754603
256,12.0,606.3887065859847
256,12.100000000000001,638.2880965739213
256,12.200000000000001,668.4860020266814
256,12.3,638.4427949100399
256,12.4,614.840828127837
256,12.5,604.7404242982283
256,12.600000000000001,616.5937926190284
256,12.700000000000001,596.6985576348476
256,12.8,600.769704520784
256,12.9,615.2284975837538
256,13.0,613.1446405572777
256,13.100000000000001,576.2851932000428
256,13.200000000000001,606.0808471078527
256,13.3,667.9667551233695
256,13.4,683.5025444914104
256,13.5,610.5207666489548
256,13.600000000000001,588.3822666121827
256,13.700000000000001,581.2982387303064
256,13.8,547.7887325734217
256,13.9,597.574614925089
256,14.0,655.2845583281511
256,14.100000000000001,655.506982852119
256,14.200000000000001,584.3484835987294
256,14.3,590.4275053409648
256,14.4,596.1944179083779
256,14.5,584.245186448351
256,14.600000000000001,595.9370856588722
256,14.700000000000001,599.0202589870053
256,14.8,621.9462528055982
256,14.9,612.0300061848939
256,15.0,613.0847713834365
256,15.100000000000001,609.7419995782847
256,15.200000000000001,640.4630408171445
256,15.3,629.8061768725823
256,15.4,613.321205456794
256,15.5,594.4382092207705
256,15.600000000000001,602.4058529878298
256,15.700000000000001,602.3078915417757
256,15.8,589.8085369792266
256,15.9,626.0413190478347
256,16.0,613.8722161116485
256,16.1,572.9563202711229
256,16.2,595.7238345498419
256,16.3,634.4341700330187
256,16.400000000000002,611.5914304797162
256,16.5,615.7381013000194
256,16.6,644.5103040262078
256,16.7,604.3389766683113
256,16.8,595.877561675192
256,16.900000000000002,592.2923989583469
256,17.0,594.461178391451
256,17.1,615.8191942439698
256,17.2,626.8695369549675
256,17.3,634.6378073196707
256,17.400000000000002,600.3864899976401
256,17.5,600.6665538985716
256,17.6,596.2624185408712
256,17.7,586.0231485499103
256,17.8,622.3223938035138
256,17.900000000000002,591.975841602582
256,18.0,548.0325737357325
256,18.1,629.0554860712825
256,18.2,644.9162250191786
256,18.3,619.4797273531624
256,18.400000000000002,637.4183150268171
256,18.5,628.0184582629516
256,18.6,592.1883743341969
256,18.7,575.5297679806332
256,18.8,623.5608662171855
256,18.900000000000002,645.0130862203619
256,19.0,649.828169756366
256,19.1,608.3528846325366
256,19.200000000000003,586.133492075982
256,19.3,622.9659527897263
256,19.400000000000002,608.4613323103745
256,19.5,606.4653737107815
256,19.6,628.5114793822021
256,19.700000000000003,649.9900308942176
256,19.8,630.6523364983234
256,19.900000000000002,591.7804317614077
256,20.0,599.4483819075845
256,20.1,604.9226808814775
256,20.200000000000003,632.3945015097125
256,20.3,649.1950430153024
256,20.400000000000002,618.5604970231911
256,20.5,613.909454679519
256,20.6,639.4568701592978
256,20.700000000000003,590.0321870398449
256,20.8,565.6189240933655
256,20.900000000000002,606.5475312365256
256,21.0,638.358312495533
256,21.1,608.6218453642624
256,21.200000000000003,576.3334913197417
256,21.3,613.0490544875416
256,21.400000000000002,625.51628394411
256,21.5,592.1793616052604
256,21.6,581.3092974913645
256,21.700000000000003,635.0748819112256
256,21.8,684.4661653157931
256,21.900000000000002,643.0557610760098
256,22.0,577.0583572750904
256,22.1,607.3476949169426
256,22.200000000000003,633.3480075383422
256,22.3,625.3563615576319
256,22.400000000000002,614.5608461847487
256,22.5,587.3973923405189
256,22.6,572.0960683669637
256,22.700000000000003,610.8209176878661
256,22.8,643.0438437147409
256,22.900000000000002,627.0097239610802
256,23.0,571.131860684736
256,23.1,615.4992985034629
256,23.200000000000003,633.9691350990662
256,23.3,605.6548506440217
256,23.400000000000002,575.6199535707146
256,23.5,609.3648841627278
256,23.6,608.8326343764662
256,23.700000000000003,594.2149708714232
256,23.8,619.2827289889152
256,23.900000000000002,636.2421264009758
256,24.0,612.9711205819423
256,24.1,576.2411103468493
256,24.200000000000003,603.9790134664094
256,24.3,628.0488358903251
256,24.400000000000002,636.3551616734155
256,24.5,592.0634673754286
256,24.6,601.1387079338537
256,24.700000000000003,631.9074761924053
256,24.8,649.3970663577454
256,24.900000000000002,633.4910367705445
256,25.0,601.4700945422493
256,25.1,653.7492628295183
256,25.200000000000003,677.6982109479768
256,25.3,658.3781700665256
256,25.400000000000002,591.9680627774333
256,25.5,597.0117509333093
256,25.6,627.5379308979848
256,25.700000000000003,633.1569662590912
256,25.8,680.941249057557
256,25.900000000000002,655.5711921824716
256,26.0,607.2418471318915
256,26.1,678.4172702974689
256,26.200000000000003,679.074082376567
256,26.3,641.0536688193562
256,26.400000000000002,628.4134538141768
256,26.5,578.7571647655532
256,26.6,605.0249983261324
256,26.700000000000003,656.431191064635
256,26.8,571.2682762341777
256,26.900000000000002,624.3587671252084
256,27.0,679.4232793904555
256,27.1,662.1871081388086
256,27.200000000000003,640.9280050341288
256,27.3,613.6957058214992
256,27.400000000000002,549.6424019775711
256,27.5,622.0544460762824
256,27.6,716.461426832273
256,27.700000000000003,717.9776760484847
256,27.8,664.0231942484778
256,27.900000000000002,649.839068467929
256,28.0,678.676136110747
256,28.1,612.9956561218818
256,28.200000000000003,603.5797424376668
256,28.3,638.0410382549434
256,28.400000000000002,586.2598326887437
256,28.5,637.2396267299112
256,28.6,651.8326804791562
256,28.700000000000003,573.1337961316634
256,28.8,635.1893877715564
256,28.900000000000002,623.8289097397974
256,29.0,647.925893911527
256,29.1,691.7416360732216
256,29.200000000000003,697.7653042730115
256,29.3,688.8167182241853
256,29.400000000000002,654.3381529770834
256,29.5,638.2887148650356
256,29.6,650.5244351516656
256,29.700000000000003,678.3906891321303
256,29.8,710.5172274245193
256,29.900000000000002,668.2333909388748
256,30.0,657.2268400463178
256,30.1,689.2941834868117
256,30.200000000000003,724.4566163515642
256,30.3,715.8143952265551
256,30.400000000000002,614.9338167281006
256,30.5,649.1811676260912
256,30.6,607.2593278406669
256,30.700000000000003,622.6676476857558
256,30.8,680.2452328484444
256,30.900000000000002,692.1287296886208
256,31.0,572.0536470134159
256,31.1,574.686189605402
256,31.200000000000003,597.0925834278373
256,31.3,641.8300204589425
256,31.400000000000002,681.6502738424657
256,31.5,627.4518511331718
256,31.6,543.4853846991726
256,31.700000000000003,563.0779438683012
256,31.8,612.9338437333842
256,31.900000000000002,705.3694081639328
256,32.0,583.3939787954926
256,32.1,597.0817295823075
256,32.2,632.1954682672083
256,32.300000000000004,683.2254432402
256,32.4,641.4469624312956
256,32.5,720.1392171703575
256,32.6,685.7568812335614
256,32.7,640.8736090343931
256,32.800000000000004,613.8843330383665
256,32.9,662.3219446647503
256,33.0,615.0719827390653
256,33.1,633.3454872200806
256,33.2,643.9374463879442
256,33.300000000000004,624.0944245636613
256,33.4,640.6752791643631
256,33.5,661.769820463463
256,33.6,638.627332126734
256,33.7,667.5535141948982
256,33.800000000000004,671.0678034022378
256,33.9,654.5734790603262
256,34.0,586.9307852837644
256,34.1,594.5406694384752
256,34.2,586.2220763945628
256,34.300000000000004,586.7994002067986
256,34.4,650.67890719894
256,34.5,654.8006195847945
256,34.6,647.8953099671471
256,34.7,649.6364308225278
256,34.800000000000004,640.8800978830164
256,34.9,652.1152229996512
256,35.0,683.7568464832023
256,35.1,624.7417150220972
256,35.2,615.3247251968519
256,35.300000000000004,613.3403042457442
256,35.4,637.4353634447036
256,35.5,636.395094715698
256,35.6,662.7848786342828
256,35.7,648.1115682291165
256,35.800000000000004,668.5348798035159
256,35.9,749.9848647519752
256,36.0,611.7309202468018
256,36.1,550.4088882198243
256,36.2,647.2175665311987
256,36.300000000000004,724.5076709827108
256,36.4,692.435307324837
256,36.5,647.3183603872757
256,36.6,640.0434898973151
256,36.7,632.1035002327575
256,36.800000000000004,581.9170004126757
256,36.9,590.937012005837
256,37.0,632.7458842472078
256,37.1,683.9343888316516
256,37.2,732.0955133512791
256,37.300000000000004,626.0103044192647
256,37.4,658.9967392633038
256,37.5,655.5395519266274
256,37.6,615.2998796918139
256,37.7,585.4682356922661
256,37.800000000000004,581.8275857184744
256,37.9,652.4823416827088
256,38.0,739.1383713053732
256,38.1,654.4040107019734
256,38.2,671.1483303716349
256,38.300000000000004,635.8536571227071
256,38.400000000000006,650.3943791395366
256,38.5,697.2466386440096
256,38.6,761.6225514352691
256,38.7,701.0220973424238
256,38.800000000000004,664.6095072236997
256,38.900000000000006,709.2523944092284
256,39.0,634.9106724330583
256,39.1,648.2154036128936
256,39.2,661.0736766120175
256,39.300000000000004,668.9105811804307
256,39.400000000000006,702.5116749592542
256,39.5,655.0863085813301
256,39.6,656.0357207956262
256,39.7,591.4610390584124
256,39.800000000000004,612.7481610176307
256,39.900000000000006,671.2545943538727
256,40.0,642.1014420866027
256,40.1,587.2811531614171
256,40.2,586.2392937001904
256,40.300000000000004,631.455686187556
256,40.400000000000006,639.9858646504698
256,40.5,652.7728396717961
256,40.6,668.0622213128663
256,40.7,669.4770160887776
256,40.800000000000004,671.9171938890973
256,40.900000000000006,634.5923650012774
256,41.0,675.1306824836303
256,41.1,668.0501547544168
256,41.2,653.4163985314141
256,41.300000000000004,703.7733498603809
256,41.400000000000006,659.1075425772791
256,41.5,687.8248352863808
256,41.6,654.2879393729418
256,41.7,653.6457719132225
256,41.800000000000004,700.98998045485
256,41.900000000000006,617.3287310160985
256,42.0,662.9074400645233
256,42.1,582.60758039881
256,42.2,652.3397818010259
256,42.300000000000004,575.9244208356573
256,42.400000000000006,602.2016739883093
256,42.5,640.1678766063286
256,42.6,668.1463242503804
256,42.7,680.5168147248809
256,42.800000000000004,548.2008949802992
256,42.900000000000006,583.8020394745382
256,43.0,618.2570179882937
256,43.1,736.4295662237773
256,43.2,645.1163121265547
256,43.300000000000004,654.0367779557727
256,43.400000000000006,658.6089726235942
256,43.5,656.7566865507358
256,43.6,603.7248952077365
256,43.7,626.5368332503484
256,43.800000000000004,666.2491083391302
256,43.900000000000006,662.2170959155285
256,44.0,666.0396276248516
256,44.1,598.2056008329374
256,44.2,668.6129387846908
256,44.300000000000004,678.7989463546861
256,44.400000000000006,711.2719283637053
256,44.5,739.6922667122557
256,44.6,707.8758467050579
256,44.7,559.7457396873815
256,44.800000000000004,587.5398623714566
256,44.900000000000006,650.224541605792
256,45.0,558.4237475014593
256,45.1,589.3139427950656
256,45.2,578.8334505660533
256,45.300000000000004,561.8280461442446
256,45.400000000000006,593.8854200068131
256,45.5,577.4099387756074
256,45.6,627.9516130592268
256,45.7,745.8170110249911
256,45.800000000000004,723.0969414228593
256,45.900000000000006,637.7120849976537
256,46.0,653.4078985017942
256,46.1,732.4615570632069
256,46.2,684.8097542784705
256,46.300000000000004,664.7058318393891
256,46.400000000000006,696.5024230258999
256,46.5,707.3489076192882
256,46.6,601.9383441517468
256,46.7,590.5788570050079
256,46.800000000000004,724.4468855980055
256,46.900000000000006,582.2760374741497
256,47.0,614.0031496976311
256,47.1,623.4696862301812
256,47.2,601.5873190854113
256,47.300000000000004,646.3984533317746
256,47.400000000000006,596.2094087709155
256,47.5,572.3620758473143
256,47.6,616.5332937434779
256,47.7,584.1053345472393
256,47.800000000000004,590.4774503330674
256,47.900000000000006,611.7002575765006
256,48.0,598.5745888716272
256,48.1,578.0455224173711
256,48.2,565.1563717858492
256,48.300000000000004,608.790059721224
256,48.400000000000006,633.6292717547543
256,48.5,577.8976343029657
256,48.6,590.2349454894631
256,48.7,565.9231536109573
256,48.800000000000004,581.9154210976784
256,48.900000000000006,598.6089338133553
256,49.0,619.1475496754701
256,49.1,582.0477578220494
256,49.2,563.4867100394338
256,49.300000000000004,579.0396906408484
256,49.400000000000006,663.2954004041018
256,49.5,659.9877975985706
256,49.6,659.6267006397329
256,49.7,722.0216113010177
256,49.800000000000004,620.6898483654247
256,49.900000000000006,626.2749611156266
256,50.0,664.0226132402936
256,50.1,626.5788890092265
256,50.2,767.3974984583451
256,50.300000000000004,607.5028532488312
256,50.400000000000006,575.62138870751
256,50.5,574.3864842422784
256,50.6,589.229284573472
256,50.7,673.4916555505505
256,50.800000000000004,592.3427371891976
256,50.900000000000006,611.6170248340635
256,51.0,562.5989084684547
256,51.1,662.927209622941
256,51.2,663.6619420495289
256,51.300000000000004,663.0145590560186
256,51.400000000000006,685.5568056772578
256,51.5,718.1807038385301
256,51.6,665.897075637094
256,51.7,668.9678042805515
256,51.800000000000004,638.1647222352185
256,51.900000000000006,727.3812473178024
256,52.0,625.0753273456803
256,52.1,638.8516805784506
256,52.2,626.078392526562
256,52.300000000000004,617.3808180399311
256,52.400000000000006,616.664282528207
256,52.5,614.3649611599591
256,52.6,616.3073108668974
256,52.7,585.3555104251695
256,52.800000000000004,615.633885670444
256,52.900000000000006,587.0338339937697
256,53.0,593.2507606237223
256,53.1,619.3088467899859
256,53.2,651.8292033292597
256,53.300000000000004,696.3167543185715
256,53.400000000000006,702.5570352461539
256,53.5,640.0235224676532
256,53.6,650.8046801982512
256,53.7,774.134942887647
256,53.800000000000004,710.5066942649876
256,53.900000000000006,693.6236209943926
256,54.0,661.5865050157502
256,54.1,629.6140365363669
256,54.2,640.7516924731699
256,54.300000000000004,665.1350149219179
256,54.400000000000006,663.3840559090236
256,54.5,622.5857556887768
256,54.6,649.0203628779074
256,54.7,586.2039822914167
256,54.800000000000004,614.5673597417524
256,54.900000000000006,596.149578420861
256,55.0,585.5823966922653
256,55.1,625.5834970674932
256,55.2,634.1117446402831
256,55.300000000000004,612.1163157117014
256,55.400000000000006,589.303012998219
256,55.5,725.2889150319166
256,55.6,733.8426961553585
256,55.7,648.9527611094406
256,55.800000000000004,628.2118340847942
256,55.900000000000006,599.2094202580007
256,56.0,607.3667454201893
256,56.1,579.5772231755172
256,56.2,593.7960555456805
256,56.300000000000004,601.752955355918
256,56.400000000000006,662.1615476059823
256,56.5,763.36740822049
256,56.6,597.9777589308152
256,56.7,549.9246865051314
256,56.800000000000004,665.7500451572379
256,56.900000000000006,672.5602308037938
256,57.0,615.6352844050249
256,57.1,744.2357376536066
256,57.2,746.1330878095273
256,57.300000000000004,715.9236359654105
256,57.400000000000006,663.5616740906949
256,57.5,652.0657733280289
256,57.6,696.6309408109937
256,57.7,610.3639745208455
256,57.800000000000004,615.2174579802609
256,57.900000000000006,658.2938706829171
256,58.0,662.5313601560136
256,58.1,625.48105884993
256,58.2,621.755035437055
256,58.300000000000004,549.2394220663039
256,58.400000000000006,569.437763310972
256,58.5,664.0870210682054
256,58.6,648.4331222345066
256,58.7,596.7105484981184
256,58.800000000000004,705.2419728022159
256,58.900000000000006,643.7153865395754
256,59.0,623.2511362951986
256,59.1,621.6950787210216
256,59.2,657.236679649409
256,59.300000000000004,678.2160871436034
256,59.400000000000006,669.8773639039237
256,59.5,666.4660519872211
256,59.6,690.8081720817303
256,59.7,646.8142875157549
256,59.800000000000004,645.5770657399245
256,59.900000000000006,625.2646440738046
256,60.0,732.0925906177476
256,60.1,658.5075178891823
256,60.2,656.7616325013938
256,60.300000000000004,676.077346135079
256,60.400000000000006,560.1262451101985
256,60.5,601.3478209662546
256,60.6,623.4044459217326
256,60.7,707.5964525122439
256,60.800000000000004,641.962209531749
256,60.900000000000006,704.5760601788508
256,61.0,702.4788000786332
256,61.1,664.3610740067991
256,61.2,613.4648761982586
256,61.300000000000004,574.9031537630088
256,61.400000000000006,644.9551348850883
256,61.5,727.2704457889884
256,61.6,662.0006577084449
256,61.7,707.7494313736345
256,61.800000000000004,697.73172713316
256,61.900000000000006,641.3104441914838
256,62.0,653.9790969653362
256,62.1,659.9527751337753
256,62.2,657.2335206547971
256,62.300000000000004,638.1470935115623
256,62.400000000000006,644.0448136138406
256,62.5,662.8086781306584
256,62.6,664.0086385211978
256,62.7,657.5272188641658
256,62.800000000000004,710.751308720923
256,62.900000000000006,650.5083855058544
256,63.0,649.287687709066
256,63.1,639.5549853632034
256,63.2,664.0700126779365
256,63.300000000000004,655.6125921048551
256,63.400000000000006,663.8120319588445
256,63.5,693.3876013963186
256,63.6,633.9464242808934
256,63.7,657.0595638642416
256,63.800000000000004,619.3388511191895
256,63.900000000000006,607.1059189181454
256,64.0,586.5173603983988
256,64.10000000000001,588.023736071902
256,64.2,621.830439047704
256,64.3,590.8942888491301
256,64.4,573.3002032780861
256,64.5,568.0350972562755
256,64.60000000000001,731.6135205617674
256,64.7,668.1550952737663
256,64.8,707.9301874094533
256,64.9,662.0475168456836
256,65.0,654.8816123041594
256,65.10000000000001,617.7329743751708
256,65.2,653.262817474212
256,65.3,663.6467130506874
256,65.4,656.16371590719
256,65.5,661.647354477363
256,65.60000000000001,656.2831771664493
256,65.7,649.6115934988825
256,65.8,680.2371954507003
256,65.9,677.9582937468431
384,0.0,653.685
384,0.1,642.9437139007896
384,0.2,594.3553084097808
384,0.30000000000000004,596.3105172231714
384,0.4,646.8063298981353
384,0.5,548.0246666587241
384,0.6000000000000001,542.0183810820279
384,0.7000000000000001,674.0507694705416
384,0.8,718.8091158830046
384,0.9,559.194359106354
384,1.0,632.6011586065574
384,1.1,543.8572356888751
384,1.2000000000000002,657.0341688489003
384,1.3,568.6754796251421
384,1.4000000000000001,532.5534927015127
384,1.5,605.0112206209985
384,1.6,571.2801487491572
384,1.7000000000000002,621.3501173119262
384,1.8,526.4165220429044
384,1.9000000000000001,547.150876439626
384,2.0,618.7658423943346
384,2.1,535.9974910498049
384,2.2,647.9199998584622
384,2.3000000000000003,638.9595855427256
384,2.4000000000000004,610.0043679995616
384,2.5,615.9400203750477
384,2.6,563.7771901895046
384,2.7,529.341990730901
384,2.8000000000000003,681.1888775049978
384,2.9000000000000004,602.3594253328151
384,3.0,516.0388271416078
384,3.1,543.9713245972499
384,3.2,613.3230281591337
384,3.3000000000000003,560.8825284125651
384,3.4000000000000004,640.7128463155087
384,3.5,646.1357569965187
384,3.6,540.6463973541811
384,3.7,656.7689974952162
384,3.8000000000000003,550.7250526997473
384,3.9000000000000004,642.3339356462609
384,4.0,661.0387336653363
384,4.1000000000000005,604.0057735236443
384,4.2,651.1556171591683
384,4.3,592.1394296834052
384,4.4,528.0955766713529
384,4.5,594.7338633460316
384,4.6000000000000005,619.3457738035842
384,4.7,617.2765626705041
384,4.800000000000001,507.13320318796116
384,4.9,540.715446014406
384,5.0,632.0901603350997
384,5.1000000000000005,609.3332207522622
384,5.2,584.6613352941598
384,5.300000000000001,610.0308685598816
384,5.4,562.4611985589233
384,5.5,701.9053871642517
384,5.6000000000000005,639.3321885132505
384,5.7,551.0165825078711
384,5.800000000000001,640.9818057970112
384,5.9,601.3455685119222
384,6.0,635.8487960046797
384,6.1000000000000005,516.2766983335647
384,6.2,671.6968936603356
384,6.300000000000001,602.3798368172626
384,6.4,654.937680608168
384,6.5,733.3348912639494
384,6.6000000000000005,623.5288559104118
384,6.7,578.9413187085707
384,6.800000000000001,662.6957842218374
384,6.9,597.3458449830944
384,7.0,538.7053466423947
384,7.1000000000000005,684.4753805027983
384,7.2,632.707222621804
384,7.300000000000001,528.7879840075315
384,7.4,642.4653385936483
384,7.5,558.4133857209573
384,7.6000000000000005,630.9048331131689
384,7.7,507.4879883359764
384,7.800000000000001,566.5247561694827
384,7.9,600.4802165659912
384,8.0,522.9467582519437
384,8.1,624.533925419828
384,8.200000000000001,562.1998902022748
384,8.3,647.3225053966147
384,8.4,605.0005523735094
384,8.5,631.6799143805505
384,8.6,513.7735030359785
384,8.700000000000001,552.4893841882556
384,8.8,664.1813879835687
384,8.9,638.040287626164
384,9.0,646.4026368256451
384,9.1,707.4188390274822
384,9.200000000000001,614.0139642362892
384,9.3,566.449896327818
384,9.4,557.1528871283642
384,9.5,669.5585758222697
384,9.600000000000001,701.6691150716119
384,9.700000000000001,590.2401518929611
384,9.8,533.6672542107655
384,9.9,628.4132492927943
384,10.0,565.9753146302994
384,10.100000000000001,642.6557985846655
384,10.200000000000001,602.0817168124729
384,10.3,609.6144723537757
384,10.4,536.5292327929083
384,10.5,626.0703605574083
384,10.600000000000001,531.2064026998124
384,10.700000000000001,597.3967158962371
384,10.8,659.645503653053
384,10.9,543.396451242576
384,11.0,608.5806774210456
384,11.100000000000001,588.8159902188677
384,11.200000000000001,602.7222388855935
384,11.3,615.819149257749
384,11.4,563.6132032944835
384,11.5,630.9581932534047
384,11.600000000000001,589.6129027386598
384,11.700000000000001,649.5464670825057
384,11.8,598.9756553025433
384,11.9,647.8203292206973
384,12.0,664.2893724529669
384,12.100000000000001,552.9412316124559
384,12.200000000000001,641.3657660267306
384,12.3,569.3990482380717
384,12.4,563.4994842326195
384,12.5,625.9160289611992
384,12.600000000000001,616.0459414956066
384,12.700000000000001,615.6609279461389
384,12.8,708.235679205259
384,12.9,562.4586803639372
384,13.0,636.4505216787416
384,13.100000000000001,592.1759226380738
384,13.200000000000001,535.2228945128625
384,13.3,595.8618229903362
384,13.4,703.1813841248736
384,13.5,599.440203445795
384,13.600000000000001,570.8360897972028
384,13.700000000000001,638.6168290873763
384,13.8,786.2649626707258
384,13.9,715.0997198902221
384,14.0,581.0229537506433
384,14.100000000000001,672.5635337294292
384,14.200000000000001,673.3532529671556
384,14.3,521.6854841689247
384,14.4,629.385174802268
384,14.5,646.3875347849392
384,14.600000000000001,591.8772200984495
384,14.700000000000001,684.6313742009256
384,14.8,629.0453362584998
384,14.9,618.1541428538069
384,15.0,573.486139230192
384,15.100000000000001,626.536943918401
384,15.200000000000001,557.0961244586035
384,15.3,631.1303452307492
384,15.4,676.8419608489806
384,15.5,527.1697862670352
384,15.600000000000001,586.9499358625778
384,15.700000000000001,551.6186048278771
384,15.8,567.7053385399399
384,15.9,622.7283494907036
384,16.0,543.6463348453805
384,16.1,653.5454624050936
384,16.2,619.4467175321985
384,16.3,602.9154426346678
384,16.400000000000002,665.3298585793269
384,16.5,637.7984241442404
384,16.6,668.9248792916699
384,16.7,534.1813914607008
384,16.8,556.9335107014381
384,16.900000000000002,623.6796643403552
384,17.0,598.3562130200069
384,17.1,566.2997459407837
384,17.2,654.2074704916206
384,17.3,543.4078135343431
384,17.400000000000002,516.5504768454609
384,17.5,637.1796989675348
384,17.6,582.7569656570716
384,17.7,620.3848433458828
384,17.8,631.4460786335497
384,17.900000000000002,620.0046771485854
384,18.0,498.3073749036964
384,18.1,611.9053655899736
384,18.2,634.6181244962085
384,18.3,724.1097557776932
384,18.400000000000002,519.6663235354891
384,18.5,542.1866256143201
384,18.6,566.67559124577
384,18.7,648.0908322626132
384,18.8,586.1659552841843
384,18.900000000000002,683.0217457497771
384,19.0,552.1672115994369
384,19.1,584.5278606109415
384,19.200000000000003,696.8302011589473
384,19.3,554.9079350443913
384,19.400000000000002,595.0164183387026
384,19.5,654.1758443621758
384,19.6,554.5799197031994
384,19.700000000000003,698.8458176120621
384,19.8,623.1987227611106
384,19.900000000000002,593.7898617487272
384,20.0,611.4745296772318
384,20.1,665.5907978684021
384,20.200000000000003,613.0826577871588
384,20.3,584.416155891204
384,20.400000000000002,619.7385020544723
384,20.5,547.5055092297172
384,20.6,594.3628409631157
384,20.700000000000003,557.8535701872338
384,20.8,584.3175730820645
384,20.900000000000002,607.397132935579
384,21.0,696.5487499040952
384,21.1,571.5159431639021
384,21.200000000000003,602.7424669392477
384,21.3,608.9352658819718
384,21.400000000000002,563.9463470512679
384,21.5,563.9887753301865
384,21.6,666.9230480280606
384,21.700000000000003,614.84066245777
384,21.8,679.1215871728042
384,21.900000000000002,582.9789671991131
384,22.0,605.6912503404278
384,22.1,645.8331658542867
384,22.200000000000003,695.5854704556461
384,22.3,665.2260184707355
384,22.400000000000002,624.5977288319459
384,22.5,563.5522897214299
384,22.6,596.7790423689929
384,22.700000000000003,746.8319544989
384,22.8,701.6901226009638
384,22.900000000000002,587.2794376832906
384,23.0,534.762828794553
384,23.1,616.3797901861145
384,23.200000000000003,546.2730959670398
384,23.3,579.0785638822972
384,23.400000000000002,547.4075357994501
384,23.5,635.8435178765878
384,23.6,660.3737201273344
384,23.700000000000003,676.6108750023241
384,23.8,681.8863392189143
384,23.900000000000002,690.7997973294831
384,24.0,625.0694582287891
384,24.1,548.7916687296708
384,24.200000000000003,632.107310471655
384,24.3,635.1238874373727
384,24.400000000000002,536.3410830131924
384,24.5,581.9994902334071
384,24.6,530.1216634159814
384,24.700000000000003,618.4035206854768
384,24.8,551.3295728791584
384,24.900000000000002,581.7228745632522
384,25.0,616.408562726064
384,25.1,661.7994323194014
384,25.200000000000003,555.577498480025
384,25.3,636.2465330397072
384,25.400000000000002,672.4103978145259
384,25.5,609.1499787980308
384,25.6,628.1633098291132
384,25.700000000000003,647.3835020165129
384,25.8,645.3230320114367
384,25.900000000000002,546.8867495627535
384,26.0,613.170084015915
384,26.1,623.0855643936144
384,26.200000000000003,614.5912650298677
384,26.3,644.3841038294752
384,26.400000000000002,645.8578230150824
384,26.5,694.1294041250771
384,26.6,626.2302715294643
384,26.700000000000003,651.840965747332
384,26.8,623.6316007408958
384,26.900000000000002,679.8083349204132
384,27.0,627.0749664142654
384,27.1,553.2342132826916
384,27.200000000000003,614.907129743178
384,27.3,742.4636625349088
384,27.400000000000002,687.8474989837646
384,27.5,578.4553024699301
384,27.6,580.220480936326
384,27.700000000000003,625.9758278619994
384,27.8,660.6169720218442
384,27.900000000000002,674.1367147777936
384,28.0,530.5730640257342
384,28.1,588.9854526988725
384,28.200000000000003,622.6261201218094
384,28.3,670.724339166528
384,28.400000000000002,565.3413825982086
384,28.5,617.7300273186283
384,28.6,548.8428944946268
384,28.700000000000003,604.0816899328563
384,28.8,689.4804956524232
384,28.900000000000002,662.5859633091869
384,29.0,609.3679378326987
384,29.1,640.7129306557
384,29.200000000000003,693.3281876873164
384,29.3,706.7137992179961
384,29.400000000000002,713.5475955871457
384,29.5,680.936117623652
384,29.6,672.6938053188143
384,29.700000000000003,679.8967064856714
384,29.8,667.0120640372467
384,29.900000000000002,637.1578600597603
384,30.0,535.1482277784264
384,30.1,630.8000850507193
384,30.200000000000003,588.0638191059378
384,30.3,575.9403986151683
384,30.400000000000002,612.8377735841244
384,30.5,675.2278023827963
384,30.6,706.8945822215873
384,30.700000000000003,651.3813854021744
384,30.8,525.5530181091227
384,30.900000000000002,544.6796882132477
384,31.0,588.0156159414591
384,31.1,650.5449389335541
384,31.200000000000003,660.8136137525794
384,31.3,567.4723782300081
384,31.400000000000002,591.0412154426457
384,31.5,622.9015233436426
384,31.6,560.9599833488184
384,31.700000000000003,619.1955876303864
384,31.8,615.7423443637792
384,31.900000000000002,672.4247878538358
384,32.0,696.2989975338999
384,32.1,678.5328564323357
384,32.2,581.5273133375396
384,32.300000000000004,563.9188057937174
384,32.4,552.2413952480572
384,32.5,645.008212950542
384,32.6,712.293173942176
384,32.7,661.6782115039293
384,32.800000000000004,584.785610293834
384,32.9,602.5048285133915
384,33.0,640.8168898810304
384,33.1,654.2102346419884
384,33.2,591.7135250318064
384,33.300000000000004,633.080560942767
384,33.4,687.0905463164484
384,33.5,662.5110651742954
384,33.6,608.3785919701864
384,33.7,535.90930917309
384,33.800000000000004,597.0751744988328
384,33.9,634.6483286577211
384,34.0,626.2896978127234
384,34.1,646.6641951831921
384,34.2,710.875152868126
384,34.300000000000004,727.5829792583522
384,34.4,620.2456376606004
384,34.5,641.072123046754
384,34.6,681.9284331804444
384,34.7,629.8085220725359
384,34.800000000000004,531.9903927956648
384,34.9,626.7292631069791
384,35.0,593.5391225672405
384,35.1,636.7316792408313
384,35.2,556.8477655178297
384,35.300000000000004,682.9539069656253
384,35.4,726.2952039857704
384,35.5,717.5371148940529
384,35.6,591.9963823640396
384,35.7,622.4475152204133
384,35.800000000000004,687.9416469133123
384,35.9,665.4894179672372
384,36.0,641.9792611438864
384,36.1,666.1256625458086
384,36.2,710.6673883814871
384,36.300000000000004,634.7597745645027
384,36.4,523.4463252434001
384,36.5,601.2560464778261
384,36.6,553.5402192685523
384,36.7,711.0605192844407
384,36.800000000000004,610.2831150371384
384,36.9,598.888143411979
384,37.0,593.1074932437101
384,37.1,616.5510023779801
384,37.2,668.965985574219
384,37.300000000000004,670.5703169070425
384,37.4,552.4974073673446
384,37.5,525.2969607253995
384,37.6,691.2578115843503
384,37.7,649.2291678523828
384,37.800000000000004,704.6157343018186
384,37.9,619.720878990221
384,38.0,558.223341694366
384,38.1,569.0827139035296
384,38.2,601.4200609899244
384,38.300000000000004,633.1056726169754
384,38.400000000000006,714.5701832862006
384,38.5,661.378681503773
384,38.6,656.8564879044635
384,38.7,565.0030600983544
384,38.800000000000004,616.2749787623229
384,38.900000000000006,601.7254899239409
384,39.0,522.6605428444798
384,39.1,560.8934066906855
384,39.2,605.8887549582918
384,39.300000000000004,624.9238478880494
384,39.400000000000006,643.1233184778191
384,39.5,688.760711849545
384,39.6,615.4565205750025
384,39.7,537.8013457135621
384,39.800000000000004,568.4132889589434
384,39.900000000000006,589.6392833497346
384,40.0,694.2411807611296
384,40.1,716.0702476059994
384,40.2,698.6814226870588
384,40.300000000000004,623.870050005119
384,40.400000000000006,533.7994179560625
384,40.5,572.3165449637116
384,40.6,635.2763956882263
384,40.7,635.5072049364179
384,40.800000000000004,691.4879142003507
384,40.900000000000006,698.9000004055241
384,41.0,668.4299988586841
384,41.1,668.3002512491335
384,41.2,714.0873791923617
384,41.300000000000004,617.5901019459401
384,41.400000000000006,606.3032199920433
384,41.5,661.1251951112
384,41.6,584.6866225124921
384,41.7,531.6003772635312
384,41.800000000000004,537.5127364436954
384,41.900000000000006,571.5496429539498
384,42.0,598.5405948847106
384,42.1,582.029664662012
384,42.2,677.5847270209454
384,42.300000000000004,606.550795763524
384,42.400000000000006,551.2966626227951
384,42.5,528.970818733738
384,42.6,518.4841300831293
384,42.7,536.1941732241148
384,42.800000000000004,709.6947766605684
384,42.900000000000006,653.0111387000541
384,43.0,647.0047082568894
384,43.1,714.4654690903383
384,43.2,680.636607506634
384,43.300000000000004,706.4337576814409
384,43.400000000000006,676.824503991686
384,43.5,615.5711835138703
384,43.6,527.2057017712975
384,43.7,504.90371508702543
384,43.800000000000004,569.7420050183142
384,43.900000000000006,601.9785080106656
384,44.0,621.4969334486522
384,44.1,652.5010458727668
384,44.2,655.4579773922158
384,44.300000000000004,649.1537552360778
384,44.400000000000006,732.2706893629962
384,44.5,723.2932949067412
384,44.6,663.7494831654708
384,44.7,694.7042754570533
384,44.800000000000004,682.3888116703939
384,44.900000000000006,645.0755626347658
384,45.0,673.5213668046214
384,45.1,626.8265096821683
384,45.2,581.772635676092
384,45.300000000000004,590.4458776130649
384,45.400000000000006,710.1633231303772
384,45.5,551.2162841566771
384,45.6,554.391099239931
384,45.7,608.9269840372847
384,45.800000000000004,561.6679082189202
384,45.900000000000006,688.8969502239829
384,46.0,585.5744585060016
384,46.1,579.737499337623
384,46.2,538.9484234853445
384,46.300000000000004,586.679958481183
384,46.400000000000006,603.5207362096525
384,46.5,661.4972643491107
384,46.6,605.5814366878948
384,46.7,579.941277765229
384,46.800000000000004,612.7748345587482
384,46.900000000000006,586.3316516852618
384,47.0,637.8082085650167
384,47.1,646.1705625069382
384,47.2,659.7307277056088
384,47.300000000000004,633.9566045149161
384,47.400000000000006,557.5367550264626
384,47.5,563.4330786537197
384,47.6,611.3129008080815
384,47.7,627.9072128415321
384,47.800000000000004,643.3011111763593
384,47.900000000000006,660.0404812974243
384,48.0,690.9624822879196
384,48.1,733.4309693295095
384,48.2,686.1768698450866
384,48.300000000000004,682.5061197450906
384,48.400000000000006,738.1510630821167
384,48.5,598.0367655865101
384,48.6,548.6082885636285
384,48.7,657.8457980464976
384,48.800000000000004,669.502683111498
384,48.900000000000006,669.608200300166
384,49.0,661.2957995616542
384,49.1,716.3703916248245
384,49.2,728.2201961973414
384,49.300000000000004,724.1429122500036
384,49.400000000000006,680.4075294367154
384,49.5,634.1408602173085
384,49.6,554.0670529302427
384,49.7,595.306159040625
384,49.800000000000004,623.0823341756952
384,49.900000000000006,682.1063329585353
384,50.0,715.4852374903818
384,50.1,740.3699863096987
384,50.2,739.5266025230305
384,50.300000000000004,766.6193643231339
384,50.400000000000006,652.2532372198399
384,50.5,613.5630038784067
384,50.6,642.70787600021
384,50.7,705.5587135043214
384,50.800000000000004,690.9470396548126
384,50.900000000000006,588.3802804951783
384,51.0,619.9460001667592
384,51.1,627.0270465778873
384,51.2,625.8178585978527
384,51.300000000000004,654.7738823812556
384,51.400000000000006,710.1969122154904
384,51.5,640.0512771032949
384,51.6,548.3890591995454
384,51.7,548.8224661951771
384,51.800000000000004,585.1150996211234
512,0.0,513.381
512,0.1,508.49031283259745
512,0.2,606.3681532255106
512,0.30000000000000004,653.7693254738197
512,0.4,634.5694063526098
512,0.5,593.7893769796925
512,0.6000000000000001,715.934195927548
512,0.7000000000000001,684.3993160605663
512,0.8,554.5956535846269
512,0.9,557.0017168358777
512,1.0,704.232981569774
512,1.1,615.2995998003288
512,1.2000000000000002,615.6510799531084
512,1.3,648.1664532359081
512,1.4000000000000001,557.7746439990468
512,1.5,538.702952595399
512,1.6,523.834273678818
512,1.7000000000000002,540.7588017770471
512,1.8,486.2290845305407
512,1.9000000000000001,584.760322924649
512,2.0,606.8476357857317
512,2.1,685.2483596734764
512,2.2,628.9730454245234
512,2.3000000000000003,627.3330573150915
512,2.4000000000000004,739.1466653736924
512,2.5,709.4891694837717
512,2.6,704.2371368642018
512,2.7,594.5956441185577
512,2.8000000000000003,672.2466096394731
512,2.9000000000000004,635.0405189430669
512,3.0,690.3404761811723
512,3.1,666.6832938170294
512,3.2,632.2453920712907
512,3.3000000000000003,558.6835801270471
512,3.4000000000000004,587.3253364784821
512,3.5,723.7798500686218
512,3.6,691.3237050937034
512,3.7,635.2516845856375
512,3.8000000000000003,547.4397634009943
512,3.9000000000000004,590.945572851067
512,4.0,632.4237079738375
512,4.1000000000000005,605.2922853864902
512,4.2,533.3032751066855
512,4.3,574.4322060658913
512,4.4,601.6701021282173
512,4.5,667.2309326169316
512,4.6000000000000005,779.0284538006993
512,4.7,751.3800621188221
512,4.800000000000001,673.4029532965116
512,4.9,619.5938743124085
512,5.0,568.6831391874359
512,5.1000000000000005,507.63455777735385
512,5.2,590.1597654810895
512,5.300000000000001,529.8975254017909
512,5.4,531.2327251768328
512,5.5,512.5149277854146
512,5.6000000000000005,523.1331082676388
512,5.7,618.2044070450323
512,5.800000000000001,613.3480397877515
512,5.9,558.152743277586
512,6.0,666.6930914087498
512,6.1000000000000005,653.3564122786827
512,6.2,581.2317727732149
512,6.300000000000001,692.2643474716293
512,6.4,652.2634182787268
512,6.5,610.1415686966426
512,6.6000000000000005,559.9364602820148
512,6.7,580.7175116435665
512,6.800000000000001,513.477998075168
512,6.9,536.1299958814758
512,7.0,712.0430920153613
512,7.1000000000000005,635.6608738017923
512,7.2,652.4234760944141
512,7.300000000000001,676.4488621293586
512,7.4,688.2317748512822
512,7.5,672.4962939120699
512,7.6000000000000005,610.0797631316641
512,7.7,565.0780493902512
512,7.800000000000001,538.0868457672959
512,7.9,541.3979685962936
512,8.0,693.3350121787358
512,8.1,530.8718189968417
512,8.200000000000001,536.8029137667095
512,8.3,573.97058743011
512,8.4,642.1283882171018
512,8.5,623.9980435273654
512,8.6,526.8006622983947
512,8.700000000000001,514.6820958445322
512,8.8,588.4371123126892
512,8.9,537.961342986218
512,9.0,538.0792863899658
512,9.1,592.0239200954039
512,9.200000000000001,525.1547090128419
512,9.3,568.8669909266151
512,9.4,632.0892962493122
512,9.5,651.2383244815196
512,9.600000000000001,691.2088885008828
512,9.700000000000001,736.3978102629475
512,9.8,739.1953192189487
512,9.9,606.9912008090351
512,10.0,609.5553856716759
512,10.100000000000001,620.8210007300611
512,10.200000000000001,627.2951073130748
512,10.3,676.5453230888377
512,10.4,653.7322429734185
512,10.5,624.9777276888472
512,10.600000000000001,639.0848053336387
512,10.700000000000001,646.293222516165
512,10.8,612.3340926264874
512,10.9,597.8013423514442
512,11.0,574.5147721278629
512,11.100000000000001,546.2903459425459
512,11.200000000000001,508.85061200569913
512,11.3,688.4227632124826
512,11.4,557.1470138225477
512,11.5,636.0927794536378
512,11.600000000000001,548.4376104005014
512,11.700000000000001,674.1196634824291
512,11.8,646.6622275843167
512,11.9,665.7239043457542
512,12.0,611.3623600301185
512,12.100000000000001,523.5630057311138
512,12.200000000000001,534.5953399376692
512,12.3,571.9702692528882
512,12.4,570.042042098894
512,12.5,605.7446957609252
512,12.600000000000001,636.4984961334579
512,12.700000000000001,614.3474551435737
512,12.8,656.7281444324514
512,12.9,659.0455488077622
512,13.0,649.6692725886389
512,13.100000000000001,661.1855387709004
512,13.200000000000001,645.3773499715253
512,13.3,652.2696799043064
512,13.4,528.5714231460406
512,13.5,497.4880354275829
512,13.600000000000001,530.6221113322379
512,13.700000000000001,544.476247251247
512,13.8,678.354947577712
512,13.9,680.9824369543098
512,14.0,633.8381704378658
512,14.100000000000001,601.4769595831066
512,14.200000000000001,601.4720933388298
512,14.3,601.8052670823852
512,14.4,578.1680002029749
512,14.5,552.9875069513596
512,14.600000000000001,533.6108664760882
512,14.700000000000001,526.9606105246106
512,14.8,637.2229601116779
512,14.9,659.2046357803257
512,15.0,669.6640557989608
512,15.100000000000001,653.9705613262272
512,15.200000000000001,645.6314442823926
512,15.3,681.5940770479816
512,15.4,592.3697729790377
512,15.5,524.6285435508195
512,15.600000000000001,507.42404525033044
512,15.700000000000001,628.8295108364224
512,15.8,678.54219408394
512,15.9,653.8917385853262
512,16.0,664.8865009935621
512,16.1,628.1258923639961
512,16.2,644.163710234239
512,16.3,670.4318021729861
512,16.400000000000002,660.3852686744688
512,16.5,631.6120590096593
512,16.6,621.0288862477305
512,16.7,633.7930763004898
512,16.8,603.2498267119041
512,16.900000000000002,530.7770700903966
512,17.0,499.6197332338975
512,17.1,672.712103941161
512,17.2,663.9794109998933
512,17.3,692.6604863681744
512,17.400000000000002,662.9367854167102
512,17.5,673.2314736909816
512,17.6,626.5987854623936
512,17.7,626.4136180956577
512,17.8,597.5363741409046
512,17.900000000000002,562.6617158830519
512,18.0,621.8746209057989
512,18.1,640.5935861986977
512,18.2,637.92757316882
512,18.3,604.0136419352607
512,18.400000000000002,590.5507979168552
512,18.5,618.510089652938
512,18.6,553.9196210251205
512,18.7,655.2659371603356
512,18.8,660.1506268332365
512,18.900000000000002,627.7776991670314
512,19.0,635.5993342411571
512,19.1,670.572224672268
512,19.200000000000003,696.7217610314483
512,19.3,545.1022933170018
512,19.400000000000002,631.9587916798148
512,19.5,657.167061688389
512,19.6,608.2396468931203
512,19.700000000000003,647.2007285431806
512,19.8,652.4135339769598
512,19.900000000000002,663.5947948122686
512,20.0,642.4024960079104
512,20.1,610.1316138935877
512,20.200000000000003,566.5598027443922
512,20.3,519.0432708711281
512,20.400000000000002,584.1936218585246
512,20.5,684.0099723013141
512,20.6,564.100206863011
512,20.700000000000003,503.27209185366576
512,20.8,580.9585482616162
512,20.900000000000002,518.4598666426791
512,21.0,608.7349115813852
512,21.1,634.8083221604052
512,21.200000000000003,622.3623136377605
512,21.3,620.6996574269031
512,21.400000000000002,615.5369514227582
512,21.5,730.627124001458
512,21.6,624.0677971849949
512,21.700000000000003,551.9433162118436
512,21.8,646.7796979135209
512,21.900000000000002,641.7189110211091
512,22.0,549.3539072523777
512,22.1,644.4493375579541
512,22.200000000000003,650.9479030263021
512,22.3,613.0396060769503
512,22.400000000000002,546.9357813118651
512,22.5,614.6103847073819
512,22.6,652.3606493852928
512,22.700000000000003,624.3545794814968
512,22.8,628.6596788142036
512,22.900000000000002,647.7013498219009
512,23.0,584.0670972399596
512,23.1,658.2072738671229
512,23.200000000000003,720.8914929692648
512,23.3,628.522004359376
512,23.400000000000002,604.5687255869036
512,23.5,643.8416333356366
512,23.6,622.0585679251616
512,23.700000000000003,589.3806056213045
512,23.8,523.6049890148008
512,23.900000000000002,575.3030526018097
512,24.0,656.4231836221193
512,24.1,618.3462922557114
512,24.200000000000003,540.7321491609389
512,24.3,663.0227124619438
512,24.400000000000002,651.515922887764
512,24.5,582.3208892345957
512,24.6,625.4599723454296
512,24.700000000000003,651.1552104784707
512,24.8,571.814102159085
512,24.900000000000002,649.3267433103313
512,25.0,661.9169879813419
512,25.1,610.7997440729924
512,25.200000000000003,543.117264486371
512,25.3,566.1849863152332
512,25.400000000000002,660.1678501848733
512,25.5,672.2946040164373
512,25.6,640.2510540011336
512,25.700000000000003,595.2593083323592
512,25.8,617.8231187893837
512,25.900000000000002,637.2218551612913
512,26.0,619.8726172930683
512,26.1,589.0834894134235
512,26.200000000000003,612.0933726660263
512,26.3,660.2193505063693
512,26.400000000000002,628.6441249406174
512,26.5,572.9236006122692
512,26.6,599.2978071094539
512,26.700000000000003,638.0420091950198
512,26.8,640.4656226844352
512,26.900000000000002,625.7501566641648
512,27.0,560.6721542309891
512,27.1,559.3615351552788
512,27.200000000000003,616.9458862177848
512,27.3,624.5160759196335
512,27.400000000000002,610.3728856268046
512,27.5,606.5815720593
512,27.6,580.8513994738856
512,27.700000000000003,607.8438777197717
512,27.8,618.8298538916648
512,27.900000000000002,610.0308704330192
512,28.0,610.2990853940402
512,28.1,587.6014543212578
512,28.200000000000003,580.6255150514679
512,28.3,540.2663958916606
512,28.400000000000002,507.3622198081373
512,28.5,509.77602803842984
512,28.6,530.3572296953284
512,28.700000000000003,549.3618387407245
512,28.8,590.8255743953346
512,28.900000000000002,648.3174373415819
512,29.0,663.3315694678753
512,29.1,658.2211612752573
512,29.200000000000003,564.4603836888807
512,29.3,496.71291562511885
512,29.400000000000002,629.6302960074001
512,29.5,699.7948591672127
512,29.6,645.5299068908977
512,29.700000000000003,631.2407184695047
512,29.8,651.4230808823742
512,29.900000000000002,639.4802294791857
512,30.0,589.1153713102686
512,30.1,531.4602467440623
512,30.200000000000003,499.9696922826245
512,30.3,501.4784154425917
512,30.400000000000002,500.24576556437773
512,30.5,497.22413658291384
512,30.6,494.7586245060569
512,30.700000000000003,650.6918135541116
512,30.8,664.4809747733956
512,30.900000000000002,581.3917303975287
512,31.0,545.843582883222
512,31.1,514.9207703231505
512,31.200000000000003,522.540104473346
512,31.3,536.9369240189715
512,31.400000000000002,565.3744032713396
512,31.5,583.3486643730687
512,31.6,601.8988143807176
512,31.700000000000003,653.1578397376132
512,31.8,644.9902919180627
512,31.900000000000002,579.8505185495096
512,32.0,531.4728437066652
512,32.1,518.2683761657191
512,32.2,546.9961457912407
512,32.300000000000004,557.2820661653484
512,32.4,527.1487613458759
512,32.5,501.014271252871
512,32.6,538.305516117197
512,32.7,547.1541683196994
512,32.800000000000004,635.0228843004462
512,32.9,653.2121727728694
512,33.0,576.6549871722173
512,33.1,520.3938806831442
512,33.2,623.7526382451175
512,33.300000000000004,667.1611493381272
512,33.4,649.7289206028591
512,33.5,651.1952524766393
512,33.6,638.8096419255921
512,33.7,628.9994080545611
512,33.800000000000004,693.1454384793033
512,33.9,753.1396695131712
512,34.0,677.1085990545808
512,34.1,613.2553874866827
512,34.2,563.1344941242037
512,34.300000000000004,635.7033773893935
512,34.4,679.456105159651
512,34.5,664.8147625375584
512,34.6,633.3866583849768
512,34.7,635.9420445458979
512,34.800000000000004,648.0840372173807
512,34.9,641.263825375101
512,35.0,645.4240019181418
512,35.1,651.1642295478753
512,35.2,610.1690120343477
512,35.300000000000004,559.6588581238847
512,35.4,595.8478020119072
512,35.5,573.7546908681511
512,35.6,628.3514829946294
512,35.7,739.4622935534082
512,35.800000000000004,691.4728540617505
512,35.9,609.7519603556985
512,36.0,615.3916367420659
512,36.1,648.4154249404312
512,36.2,729.716544193442
512,36.300000000000004,694.279010899328
512,36.4,656.0515372036497
512,36.5,655.5362936342474
512,36.6,653.8947105646894
512,36.7,636.1489815861869
512,36.800000000000004,624.105503668978
512,36.9,646.6512214970254
512,37.0,655.1241354913867
512,37.1,653.6212989123313
512,37.2,656.2283045053932
512,37.300000000000004,655.397133773493
512,37.4,631.2536620726465
512,37.5,703.3771269514125
512,37.6,680.1359460025996
512,37.7,540.5682439221595
512,37.800000000000004,527.9410966289274
512,37.9,607.9142879831862
512,38.0,633.4766295704138
512,38.1,632.0446578440718
512,38.2,644.428881289093
512,38.300000000000004,618.040794981103
512,38.400000000000006,625.252788378596
512,38.5,656.6500750630828
512,38.6,611.3342072330598
512,38.7,568.3003795467108
512,38.800000000000004,550.3355225306998
512,38.900000000000006,508.99382700014473
512,39.0,534.1205060234648
512,39.1,591.5948817318418
512,39.2,591.6684643176753
512,39.300000000000004,584.1884510318015
512,39.400000000000006,638.1807682169024
512,39.5,568.8728746965044
512,39.6,532.2384668990591
512,39.7,617.0461983721417
512,39.800000000000004,641.0940031693531
512,39.900000000000006,628.5722878294242
512,40.0,627.5233369702227
512,40.1,626.9003747626297
512,40.2,566.2649569935638
512,40.300000000000004,587.8092254861231
512,40.400000000000006,573.1931872086658
512,40.5,575.0634694683771
512,40.6,630.2284920118752
512,40.7,628.8538441461895
512,40.800000000000004,688.639967435482
512,40.900000000000006,628.6482520876698
512,41.0,529.5978603456573
