batch_size,relative_time_s,power_total_W
8,0.0,408.984
8,0.1,408.9920611934432
8,0.2,422.33503510959395
8,0.30000000000000004,482.07491786465545
8,0.4,476.3497707368561
8,0.5,465.0089784646984
8,0.6000000000000001,480.6011538801731
8,0.7000000000000001,461.70635583979873
8,0.8,473.9205044434702
8,0.9,463.6844555766037
8,1.0,500.4324581821214
8,1.1,494.03785365015597
8,1.2000000000000002,487.69213132134814
8,1.3,499.24930969674296
8,1.4000000000000001,493.6941265339627
8,1.5,488.0190172809825
8,1.6,495.60765826413694
8,1.7000000000000002,505.9105141669844
8,1.8,472.95398264168205
8,1.9000000000000001,468.3632309193455
8,2.0,497.65445867476166
8,2.1,500.27485560101314
8,2.2,504.6073621144682
8,2.3000000000000003,484.88928934087556
8,2.4000000000000004,494.51472792308516
8,2.5,587.9665341390247
8,2.6,464.1587220200864
8,2.7,609.679877061571
8,2.8000000000000003,465.67919908978445
8,2.9000000000000004,456.7489768504376
8,3.0,486.79994071560645
8,3.1,499.7570726355119
8,3.2,449.6028913071968
8,3.3000000000000003,456.80444607851314
8,3.4000000000000004,483.46913526289836
8,3.5,464.3541374873414
8,3.6,494.0254678599852
8,3.7,496.5963938924022
8,3.8000000000000003,472.19748665024133
8,3.9000000000000004,487.92609420084733
8,4.0,499.0792415817615
8,4.1000000000000005,501.59396241690064
8,4.2,524.0883829870378
8,4.3,479.78992324589626
8,4.4,511.45953859878205
8,4.5,515.244140899874
8,4.6000000000000005,504.26531105191293
8,4.7,469.60029098152836
8,4.800000000000001,447.5926073242388
8,4.9,464.4760975230716
8,5.0,475.01884250595106
8,5.1000000000000005,470.1483807054169
8,5.2,468.0554204918638
8,5.300000000000001,466.69084642500576
8,5.4,480.2129793761423
8,5.5,477.1053457124
8,5.6000000000000005,473.75533599226054
8,5.7,471.07013826207964
8,5.800000000000001,468.4066851627692
8,5.9,464.4679432157188
8,6.0,467.0877264121046
8,6.1000000000000005,470.51417865591554
8,6.2,468.2443035727391
8,6.300000000000001,468.31213425181744
8,6.4,441.9746194085507
8,6.5,464.3937238194633
8,6.6000000000000005,419.77668637900484
8,6.7,456.7498404628355
8,6.800000000000001,462.80376166695265
8,6.9,535.9433986947107
8,7.0,464.14090366331965
8,7.1000000000000005,482.06263915032315
8,7.2,476.9247408689436
8,7.300000000000001,468.9853352588402
8,7.4,472.8185615631857
8,7.5,474.9072610370766
8,7.6000000000000005,469.9000992780729
8,7.7,479.8452911949491
8,7.800000000000001,483.2003446931288
8,7.9,490.6314642666025
8,8.0,474.4624176912373
8,8.1,481.5938756804147
8,8.200000000000001,481.6865355935918
8,8.3,485.46055078126864
8,8.4,464.73164665591315
8,8.5,482.34564144186646
8,8.6,482.3728996926435
8,8.700000000000001,477.87538177035674
8,8.8,470.6974540793862
8,8.9,479.13492339088214
8,9.0,483.1389043145309
8,9.1,472.29481006678316
8,9.200000000000001,473.2353420292549
8,9.3,474.9013069339109
8,9.4,470.27418448429916
8,9.5,483.19224334698606
8,9.600000000000001,475.5109712368652
8,9.700000000000001,483.46558662040974
8,9.8,483.68585138181703
8,9.9,481.13486506014914
8,10.0,483.0298215615774
8,10.100000000000001,483.63629888995047
8,10.200000000000001,485.8354120574997
8,10.3,473.1487978889431
8,10.4,486.6905006897242
8,10.5,483.61088925318154
8,10.600000000000001,485.50802619468016
8,10.700000000000001,470.2339624253889
8,10.8,476.17524798291976
8,10.9,468.8648794189623
8,11.0,493.50912943004266
8,11.100000000000001,467.00323407575047
8,11.200000000000001,478.33760726717327
8,11.3,480.2555280057379
8,11.4,475.35828957308706
8,11.5,488.0309540332303
8,11.600000000000001,467.9107186571428
8,11.700000000000001,492.65488271405826
8,11.8,474.1895015953795
8,11.9,470.7777986191156
8,12.0,459.8447504723781
8,12.100000000000001,471.3301218980452
8,12.200000000000001,483.1271851304341
8,12.3,451.5893547354498
8,12.4,467.174910947072
8,12.5,473.1096760363031
8,12.600000000000001,484.08615648311866
8,12.700000000000001,482.5233874501712
8,12.8,477.99553780286436
8,12.9,475.79907618276087
8,13.0,469.19577985079076
8,13.100000000000001,456.35133069621594
8,13.200000000000001,486.6002212676231
8,13.3,592.0070244330401
8,13.4,465.2827286975081
8,13.5,548.8692157738237
8,13.600000000000001,462.8199745419961
8,13.700000000000001,463.5013472352148
8,13.8,492.70043093081233
8,13.9,460.53557733353017
8,14.0,468.32216500551596
8,14.100000000000001,479.3854685113837
8,14.200000000000001,467.24191983197545
8,14.3,475.2817235387047
8,14.4,482.2500210344729
8,14.5,482.1982785132237
8,14.600000000000001,489.26689829145164
8,14.700000000000001,484.228595802106
8,14.8,479.400633853499
8,14.9,381.70254549461197
8,15.0,444.05732871846186
8,15.100000000000001,467.9734506766547
8,15.200000000000001,460.8734328292068
8,15.3,494.25302804907705
8,15.4,451.78534808509204
8,15.5,463.56482450555967
8,15.600000000000001,472.84963226905506
8,15.700000000000001,721.126604561735
8,15.8,476.74094876166345
8,15.9,776.2311174802127
8,16.0,484.49290667734164
8,16.1,462.94903833855943
8,16.2,481.882336323216
8,16.3,480.2213376079984
8,16.400000000000002,480.8590017803787
8,16.5,463.74908367048374
8,16.6,461.22413174701137
8,16.7,504.50719389542127
8,16.8,470.6248602043026
8,16.900000000000002,482.13981888659123
8,17.0,479.2791271409373
8,17.1,474.02520360754477
8,17.2,479.60253720132283
8,17.3,471.5096478222433
8,17.400000000000002,463.497418265606
8,17.5,471.74227095987095
8,17.6,482.49909335639853
8,17.7,481.1044814269069
8,17.8,486.15704628343366
8,17.900000000000002,483.38564780830916
8,18.0,474.1035447207159
8,18.1,475.05997768326245
8,18.2,473.9706863139334
8,18.3,473.9511839199381
8,18.400000000000002,471.63521781131675
8,18.5,473.3866932571472
8,18.6,469.8318224287307
8,18.7,469.0107737158379
8,18.8,476.3527790867739
8,18.900000000000002,531.3403423139989
8,19.0,460.1447047063505
8,19.1,465.44842375714853
8,19.200000000000003,480.13876698159334
8,19.3,483.2857669786549
8,19.400000000000002,477.31991183198454
8,19.5,472.0821969258267
8,19.6,447.8343428480853
8,19.700000000000003,479.6803212355739
8,19.8,473.0483940159311
8,19.900000000000002,467.3707866985002
8,20.0,470.0188105364738
8,20.1,484.53208404800563
8,20.200000000000003,490.5528715865419
8,20.3,484.9887299188471
8,20.400000000000002,484.8561717293355
8,20.5,476.08375632142275
8,20.6,473.08104311284785
8,20.700000000000003,469.92071406391466
8,20.8,470.9551929394833
8,20.900000000000002,479.00064850584477
8,21.0,423.24665336859783
8,21.1,462.7682081859174
8,21.200000000000003,519.4294025843947
8,21.3,469.1037209205236
8,21.400000000000002,471.04697537875023
8,21.5,469.01937173729164
8,21.6,469.92403947827415
8,21.700000000000003,470.84865032452683
8,21.8,471.97340755903866
8,21.900000000000002,479.96215584887784
8,22.0,482.00710348360656
8,22.1,530.8313357512542
8,22.200000000000003,471.3173141851638
8,22.3,479.5241714896407
8,22.400000000000002,481.90434971763796
8,22.5,469.88745246678974
8,22.6,462.7981047437498
8,22.700000000000003,458.12201566175474
8,22.8,470.43203472794784
8,22.900000000000002,472.78733793989187
8,23.0,473.1081493219786
8,23.1,477.60977447100544
8,23.200000000000003,478.4581413646599
8,23.3,476.0542108777937
8,23.400000000000002,473.23283268270535
8,23.5,481.9636964200614
8,23.6,481.7602622972799
8,23.700000000000003,479.7520633816308
8,23.8,477.7438644659818
8,23.900000000000002,485.4575641574671
8,24.0,478.81494741933716
8,24.1,483.15021992413136
8,24.200000000000003,483.30214270641216
8,24.3,516.9197326759949
8,24.400000000000002,483.8704886968861
8,24.5,481.66835590974836
8,24.6,502.60321909797545
8,24.700000000000003,455.24497574885226
8,24.8,453.5383744569518
8,24.900000000000002,483.56773944771885
8,25.0,822.3361241317687
8,25.1,690.9865578238247
8,25.200000000000003,466.12852351013925
8,25.3,471.89414440242797
8,25.400000000000002,493.2383301052495
8,25.5,485.6513264309203
8,25.6,488.3042924724317
8,25.700000000000003,479.8594842711058
8,25.8,496.03174614739464
8,25.900000000000002,476.3834819820007
8,26.0,476.9399089527096
8,26.1,480.05651363025515
8,26.200000000000003,480.1950709656975
8,26.3,474.68001244492945
8,26.400000000000002,478.83978519927456
8,26.5,475.34801685061285
8,26.6,478.109100547094
8,26.700000000000003,483.54211105964333
8,26.8,486.16245189145917
8,26.900000000000002,474.45759291307036
8,27.0,477.713745267171
8,27.1,472.4122988826908
8,27.200000000000003,453.0440676710606
8,27.3,460.637367910519
8,27.400000000000002,468.26750883330607
8,27.5,467.54301035826194
8,27.6,474.23863418209555
8,27.700000000000003,476.88476698382743
8,27.8,478.5203171980775
8,27.900000000000002,482.15588872834036
8,28.0,472.0133749413231
8,28.1,474.2469691552176
8,28.200000000000003,473.4911697499696
8,28.3,566.2616310811625
8,28.400000000000002,500.3352709469243
8,28.5,478.37537382050743
8,28.6,470.33031162612247
8,28.700000000000003,473.5236639327662
8,28.8,472.8545327914674
8,28.900000000000002,459.8389570762739
8,29.0,463.2226495603689
8,29.1,472.7501566544111
8,29.200000000000003,480.5342784063291
8,29.3,465.8983627991649
8,29.400000000000002,478.6745355546505
8,29.5,473.1068551630467
8,29.6,468.9541923843473
8,29.700000000000003,445.8647919663338
8,29.8,493.38665697680835
8,29.900000000000002,499.0450207419053
8,30.0,480.58635445824814
8,30.1,479.2794753455568
8,30.200000000000003,507.61278844598735
8,30.3,473.7125451785451
8,30.400000000000002,467.2790735609124
8,30.5,474.90654619448026
8,30.6,486.54587600997905
8,30.700000000000003,463.1324255326643
8,30.8,464.530626807661
8,30.900000000000002,460.7295883426854
8,31.0,475.47521055315417
8,31.1,482.6695549532248
8,31.200000000000003,492.13905016274566
8,31.3,474.90685664750885
8,31.400000000000002,487.23255792920094
8,31.5,481.1262921420334
8,31.6,449.6710819535282
8,31.700000000000003,470.8962730676767
8,31.8,478.28319895634525
8,31.900000000000002,470.6888151384167
8,32.0,481.769407976191
8,32.1,486.95693317320985
8,32.2,501.18866609209147
8,32.300000000000004,484.8399227975103
8,32.4,473.16393925243233
8,32.5,484.91866879531824
8,32.6,438.2721243774281
8,32.7,476.31172109601357
8,32.800000000000004,539.075332126665
8,32.9,509.41119954466575
8,33.0,457.167159749673
8,33.1,470.62896204310033
8,33.2,513.052402690674
8,33.300000000000004,466.61359957541714
8,33.4,471.50307525859387
8,33.5,473.75569857722564
8,33.6,474.4836510926364
8,33.7,457.81444425318927
8,33.800000000000004,461.7621519009907
8,33.9,483.23344464418017
8,34.0,534.3231187561804
8,34.1,486.94184476728424
8,34.2,480.02684337316697
8,34.300000000000004,481.36570595524034
8,34.4,479.54606735958714
8,34.5,477.03482852207065
8,34.6,487.0752221884399
8,34.7,481.085108164184
8,34.800000000000004,479.3558973301023
8,34.9,473.15783488405356
8,35.0,465.1480250764876
8,35.1,479.0346996425817
8,35.2,478.146260201064
8,35.300000000000004,496.8085904399949
8,35.4,475.3374691443459
8,35.5,576.8041879150652
8,35.6,476.20325259625986
8,35.7,478.15869064767537
8,35.800000000000004,477.6661841863208
8,35.9,487.1215849053904
8,36.0,479.2347770698209
8,36.1,483.21415328747196
8,36.2,468.4434583812681
8,36.300000000000004,477.9289044265002
8,36.4,468.25457023410996
8,36.5,476.2376993135295
8,36.6,459.69329618130314
8,36.7,439.33385955941
8,36.800000000000004,456.51244793732377
8,36.9,471.3179457780424
8,37.0,480.0502676791986
8,37.1,478.7158873110767
8,37.2,482.4807776931602
8,37.300000000000004,488.49180161840314
8,37.4,485.145705310538
8,37.5,486.6456346226705
8,37.6,480.73890245380926
8,37.7,484.7652133178608
8,37.800000000000004,487.2445132576056
8,37.9,486.4215738947298
8,38.0,484.5754492886908
8,38.1,494.4343183271823
8,38.2,488.19968222146997
8,38.300000000000004,476.4654895926303
8,38.400000000000006,489.47831546366814
8,38.5,476.9245995823719
8,38.6,474.9153373718986
8,38.7,476.0890587702139
8,38.800000000000004,491.0158330477306
8,38.900000000000006,493.9448744921444
8,39.0,475.07082857142854
8,39.1,547.91666355518
8,39.2,650.0724486852292
8,39.300000000000004,500.75970836292845
8,39.400000000000006,450.1277486953561
8,39.5,477.0720441757786
8,39.6,535.8264322303189
8,39.7,474.8952103782323
8,39.800000000000004,509.5773465942048
8,39.900000000000006,473.9643621369917
8,40.0,460.7031149587425
8,40.1,470.9341967051795
8,40.2,475.0686728779919
8,40.300000000000004,477.7546352439976
8,40.400000000000006,474.9286667422774
8,40.5,475.59270867734625
8,40.6,472.8625226553564
8,40.7,472.4387953850993
8,40.800000000000004,473.27129203305344
8,40.900000000000006,479.00716546480834
8,41.0,622.9120874588677
8,41.1,506.3477866746379
8,41.2,468.5703357043128
8,41.300000000000004,481.25740627595667
8,41.400000000000006,480.2823506087766
8,41.5,471.8854645230465
8,41.6,585.6525646357496
8,41.7,494.4777055249991
8,41.800000000000004,466.5136840155531
8,41.900000000000006,477.74100302018826
8,42.0,477.0793996892915
8,42.1,483.6189536870698
8,42.2,486.88428976704404
8,42.300000000000004,478.69298330930746
8,42.400000000000006,460.4143649347852
8,42.5,472.57325712127675
8,42.6,482.6886448082381
8,42.7,490.0953005992249
8,42.800000000000004,502.7911579759979
8,42.900000000000006,477.4835204582255
8,43.0,476.65983839731615
8,43.1,475.86832235157317
8,43.2,474.7351330865009
8,43.300000000000004,469.8804466782931
8,43.400000000000006,482.2204264337772
8,43.5,487.8940796568978
8,43.6,487.8806696106508
8,43.7,489.5334160184703
8,43.800000000000004,484.74886229357395
8,43.900000000000006,477.676593028946
8,44.0,472.1602218388723
8,44.1,475.23870790402907
8,44.2,484.16909954134263
8,44.300000000000004,478.47447446735464
8,44.400000000000006,476.219934257907
8,44.5,480.15750310712923
8,44.6,479.04603286265046
8,44.7,474.25649234321264
8,44.800000000000004,469.6445803637592
8,44.900000000000006,470.6782808955567
8,45.0,630.0999672507709
8,45.1,517.886427388679
8,45.2,467.21333270379154
8,45.300000000000004,473.53501146556624
8,45.400000000000006,484.0879364973773
8,45.5,434.4676419191811
8,45.6,448.43956989940165
8,45.7,462.1353359639529
8,45.800000000000004,469.4921424120327
8,45.900000000000006,471.19821756178453
8,46.0,474.1963613497839
8,46.1,474.0237477390407
8,46.2,474.2143617521052
8,46.300000000000004,468.58574770679115
8,46.400000000000006,460.41599259973174
8,46.5,448.3241464204444
8,46.6,456.5274146874243
8,46.7,472.6718155693764
8,46.800000000000004,479.2369553219349
8,46.900000000000006,482.1567630143435
8,47.0,476.3799421129006
8,47.1,482.4192367642891
8,47.2,478.38251041971444
8,47.300000000000004,474.54199447126496
8,47.400000000000006,471.78967155312284
8,47.5,473.69044680820645
8,47.6,471.4727388625185
8,47.7,467.06700951818124
8,47.800000000000004,472.7191405426276
8,47.900000000000006,471.8957307027511
8,48.0,482.58855896564705
8,48.1,483.4393012474175
8,48.2,476.1094518493452
8,48.300000000000004,568.8257375775959
8,48.400000000000006,514.5433351382061
8,48.5,474.6737340539098
8,48.6,478.05908295317954
8,48.7,484.0530659948796
8,48.800000000000004,489.33802841545963
8,48.900000000000006,548.1120579726836
8,49.0,488.79071123639415
8,49.1,468.85879363702674
8,49.2,488.0010212928197
8,49.300000000000004,488.28537973851036
8,49.400000000000006,476.253830856257
8,49.5,483.4222806164756
8,49.6,489.06683978382915
8,49.7,473.5202414134909
8,49.800000000000004,472.43655277777145
8,49.900000000000006,476.21831471339533
8,50.0,479.1493298345609
8,50.1,479.43066700089594
8,50.2,477.73012762746225
8,50.300000000000004,480.1813609448423
8,50.400000000000006,469.6046320748953
8,50.5,474.2671295607046
8,50.6,486.85202116310114
8,50.7,472.1320298436971
8,50.800000000000004,457.9148862141183
8,50.900000000000006,469.7924511150041
8,51.0,485.40538936028764
8,51.1,477.18755019526617
8,51.2,470.87467175486665
8,51.300000000000004,472.7800499326865
8,51.400000000000006,462.2774494917571
8,51.5,447.27165040817005
8,51.6,464.5383740743481
8,51.7,495.3398132936209
8,51.800000000000004,480.85079150134476
8,51.900000000000006,480.0202987533129
8,52.0,463.1220775317926
8,52.1,457.4168392087155
8,52.2,469.7236727465515
8,52.300000000000004,476.3103476659877
8,52.400000000000006,479.20176296721667
8,52.5,477.4099909265066
8,52.6,472.0326618351041
8,52.7,473.4684871692962
8,52.800000000000004,464.37659508806814
8,52.900000000000006,477.9701491176584
8,53.0,483.7336679136485
8,53.1,472.46306031543287
8,53.2,471.4626632546571
8,53.300000000000004,469.3026507834538
8,53.400000000000006,452.99383924341873
8,53.5,454.33622165670664
8,53.6,467.43927105502706
8,53.7,470.8946401721315
8,53.800000000000004,487.88363472059507
8,53.900000000000006,484.3691263286804
8,54.0,470.9276650511462
8,54.1,470.65058871812477
8,54.2,480.6438286910424
8,54.300000000000004,477.31043467699806
8,54.400000000000006,481.90392267019394
8,54.5,481.07427712594597
8,54.6,475.89820346841464
8,54.7,486.1659169122996
8,54.800000000000004,482.6215308341906
8,54.900000000000006,481.17366009235985
8,55.0,492.1715711640785
8,55.1,487.51688245408343
8,55.2,500.5244427825895
8,55.300000000000004,478.09414716851455
8,55.400000000000006,468.84377910493333
8,55.5,481.16982256365776
8,55.6,484.0344215330067
8,55.7,475.790697634808
8,55.800000000000004,473.4752278576799
8,55.900000000000006,475.4908577707996
8,56.0,473.26200836577823
8,56.1,478.46923665862107
8,56.2,488.46633901390624
8,56.300000000000004,487.1731805401332
8,56.400000000000006,481.15841412637604
8,56.5,471.33768420011774
8,56.6,461.48203616630394
8,56.7,678.8181216992332
8,56.800000000000004,532.0649674049832
8,56.900000000000006,446.78144000934435
8,57.0,468.0746413187222
8,57.1,473.50675637964815
8,57.2,481.52782093951436
8,57.300000000000004,482.279040064049
8,57.400000000000006,483.22174734399107
8,57.5,492.2216400557555
8,57.6,491.85267783432926
8,57.7,492.0950696907817
8,57.800000000000004,492.60150401397317
8,57.900000000000006,489.95684396413463
8,58.0,490.3215527959339
8,58.1,486.8790324983915
8,58.2,421.9332176853084
8,58.300000000000004,453.3355467881031
8,58.400000000000006,488.3606985678815
8,58.5,489.63512163756064
8,58.6,490.99230220340314
8,58.7,488.4320144803904
8,58.800000000000004,494.49370227774796
8,58.900000000000006,503.91503341164855
8,59.0,493.3746956975514
8,59.1,489.56878890744855
8,59.2,489.0733049073687
8,59.300000000000004,485.4160398272915
8,59.400000000000006,489.7237992636954
8,59.5,482.885799517714
8,59.6,486.1667484100028
8,59.7,499.6630225622248
8,59.800000000000004,480.6609793385263
8,59.900000000000006,484.3134144636779
8,60.0,483.4740363741642
8,60.1,488.50991649542044
8,60.2,482.2687201709922
8,60.300000000000004,494.60390606288905
8,60.400000000000006,486.192126575816
8,60.5,479.3212802596338
8,60.6,476.81253823861596
8,60.7,494.1764021121316
8,60.800000000000004,502.288106224608
8,60.900000000000006,483.57263567032123
8,61.0,476.43347301451143
8,61.1,473.5895742025262
8,61.2,469.3544267938798
8,61.300000000000004,499.52295161449644
8,61.400000000000006,487.84691451364745
8,61.5,480.12276103786553
8,61.6,484.0061280718852
8,61.7,480.30944550146535
8,61.800000000000004,478.34102522881017
8,61.900000000000006,480.47049821290733
8,62.0,482.01909446739967
8,62.1,484.97001383891774
8,62.2,480.642055554152
8,62.300000000000004,465.7133154033476
8,62.400000000000006,471.05581426879735
8,62.5,475.65475652832816
8,62.6,477.7235633112915
8,62.7,482.5222964086069
8,62.800000000000004,485.8101103457316
8,62.900000000000006,487.8611060004862
8,63.0,480.9793764462574
8,63.1,490.24470696191554
8,63.2,497.44686527999846
8,63.300000000000004,474.36164847089617
8,63.400000000000006,472.6767829735633
8,63.5,489.13821940461753
8,63.6,499.96758037244894
8,63.7,492.9629735853503
8,63.800000000000004,476.6461835891625
8,63.900000000000006,698.7619760442268
8,64.0,597.3793422672306
8,64.10000000000001,470.6949593442339
8,64.2,485.11379151825935
8,64.3,482.82460817090043
8,64.4,485.7449984568759
8,64.5,484.887467681904
8,64.60000000000001,481.2330495752482
8,64.7,465.2884367836243
8,64.8,467.9215134281195
8,64.9,485.096682288128
8,65.0,512.4048247494412
8,65.10000000000001,481.20481148730624
8,65.2,465.4387590026241
8,65.3,477.04425386576673
8,65.4,499.06649106419667
8,65.5,491.4747984596981
8,65.60000000000001,485.9348392161265
8,65.7,495.56490624918086
8,65.8,492.70248905601056
8,65.9,481.4907311199694
8,66.0,488.3819966830133
8,66.10000000000001,504.5104290789702
8,66.2,494.7303891471088
8,66.3,489.46991179091725
8,66.4,534.3302291923255
8,66.5,507.879702837427
8,66.60000000000001,473.5462834346824
8,66.7,486.4990105766831
8,66.8,544.5530416601513
8,66.9,525.1340966362177
8,67.0,498.16499952818725
8,67.10000000000001,500.1938434401773
8,67.2,494.8594704205952
8,67.3,483.85198847397567
8,67.4,487.15034688843434
8,67.5,485.51501400654337
8,67.60000000000001,481.66436096849617
8,67.7,488.8468741470438
8,67.8,485.53566519625633
8,67.9,478.0889884431903
8,68.0,489.8398928197015
8,68.10000000000001,484.0902981475901
8,68.2,461.84933621224087
8,68.3,460.45108210277465
8,68.4,472.09334733576446
8,68.5,481.1642805619627
8,68.60000000000001,483.35631221519554
8,68.7,483.79478270531223
8,68.8,484.8650598708995
8,68.9,483.3627860968274
8,69.0,485.2917624641677
8,69.10000000000001,481.8494725857751
8,69.2,479.1546951625241
8,69.3,484.80588118599053
8,69.4,479.8039723916563
8,69.5,481.3648771177354
8,69.60000000000001,483.73855529185215
8,69.7,473.4902529743121
8,69.8,468.7447590598013
8,69.9,483.0631851632287
8,70.0,489.20092036115204
8,70.10000000000001,484.47971092821007
8,70.2,482.23793202786004
8,70.3,609.7913456236355
8,70.4,561.5745860426301
8,70.5,476.05221558881
8,70.60000000000001,492.7601541610977
8,70.7,487.95526760802954
8,70.8,613.0037830958398
8,70.9,561.2271997726621
8,71.0,466.86723787476586
8,71.10000000000001,483.9081966277556
8,71.2,479.2728503992503
8,71.3,481.76199667972423
8,71.4,461.7049724002165
8,71.5,444.42332441619
8,71.60000000000001,449.42086828655783
8,71.7,466.7160242558847
8,71.8,483.0130846289851
8,71.9,482.38466826731946
8,72.0,480.384646135847
8,72.10000000000001,478.4375065061879
8,72.2,468.1011072929768
8,72.3,512.2184197698583
8,72.4,519.0766692103101
8,72.5,491.7775590148544
8,72.60000000000001,487.44696701980115
8,72.7,485.8612168620153
8,72.8,479.8336961543688
8,72.9,481.151057211484
8,73.0,495.0184488877876
8,73.10000000000001,482.83864866907356
8,73.2,472.05900943612056
8,73.3,488.47984637511877
8,73.4,565.0639498890858
8,73.5,545.4514378127473
8,73.60000000000001,486.15239452081477
8,73.7,485.5908809838903
8,73.8,509.0613871140987
8,73.9,508.8240246872497
8,74.0,498.97002323763775
8,74.10000000000001,497.9204900407705
8,74.2,484.9202094447431
8,74.3,486.94171992956205
8,74.4,492.1486983205529
8,74.5,586.127150453106
8,74.60000000000001,552.1715231436386
8,74.7,473.3466914920184
8,74.8,504.40622103750593
8,74.9,490.13991038032003
8,75.0,467.8464250992465
8,75.10000000000001,487.8117020392626
8,75.2,496.19143326677164
8,75.3,491.57364927012696
8,75.4,499.9923971053663
8,75.5,493.8544203706307
8,75.60000000000001,485.2895417760371
8,75.7,486.395836760273
8,75.8,469.0126546768599
8,75.9,468.4050487775948
8,76.0,489.86604439752847
8,76.10000000000001,496.04691230153674
8,76.2,493.4235088733371
8,76.3,495.5098798930564
8,76.4,499.47917411113224
8,76.5,498.3693519101413
8,76.60000000000001,496.8578180935657
8,76.7,495.8100118000285
8,76.80000000000001,495.8185177187141
8,76.9,496.7666236004184
8,77.0,498.79876916588233
8,77.10000000000001,502.5974850643954
8,77.2,495.6395082900649
8,77.30000000000001,491.567394148625
8,77.4,524.8695950075804
8,77.5,507.12314882453023
8,77.60000000000001,472.8323632296423
8,77.7,482.1705010667986
8,77.80000000000001,486.73313579465537
8,77.9,483.89245199369026
8,78.0,493.29620342722626
8,78.10000000000001,492.5714518201321
8,78.2,496.6955839652515
8,78.30000000000001,488.9201906948222
8,78.4,484.80154225041457
8,78.5,496.07648473584385
8,78.60000000000001,483.6402097563976
8,78.7,473.605092229172
8,78.80000000000001,492.147624471379
8,78.9,496.22832083323294
8,79.0,490.89201022229315
8,79.10000000000001,486.811345655918
8,79.2,495.4418706667024
8,79.30000000000001,499.8949241117513
8,79.4,482.4956399468134
8,79.5,477.90371637918093
8,79.60000000000001,492.12645109623844
8,79.7,495.8110665388659
8,79.80000000000001,485.2394669491927
8,79.9,482.9455895106564
8,80.0,481.57675800986493
8,80.10000000000001,477.67973473636044
8,80.2,489.7336354271124
8,80.30000000000001,491.7627399100213
8,80.4,494.69606707938783
8,80.5,492.89438982336
8,80.60000000000001,472.1039870021667
8,80.7,466.0039292522812
8,80.80000000000001,473.65558577675154
8,80.9,483.3306922642158
8,81.0,482.0299578562595
8,81.10000000000001,482.61358523778534
8,81.2,475.7553855526928
8,81.30000000000001,541.4134846963622
8,81.4,547.0063198562597
8,81.5,482.12817493185156
8,81.60000000000001,467.78706326777996
8,81.7,468.67519528968893
8,81.80000000000001,478.88578653573006
8,81.9,475.0826927401132
8,82.0,468.25287185401584
8,82.10000000000001,476.8349939418795
8,82.2,482.75776320537545
8,82.30000000000001,482.3285625508153
8,82.4,483.26877248779357
8,82.5,481.1214447343651
8,82.60000000000001,482.5280145256645
8,82.7,486.1707992065403
8,82.80000000000001,485.56621638124693
8,82.9,485.10375190152143
8,83.0,486.3676554981283
8,83.10000000000001,479.1275809856945
8,83.2,475.2436589169085
8,83.30000000000001,473.892412212801
8,83.4,472.2087272925272
8,83.5,476.70903449845235
8,83.60000000000001,478.2721663377518
8,83.7,481.71222190573116
8,83.80000000000001,483.2458483122448
8,83.9,478.4351765378674
8,84.0,478.615291281846
8,84.10000000000001,472.77012838209293
8,84.2,467.5205996916619
8,84.30000000000001,467.9619978711282
8,84.4,471.23497812891003
8,84.5,505.6750309752227
8,84.60000000000001,494.2629356256694
8,84.7,448.61964083094415
8,84.80000000000001,459.9625708588734
8,84.9,467.9185899147398
8,85.0,470.24207813449425
8,85.10000000000001,531.3837067144915
8,85.2,532.9309917517099
8,85.30000000000001,469.7764964627017
8,85.4,461.17624755462845
8,85.5,470.6568401201928
8,85.60000000000001,469.7645818654919
8,85.7,479.0559541793164
8,85.80000000000001,484.97499854644434
8,85.9,474.48436554647634
8,86.0,488.5359591004189
8,86.10000000000001,491.0457156069695
8,86.2,472.6616778139705
8,86.30000000000001,471.3177951456059
8,86.4,475.78966257509114
8,86.5,481.28281113282185
8,86.60000000000001,561.5274655552989
8,86.7,562.2140585235621
8,86.80000000000001,473.7637319358411
8,86.9,468.2274470171946
8,87.0,474.85675581423055
8,87.10000000000001,478.68279765049004
8,87.2,479.70097148542044
8,87.30000000000001,484.01693554988486
8,87.4,488.69359342225215
8,87.5,493.18350179604334
8,87.60000000000001,490.9011925282363
8,87.7,538.347931467898
8,87.80000000000001,532.2934162230542
8,87.9,465.88257942230496
8,88.0,468.6731246577595
8,88.10000000000001,487.1280498822879
8,88.2,491.1031528876048
8,88.30000000000001,480.829939639807
8,88.4,481.9301284948019
8,88.5,484.443467039029
8,88.60000000000001,485.87209453487463
8,88.7,493.6982001391607
8,88.80000000000001,491.26363549158594
8,88.9,483.51425162664725
8,89.0,473.83991327295297
8,89.10000000000001,514.412961652959
8,89.2,523.5695574354387
8,89.30000000000001,474.9229379689811
8,89.4,473.9811617785818
8,89.5,507.7696657301965
8,89.60000000000001,509.504461465613
8,89.7,465.16902665716714
8,89.80000000000001,467.0816568140222
8,89.9,461.8099610971709
8,90.0,473.9150256995594
8,90.10000000000001,486.00124831806227
8,90.2,470.4970409476282
8,90.30000000000001,469.51703397782256
8,90.4,479.98226543444326
8,90.5,482.24462903894545
8,90.60000000000001,482.4817647937964
8,90.7,478.384575245793
8,90.80000000000001,474.62432893476426
8,90.9,477.9339079266368
8,91.0,486.0658843852538
8,91.10000000000001,480.8962023141926
8,91.2,477.7786169135714
8,91.30000000000001,643.2607390935085
8,91.4,759.3127824572025
8,91.5,583.0952360124863
8,91.60000000000001,466.14530172543994
8,91.7,470.36688880967284
8,91.80000000000001,578.2514481113527
8,91.9,589.2173097843132
8,92.0,477.90426209277723
8,92.10000000000001,495.7706283044868
8,92.2,498.3638909188819
8,92.30000000000001,496.32407487865623
8,92.4,495.74712284245004
8,92.5,488.31519780492107
8,92.60000000000001,493.48707687146236
8,92.7,499.8739225046705
8,92.80000000000001,496.52382111628856
8,92.9,492.9748198921518
8,93.0,493.9224596221344
8,93.10000000000001,488.64456331117236
8,93.2,489.31913080891513
8,93.30000000000001,493.39789289574463
8,93.4,489.2595195252368
8,93.5,488.58561583753107
8,93.60000000000001,484.22379183074247
8,93.7,490.46472992305996
8,93.80000000000001,502.88971080684274
8,93.9,500.65679021188
8,94.0,504.3353484018091
8,94.10000000000001,506.3280000450365
8,94.2,507.48086758058
8,94.30000000000001,497.37144289948736
8,94.4,488.4511080393765
8,94.5,490.6274212147782
8,94.60000000000001,488.7007279495235
8,94.7,471.84911796809723
8,94.80000000000001,457.3588200227347
8,94.9,467.68419745775026
8,95.0,474.83731673288975
8,95.10000000000001,491.21355939928776
8,95.2,487.43061464184024
8,95.30000000000001,476.8327097950269
8,95.4,481.54354753587387
8,95.5,482.69013896216234
8,95.60000000000001,481.95861036317484
8,95.7,482.4098791501859
8,95.80000000000001,491.0360774989277
8,95.9,495.1537419436937
8,96.0,496.4880716437116
8,96.10000000000001,492.34311875016397
8,96.2,484.6658485625708
8,96.30000000000001,476.26818210538676
8,96.4,478.2142598149011
8,96.5,477.0383288774195
8,96.60000000000001,482.9669368239211
8,96.7,488.39894660000994
8,96.80000000000001,482.8051398525468
8,96.9,490.4830454828381
8,97.0,499.1052491093875
8,97.10000000000001,491.23416215603186
8,97.2,491.6276583815467
8,97.30000000000001,481.95402536207956
8,97.4,563.0048051583253
8,97.5,587.9149042893123
8,97.60000000000001,471.0769842181385
8,97.7,477.35274896498873
8,97.80000000000001,491.1401559052081
8,97.9,485.66586953979214
8,98.0,479.18617232021387
8,98.10000000000001,487.29533588210165
8,98.2,489.8339019244147
8,98.30000000000001,479.142950332054
8,98.4,485.9191955903571
8,98.5,496.7365642666171
8,98.60000000000001,482.1762427159054
8,98.7,484.7002305754528
8,98.80000000000001,514.0071158096699
8,98.9,500.20490928677657
8,99.0,460.50620938478477
8,99.10000000000001,476.69121600072515
8,99.2,481.35190968255404
8,99.30000000000001,480.59793622458324
8,99.4,486.4426160969562
8,99.5,488.02668332785265
8,99.60000000000001,479.51513910264845
8,99.7,486.1646933974811
8,99.80000000000001,488.35968401120346
8,99.9,478.47343890396667
8,100.0,476.2673457537054
8,100.10000000000001,476.69808090416586
8,100.2,472.72651495074587
8,100.30000000000001,468.95318827044645
8,100.4,468.54519243334596
8,100.5,478.992138467514
8,100.60000000000001,474.02701661066936
8,100.7,487.90390456049954
8,100.80000000000001,498.64266077617873
8,100.9,496.67198426165777
8,101.0,498.9439751609037
8,101.10000000000001,487.90797090004224
8,101.2,484.47438186705386
8,101.30000000000001,497.1938761759506
8,101.4,493.6416373677493
8,101.5,487.7062920057284
8,101.60000000000001,475.0072519848358
8,101.7,480.971247910253
8,101.80000000000001,481.0406934108215
8,101.9,476.72404238584176
8,102.0,477.4704973394939
8,102.10000000000001,477.9127393451838
8,102.2,481.0594649846545
8,102.30000000000001,488.7524024744074
8,102.4,484.35424455448094
8,102.5,481.91050299769336
8,102.60000000000001,484.7540454293087
8,102.7,484.24682671333903
8,102.80000000000001,491.1599272534495
8,102.9,495.44502517180484
8,103.0,481.7692686837107
8,103.10000000000001,476.86887178600057
8,103.2,482.2209018593847
8,103.30000000000001,482.33117447338697
8,103.4,472.5183932042
8,103.5,475.0331430164988
8,103.60000000000001,485.4084332567648
8,103.7,483.9581358217206
8,103.80000000000001,481.3954048363303
8,103.9,474.5885305996781
8,104.0,469.43541552267686
8,104.10000000000001,475.87163746580694
8,104.2,469.7665913641457
8,104.30000000000001,452.7349369104294
8,104.4,461.2895434877728
8,104.5,475.22906055385585
8,104.60000000000001,474.8645202265587
8,104.7,478.8450275537851
8,104.80000000000001,481.47779745374976
8,104.9,478.19901065481554
8,105.0,477.178201271035
8,105.10000000000001,479.5500620299193
8,105.2,481.8646913258354
8,105.30000000000001,482.3533623375313
8,105.4,481.5539507607615
8,105.5,485.2930998813376
8,105.60000000000001,476.85195485548127
8,105.7,473.9479033493302
8,105.80000000000001,473.52973071678923
8,105.9,473.6100748222423
8,106.0,478.1761662750854
8,106.10000000000001,482.4546271938122
8,106.2,481.2431990144449
8,106.30000000000001,480.0733161115533
8,106.4,473.73847920259726
8,106.5,469.00159786506543
8,106.60000000000001,473.0777627589547
8,106.7,466.97900148878546
8,106.80000000000001,473.57994652658533
8,106.9,471.4295692689312
8,107.0,467.5950174593303
8,107.10000000000001,474.05962548245395
8,107.2,473.247136487633
8,107.30000000000001,477.723984334209
8,107.4,630.5190362309155
8,107.5,704.699639187344
8,107.60000000000001,590.6758254132258
8,107.7,706.9827169987083
8,107.80000000000001,448.37645881767264
8,107.9,471.25237333235
8,108.0,486.60377809549
8,108.10000000000001,485.0973605303231
8,108.2,484.48922221941547
8,108.30000000000001,480.2948904770192
8,108.4,487.99657993051636
8,108.5,489.6326353238336
8,108.60000000000001,479.10992326659823
8,108.7,484.40425598112813
8,108.80000000000001,487.5541125432794
8,108.9,485.2144178768016
8,109.0,475.4377147214339
8,109.10000000000001,471.64010454906185
8,109.2,474.4701740593091
8,109.30000000000001,470.5423325933776
8,109.4,473.5940997564739
8,109.5,484.75823335557357
8,109.60000000000001,492.1560461869134
8,109.7,488.24311558006053
8,109.80000000000001,471.90445826717047
8,109.9,487.7859972797683
8,110.0,494.99311487871137
8,110.10000000000001,492.1314831875829
8,110.2,496.6799282615224
8,110.30000000000001,493.1236609520703
8,110.4,479.469089920888
8,110.5,472.50569697930047
8,110.60000000000001,471.24189268190486
8,110.7,474.99653902297774
8,110.80000000000001,470.2864020601608
8,110.9,468.50132965019264
8,111.0,466.95555710306405
8,111.10000000000001,474.02512096707375
8,111.2,482.4286811944655
8,111.30000000000001,485.11113982967504
8,111.4,481.8072411712012
8,111.5,490.52558232281956
8,111.60000000000001,487.5536533605932
8,111.7,486.4282967557768
8,111.80000000000001,496.7443044069238
8,111.9,503.38635290652576
8,112.0,484.1385753576118
8,112.10000000000001,471.182971723576
8,112.2,477.6310062622117
8,112.30000000000001,470.7899630396209
8,112.4,476.53540423187565
8,112.5,478.8995208362628
8,112.60000000000001,498.48826201095636
8,112.7,498.1602570480896
8,112.80000000000001,485.02463600278935
8,112.9,468.1316067804852
8,113.0,478.93520989184077
8,113.10000000000001,489.1507172640571
8,113.2,483.939005086535
8,113.30000000000001,482.4400214301194
8,113.4,478.2472308946811
8,113.5,483.7094454569067
8,113.60000000000001,493.5587669818431
8,113.7,497.37165396978946
8,113.80000000000001,495.6095271813987
8,113.9,487.58060846589933
8,114.0,472.66029298956295
8,114.10000000000001,486.0569255161188
8,114.2,495.89177496628196
8,114.30000000000001,493.52803188958364
8,114.4,493.9634517420997
8,114.5,494.92330710136156
8,114.60000000000001,494.2344522085364
8,114.7,495.3178481569113
8,114.80000000000001,485.5387366210216
8,114.9,602.9216200362919
8,115.0,745.6789594914992
8,115.10000000000001,457.0303730228989
8,115.2,477.5067247089944
8,115.30000000000001,490.2253516455883
8,115.4,495.9620228575505
8,115.5,475.110470367608
8,115.60000000000001,454.635552081884
8,115.7,584.3434984242826
8,115.80000000000001,706.6251957109322
8,115.9,453.5933891421019
8,116.0,480.4558412607259
8,116.10000000000001,481.55116930742093
8,116.2,469.287003083442
8,116.30000000000001,488.41008011132374
8,116.4,496.11793878725075
8,116.5,501.09685268811313
8,116.60000000000001,482.3320210907347
8,116.7,497.84648476447796
8,116.80000000000001,491.1808696396021
8,116.9,487.7663220873289
8,117.0,483.18839206542486
8,117.10000000000001,487.6165149820567
8,117.2,485.4630597166788
8,117.30000000000001,482.45398121331715
8,117.4,475.89884749177924
8,117.5,485.4749215456395
8,117.60000000000001,496.49860420058224
8,117.7,485.7476101520761
8,117.80000000000001,484.7141119054096
8,117.9,489.66891705129507
8,118.0,488.16477270896826
8,118.10000000000001,488.1047616194979
8,118.2,492.6939981647006
8,118.30000000000001,495.0442595497253
8,118.4,488.58815041712637
8,118.5,488.4392823838765
8,118.60000000000001,487.2824184198674
8,118.7,490.9576221821383
8,118.80000000000001,496.0222580319235
8,118.9,487.3296117594918
8,119.0,489.59624844042645
8,119.10000000000001,488.38453631385545
8,119.2,486.35908675996455
8,119.30000000000001,485.14723824066306
8,119.4,488.2035874487976
8,119.5,492.3522391254101
8,119.60000000000001,494.0602415806227
8,119.7,484.41175847394635
8,119.80000000000001,488.1128219560778
8,119.9,490.3034780656009
8,120.0,499.30752322843836
8,120.10000000000001,493.39566951119826
8,120.2,491.65384232208123
8,120.30000000000001,490.0702682830585
8,120.4,493.02997931014806
8,120.5,494.90388668128514
8,120.60000000000001,488.23222769295324
8,120.7,490.98899961588586
8,120.80000000000001,489.2945195520234
8,120.9,489.6203920393461
8,121.0,493.09052907087573
8,121.10000000000001,492.00514317297467
8,121.2,495.7048311770567
8,121.30000000000001,500.25399528338045
8,121.4,496.30464138897264
8,121.5,494.2209293650888
8,121.60000000000001,496.9769789989631
8,121.7,498.72742687429303
8,121.80000000000001,506.4749958506172
8,121.9,500.7099803786358
8,122.0,488.57010539885573
8,122.10000000000001,456.616095272683
8,122.2,476.89157077824905
8,122.30000000000001,483.19272035228545
8,122.4,498.58650981101374
8,122.5,492.8235284506156
8,122.60000000000001,493.220543961609
8,122.7,503.15495259917304
8,122.80000000000001,502.39276265386604
8,122.9,484.48403901389486
8,123.0,487.59628141151353
8,123.10000000000001,481.8673696007033
8,123.2,490.7160833265813
8,123.30000000000001,477.1103116186084
8,123.4,477.6906175035266
8,123.5,461.73029861579414
8,123.60000000000001,430.6988044802637
8,123.7,457.623477068471
8,123.80000000000001,479.82952712754894
8,123.9,475.8280913775106
8,124.0,470.6641005483023
8,124.10000000000001,467.3021774442825
8,124.2,472.8194900713198
8,124.30000000000001,572.0868874960116
8,124.4,678.7773353150814
8,124.5,441.8743468998713
8,124.60000000000001,472.90660033455833
8,124.7,481.81891890682414
8,124.80000000000001,483.360550525531
8,124.9,481.1989331566862
8,125.0,474.25844067445234
8,125.10000000000001,491.0330911891445
8,125.2,509.5612070356448
8,125.30000000000001,496.5623452902565
8,125.4,494.8443918681992
8,125.5,495.66669648142056
8,125.60000000000001,476.40295609858555
8,125.7,484.9633821117515
8,125.80000000000001,468.5223382504528
8,125.9,468.9392224314662
8,126.0,482.65869591252925
8,126.10000000000001,490.80633622235194
8,126.2,490.4271471062569
8,126.30000000000001,498.61492719760054
8,126.4,491.88081712567407
8,126.5,492.7494804043283
8,126.60000000000001,480.80742640578666
8,126.7,472.37801104995015
8,126.80000000000001,480.1314711293938
8,126.9,501.33173065960005
8,127.0,491.55083585775515
8,127.10000000000001,487.9006512651886
8,127.2,492.87634529944245
8,127.30000000000001,476.7354427208753
8,127.4,453.22130327572546
8,127.5,480.03182365402307
8,127.60000000000001,486.0400361749573
8,127.7,478.17271505905956
8,127.80000000000001,479.8642297625952
8,127.9,478.20716786804275
8,128.0,459.23021588325844
8,128.1,477.50174880500094
8,128.20000000000002,491.1055592048759
8,128.3,490.88902723542634
8,128.4,493.24784254658994
8,128.5,482.7096911824278
8,128.6,482.49469582663943
8,128.70000000000002,502.5811005964212
8,128.8,488.01380040556285
8,128.9,486.0541811414879
8,129.0,463.6604637096486
8,129.1,479.73861990054047
8,129.20000000000002,481.99271297752904
8,129.3,493.6502875498286
8,129.4,510.87714811850265
8,129.5,572.5628517290022
8,129.6,460.81508312594264
8,129.70000000000002,477.95747229982305
8,129.8,472.40506649383104
8,129.9,484.48435922022463
8,130.0,482.5712115340166
8,130.1,458.5667968054854
8,130.20000000000002,475.61787098464026
8,130.3,486.1906765279174
8,130.4,483.46428962680955
8,130.5,482.809884721878
8,130.6,468.8713558878252
8,130.70000000000002,483.49786103681856
8,130.8,475.6283016425068
8,130.9,470.4669134451711
8,131.0,486.8612719861984
8,131.1,488.5956392489157
8,131.20000000000002,490.8857519741517
8,131.3,490.4438310318937
8,131.4,484.92156020654215
8,131.5,481.5494214481786
8,131.6,586.1758768932466
8,131.70000000000002,806.6329935758812
8,131.8,442.1187112402148
8,131.9,477.9926106114474
8,132.0,477.33989473935037
8,132.1,503.09073715292647
8,132.20000000000002,560.9139533431589
8,132.3,455.6016006829319
8,132.4,457.2576430053982
8,132.5,470.51180705366016
8,132.6,478.0780842561264
8,132.70000000000002,478.6416131531931
8,132.8,484.2202594282636
8,132.9,483.0067605696761
8,133.0,482.281850889985
8,133.1,482.80765769553415
8,133.20000000000002,480.37558595866955
8,133.3,490.96917003735916
8,133.4,482.01008492999864
8,133.5,478.5165930841146
8,133.6,474.89695574776755
8,133.70000000000002,473.78993539546065
8,133.8,479.2522701838574
8,133.9,479.85763287470905
8,134.0,496.39246228851925
8,134.1,491.58509819020117
8,134.20000000000002,449.5381760978509
8,134.3,488.0844348913321
8,134.4,499.8587731736478
8,134.5,480.95913752680485
8,134.6,477.8078490232812
8,134.70000000000002,466.2791322670904
8,134.8,475.216655218034
8,134.9,477.9902471656983
8,135.0,478.2981189739802
8,135.1,479.07748726838525
8,135.20000000000002,490.21240049038084
8,135.3,485.7952861615737
8,135.4,482.7596953036792
8,135.5,475.98883064393146
8,135.6,480.6088354670261
8,135.70000000000002,478.10827285841384
8,135.8,476.8208166466119
8,135.9,481.2274447850895
8,136.0,486.2358305371486
8,136.1,481.1992181666106
8,136.20000000000002,491.0650519207062
8,136.3,480.7400605682517
8,136.4,471.3493797931663
8,136.5,475.5813973750429
8,136.6,474.5677360459981
8,136.70000000000002,497.08455359027835
8,136.8,530.6346739648843
8,136.9,507.8718034756847
8,137.0,474.09989132838336
8,137.1,482.74668256725516
8,137.20000000000002,487.8933246758788
8,137.3,495.9836147509149
8,137.4,474.0838190345258
8,137.5,482.721716375126
8,137.6,465.84523773459
8,137.70000000000002,469.39695040006933
8,137.8,475.07545531748724
8,137.9,479.9107922689787
8,138.0,469.37580978490087
8,138.1,479.5252055068391
8,138.20000000000002,473.890906879631
8,138.3,466.96871293782556
8,138.4,480.60579448328457
8,138.5,486.2210244771325
8,138.6,496.7266157080307
8,138.70000000000002,474.8725997541018
8,138.8,482.8116637875845
8,138.9,476.2499841151615
8,139.0,493.44952221483436
8,139.1,498.3818605253642
8,139.20000000000002,476.7950765585123
8,139.3,474.8695905768142
8,139.4,475.5654948164536
8,139.5,486.6028645628315
8,139.6,485.2646465612669
8,139.70000000000002,496.8148946512867
8,139.8,497.5214129556465
8,139.9,498.1856354639952
8,140.0,510.0963896405305
8,140.1,496.37323237536106
8,140.20000000000002,493.3027314526863
8,140.3,496.4777302009923
8,140.4,486.20900150692677
8,140.5,484.8789061671206
8,140.6,491.1387037158478
8,140.70000000000002,488.62933707364573
8,140.8,492.4242218067008
8,140.9,494.210455468026
8,141.0,497.29021817893715
8,141.1,498.53237154315246
8,141.20000000000002,492.63067594617524
8,141.3,491.63090261923935
8,141.4,496.69217216867423
8,141.5,485.989895058772
8,141.6,485.29611591262767
8,141.70000000000002,478.860894142092
8,141.8,479.69327264798846
8,141.9,485.4078860759262
8,142.0,498.92874946921444
8,142.1,495.7485475408353
8,142.20000000000002,495.9907560226957
8,142.3,504.5024574791087
8,142.4,505.35376755968457
8,142.5,501.0572096099316
8,142.6,494.9656670647674
8,142.70000000000002,487.7040581764221
8,142.8,494.5312151421834
8,142.9,481.5980583611338
8,143.0,500.4635279370344
8,143.1,488.057733957466
8,143.20000000000002,486.09363553659927
8,143.3,489.9636918311549
8,143.4,505.0324192561448
8,143.5,490.49170122901404
8,143.6,488.7826397539117
8,143.70000000000002,489.9133456611863
8,143.8,489.0106779897114
8,143.9,491.6325513295343
8,144.0,499.3430544857132
8,144.1,497.40589705329467
8,144.20000000000002,492.39148983027985
8,144.3,496.2811166912468
8,144.4,478.8557940182141
8,144.5,479.1917149791146
8,144.6,484.6537314317827
8,144.70000000000002,504.1515360809705
8,144.8,475.4667635596775
8,144.9,464.0361919077745
8,145.0,482.9671756794754
8,145.1,497.26179539723796
8,145.20000000000002,486.4563299178853
8,145.3,482.7170421563566
8,145.4,514.9419363817982
8,145.5,614.538143877692
8,145.6,464.60496233540255
8,145.70000000000002,476.4441407063064
8,145.8,483.6638067310355
8,145.9,486.92070089070825
8,146.0,483.12493004060315
8,146.1,469.28123499612803
8,146.20000000000002,468.80286902650295
8,146.3,472.6707969375577
8,146.4,474.01508069093484
8,146.5,469.5957841999905
8,146.6,480.17880429678297
8,146.70000000000002,452.6530146137369
8,146.8,464.78276501052204
8,146.9,479.9068826481379
8,147.0,485.9373065433923
8,147.1,478.14981548975584
8,147.20000000000002,481.91402004594244
8,147.3,490.3428976565291
8,147.4,474.718945423395
8,147.5,471.0828258072356
8,147.6,474.4172754828298
8,147.70000000000002,479.756539999046
8,147.8,476.5042564538079
8,147.9,480.3493436694293
8,148.0,479.6556296528405
8,148.1,470.26193333333305
8,148.20000000000002,476.5700873410355
8,148.3,487.9060831469776
8,148.4,486.0383097139002
8,148.5,483.02996726647547
8,148.6,481.06751056919455
8,148.70000000000002,485.05335736511205
8,148.8,486.90424416676075
8,148.9,477.76201783322927
8,149.0,475.64159519043807
8,149.1,466.28316158929016
8,149.20000000000002,469.74705388789044
8,149.3,474.31338041314444
8,149.4,528.0199010980176
8,149.5,807.2496955483647
8,149.6,473.0279928017845
8,149.70000000000002,565.9476072439194
8,149.8,455.1913284719637
8,149.9,477.4703126238209
8,150.0,479.3567582624443
8,150.1,479.7019201896701
8,150.20000000000002,486.99793902989967
8,150.3,487.2409274218962
8,150.4,490.625577171736
8,150.5,472.31454118692693
8,150.6,492.32630522565904
8,150.70000000000002,488.9931298360572
8,150.8,485.0686892499193
8,150.9,478.2501026650144
8,151.0,478.6916544146557
8,151.1,488.53665563170273
8,151.20000000000002,475.1355917695078
8,151.3,474.0262561303515
8,151.4,475.38086898234525
8,151.5,476.64264508903574
8,151.6,487.51298539157744
8,151.70000000000002,481.9580352423967
8,151.8,485.0553560366276
8,151.9,471.73186744746886
8,152.0,474.39018051236593
8,152.1,474.1062644083304
8,152.20000000000002,478.2918554239164
8,152.3,486.03141727116434
8,152.4,477.7616748293258
8,152.5,479.3907182542897
8,152.6,484.489203470952
8,152.70000000000002,477.9732758565001
8,152.8,485.9595693249721
8,152.9,483.41727601946985
8,153.0,466.2074476665642
8,153.1,463.4384584035789
8,153.20000000000002,474.2174317878343
8,153.3,479.70639686843987
8,153.4,480.6988264092853
8,153.5,478.6923819470258
8,153.60000000000002,488.505430396586
8,153.70000000000002,488.66583417659086
8,153.8,486.89211647385235
8,153.9,474.3788346514489
8,154.0,483.7847804929193
8,154.10000000000002,469.6571535615667
8,154.20000000000002,476.2898663953439
8,154.3,482.25225768799226
8,154.4,491.3469397358329
8,154.5,488.44407585812496
8,154.60000000000002,492.9582176431053
8,154.70000000000002,486.7048052798091
8,154.8,470.0351195323861
8,154.9,475.4400332830553
8,155.0,485.85272224525687
8,155.10000000000002,490.5984983584219
8,155.20000000000002,492.03035812198846
8,155.3,484.29729956918
8,155.4,488.9088099937797
8,155.5,473.6949148735399
8,155.60000000000002,475.26232638112737
8,155.70000000000002,493.37656947221956
8,155.8,478.5576293292968
8,155.9,463.07981773197855
8,156.0,468.03235512308555
8,156.10000000000002,490.57685744006795
8,156.20000000000002,475.93301455348364
8,156.3,464.5851204401216
8,156.4,476.6787250478288
8,156.5,454.4899726380903
8,156.60000000000002,473.1175930473148
8,156.70000000000002,482.1506331311816
8,156.8,450.25859584049357
8,156.9,465.12413247296104
8,157.0,476.0133678380079
8,157.10000000000002,483.9124686839196
8,157.20000000000002,472.95631239986307
8,157.3,483.23591031200823
8,157.4,470.79633677403785
8,157.5,488.69476706297206
8,157.60000000000002,489.5541425303873
8,157.70000000000002,480.986907352733
8,157.8,490.5939368294383
8,157.9,478.76487099619476
8,158.0,476.148135346407
8,158.10000000000002,482.82828874175107
8,158.20000000000002,474.89246849263105
8,158.3,488.5385472783847
8,158.4,486.43262640567144
8,158.5,487.73420249029687
8,158.60000000000002,614.6878200466537
8,158.70000000000002,440.6580902418558
8,158.8,466.6229185406872
8,158.9,479.14779913939844
8,159.0,492.4169243532896
8,159.10000000000002,490.3605427668095
8,159.20000000000002,486.0486685965719
8,159.3,469.90872212887297
8,159.4,490.1429770720234
8,159.5,470.53447129918004
8,159.60000000000002,469.2104390595231
8,159.70000000000002,490.46432172427217
8,159.8,483.3383334979044
8,159.9,487.8153735585348
8,160.0,528.1144464579745
8,160.10000000000002,482.40839993470945
8,160.20000000000002,478.57185684779176
8,160.3,471.1127606126021
8,160.4,521.9555506720951
8,160.5,509.2237750104846
8,160.60000000000002,601.3166952482691
8,160.70000000000002,448.2950835198733
8,160.8,483.86735612764113
8,160.9,472.560655604193
8,161.0,473.1036945811282
8,161.10000000000002,471.94885961026915
8,161.20000000000002,465.3818447934965
8,161.3,468.7448472094215
8,161.4,472.78112426121174
8,161.5,465.5897449036246
8,161.60000000000002,484.1283725798022
8,161.70000000000002,494.47994176424294
8,161.8,491.4101603648538
8,161.9,478.26356236897635
8,162.0,483.484383458987
8,162.10000000000002,480.13831342485076
8,162.20000000000002,490.3134427401815
8,162.3,482.5770817097413
8,162.4,487.55674239147453
8,162.5,476.503432134832
8,162.60000000000002,496.42666362438086
8,162.70000000000002,481.4658350630705
8,162.8,472.6836016327357
8,162.9,480.1879655248332
8,163.0,476.68312023485566
8,163.10000000000002,483.86610299194496
8,163.20000000000002,480.5803709710637
8,163.3,485.90209109222127
8,163.4,470.64384091419794
8,163.5,473.4917242430633
8,163.60000000000002,477.503514164809
8,163.70000000000002,497.5274319876464
8,163.8,492.85464015410025
8,163.9,482.73575153326095
8,164.0,476.44175060453085
8,164.10000000000002,492.43269868151503
8,164.20000000000002,662.8995358674124
8,164.3,445.0390865701246
8,164.4,459.40070033904306
8,164.5,463.6253732851418
8,164.60000000000002,471.7858454637743
8,164.70000000000002,476.79423686229654
8,164.8,476.65736721257605
8,164.9,479.7533247261509
8,165.0,483.5335808234128
8,165.10000000000002,473.08137866747336
8,165.20000000000002,472.2473158897181
8,165.3,480.581664174121
8,165.4,488.19449115162513
8,165.5,482.54217175414266
8,165.60000000000002,477.2761620547263
8,165.70000000000002,479.945679098549
8,165.8,478.94210250393047
8,165.9,468.3841909393321
8,166.0,472.60636842030016
8,166.10000000000002,468.45008098022817
8,166.20000000000002,474.39272835125274
8,166.3,475.5764149538672
8,166.4,470.4500775560394
8,166.5,476.63094390948885
8,166.60000000000002,472.84642641281044
8,166.70000000000002,473.5087822689388
8,166.8,481.25443762626344
8,166.9,482.8278489465227
8,167.0,475.6104428256891
8,167.10000000000002,478.7076230409778
8,167.20000000000002,476.9192559620863
8,167.3,483.18757460813623
8,167.4,476.5771745031696
8,167.5,482.6998587407455
8,167.60000000000002,479.80317685073055
8,167.70000000000002,487.1292097192965
8,167.8,486.5258060361848
8,167.9,480.167806335175
8,168.0,500.9791916216892
8,168.10000000000002,480.41061228683543
8,168.20000000000002,478.255551293754
8,168.3,464.25024411129925
8,168.4,475.26889729523685
8,168.5,478.5816432548598
8,168.60000000000002,477.5323159731832
8,168.70000000000002,482.85851982769145
8,168.8,473.86584435364114
8,168.9,469.9906353402003
8,169.0,477.3587179559268
8,169.10000000000002,543.6264796041022
8,169.20000000000002,452.58147310476414
8,169.3,460.47382999547415
8,169.4,469.7517098606179
8,169.5,467.70977133714865
8,169.60000000000002,480.461028279668
8,169.70000000000002,468.6704054541525
8,169.8,475.9391718484636
8,169.9,479.38812821685866
8,170.0,469.71204045521046
8,170.10000000000002,478.0929984949679
8,170.20000000000002,476.08844836549434
8,170.3,501.96065412582055
8,170.4,492.97867757754005
8,170.5,450.9755144532637
8,170.60000000000002,464.3643346847372
8,170.70000000000002,473.28267646195525
8,170.8,479.6662533596405
8,170.9,487.3666347108726
8,171.0,466.3924082981659
8,171.10000000000002,478.35589883835763
8,171.20000000000002,471.6371568322341
8,171.3,465.1484772859959
8,171.4,471.8522661642097
8,171.5,474.4389887908726
8,171.60000000000002,470.9169306309
8,171.70000000000002,475.4463275947603
8,171.8,473.8895394288864
8,171.9,466.2889660214608
8,172.0,475.4376764396808
8,172.10000000000002,473.24258557301584
8,172.20000000000002,480.77688599969235
8,172.3,520.4207706584139
8,172.4,478.419853214922
8,172.5,473.0822054917902
8,172.60000000000002,466.50688658463804
8,172.70000000000002,485.9217673862683
8,172.8,479.3011814485458
8,172.9,477.11707311978597
8,173.0,475.16416764084244
8,173.10000000000002,477.4495905391429
8,173.20000000000002,476.77437309301536
8,173.3,470.89649006707833
8,173.4,479.64530603600497
8,173.5,480.4734838978709
8,173.60000000000002,480.7741852570217
8,173.70000000000002,476.12340147164457
8,173.8,464.8053994295445
8,173.9,460.56966768413406
8,174.0,483.13884459710624
8,174.10000000000002,470.8471952218465
8,174.20000000000002,471.8061671282292
8,174.3,469.1733103129471
8,174.4,478.1534587293914
8,174.5,472.1346881339939
8,174.60000000000002,477.8273023032176
8,174.70000000000002,472.52201648004603
8,174.8,481.79250136465447
8,174.9,472.86084719531584
8,175.0,478.1370023352293
8,175.10000000000002,472.85488570693155
8,175.20000000000002,481.7735114164406
8,175.3,485.1300788601171
8,175.4,481.50965879672856
8,175.5,486.45955558203156
8,175.60000000000002,475.9172069825769
8,175.70000000000002,469.54996844758625
8,175.8,465.55338580730887
8,175.9,474.0986738975674
8,176.0,467.5692566613197
8,176.10000000000002,477.73367282449385
8,176.20000000000002,485.71366166618355
8,176.3,488.45627770661207
8,176.4,481.89439728066833
8,176.5,488.4049379785112
8,176.60000000000002,482.21770593474633
8,176.70000000000002,478.2093676972089
8,176.8,487.33431644052115
8,176.9,483.5396830877656
8,177.0,492.4537177880492
8,177.10000000000002,475.73898043225626
8,177.20000000000002,482.34266634899126
8,177.3,500.28694608079275
8,177.4,473.01204379766403
8,177.5,493.85369667244845
8,177.60000000000002,484.1429928181524
8,177.70000000000002,578.8408353728436
8,177.8,476.1941706702824
8,177.9,465.22344837106414
8,178.0,460.45745235627544
8,178.10000000000002,470.2359878023873
8,178.20000000000002,469.2019928626397
8,178.3,478.56912675782615
8,178.4,476.8608245214689
8,178.5,472.6195523170761
8,178.60000000000002,477.8356822125019
8,178.70000000000002,476.2109031001136
8,178.8,482.97227381203226
8,178.9,479.83123094204365
8,179.0,476.40912055416027
8,179.10000000000002,483.2765755015207
8,179.20000000000002,481.86568024781053
8,179.3,480.82350512841276
8,179.4,503.4242236527023
8,179.5,466.34382018190786
8,179.60000000000002,471.59811208624296
8,179.70000000000002,474.10112489265316
8,179.8,479.6388942874714
8,179.9,486.8990925060885
8,180.0,489.2445836377457
8,180.10000000000002,475.1524524534428
8,180.20000000000002,482.68570179122617
8,180.3,469.5034952618545
8,180.4,481.9745811708141
8,180.5,476.0834122132493
8,180.60000000000002,487.03257597775615
8,180.70000000000002,481.04368108630945
8,180.8,486.2747340871242
8,180.9,478.7878491282162
8,181.0,483.2857915931945
8,181.10000000000002,485.70492448774917
8,181.20000000000002,474.9529914600361
8,181.3,469.0828899966633
8,181.4,482.8748022226255
8,181.5,475.02043478633846
8,181.60000000000002,481.196501906495
8,181.70000000000002,846.6813912512029
8,181.8,469.54309464479314
8,181.9,463.92228056263195
8,182.0,495.0130406469969
8,182.10000000000002,457.3719954749421
8,182.20000000000002,464.6951045909788
8,182.3,457.7109218987155
8,182.4,466.7220454804971
8,182.5,495.21781067440634
8,182.60000000000002,481.07699336078053
8,182.70000000000002,490.4089463567971
8,182.8,462.3216667742101
8,182.9,470.95541864599085
8,183.0,484.45838753252576
8,183.10000000000002,489.4098109130692
8,183.20000000000002,486.9587532304872
8,183.3,509.5524687581938
8,183.4,507.75072466061874
8,183.5,491.0795238039637
8,183.60000000000002,484.44802142902967
8,183.70000000000002,461.13197197406885
8,183.8,473.8355060706516
8,183.9,480.45251480284827
8,184.0,482.85376078041713
8,184.10000000000002,484.368503342857
8,184.20000000000002,475.86447760536646
8,184.3,489.1154106325909
8,184.4,479.93997750713606
8,184.5,482.6263366915835
8,184.60000000000002,468.8690570858031
8,184.70000000000002,485.9910004407775
8,184.8,475.56642302607924
8,184.9,488.42906128372067
8,185.0,487.2765961206691
8,185.10000000000002,478.41685803172305
8,185.20000000000002,473.44796263865015
8,185.3,472.85239379067286
8,185.4,481.8411109857201
8,185.5,483.84888037782696
8,185.60000000000002,482.4324698238328
8,185.70000000000002,472.1994170282714
8,185.8,470.8884959785356
8,185.9,473.9542412154227
8,186.0,467.65752947427865
8,186.10000000000002,468.7386837826958
8,186.20000000000002,473.1569671352874
8,186.3,471.325664938512
8,186.4,476.1205062015396
8,186.5,485.6130064454945
8,186.60000000000002,477.57128692360544
8,186.70000000000002,468.1786189030135
8,186.8,471.49815025079096
8,186.9,666.0358026206861
8,187.0,456.8735893477955
8,187.10000000000002,463.5772927473991
8,187.20000000000002,718.1851176224641
8,187.3,479.77352902158793
8,187.4,475.7548101509789
8,187.5,474.6971707278715
8,187.60000000000002,483.6905502666454
8,187.70000000000002,487.8725266319882
8,187.8,489.34886562310874
8,187.9,484.37508352578396
8,188.0,483.5184435842448
8,188.10000000000002,482.7205523354507
8,188.20000000000002,474.39655517880476
8,188.3,473.4905654291923
8,188.4,486.96867276600494
8,188.5,485.989521594914
8,188.60000000000002,448.5167975837375
8,188.70000000000002,482.7357416866701
8,188.8,482.9430081718919
8,188.9,517.266788915791
8,189.0,488.2488648447069
8,189.10000000000002,478.761702030223
8,189.20000000000002,487.72345992003153
8,189.3,488.197333569398
8,189.4,479.4508904241246
8,189.5,495.2353679003874
8,189.60000000000002,483.72017600175036
8,189.70000000000002,481.57387955940885
8,189.8,742.3499324559555
8,189.9,491.0403285459519
8,190.0,470.91523282188126
8,190.10000000000002,474.5274232677273
8,190.20000000000002,487.81200178694206
8,190.3,475.99037974296743
8,190.4,489.8758689015334
8,190.5,489.3455523162587
8,190.60000000000002,485.94213130691185
8,190.70000000000002,487.5759471513064
8,190.8,489.2893724985229
8,190.9,484.05720074295556
8,191.0,459.0996413819726
8,191.10000000000002,485.94504203250506
8,191.20000000000002,488.6661965138195
8,191.3,471.6746727300434
8,191.4,470.40036235809947
8,191.5,471.9630582308886
8,191.60000000000002,473.3391122312343
8,191.70000000000002,477.45375833713643
8,191.8,481.8774412649592
8,191.9,473.357853638254
8,192.0,533.5107815784395
8,192.10000000000002,467.29850948195747
8,192.20000000000002,466.60620231024507
8,192.3,487.3232156438717
8,192.4,486.4883593862663
8,192.5,485.53763606730035
8,192.60000000000002,486.67004102228105
8,192.70000000000002,484.4117327001792
8,192.8,460.07884375845526
8,192.9,460.7269765260903
8,193.0,481.9137647434431
8,193.10000000000002,483.7082112351407
8,193.20000000000002,485.3901019677079
8,193.3,456.4456397670563
8,193.4,518.0736753333629
8,193.5,458.0570681545236
8,193.60000000000002,476.5497337719378
8,193.70000000000002,485.7565166535224
8,193.8,490.3876248922073
8,193.9,494.7786217656992
8,194.0,489.6620284223318
8,194.10000000000002,482.18907046516887
8,194.20000000000002,492.1927719804436
8,194.3,498.20478713878987
8,194.4,481.13440762655813
8,194.5,475.5752567411714
8,194.60000000000002,490.4259610221306
8,194.70000000000002,490.53894591959244
8,194.8,485.4757405393292
8,194.9,473.08177707935135
8,195.0,470.153102785522
8,195.10000000000002,474.8045358132078
8,195.20000000000002,466.3906900326429
8,195.3,482.42796463874566
8,195.4,457.3570380914918
8,195.5,475.1286075012212
8,195.60000000000002,652.3384114897405
8,195.70000000000002,494.9434424237738
8,195.8,475.7039139903123
8,195.9,486.38699334810747
8,196.0,485.47942580903435
8,196.10000000000002,476.4105679217835
8,196.20000000000002,505.20069113921016
8,196.3,484.63429232334073
8,196.4,472.42641689586435
8,196.5,467.83227615337887
8,196.60000000000002,469.22020166110786
8,196.70000000000002,469.7801112946228
8,196.8,470.7116800085774
8,196.9,467.33699600402144
8,197.0,472.0329084064766
8,197.10000000000002,475.44096596221266
8,197.20000000000002,480.7318836767378
8,197.3,486.21650970604134
8,197.4,484.50664596866983
8,197.5,717.6618881849654
8,197.60000000000002,498.83074383895
8,197.70000000000002,451.5878359987978
8,197.8,462.56585975293507
8,197.9,476.53835185195857
8,198.0,472.91634771274846
8,198.10000000000002,475.711912300376
8,198.20000000000002,460.4228968231091
8,198.3,464.71117810110536
8,198.4,477.24649905662926
8,198.5,475.1549280904338
8,198.60000000000002,479.06326657993054
8,198.70000000000002,487.79542202545497
8,198.8,478.02704834547245
8,198.9,481.1173350458229
8,199.0,482.38483515543464
8,199.10000000000002,481.6290756960907
8,199.20000000000002,481.7689693757581
8,199.3,472.12772914855566
8,199.4,465.6485147580669
8,199.5,485.2650782631696
8,199.60000000000002,487.93475189057784
8,199.70000000000002,480.7338190990419
8,199.8,469.8482016973983
8,199.9,472.67807093058474
8,200.0,479.8558437889449
8,200.10000000000002,485.6625246635886
8,200.20000000000002,485.62373334731035
8,200.3,484.6065192359558
8,200.4,486.452649661561
8,200.5,488.2295318755048
8,200.60000000000002,480.14415334764243
8,200.70000000000002,478.77224619717236
8,200.8,484.43304281517595
8,200.9,479.02664484741877
8,201.0,483.41552790709864
8,201.10000000000002,487.8513181791333
8,201.20000000000002,485.40513685527156
8,201.3,481.32383953626845
8,201.4,471.8197965348156
8,201.5,480.08271357741137
8,201.60000000000002,491.90867510039806
8,201.70000000000002,470.0865940015391
8,201.8,474.1689846356195
8,201.9,481.9701901931448
8,202.0,480.0993987871278
8,202.10000000000002,481.43777661280575
8,202.20000000000002,471.9180949524005
8,202.3,484.03500947020973
8,202.4,485.54038873188415
8,202.5,492.12219828338044
8,202.60000000000002,489.8535628291329
8,202.70000000000002,476.36414352922975
8,202.8,491.67653191696456
8,202.9,485.2006354636319
8,203.0,488.38701075125334
8,203.10000000000002,492.2221493275709
8,203.20000000000002,480.9113407009719
8,203.3,471.5652402193095
8,203.4,480.2409620283515
8,203.5,477.22186789143854
8,203.60000000000002,494.9055012343377
8,203.70000000000002,469.8926051133894
8,203.8,488.6128321994029
8,203.9,482.25721472106903
8,204.0,492.4788738955766
8,204.10000000000002,476.1625590198844
8,204.20000000000002,478.5912437968984
8,204.3,478.740882036533
8,204.4,486.5585182695933
8,204.5,476.68224215628106
8,204.60000000000002,488.1056192034161
8,204.70000000000002,483.32790646381693
8,204.8,481.78402910600335
8,204.9,484.68376669927216
8,205.0,488.1768004486896
8,205.10000000000002,488.38761961746764
8,205.20000000000002,490.18823806907307
8,205.3,493.4904690452196
8,205.4,486.52629499157626
8,205.5,485.35139573945884
8,205.60000000000002,498.24656178703094
8,205.70000000000002,487.677978908362
8,205.8,499.43321965119503
8,205.9,500.7434064369776
8,206.0,488.75161039295256
8,206.10000000000002,490.03073071360086
8,206.20000000000002,458.3368132926587
8,206.3,469.2257885143388
8,206.4,476.03927940980253
8,206.5,483.6544574102801
8,206.60000000000002,481.1170888440374
8,206.70000000000002,479.88376404751403
8,206.8,491.24752554419086
8,206.9,482.7770593977483
8,207.0,453.2314362446653
8,207.10000000000002,469.56986803571135
8,207.20000000000002,471.0728981683175
8,207.3,465.32880290139565
8,207.4,475.1894374554708
8,207.5,489.62404632460346
8,207.60000000000002,478.5219688961713
8,207.70000000000002,481.0294267289728
8,207.8,480.71400324358564
8,207.9,475.07662449464885
8,208.0,481.57469446694944
8,208.10000000000002,487.23410280322275
8,208.20000000000002,483.32990570203657
8,208.3,470.6708765398016
8,208.4,472.7719640313355
8,208.5,480.51301830074704
8,208.60000000000002,508.3361022591473
8,208.70000000000002,497.7811821695323
8,208.8,485.2389229366618
8,208.9,483.26874773510366
8,209.0,477.3509984225776
8,209.10000000000002,484.3300396079264
8,209.20000000000002,494.974124118492
8,209.3,486.2702846631131
8,209.4,468.89238787771814
8,209.5,458.8114372118182
8,209.60000000000002,459.82916418103997
8,209.70000000000002,482.45526037121266
8,209.8,492.23160458275805
8,209.9,484.05146704205015
8,210.0,473.5968434645024
8,210.10000000000002,474.5398439271987
8,210.20000000000002,481.7805666115465
8,210.3,487.1777231398308
8,210.4,483.95229263480434
8,210.5,474.6863814718442
8,210.60000000000002,474.7453681434872
8,210.70000000000002,477.6713690819327
8,210.8,452.72856330449747
8,210.9,454.7614322863828
8,211.0,477.9714399593001
8,211.10000000000002,480.38292730781967
8,211.20000000000002,476.3339073397265
8,211.3,477.5783031537363
8,211.4,479.9725105739606
8,211.5,479.4179556386373
8,211.60000000000002,475.50111217705745
8,211.70000000000002,471.89020345900656
8,211.8,475.44218835584024
8,211.9,471.81216478219085
8,212.0,475.92278417309046
8,212.10000000000002,482.9150806666238
8,212.20000000000002,486.4015326056139
8,212.3,484.60880863632974
8,212.4,483.33458122717184
8,212.5,482.9058452131069
8,212.60000000000002,472.21527615959053
8,212.70000000000002,462.20082510638144
8,212.8,475.1751016206373
8,212.9,479.99890691295843
8,213.0,466.2316136412913
8,213.10000000000002,473.7518536383987
8,213.20000000000002,482.5381667507714
8,213.3,487.4934749524098
8,213.4,482.30094551657874
8,213.5,483.8301507972057
8,213.60000000000002,491.2074973942481
8,213.70000000000002,468.02211371370294
8,213.8,473.8350031234608
8,213.9,473.45131250235244
8,214.0,481.3364084455701
8,214.10000000000002,484.7651523700834
8,214.20000000000002,488.3996597125241
8,214.3,475.2073130697879
8,214.4,482.8131125497362
8,214.5,482.42274278444097
8,214.60000000000002,479.8957725099171
8,214.70000000000002,479.21591315381255
8,214.8,476.3376504949123
8,214.9,477.76086529274
8,215.0,467.5916776522562
8,215.10000000000002,463.39712548557026
8,215.20000000000002,485.4335095958683
8,215.3,473.8736986705782
8,215.4,484.66313789790604
8,215.5,479.2523437791159
8,215.60000000000002,468.26244224010753
8,215.70000000000002,481.9730491037977
8,215.8,492.674890850473
8,215.9,497.3516832447299
8,216.0,493.63994981627894
8,216.10000000000002,483.57076510031675
8,216.20000000000002,481.8071907568254
8,216.3,480.50218943422817
8,216.4,476.08758888804135
8,216.5,476.5608353536509
8,216.60000000000002,476.99835317003425
8,216.70000000000002,470.8642264354683
8,216.8,466.8318325089582
8,216.9,472.90425795083365
8,217.0,480.91008521675315
8,217.10000000000002,475.0993360938996
8,217.20000000000002,472.87148871110145
8,217.3,473.3527201176178
8,217.4,477.45479602156047
8,217.5,470.1238888459971
8,217.60000000000002,471.6400775080434
8,217.70000000000002,480.09223042964646
8,217.8,472.80335777589653
8,217.9,465.53618536257545
8,218.0,474.05500513270204
8,218.10000000000002,524.5245325003003
8,218.20000000000002,501.6835356901417
8,218.3,570.5015911481693
8,218.4,494.8148936753784
8,218.5,456.7719475966717
8,218.60000000000002,484.28514932518306
8,218.70000000000002,486.4873413718067
8,218.8,486.2724103364632
8,218.9,476.04727043934855
8,219.0,482.7353361562199
8,219.10000000000002,478.6334767493095
8,219.20000000000002,472.86760880416455
8,219.3,483.95509337737013
8,219.4,482.29340631363686
8,219.5,479.67144389903325
8,219.60000000000002,475.3119146696265
8,219.70000000000002,474.7899629371048
8,219.8,469.3040165714753
8,219.9,453.73282705313443
8,220.0,469.809838469237
8,220.10000000000002,487.0864292482331
8,220.20000000000002,485.86348132858876
8,220.3,469.53852884082676
8,220.4,684.2388384399998
8,220.5,538.6548359841688
8,220.60000000000002,463.8398978813981
8,220.70000000000002,686.974673103342
8,220.8,535.4924204793018
8,220.9,470.7043660225771
8,221.0,475.7250801790016
8,221.10000000000002,483.2140738000461
8,221.20000000000002,494.4588023633155
8,221.3,499.5055926822588
8,221.4,511.49824709170804
8,221.5,502.50178144502354
8,221.60000000000002,492.63495566061187
8,221.70000000000002,496.5913335045836
8,221.8,495.89202768227716
8,221.9,486.4834751328443
8,222.0,487.27355630510414
8,222.10000000000002,487.3689208843366
8,222.20000000000002,490.88754456101987
8,222.3,493.7552547819665
8,222.4,489.9667589415238
8,222.5,496.0895867008843
8,222.60000000000002,664.3562248209795
8,222.70000000000002,525.748580779722
8,222.8,464.4655183415175
8,222.9,478.74646626459855
8,223.0,492.92976547610823
8,223.10000000000002,501.7391796783608
8,223.20000000000002,503.3285860273933
8,223.3,498.3987883363826
8,223.4,497.4073398583636
8,223.5,501.5911267397888
8,223.60000000000002,504.3039759616076
8,223.70000000000002,497.7839069746589
8,223.8,528.9782291224898
8,223.9,491.8371362452034
8,224.0,481.79228723115267
8,224.10000000000002,467.82258107328903
8,224.20000000000002,461.3853275912523
8,224.3,470.3119363869032
8,224.4,472.88733947734
8,224.5,479.5529172828416
8,224.60000000000002,477.28625445559726
8,224.70000000000002,633.9636766819315
8,224.8,530.0828955187474
8,224.9,458.98098616075094
8,225.0,458.25588568048295
8,225.10000000000002,454.628033419751
8,225.20000000000002,460.92716974701193
8,225.3,474.2380155707017
8,225.4,477.75813453208434
8,225.5,482.85856451217046
8,225.60000000000002,481.6350663248031
8,225.70000000000002,489.01135550038106
8,225.8,480.91253510047204
8,225.9,483.9793915975244
8,226.0,486.29733354938026
8,226.10000000000002,481.13381710995844
8,226.20000000000002,479.4860680623932
8,226.3,482.09804491710037
8,226.4,481.2854926466837
8,226.5,486.99448458405914
8,226.60000000000002,490.7300117413541
8,226.70000000000002,479.7773245106118
8,226.8,469.73483073352327
8,226.9,484.84743186286215
8,227.0,494.5564748631041
8,227.10000000000002,484.8408909460004
8,227.20000000000002,481.3032192994332
8,227.3,500.7366028879865
8,227.4,496.0000014059056
8,227.5,486.5621474666457
8,227.60000000000002,486.24017996435265
8,227.70000000000002,488.4110837840933
8,227.8,473.72961059714754
8,227.9,470.7374045584741
8,228.0,471.805796135938
8,228.10000000000002,480.66659304295916
8,228.20000000000002,490.07991734060374
8,228.3,482.29195879503146
8,228.4,485.3105058096899
8,228.5,496.8140997972173
8,228.60000000000002,492.03554798814
8,228.70000000000002,484.5114914252209
8,228.8,475.7702659303569
8,228.9,472.3920385537001
8,229.0,484.7261246413832
8,229.10000000000002,482.3866682017015
8,229.20000000000002,483.5166607884873
8,229.3,470.36564645848216
8,229.4,474.94494122468916
8,229.5,657.9951563934176
8,229.60000000000002,556.794858991136
8,229.70000000000002,480.6720638711596
8,229.8,483.0960849983435
8,229.9,486.4271168817185
8,230.0,484.35522820052137
8,230.10000000000002,489.6257253280617
8,230.20000000000002,515.6647163808505
8,230.3,506.8624683883541
8,230.4,491.83476873751937
8,230.5,486.53719157331886
8,230.60000000000002,487.8766558469264
8,230.70000000000002,493.40451700578905
8,230.8,496.4629729306612
8,230.9,497.72944878820596
8,231.0,501.47517670761204
8,231.10000000000002,497.9879715225222
8,231.20000000000002,493.67328174433493
8,231.3,502.48803624939103
8,231.4,484.63524542205
8,231.5,488.6258136175607
8,231.60000000000002,475.0812161081175
8,231.70000000000002,472.2273275706299
8,231.8,482.53645695229903
8,231.9,477.5792216386357
8,232.0,472.57782155094765
8,232.10000000000002,483.572416796178
8,232.20000000000002,494.8210348358824
8,232.3,495.16115116973936
8,232.4,477.02948985674243
8,232.5,481.2372033026933
8,232.60000000000002,500.4582960690607
8,232.70000000000002,480.14121286530906
8,232.8,510.34181288584637
8,232.9,496.4372577346284
8,233.0,470.33257626072304
8,233.10000000000002,469.5758729185045
8,233.20000000000002,471.9387183636513
8,233.3,541.4166746630693
8,233.4,499.3091319493821
8,233.5,465.2415929415465
8,233.60000000000002,482.52062684758073
8,233.70000000000002,492.2307231094035
8,233.8,486.49079113518235
8,233.9,487.63428060325356
8,234.0,484.89863894250243
8,234.10000000000002,474.28226156155455
8,234.20000000000002,470.60300349187446
8,234.3,459.73240619008504
8,234.4,466.45815493674735
8,234.5,484.54550075060763
8,234.60000000000002,481.1881661237752
8,234.70000000000002,485.0685588962517
8,234.8,488.9554174220111
8,234.9,489.11236890317576
8,235.0,488.1583330680424
8,235.10000000000002,486.58964307279484
8,235.20000000000002,483.32760137108306
8,235.3,482.0244281193706
8,235.4,487.3280368230174
8,235.5,499.6191842094603
8,235.60000000000002,481.101747603687
8,235.70000000000002,481.37274871922307
8,235.8,487.5420287350952
8,235.9,477.63966524108434
8,236.0,480.949913674619
8,236.10000000000002,489.6052581748357
8,236.20000000000002,493.8371547560958
8,236.3,490.7990778529176
8,236.4,503.0934366048719
8,236.5,495.77978468947407
8,236.60000000000002,490.13851882838316
8,236.70000000000002,506.94123883448356
8,236.8,512.0256334300782
8,236.9,500.3043803802135
8,237.0,491.28872709682645
8,237.10000000000002,498.12528802713007
8,237.20000000000002,505.65064996902294
8,237.3,498.4201258059351
8,237.4,497.6947089942101
8,237.5,496.50799396665934
8,237.60000000000002,497.2058473008114
8,237.70000000000002,501.5354462714138
8,237.8,503.9701992613245
8,237.9,500.8785254399402
8,238.0,499.8673462261521
8,238.10000000000002,496.8705870247021
8,238.20000000000002,494.6880388095408
8,238.3,487.475343095908
8,238.4,479.00300127384855
8,238.5,461.5711415414456
8,238.60000000000002,481.9933036367641
8,238.70000000000002,485.93376429806773
8,238.8,483.2789184793341
8,238.9,483.27810143045366
8,239.0,485.4392710141854
8,239.10000000000002,481.8338829767288
8,239.20000000000002,495.7355665020922
8,239.3,487.9751215134824
8,239.4,495.26896439092087
8,239.5,512.7827297673399
8,239.60000000000002,509.9268722742715
8,239.70000000000002,497.48464270926434
8,239.8,476.27135099651804
8,239.9,471.27430522006676
8,240.0,479.1294265075571
8,240.10000000000002,484.412094073999
8,240.20000000000002,592.4913940053906
8,240.3,565.2501009135581
8,240.4,497.10976700229
8,240.5,478.3217980737039
8,240.60000000000002,484.3467195790014
8,240.70000000000002,475.5715025765743
8,240.8,468.6636933500777
8,240.9,481.4168377835348
8,241.0,491.1404938415458
8,241.10000000000002,512.2873096086006
8,241.20000000000002,488.10149468481075
8,241.3,467.76558700865496
8,241.4,476.54093981389985
8,241.5,470.3069379509517
8,241.60000000000002,472.2806273440437
8,241.70000000000002,487.19309760406674
8,241.8,483.65034237083603
8,241.9,483.84894085372304
8,242.0,484.13793407520376
8,242.10000000000002,477.94139571509106
8,242.20000000000002,483.20743099381144
8,242.3,482.45530511547116
8,242.4,468.4550280905078
8,242.5,469.52503974179035
8,242.60000000000002,488.45241118816324
8,242.70000000000002,500.99758623889386
8,242.8,501.26636168269914
8,242.9,497.631105731558
8,243.0,488.35517364243555
8,243.10000000000002,488.45043971853465
8,243.20000000000002,496.822410252709
8,243.3,489.4467629321068
8,243.4,486.98319057111854
8,243.5,494.4817627047159
8,243.60000000000002,500.4767094792636
8,243.70000000000002,490.2375520450606
8,243.8,593.3967596390776
8,243.9,549.526844516659
8,244.0,479.1352763097071
8,244.10000000000002,490.5559351121851
8,244.20000000000002,492.02896334149773
8,244.3,495.57686161999203
8,244.4,500.32332889931
8,244.5,477.6514994888732
8,244.60000000000002,470.5658400109646
8,244.70000000000002,483.44374755589223
8,244.8,486.94352257953807
8,244.9,487.60613188183237
8,245.0,490.10677791055804
8,245.10000000000002,492.9090271937022
8,245.20000000000002,480.89037804306935
8,245.3,473.976977524449
8,245.4,477.8563793055465
8,245.5,488.5352859246551
8,245.60000000000002,479.2344398171828
8,245.70000000000002,473.7767541810052
8,245.8,731.4794400183489
8,245.9,624.1661468384259
8,246.0,452.480361899497
8,246.10000000000002,459.48712794860114
8,246.20000000000002,463.068101916028
8,246.3,500.3638017742907
8,246.4,488.2016375701424
8,246.5,464.38163692771053
8,246.60000000000002,475.5271975223494
8,246.70000000000002,489.9151660107531
8,246.8,490.4746547317947
8,246.9,481.1934597240683
8,247.0,482.50970381190444
8,247.10000000000002,487.3780222032657
8,247.20000000000002,489.16163056782125
8,247.3,481.05006356634783
8,247.4,473.0556072481659
8,247.5,474.423358510978
8,247.60000000000002,478.66199801415024
8,247.70000000000002,470.43723508540876
8,247.8,464.3014922873103
8,247.9,465.9157160565019
8,248.0,465.1503288233977
8,248.10000000000002,470.89554383017116
8,248.20000000000002,482.5325903708472
8,248.3,486.6882988190776
8,248.4,477.6988907453204
8,248.5,488.99461387606095
8,248.60000000000002,496.86879745908703
8,248.70000000000002,479.3761894002137
8,248.8,477.63896586738764
8,248.9,480.81474853109694
8,249.0,478.29438271604937
8,249.10000000000002,473.393788756557
8,249.20000000000002,471.81111562081566
8,249.3,475.9702746979689
8,249.4,480.3475511059007
8,249.5,479.1055480700266
8,249.60000000000002,477.942037686188
8,249.70000000000002,481.72268059704425
8,249.8,483.8644022832715
8,249.9,488.34719409770173
8,250.0,484.62838181237623
8,250.10000000000002,468.59459851643857
8,250.20000000000002,468.02735078395534
8,250.3,465.90112234718714
8,250.4,456.2657110925776
8,250.5,471.71617028029766
8,250.60000000000002,483.9167296927491
8,250.70000000000002,480.1171153817003
8,250.8,477.8232082033269
8,250.9,478.6039175877674
8,251.0,477.2391880379355
8,251.10000000000002,474.1706957522549
8,251.20000000000002,470.74509264496254
8,251.3,484.67453800183324
8,251.4,483.9175223424775
8,251.5,467.89153221340575
8,251.60000000000002,474.451501724467
8,251.70000000000002,493.34561103767066
8,251.8,489.0249639777132
8,251.9,556.1467177010587
8,252.0,528.1540687488383
8,252.10000000000002,461.58187802639503
8,252.20000000000002,477.39078435635
8,252.3,488.2725938685014
8,252.4,486.14830961847747
8,252.5,480.894124691714
8,252.60000000000002,480.4650989858657
8,252.70000000000002,482.37732499988107
8,252.8,478.77529599279353
8,252.9,484.0836831236427
8,253.0,485.64857770015084
8,253.10000000000002,475.67383653221333
8,253.20000000000002,607.0454714740927
8,253.3,565.5086330392526
8,253.4,471.6503455020336
8,253.5,485.5364645113474
8,253.60000000000002,487.9317315268701
8,253.70000000000002,492.25813561478463
8,253.8,481.0037263767883
8,253.9,480.8839115712527
8,254.0,492.6154193006493
8,254.10000000000002,500.39091612048543
8,254.20000000000002,496.91692118976505
8,254.3,491.33048373217906
8,254.4,487.6445591384473
8,254.5,478.60328046313356
8,254.60000000000002,472.68465354801356
8,254.70000000000002,477.6881321846765
8,254.8,493.1392771902174
8,254.9,474.5926756224803
8,255.0,457.1467367424017
8,255.10000000000002,479.3268954521046
8,255.20000000000002,487.7574728640037
8,255.3,481.56501525703993
8,255.4,485.83759718628755
8,255.5,508.8661312837914
8,255.60000000000002,506.76557136354535
8,255.70000000000002,489.8838517680976
8,255.8,494.4971764281182
8,255.9,494.08321156516666
8,256.0,484.02055583143107
8,256.1,480.0352255739536
8,256.2,497.98297935640306
8,256.3,499.9023220537501
8,256.40000000000003,483.36396558614234
8,256.5,477.0166292960485
8,256.6,478.1373842077811
8,256.7,484.22143884840585
8,256.8,486.31952831751477
8,256.90000000000003,482.3186051969013
8,257.0,483.53140597008525
8,257.1,490.99374981986267
8,257.2,493.1362651464031
8,257.3,483.8238550851984
8,257.40000000000003,485.4153601797721
8,257.5,491.73541085555786
8,257.6,487.5293777689864
8,257.7,478.53184849237397
8,257.8,481.63602216154203
8,257.90000000000003,492.8415938700788
8,258.0,491.46214847582985
8,258.1,488.31675241462983
8,258.2,487.9400897698925
8,258.3,486.8767534807027
8,258.40000000000003,492.856819076716
8,258.5,496.81951428619084
8,258.6,491.35019310297
8,258.7,484.0124460286398
8,258.8,485.9801742344106
8,258.90000000000003,489.76020809431924
8,259.0,484.87481109056597
8,259.1,477.2704294447166
8,259.2,575.0611685562511
8,259.3,562.1715003750362
8,259.40000000000003,475.743922679583
8,259.5,495.3998478957075
8,259.6,498.60338145789063
8,259.7,495.3936864188652
8,259.8,470.29866823792986
8,259.90000000000003,456.5215839243214
8,260.0,473.3451906014554
8,260.1,489.62514908786244
8,260.2,492.31583586285547
8,260.3,488.0681047689625
8,260.40000000000003,486.01700611708384
8,260.5,486.4129683182661
8,260.6,536.747209668886
8,260.7,516.760031775707
8,260.8,464.3169096644781
8,260.90000000000003,477.6576904220903
8,261.0,490.06635332566043
8,261.1,489.61490254488785
8,261.2,481.3296644719466
8,261.3,495.12750879006694
8,261.40000000000003,497.52156918853314
8,261.5,515.8511463749398
8,261.6,506.4214293580093
8,261.7,471.48845016203114
8,261.8,480.7921036172159
8,261.90000000000003,488.1319792438209
8,262.0,487.13739904017996
8,262.1,486.1489263035739
8,262.2,481.6656118859781
8,262.3,484.12451825254556
8,262.40000000000003,490.8176260031222
8,262.5,489.81525929464806
8,262.6,492.4216428948274
8,262.7,498.795001160909
8,262.8,489.85895821679117
8,262.90000000000003,480.3913339104462
8,263.0,478.526517313521
8,263.1,475.4017590616214
8,263.2,480.4900155096194
8,263.3,490.3891224610601
8,263.40000000000003,500.54907004032145
8,263.5,502.3736075201048
8,263.6,492.84294605691787
8,263.7,542.9464156487337
8,263.8,570.7024797219606
8,263.90000000000003,507.2892218751236
8,264.0,476.28979836153854
8,264.1,473.4598147853189
8,264.2,475.81376783876806
8,264.3,499.6527745587674
8,264.40000000000003,492.3749611349615
8,264.5,472.44740155168796
8,264.6,470.1152523979113
8,264.7,454.2200778785453
8,264.8,452.1739618368642
8,264.90000000000003,465.37980362719327
8,265.0,472.38762511437506
8,265.1,477.0393104483618
8,265.2,483.1686921814428
8,265.3,475.4234495471458
8,265.40000000000003,468.8010978456425
8,265.5,477.86113646338936
8,265.6,483.6939929645208
8,265.7,479.19385796337576
8,265.8,480.8521663931151
8,265.90000000000003,480.31709287308854
8,266.0,479.97386327091806
8,266.1,481.26988367670697
8,266.2,483.3857898806193
8,266.3,486.279872151319
8,266.40000000000003,480.16868883318165
8,266.5,474.27444623420195
8,266.6,490.780962340896
8,266.7,501.1620636703753
8,266.8,480.3240220059645
8,266.90000000000003,477.6879308577663
8,267.0,484.22581071691536
8,267.1,484.1781140978146
8,267.2,486.5986614368805
8,267.3,487.20341470134105
8,267.40000000000003,485.260932396855
8,267.5,475.11195513002286
8,267.6,471.91561597487765
8,267.7,477.24799229187397
8,267.8,476.7713514770398
8,267.90000000000003,466.365762546726
8,268.0,456.6002239926989
8,268.1,464.2133873773725
8,268.2,468.7237915721849
8,268.3,469.3856922730133
8,268.40000000000003,473.74391343198516
8,268.5,464.2103878266837
8,268.6,461.4993170757347
8,268.7,477.77812914435754
8,268.8,482.9135234518431
8,268.90000000000003,486.9507186862141
8,269.0,481.7891340666044
8,269.1,476.9211727366736
8,269.2,481.7829377378393
8,269.3,488.66008385828457
8,269.40000000000003,486.8133195171282
8,269.5,484.5060129961731
8,269.6,478.6536852477115
8,269.7,471.0781743661109
8,269.8,473.1479203597103
8,269.90000000000003,477.27884453477964
8,270.0,472.1842087842958
8,270.1,472.61781770000414
8,270.2,477.18912794244943
8,270.3,483.7329319014207
8,270.40000000000003,488.23298725729694
8,270.5,475.76986439854073
8,270.6,475.43880778320363
8,270.7,482.91581116154595
8,270.8,483.1588496300676
8,270.90000000000003,478.06352933021833
8,271.0,480.04642004570246
8,271.1,484.95009626638176
8,271.2,487.0672281925743
8,271.3,483.7702753340712
8,271.40000000000003,485.74843329457053
8,271.5,480.44455139850646
8,271.6,479.70177455698024
8,271.7,486.9155676759389
8,271.8,485.54851537301164
8,271.90000000000003,480.7311327798788
8,272.0,480.9472889604278
8,272.1,477.8463973288662
8,272.2,462.19653258037005
8,272.3,438.4653258668663
8,272.40000000000003,443.99301826565835
8,272.5,462.5467285759219
8,272.6,476.04054870016085
8,272.7,480.7188463271681
8,272.8,486.4921345358573
8,272.90000000000003,495.3592006771833
8,273.0,494.67409567960806
8,273.1,494.2095844807681
8,273.2,481.2609499212472
8,273.3,486.3461539487986
8,273.40000000000003,485.32602234506675
8,273.5,484.26934752688993
8,273.6,491.3920075532408
8,273.7,486.58296750184286
8,273.8,474.2376509048966
8,273.90000000000003,470.27294993923533
8,274.0,476.15175188179535
8,274.1,485.70492157887765
8,274.2,483.2248679383312
8,274.3,483.0353989510508
8,274.40000000000003,487.73200646014914
8,274.5,492.47389137075675
8,274.6,510.09601400217326
8,274.7,499.94332874974117
8,274.8,463.8960314348241
8,274.90000000000003,479.6683329971897
8,275.0,486.9642867068882
8,275.1,491.76903253588426
8,275.2,487.8994207917234
8,275.3,486.09150765975403
8,275.40000000000003,482.5312380155332
8,275.5,481.41874647511435
8,275.6,488.8977040983088
8,275.7,490.1460788165604
8,275.8,485.590415833255
8,275.90000000000003,478.63576830767556
8,276.0,477.94788821903444
8,276.1,483.2139453232275
8,276.2,485.41981706734146
8,276.3,485.39128038412036
8,276.40000000000003,478.1538667387836
8,276.5,476.3450160130392
8,276.6,491.38729293758496
8,276.7,486.8468063373935
8,276.8,557.8158119074748
8,276.90000000000003,569.2644649415167
8,277.0,437.9426239804222
8,277.1,468.8592946272775
8,277.2,472.7201831697468
8,277.3,485.4121901529346
8,277.40000000000003,486.5753905298838
8,277.5,482.5997187774778
8,277.6,480.48877025026167
8,277.7,479.5347669356034
8,277.8,480.73994354252693
8,277.90000000000003,480.42650074798405
8,278.0,472.47180587903097
8,278.1,477.1960870621346
8,278.2,552.2578414706783
8,278.3,570.7808826359898
8,278.40000000000003,459.6094711327606
8,278.5,471.8825461280376
8,278.6,468.5738401806121
8,278.7,456.3441933813534
8,278.8,471.29839623123524
8,278.90000000000003,472.6718090705891
8,279.0,474.5672094086137
8,279.1,479.40721931084124
8,279.2,480.7535330532694
8,279.3,483.06673093968686
8,279.40000000000003,481.128724487916
8,279.5,528.4314661446667
8,279.6,547.852573492794
8,279.7,461.36276969675254
8,279.8,542.620438069187
8,279.90000000000003,577.7054052522894
8,280.0,457.41253588295564
8,280.1,469.6618131190689
8,280.2,473.63645775713013
8,280.3,473.66671761558246
8,280.40000000000003,479.54700787595317
8,280.5,477.2971162160101
8,280.6,483.31473916922977
8,280.7,496.3509472675482
8,280.8,484.94867312282435
8,280.90000000000003,482.9169277162471
8,281.0,478.52095771819035
8,281.1,476.095703877539
8,281.2,480.89163059939114
8,281.3,484.561343333388
8,281.40000000000003,476.51380500447675
8,281.5,472.72658457912974
8,281.6,472.36671646660113
8,281.7,465.6330874517551
8,281.8,464.51536867404
8,281.90000000000003,480.1976682018406
8,282.0,473.89123663349113
8,282.1,457.0251246848563
8,282.2,478.094104155011
8,282.3,476.7611775162022
8,282.40000000000003,470.24885965651043
8,282.5,499.4009284945058
8,282.6,517.7004146151368
8,282.7,460.27543139325337
8,282.8,455.9712686657392
8,282.90000000000003,456.96133227832445
8,283.0,491.19959749656334
8,283.1,494.1497374205371
8,283.2,483.51724599022174
8,283.3,491.18074515113125
8,283.40000000000003,491.34894180355
8,283.5,475.5601804142624
8,283.6,472.2272030414783
8,283.7,472.87443996254456
8,283.8,481.0670785580531
8,283.90000000000003,497.4325153578654
8,284.0,493.61497961415574
8,284.1,462.7767475224456
8,284.2,469.8103509997646
8,284.3,470.09154940248237
8,284.40000000000003,473.8824972502854
8,284.5,546.5326757222011
8,284.6,746.4285895000888
8,284.7,811.0692078961604
8,284.8,612.1598603644637
8,284.90000000000003,460.05575410612494
8,285.0,477.093523429775
8,285.1,485.48050803194576
8,285.2,487.41583236751836
8,285.3,487.46650355266615
8,285.40000000000003,484.930388819072
8,285.5,585.7500844798582
8,285.6,668.5497250003476
8,285.7,473.9372021647146
8,285.8,470.809335148515
8,285.90000000000003,472.1194864121828
8,286.0,490.9188865879169
8,286.1,499.29755722692516
8,286.2,496.50999632897225
8,286.3,495.6625935589466
8,286.40000000000003,494.05652547680927
8,286.5,497.8140772914517
8,286.6,496.3380585657336
8,286.7,614.2754733952439
8,286.8,706.5033452399833
8,286.90000000000003,475.29191212524853
8,287.0,486.3079424318593
8,287.1,515.1355381242322
8,287.2,519.1310391223595
8,287.3,491.12265116685745
8,287.40000000000003,492.7813067524742
8,287.5,500.3223430249458
8,287.6,499.4317621896419
8,287.7,492.408434889926
8,287.8,499.262701285064
8,287.90000000000003,502.05800104652536
8,288.0,496.8630386735197
8,288.1,501.62808895089705
8,288.2,502.70698871433206
8,288.3,502.42399194169104
8,288.40000000000003,517.0915676232344
8,288.5,522.5531387699675
8,288.6,487.0458357767359
8,288.7,479.75864375674485
8,288.8,482.6952913819555
8,288.90000000000003,484.6519394755122
8,289.0,495.9575140392216
8,289.1,495.83629154207154
8,289.2,476.3465823450373
8,289.3,476.80951052138903
8,289.40000000000003,485.24098662466366
8,289.5,483.58030457118895
8,289.6,482.59424978292816
8,289.7,491.03743218013796
8,289.8,497.4648145949571
8,289.90000000000003,491.7110330458383
8,290.0,572.7047041644132
8,290.1,642.602949247653
8,290.2,449.9859042135703
8,290.3,473.006836417569
8,290.40000000000003,481.5727625108116
8,290.5,484.95352164548575
8,290.6,489.05638852761746
8,290.7,490.8846902108495
8,290.8,495.8437723779742
8,290.90000000000003,495.1896876747504
8,291.0,481.56286149880157
8,291.1,484.45251114891516
8,291.2,485.3584753604962
8,291.3,485.13370388440785
8,291.40000000000003,496.00550740355453
8,291.5,503.9740400523261
8,291.6,494.6292848491273
8,291.7,532.4141783594752
8,291.8,591.7884518991989
8,291.90000000000003,456.9725596712832
8,292.0,473.5328218129657
8,292.1,473.11738578508647
8,292.2,475.3132944885805
8,292.3,471.0464570008517
8,292.40000000000003,475.7201229205411
8,292.5,474.7361767596136
8,292.6,482.8381226915102
8,292.7,480.98549233042115
8,292.8,477.53245288288065
8,292.90000000000003,477.559098542971
8,293.0,498.19416792632654
8,293.1,507.6453646640379
8,293.2,457.59367104877265
8,293.3,474.5699637584924
8,293.40000000000003,480.3799738678778
8,293.5,481.39202553741023
8,293.6,477.5721686975046
8,293.7,477.2203367967062
8,293.8,469.0638239524015
8,293.90000000000003,461.107199598748
8,294.0,476.6448856076076
8,294.1,471.65636239792946
8,294.2,469.98758777132144
8,294.3,479.4236671748075
8,294.40000000000003,478.7815373363998
8,294.5,488.97477475749434
8,294.6,483.0512109009402
8,294.7,494.74876371635844
8,294.8,493.22550798136245
8,294.90000000000003,470.6973737165266
8,295.0,478.10479220618305
8,295.1,491.574284263194
8,295.2,480.08289734184785
8,295.3,480.6194415874811
8,295.40000000000003,485.12800470196163
8,295.5,475.6084833538253
8,295.6,468.24344134553047
8,295.7,485.27678768885335
8,295.8,488.1516746830325
8,295.90000000000003,473.60853200659346
8,296.0,474.4688276101994
8,296.1,486.55539559228214
8,296.2,485.2422481963252
8,296.3,481.0720445274172
8,296.40000000000003,470.669305873018
8,296.5,526.854452245357
8,296.6,596.7590240816129
8,296.7,450.202450056941
8,296.8,495.527047613426
8,296.90000000000003,508.14323809035056
8,297.0,451.7162339440469
8,297.1,474.82431276020924
8,297.2,476.5742437291962
8,297.3,474.9561975199275
8,297.40000000000003,483.29062407682176
8,297.5,486.91676537444306
8,297.6,480.8286805895621
8,297.7,481.53624771896637
8,297.8,477.63063207668625
8,297.90000000000003,479.77378015659417
8,298.0,477.48335530642396
8,298.1,486.1463611979912
8,298.2,484.64812157303794
8,298.3,484.62722106140984
8,298.40000000000003,483.9057251186626
8,298.5,486.8700565697866
8,298.6,486.7460812364147
8,298.7,479.22614107277235
8,298.8,482.5510258120619
8,298.90000000000003,500.4631681015707
8,299.0,527.916469656464
8,299.1,444.7862843448225
8,299.2,470.55066997178074
8,299.3,496.28374553754526
8,299.40000000000003,543.4650186817269
8,299.5,692.6233141029613
8,299.6,441.0583770624152
8,299.7,449.0544521127945
8,299.8,466.25516685307804
8,299.90000000000003,472.4519242545332
8,300.0,478.3699648517081
8,300.1,488.73631970443864
8,300.2,484.55340818339806
8,300.3,479.54712589521426
8,300.40000000000003,477.903552413879
8,300.5,474.4862557455174
8,300.6,474.1779627037814
8,300.7,480.43869936808403
8,300.8,479.46463651461954
8,300.90000000000003,483.11677036441085
8,301.0,488.032467607728
8,301.1,472.5110577271839
8,301.2,485.3079149715744
8,301.3,474.0911139459861
8,301.40000000000003,481.43227883047973
8,301.5,482.6817525983464
8,301.6,477.4156033682474
8,301.7,474.13051578626295
8,301.8,474.8474548441593
8,301.90000000000003,472.72400137005803
8,302.0,473.3468761591613
8,302.1,495.52232964108873
8,302.2,478.85927901027577
8,302.3,471.64268626206297
8,302.40000000000003,473.2182750673156
8,302.5,481.2014862491124
8,302.6,482.9748638584064
8,302.7,471.94322090033023
8,302.8,474.1337159432717
8,302.90000000000003,471.58902345212823
8,303.0,472.3664122830428
8,303.1,473.04953897449894
8,303.2,481.486798389782
8,303.3,486.387482942067
8,303.40000000000003,483.73530584753155
8,303.5,492.78109347023684
8,303.6,486.6271321852325
8,303.7,482.3648040945486
8,303.8,485.35667976440334
8,303.90000000000003,495.7969412339586
8,304.0,480.95316886468095
8,304.1,490.2253001584514
8,304.2,491.78535144251424
8,304.3,488.62342746295934
8,304.40000000000003,484.56336310119514
8,304.5,479.28291511241144
8,304.6,483.70490322150437
8,304.7,490.7148931278358
8,304.8,486.3809903390515
8,304.90000000000003,509.9667072513894
8,305.0,574.2686886822348
8,305.1,450.83210909662796
8,305.2,459.3340441531113
8,305.3,484.37402842826407
8,305.40000000000003,486.063981959362
8,305.5,477.1347087138749
8,305.6,477.51516694561167
8,305.7,484.67258892732883
8,305.8,492.2542642188258
8,305.90000000000003,477.15958542337364
8,306.0,482.9577341116485
8,306.1,497.0744029621745
8,306.2,498.97607554505305
8,306.3,479.8387139922938
8,306.40000000000003,480.2400786130298
8,306.5,491.6638628578781
8,306.6,491.17234689392984
8,306.7,482.10799008810824
8,306.8,497.6113098469382
8,306.90000000000003,489.51599784510046
8,307.0,493.38015327395846
8,307.1,476.39192404024413
8,307.20000000000005,471.74566130373705
8,307.3,474.7733084555571
8,307.40000000000003,497.05108208334593
8,307.5,545.0343134020029
8,307.6,653.400190322591
8,307.70000000000005,457.73233916687116
8,307.8,476.2571417615364
8,307.90000000000003,481.25838696870403
8,308.0,478.87733516331645
8,308.1,478.33318316911766
8,308.20000000000005,481.2199121980963
8,308.3,477.02894660172785
8,308.40000000000003,471.5990920140234
8,308.5,480.3438354180664
8,308.6,486.3740471275262
8,308.70000000000005,485.329442344315
8,308.8,484.62287249333826
8,308.90000000000003,471.1968643750166
8,309.0,492.5093375712407
8,309.1,526.8606089480799
8,309.20000000000005,467.5379086966978
8,309.3,468.1373511574943
8,309.40000000000003,477.6704710164459
8,309.5,486.80380873106077
8,309.6,474.8331395719125
8,309.70000000000005,480.6196991128937
8,309.8,483.4523649812728
8,309.90000000000003,489.2412314493297
8,310.0,473.0985127378519
8,310.1,450.8249205618436
8,310.20000000000005,452.33298716719554
8,310.3,457.62380640237734
8,310.40000000000003,472.17962093166614
8,310.5,472.56124922802735
8,310.6,480.7152583928724
8,310.70000000000005,452.3905439480009
8,310.8,455.58644196478485
8,310.90000000000003,471.57736359400695
8,311.0,491.8013855583883
8,311.1,502.53851365418376
8,311.20000000000005,599.2330198490108
8,311.3,458.5212284852541
8,311.40000000000003,479.10391104547796
8,311.5,512.5955110369806
8,311.6,469.8257662920939
8,311.70000000000005,478.15138964991354
8,311.8,486.4549977261121
8,311.90000000000003,490.4710296535245
8,312.0,481.8046251611412
8,312.1,488.57749837716887
8,312.20000000000005,482.9527985669988
8,312.3,484.327629793421
8,312.40000000000003,498.8721548939294
8,312.5,500.49939667731815
8,312.6,502.04728426989107
8,312.70000000000005,485.731596267625
8,312.8,485.90300105034277
8,312.90000000000003,476.5536723307623
8,313.0,475.72699709534373
8,313.1,472.0619195899636
8,313.20000000000005,477.2401394277496
8,313.3,481.37859010991787
8,313.40000000000003,475.20040425952965
8,313.5,480.2197513885877
8,313.6,477.5442814011025
8,313.70000000000005,481.9136985900487
8,313.8,477.8055254416539
8,313.90000000000003,487.5421509586345
8,314.0,481.65354888588644
8,314.1,488.6498448053592
8,314.20000000000005,484.2233631362624
8,314.3,484.53818505298267
8,314.40000000000003,485.9512511921238
8,314.5,478.4740889554984
8,314.6,476.09985431609203
8,314.70000000000005,455.44251237398277
8,314.8,467.96801975180426
8,314.90000000000003,480.44472312811604
8,315.0,504.75696405757463
8,315.1,497.3796001335213
8,315.20000000000005,733.7957992649726
8,315.3,448.33829919578636
8,315.40000000000003,472.6700951570171
8,315.5,481.5237399844164
8,315.6,476.88804362390545
8,315.70000000000005,482.9503887471186
8,315.8,479.71366865120353
8,315.90000000000003,474.9367851799583
8,316.0,471.96481745702704
8,316.1,483.8741789769624
8,316.20000000000005,479.16103192312534
8,316.3,483.82955427389425
8,316.40000000000003,478.48997454788554
8,316.5,489.9006282358604
8,316.6,492.55739662836663
8,316.70000000000005,509.55751077983683
8,316.8,467.19546826378854
8,316.90000000000003,478.1800785419995
8,317.0,485.7755992418249
8,317.1,527.7685497676673
8,317.20000000000005,475.81161582023486
8,317.3,471.39817395121116
8,317.40000000000003,474.7003466294951
8,317.5,473.9722678984604
8,317.6,459.79310687912846
8,317.70000000000005,479.0193202925142
8,317.8,490.2263704389422
8,317.90000000000003,481.753577450176
8,318.0,479.41349233470896
8,318.1,523.1207007811687
8,318.20000000000005,707.0087799804121
8,318.3,446.03875920252534
8,318.40000000000003,471.85789156375756
8,318.5,529.8544642555888
8,318.6,755.0436034111257
8,318.70000000000005,444.40437149680184
8,318.8,471.4128788644474
8,318.90000000000003,513.0027331956803
8,319.0,658.6917064857639
8,319.1,446.9059326186412
8,319.20000000000005,466.2895281302009
8,319.3,471.78228834106096
8,319.40000000000003,492.2984876928564
8,319.5,599.6287019181738
8,319.6,457.9696020645249
8,319.70000000000005,463.3582437385482
8,319.8,468.613568431741
8,319.90000000000003,488.00446260923906
8,320.0,473.1892663236955
8,320.1,493.8390239517735
8,320.20000000000005,472.37212844092323
8,320.3,467.8388295402136
8,320.40000000000003,479.99987930689997
8,320.5,495.0991220496643
8,320.6,492.6047299788375
8,320.70000000000005,483.43981716918574
8,320.8,499.7232676642619
8,320.90000000000003,483.3621424718234
8,321.0,481.4281642656653
8,321.1,483.8429889699292
8,321.20000000000005,476.8869407125723
8,321.3,483.36904697001637
8,321.40000000000003,497.7903627071585
8,321.5,505.968105761762
8,321.6,501.1364780171325
8,321.70000000000005,467.9076211577834
8,321.8,480.0269377941848
8,321.90000000000003,486.5963764125248
8,322.0,470.43087971625056
8,322.1,484.146606726247
8,322.20000000000005,516.7808365626564
8,322.3,488.8829428888677
8,322.40000000000003,480.91341883685004
8,322.5,479.37937472656824
8,322.6,468.6370996147193
8,322.70000000000005,445.1178725059004
8,322.8,455.44651902935465
8,322.90000000000003,481.48454054747964
8,323.0,476.85381188394814
8,323.1,500.69762156721293
8,323.20000000000005,484.923401171389
8,323.3,471.9858029333213
8,323.40000000000003,481.14691468249316
8,323.5,477.28308765450043
8,323.6,486.2433285334378
8,323.70000000000005,481.029021511997
8,323.8,473.25813306329366
8,323.90000000000003,481.7753520799389
8,324.0,458.6448979779543
8,324.1,456.7589543175498
8,324.20000000000005,460.89899882428375
8,324.3,463.3686322968065
8,324.40000000000003,478.3843802113094
8,324.5,486.03609028176567
8,324.6,491.7899340856728
8,324.70000000000005,473.688278778278
8,324.8,478.1605770672659
8,324.90000000000003,483.2005409940598
8,325.0,484.394901118016
8,325.1,488.5947954172819
8,325.20000000000005,474.036250955395
8,325.3,489.8269215991457
8,325.40000000000003,485.7413263135272
8,325.5,474.72786725435975
8,325.6,487.87256204149577
8,325.70000000000005,500.44592308543184
8,325.8,504.45270230547504
8,325.90000000000003,477.3099341250526
8,326.0,462.77881019936
8,326.1,475.9659032247121
8,326.20000000000005,465.36714515887195
8,326.3,471.8414224681307
8,326.40000000000003,479.95742833995115
8,326.5,483.44544824217587
8,326.6,483.76402654936965
8,326.70000000000005,487.73464466544687
8,326.8,496.44130449227913
8,326.90000000000003,595.6536054485416
8,327.0,464.05407043256974
8,327.1,478.6212585421923
8,327.20000000000005,495.6856492837327
8,327.3,494.70394057998976
8,327.40000000000003,493.8054145983443
8,327.5,490.29737259200135
8,327.6,483.55416558051667
8,327.70000000000005,484.22626882157306
8,327.8,484.75239027769163
8,327.90000000000003,485.1803345536374
8,328.0,492.6109914360264
8,328.1,481.8837376917902
8,328.20000000000005,498.6656567184913
8,328.3,475.3271447245377
8,328.40000000000003,457.2488410718937
8,328.5,462.133981425661
8,328.6,474.13030286953125
8,328.70000000000005,468.6564768279201
8,328.8,486.50332002173184
8,328.90000000000003,490.67548745529524
8,329.0,499.5157537833568
8,329.1,518.9586676413912
8,329.20000000000005,498.4879732854172
8,329.3,513.2687535192997
8,329.40000000000003,714.4489710726973
8,329.5,451.85468716432274
8,329.6,466.8539314411858
8,329.70000000000005,489.3177008566447
8,329.8,492.44439908069694
8,329.90000000000003,504.69860101507214
8,330.0,500.44130288083494
8,330.1,496.99038823720053
8,330.20000000000005,497.2500089414805
8,330.3,494.3435448643306
8,330.40000000000003,486.92377733311963
8,330.5,493.2475002049209
8,330.6,493.69174400834675
8,330.70000000000005,485.16763618367344
8,330.8,496.2243390691496
8,330.90000000000003,497.82700634365875
8,331.0,470.55426305718976
8,331.1,485.87470173564355
8,331.20000000000005,495.1007270701808
8,331.3,491.03872757729187
8,331.40000000000003,491.2021365777915
8,331.5,502.11380923810094
8,331.6,497.7418776691195
8,331.70000000000005,490.78818822645803
8,331.8,479.11337114004834
8,331.90000000000003,475.3102529492659
8,332.0,481.1229395483161
8,332.1,485.78488790768097
8,332.20000000000005,494.3260040870955
8,332.3,470.98229608933093
8,332.40000000000003,503.1469173705932
8,332.5,501.69764161926844
8,332.6,521.4035587504391
8,332.70000000000005,490.60507957136775
8,332.8,500.0897529614172
8,332.90000000000003,506.5441084415845
8,333.0,537.2800567070185
8,333.1,509.16652146628905
8,333.20000000000005,481.58886970376193
8,333.3,463.39369231385297
8,333.40000000000003,479.6569348477285
8,333.5,502.9901370096077
8,333.6,599.1248913010058
8,333.70000000000005,448.7238836586838
8,333.8,465.9156094852321
8,333.90000000000003,484.66049582506463
8,334.0,488.2604586368521
8,334.1,477.76677909355504
8,334.20000000000005,490.5402623198874
8,334.3,491.76461588146617
8,334.40000000000003,496.77999947624227
8,334.5,504.9030492759908
8,334.6,491.2610667545121
8,334.70000000000005,474.87284390776534
8,334.8,480.9990952348288
8,334.90000000000003,492.0422581828697
8,335.0,482.1777407914866
8,335.1,553.9740876327032
8,335.20000000000005,473.63391793341776
8,335.3,471.29156740056635
8,335.40000000000003,473.96474247800495
8,335.5,489.0799367583282
8,335.6,528.8151669374944
8,335.70000000000005,452.3904206827244
8,335.8,462.19083114326645
8,335.90000000000003,485.77739440335483
8,336.0,485.4310058237343
8,336.1,484.93282550242856
8,336.20000000000005,485.73377565987084
8,336.3,471.87451145731706
8,336.40000000000003,485.15224710124863
8,336.5,511.38563076050593
8,336.6,487.0588035013863
8,336.70000000000005,476.18068622103243
8,336.8,498.1078526910979
8,336.90000000000003,474.6722413131167
8,337.0,472.809961577228
8,337.1,485.0551665480827
8,337.20000000000005,488.2560005823534
8,337.3,472.63074002411435
8,337.40000000000003,473.1095194474777
8,337.5,442.93302291535116
8,337.6,469.30417058817983
8,337.70000000000005,472.1708360848039
8,337.8,478.6709635408341
8,337.90000000000003,469.93372161468653
8,338.0,472.59256927754626
8,338.1,481.4557396472951
8,338.20000000000005,473.9655549666266
8,338.3,470.25818615395025
8,338.40000000000003,482.68124448770476
8,338.5,479.54563578525983
8,338.6,480.51712634192626
8,338.70000000000005,481.40086733022355
8,338.8,479.5159099821522
8,338.90000000000003,479.7517137665129
8,339.0,477.9591453059882
8,339.1,473.09990877793086
8,339.20000000000005,464.71591598993723
8,339.3,469.90253997602895
8,339.40000000000003,472.4339791618566
8,339.5,487.0556779612553
8,339.6,477.4174208214207
8,339.70000000000005,484.2108776169592
8,339.8,477.40181961350356
8,339.90000000000003,458.7798837550277
8,340.0,475.524994690915
8,340.1,485.1936281689385
8,340.20000000000005,477.48078118552627
8,340.3,468.0429422483499
8,340.40000000000003,474.1970880858051
8,340.5,480.26677068594535
8,340.6,483.70292152367995
8,340.70000000000005,481.01700426334276
8,340.8,487.29909857268683
8,340.90000000000003,477.55849872730204
8,341.0,500.38746068772946
8,341.1,497.1911264262462
8,341.20000000000005,488.78283237575096
8,341.3,498.0407252507328
8,341.40000000000003,483.7031482125093
8,341.5,501.908142057883
8,341.6,493.45511672567886
8,341.70000000000005,488.3644341965529
8,341.8,508.9328681641831
8,341.90000000000003,489.1079563544384
8,342.0,476.50614197141084
8,342.1,489.5071834701852
8,342.20000000000005,477.22114452563164
8,342.3,501.06126842930433
8,342.40000000000003,498.19288331454413
8,342.5,485.8804345796508
8,342.6,497.2274812060151
8,342.70000000000005,472.2765677947381
8,342.8,493.98381944803225
8,342.90000000000003,495.87618395835887
8,343.0,475.28985557694875
8,343.1,482.3884724957458
8,343.20000000000005,478.8546527979273
8,343.3,481.9659822858296
8,343.40000000000003,490.1687979336099
8,343.5,491.72458573089773
8,343.6,525.8959249408283
8,343.70000000000005,453.16214219691074
8,343.8,474.6546740073023
8,343.90000000000003,484.88544687394085
8,344.0,480.09857011733084
8,344.1,499.1637679956277
8,344.20000000000005,468.9835733168484
8,344.3,478.75561981184336
8,344.40000000000003,449.0683648092482
8,344.5,468.3378070456365
8,344.6,484.3976011399611
8,344.70000000000005,479.2645676762886
8,344.8,473.900019916982
8,344.90000000000003,483.9753711785675
8,345.0,467.7192869308908
8,345.1,495.38305084016616
8,345.20000000000005,821.5445070505549
8,345.3,451.2581939422551
8,345.40000000000003,466.25494639147274
8,345.5,481.2827758047567
8,345.6,501.6487243324334
8,345.70000000000005,477.47660486382387
8,345.8,482.4908981018067
8,345.90000000000003,490.73352129779715
8,346.0,472.98888994316894
8,346.1,476.80292046940997
8,346.20000000000005,472.84726121923205
8,346.3,481.81966175181776
8,346.40000000000003,484.11302392725116
8,346.5,465.5204237164548
8,346.6,495.1403507389418
8,346.70000000000005,483.4946625223936
8,346.8,472.84935330351425
8,346.90000000000003,470.46915400848223
8,347.0,485.1079712720506
8,347.1,586.7737596843375
8,347.20000000000005,458.31965014839545
8,347.3,480.6996222936263
8,347.40000000000003,503.01145128506465
8,347.5,462.0261141176919
8,347.6,483.9932027593554
8,347.70000000000005,493.05127481074686
8,347.8,482.9046668854135
8,347.90000000000003,489.0805192639935
8,348.0,482.861194008085
8,348.1,476.5467334026728
8,348.20000000000005,470.519477071987
8,348.3,477.3854167687279
8,348.40000000000003,478.46731718430976
8,348.5,482.7851088744171
8,348.6,466.9895690354858
8,348.70000000000005,482.63857969080607
8,348.8,489.04818692230225
8,348.90000000000003,479.6293129447615
8,349.0,487.6687701926995
8,349.1,483.3554277867456
8,349.20000000000005,478.86589075192717
8,349.3,483.725747187724
8,349.40000000000003,490.36565855622973
8,349.5,476.72480345228564
8,349.6,479.7656019729607
8,349.70000000000005,474.59172917364407
8,349.8,467.4692991405
8,349.90000000000003,483.80624520132676
8,350.0,487.3979406476149
8,350.1,486.5114895493437
8,350.20000000000005,479.6462122121184
8,350.3,479.13494721278346
8,350.40000000000003,481.1224792611802
8,350.5,504.2526744099047
8,350.6,523.6449366077685
8,350.70000000000005,483.1247927135889
8,350.8,464.288125839048
8,350.90000000000003,484.12658500778696
8,351.0,471.81897487489874
8,351.1,499.7332090196462
8,351.20000000000005,473.8736017866167
8,351.3,486.269191802413
8,351.40000000000003,476.4511963377521
8,351.5,492.32098069178824
8,351.6,472.24094549626244
8,351.70000000000005,485.69506150254193
8,351.8,491.9588366292168
8,351.90000000000003,484.6850246397091
8,352.0,476.1078112819095
8,352.1,452.29603783979013
8,352.20000000000005,470.8485434677026
8,352.3,474.3990192153727
8,352.40000000000003,490.8808130290532
8,352.5,485.67056895824544
8,352.6,501.5744804795154
8,352.70000000000005,487.03809693014875
8,352.8,497.1977814292093
8,352.90000000000003,481.7579717311215
8,353.0,482.1015663155888
8,353.1,476.0754554834329
8,353.20000000000005,475.48207572016446
8,353.3,500.14324349537895
8,353.40000000000003,481.9413168410751
8,353.5,515.0668414425751
8,353.6,508.7526237368244
8,353.70000000000005,484.4877904137254
8,353.8,492.09980250199663
8,353.90000000000003,506.84997880989937
8,354.0,482.89452968481555
8,354.1,484.69892432463416
8,354.20000000000005,488.63547286851446
8,354.3,478.314947486208
8,354.40000000000003,476.85734823681867
8,354.5,490.1669079696711
8,354.6,483.50755539171826
8,354.70000000000005,481.7032283240196
8,354.8,479.60117277213425
8,354.90000000000003,489.77223046339043
8,355.0,477.759586157842
8,355.1,489.8298867633668
8,355.20000000000005,482.23909609900886
8,355.3,498.8920019496384
8,355.40000000000003,453.49248904575984
8,355.5,474.73348441856143
8,355.6,491.13565044106025
8,355.70000000000005,489.45405147722033
8,355.8,493.02559906498675
8,355.90000000000003,496.93533765860695
8,356.0,478.2011466486204
8,356.1,491.32870067578534
8,356.20000000000005,495.9020954956519
8,356.3,462.93622127867036
8,356.40000000000003,478.7752815404731
8,356.5,471.18765493207775
8,356.6,487.1648211016975
8,356.70000000000005,496.1362914896292
8,356.8,516.3646781196409
8,356.90000000000003,477.81589013427964
8,357.0,477.9906541271331
8,357.1,475.51191410679456
8,357.20000000000005,506.59938429353815
8,357.3,482.36281457393284
8,357.40000000000003,495.16917768215717
8,357.5,481.27075074940547
8,357.6,479.08064804222437
8,357.70000000000005,491.7341009898504
8,357.8,485.4459620496388
8,357.90000000000003,462.99463977571685
8,358.0,485.9515789241675
8,358.1,482.79717148419326
8,358.20000000000005,493.83517720732283
8,358.3,491.65538383857603
8,358.40000000000003,491.3114651290897
8,358.5,490.65499692143464
8,358.6,475.433505365313
8,358.70000000000005,469.2287445297992
8,358.8,483.84126382489154
8,358.90000000000003,483.71107016107464
8,359.0,481.7731136887855
8,359.1,488.77100023828814
8,359.20000000000005,476.4617617234349
8,359.3,484.2737197598066
8,359.40000000000003,485.7358819982945
8,359.5,483.94975571642345
8,359.6,528.9028208105185
8,359.70000000000005,461.86795112880424
8,359.8,469.08984145608764
8,359.90000000000003,488.3367138641673
8,360.0,478.4005188003965
8,360.1,482.84587567624374
8,360.20000000000005,485.0042296487282
8,360.3,479.5979037938965
8,360.40000000000003,483.7304365371985
8,360.5,494.28086671162276
8,360.6,487.90278044687636
8,360.70000000000005,476.5979736571411
8,360.8,505.4843915351164
8,360.90000000000003,474.96123624786406
8,361.0,496.60641278706805
8,361.1,498.6300538047479
8,361.20000000000005,472.06273722726604
8,361.3,481.8583750222214
8,361.40000000000003,473.6883915179526
8,361.5,467.0225096267949
8,361.6,483.3796699561357
8,361.70000000000005,495.3248467294849
8,361.8,469.55427074589045
8,361.90000000000003,496.44358233028714
8,362.0,497.7370417095581
8,362.1,490.6331073215349
8,362.20000000000005,494.34606782157203
8,362.3,500.6681438672082
8,362.40000000000003,474.9382676010596
8,362.5,483.6961991231101
8,362.6,490.54847192205466
8,362.70000000000005,477.38018519282093
8,362.8,471.7456860792667
8,362.90000000000003,498.4684827751629
8,363.0,470.94930555052514
8,363.1,480.9645217113479
8,363.20000000000005,477.88303049428856
8,363.3,472.9778559694232
8,363.40000000000003,484.983085940997
8,363.5,490.94813329457287
8,363.6,481.23712565916355
8,363.70000000000005,495.1980732676363
8,363.8,489.7080653266825
8,363.90000000000003,457.3024813571399
8,364.0,460.43392938891736
8,364.1,491.4254964874943
8,364.20000000000005,491.6497783040186
8,364.3,489.34701363966684
8,364.40000000000003,482.2620708362695
8,364.5,499.85744636265935
8,364.6,486.4118541254982
8,364.70000000000005,450.16422656945986
8,364.8,596.9417952914118
8,364.90000000000003,466.0653669079921
8,365.0,480.14478665856507
8,365.1,481.10959876852036
8,365.20000000000005,471.89768560119643
8,365.3,486.31818618545253
8,365.40000000000003,490.6321006002473
8,365.5,484.4021083165741
8,365.6,484.6964020702575
8,365.70000000000005,480.6510647979867
8,365.8,468.25805230032944
8,365.90000000000003,669.0692490552419
8,366.0,473.0442690919229
8,366.1,471.33591100802005
8,366.20000000000005,477.3058005652007
8,366.3,477.81594413652766
8,366.40000000000003,489.0579260460793
8,366.5,486.60810029428234
8,366.6,487.3109052418878
8,366.70000000000005,471.39068778959637
8,366.8,481.8660449281215
8,366.90000000000003,491.14491696953525
8,367.0,485.2203954496931
8,367.1,479.72775954642617
8,367.20000000000005,483.2593838577182
8,367.3,482.0483746145556
8,367.40000000000003,481.526496276986
8,367.5,487.3736839697385
8,367.6,491.3847029559441
8,367.70000000000005,485.32627544284884
8,367.8,480.65636583349965
8,367.90000000000003,496.68462492488914
8,368.0,482.40349534525194
8,368.1,478.1148717321732
8,368.20000000000005,576.1393132803756
8,368.3,469.2538172988788
8,368.40000000000003,472.97897927945894
8,368.5,482.82182231446313
8,368.6,483.2404952134046
8,368.70000000000005,483.4420709462504
8,368.8,483.88714176928653
8,368.90000000000003,489.372905853284
8,369.0,486.8761182185897
8,369.1,483.12973601267583
8,369.20000000000005,484.2234132963522
8,369.3,484.615976976415
8,369.40000000000003,657.1798881354911
8,369.5,493.3515555317268
8,369.6,492.57477806235255
8,369.70000000000005,486.63974877296806
8,369.8,491.34191802543586
8,369.90000000000003,496.22550328124487
8,370.0,475.9907015304846
8,370.1,473.67373250760147
16,0.0,461.807
16,0.1,464.0919313726425
16,0.2,497.0998906790625
16,0.30000000000000004,506.39301467835696
16,0.4,505.79938285681607
16,0.5,509.35498950699053
16,0.6000000000000001,517.5664071016067
16,0.7000000000000001,508.928765739159
16,0.8,504.15312002630304
16,0.9,504.2213110921034
16,1.0,501.14324738453473
16,1.1,502.5959253804384
16,1.2000000000000002,367.6018135411581
16,1.3,492.2773154971255
16,1.4000000000000001,511.2070845319953
16,1.5,512.3462543291179
16,1.6,508.3864906195947
16,1.7000000000000002,509.42368342232237
16,1.8,537.6524022014991
16,1.9000000000000001,478.1388555020002
16,2.0,483.3670504037302
16,2.1,481.28485533242
16,2.2,482.2363063527349
16,2.3000000000000003,509.05853892141096
16,2.4000000000000004,513.6056359530055
16,2.5,496.00519396064936
16,2.6,505.11641107706674
16,2.7,485.3418265612603
16,2.8000000000000003,484.1205819185538
16,2.9000000000000004,508.95284448357194
16,3.0,490.62218765859205
16,3.1,506.38547319244236
16,3.2,495.1487119459633
16,3.3000000000000003,502.18892224062137
16,3.4000000000000004,485.58051488960234
16,3.5,558.0589645991976
16,3.6,488.55079792435026
16,3.7,480.2163431419595
16,3.8000000000000003,593.6604835972812
16,3.9000000000000004,678.1855632550653
16,4.0,495.0569667060584
16,4.1000000000000005,497.58018246499364
16,4.2,500.01071547773626
16,4.3,488.03316924330505
16,4.4,485.10804840258373
16,4.5,492.55697936953055
16,4.6000000000000005,495.0205248827466
16,4.7,496.78384731761537
16,4.800000000000001,498.39530715140023
16,4.9,495.38657655894093
16,5.0,483.7045939672631
16,5.1000000000000005,490.33959981797216
16,5.2,492.5772118580183
16,5.300000000000001,505.88615204519243
16,5.4,498.63120485043424
16,5.5,509.41742321978694
16,5.6000000000000005,497.67297621408613
16,5.7,504.8663222345069
16,5.800000000000001,507.3091173904961
16,5.9,490.76903654628813
16,6.0,513.0388876233142
16,6.1000000000000005,509.1569257233813
16,6.2,473.79914476339803
16,6.300000000000001,498.1844462270556
16,6.4,473.82742231902023
16,6.5,487.92276954438336
16,6.6000000000000005,478.27917355043024
16,6.7,483.72332145679144
16,6.800000000000001,494.2896875018467
16,6.9,495.8934014173446
16,7.0,500.2366609922318
16,7.1000000000000005,498.09447297192963
16,7.2,489.0186800141067
16,7.300000000000001,499.5470630640849
16,7.4,498.1878577517782
16,7.5,502.0533215842235
16,7.6000000000000005,496.84607716836763
16,7.7,491.4774738752177
16,7.800000000000001,493.5993567452678
16,7.9,499.87046608382343
16,8.0,455.278550036577
16,8.1,506.1038918062632
16,8.200000000000001,483.58945155101054
16,8.3,526.0343305653847
16,8.4,495.1598416425599
16,8.5,485.91288870673344
16,8.6,470.6499594046663
16,8.700000000000001,552.972791691964
16,8.8,487.44705183206526
16,8.9,486.1069881046562
16,9.0,498.10989460440913
16,9.1,498.4910583836306
16,9.200000000000001,574.0229707037989
16,9.3,495.5004766960084
16,9.4,585.4517819771814
16,9.5,457.332217207099
16,9.600000000000001,479.7853467806003
16,9.700000000000001,473.883956876622
16,9.8,488.21690517872855
16,9.9,499.46548012972335
16,10.0,475.9136712258587
16,10.100000000000001,493.7003274352824
16,10.200000000000001,555.1661621731865
16,10.3,438.9539057777315
16,10.4,485.5175509321744
16,10.5,511.7361172691835
16,10.600000000000001,483.19838271567363
16,10.700000000000001,537.7437017692172
16,10.8,485.8222284914347
16,10.9,532.3752914424603
16,11.0,512.8284750360407
16,11.100000000000001,507.1022881211262
16,11.200000000000001,511.11308789263745
16,11.3,593.1196830531097
16,11.4,360.50761374623426
16,11.5,505.80596447387546
16,11.600000000000001,501.96321582075177
16,11.700000000000001,690.191146569766
16,11.8,451.6492033568976
16,11.9,475.3005061837419
16,12.0,482.4078478772152
16,12.100000000000001,648.3512126068146
16,12.200000000000001,468.00189930135053
16,12.3,494.9023948572901
16,12.4,504.4852804256658
16,12.5,452.869803944603
16,12.600000000000001,473.7730282721418
16,12.700000000000001,479.90288371661893
16,12.8,475.20309272106425
16,12.9,476.15060613056033
16,13.0,527.4604716795898
16,13.100000000000001,539.3264822089736
16,13.200000000000001,550.6747430118597
16,13.3,505.76146290505875
16,13.4,492.3318103159454
16,13.5,501.9919017609493
16,13.600000000000001,492.43035503756624
16,13.700000000000001,492.463765868165
16,13.8,467.2438501330828
16,13.9,469.59957705546935
16,14.0,478.3166139105529
16,14.100000000000001,516.6845218583953
16,14.200000000000001,491.94789769915525
16,14.3,492.9355525566943
16,14.4,523.4485296449413
16,14.5,502.72313087261114
16,14.600000000000001,507.152629686748
16,14.700000000000001,516.8792520667675
16,14.8,502.121375756377
16,14.9,507.65223764960984
16,15.0,533.9126643004711
16,15.100000000000001,465.2129196208358
16,15.200000000000001,494.36311718391113
16,15.3,513.6037714980151
16,15.4,495.9633322961518
16,15.5,521.7039271868142
16,15.600000000000001,504.74930171514876
16,15.700000000000001,507.48848815490675
16,15.8,508.40986587740747
16,15.9,756.3468099031616
16,16.0,462.3727383775645
16,16.1,434.4208930054681
16,16.2,461.94003015757636
16,16.3,491.22074953927995
16,16.400000000000002,478.73806481393643
16,16.5,522.9144272067443
16,16.6,498.16649575353756
16,16.7,492.7490076460987
16,16.8,510.181567183185
16,16.900000000000002,481.70856500852994
16,17.0,508.752674268762
16,17.1,496.9243078506034
16,17.2,467.5726415415081
16,17.3,499.33825217196556
16,17.400000000000002,511.0451560448361
16,17.5,505.34448657252744
16,17.6,504.5942429298106
16,17.7,496.76237241970927
16,17.8,531.095457743613
16,17.900000000000002,487.3462481667248
16,18.0,499.5070578556706
16,18.1,492.46459549738233
16,18.2,514.4644154118898
16,18.3,510.332311369469
16,18.400000000000002,527.9756696891283
16,18.5,507.7213828197412
16,18.6,486.09742120116056
16,18.7,481.3442143217619
16,18.8,450.3012866486375
16,18.900000000000002,472.6603155165846
16,19.0,502.72767284519836
16,19.1,491.4203012511584
16,19.200000000000003,482.85442195466555
16,19.3,519.2191169292063
16,19.400000000000002,499.38656532514483
16,19.5,521.9057015517176
16,19.6,480.5146788646413
16,19.700000000000003,509.7893799685984
16,19.8,606.313956755753
16,19.900000000000002,477.6135794215514
16,20.0,510.2721763778064
16,20.1,511.5056517213034
16,20.200000000000003,507.78804679640507
16,20.3,501.169122410897
16,20.400000000000002,480.9731136560954
16,20.5,502.78402439535773
16,20.6,506.6209704901004
16,20.700000000000003,482.7585442434054
16,20.8,525.4316619424752
16,20.900000000000002,474.92060453644285
16,21.0,475.5963946923665
16,21.1,485.99511921717954
16,21.200000000000003,498.38936296712836
16,21.3,524.1468831299784
16,21.400000000000002,507.02426791288497
16,21.5,433.94374742798595
16,21.6,454.80583150908706
16,21.700000000000003,482.08181141795257
16,21.8,497.20116441469895
16,21.900000000000002,506.01506501904873
16,22.0,511.23256548589075
16,22.1,513.9215612292063
16,22.200000000000003,507.91181824878885
16,22.3,627.6627983532005
16,22.400000000000002,492.30430669627
16,22.5,491.7367582191895
16,22.6,495.0842739109303
16,22.700000000000003,509.3684820707093
16,22.8,516.7698624906772
16,22.900000000000002,506.9176078772727
16,23.0,489.44505692662926
16,23.1,485.3652508191135
16,23.200000000000003,509.53901942568007
16,23.3,523.602258141552
16,23.400000000000002,516.2497126394271
16,23.5,519.7717114249085
16,23.6,511.3013444026115
16,23.700000000000003,515.7097772990904
16,23.8,508.1302754508368
16,23.900000000000002,511.4435214924321
16,24.0,518.0187991812459
16,24.1,509.9673643312101
16,24.200000000000003,506.76914385538487
16,24.3,552.2434815135886
16,24.400000000000002,481.87020789297935
16,24.5,488.2113214269545
16,24.6,510.112454143315
16,24.700000000000003,514.5520311055088
16,24.8,512.3133228420082
16,24.900000000000002,768.4012467040359
16,25.0,505.5778944348468
16,25.1,475.07967885508947
16,25.200000000000003,589.2487019563305
16,25.3,497.2253012135978
16,25.400000000000002,493.299222637688
16,25.5,514.2210140756468
16,25.6,511.064424686651
16,25.700000000000003,517.1693695781161
16,25.8,509.2493429438102
16,25.900000000000002,515.4533383414074
16,26.0,512.7909824741163
16,26.1,513.4539170448669
16,26.200000000000003,508.4067902018718
16,26.3,562.0837328845695
16,26.400000000000002,457.34366311873794
16,26.5,503.0821279597589
16,26.6,548.1971614461168
16,26.700000000000003,488.5938351727306
16,26.8,516.092171771221
16,26.900000000000002,487.14001502974946
16,27.0,504.32245296322503
16,27.1,504.75093870176784
16,27.200000000000003,499.65243383492856
16,27.3,506.7742853204342
16,27.400000000000002,692.5297128956204
16,27.5,494.7449363055807
16,27.6,498.98156396242734
16,27.700000000000003,512.900884320239
16,27.8,509.6236104950627
16,27.900000000000002,509.4262710509573
16,28.0,540.7258984401807
16,28.1,518.108233613477
16,28.200000000000003,483.66811729383403
16,28.3,505.57471878063507
16,28.400000000000002,506.64982273533104
16,28.5,507.0244008492508
16,28.6,510.2286219989754
16,28.700000000000003,512.6620934525724
16,28.8,504.2836098201903
16,28.900000000000002,445.5703673053493
16,29.0,490.4008641069816
16,29.1,518.9060499567527
16,29.200000000000003,627.6967295261459
16,29.3,500.20519556595434
16,29.400000000000002,494.0143749132044
16,29.5,501.1479775752001
16,29.6,507.72208261109944
16,29.700000000000003,489.45843923015093
16,29.8,489.82282706329767
16,29.900000000000002,508.81876659526097
16,30.0,502.67081766993437
16,30.1,515.9960109286027
16,30.200000000000003,482.30172915098973
16,30.3,509.8694765594249
16,30.400000000000002,509.96238024576036
16,30.5,508.8419412563586
16,30.6,517.621434336253
16,30.700000000000003,481.3503995577993
16,30.8,493.8504758730622
16,30.900000000000002,500.07728923769713
16,31.0,521.0594166819554
16,31.1,516.8313388758229
16,31.200000000000003,791.086248395307
16,31.3,710.9530928786718
16,31.400000000000002,677.3229687999691
16,31.5,547.012542248823
16,31.6,513.4496954178537
16,31.700000000000003,527.2085569175786
16,31.8,497.8627761048069
16,31.900000000000002,510.9952367820204
16,32.0,518.7253517357561
16,32.1,491.69919035618585
16,32.2,493.17119749608037
16,32.300000000000004,506.7746726336915
16,32.4,528.6721668835854
16,32.5,565.2717839128445
16,32.6,496.61653448203435
16,32.7,505.11962595242017
16,32.800000000000004,513.905608964663
16,32.9,497.9524827223587
16,33.0,503.017469956969
16,33.1,522.955093622132
16,33.2,509.05445382820847
16,33.300000000000004,584.6651671588055
16,33.4,494.83276556724877
16,33.5,500.0085147095621
16,33.6,514.7804126799932
16,33.7,520.8030613840532
16,33.800000000000004,514.5072825349921
16,33.9,523.3511286038353
16,34.0,529.0828199988563
16,34.1,492.7267421284012
16,34.2,626.431683533498
16,34.300000000000004,511.5085526127853
16,34.4,514.5490487273936
16,34.5,491.275276959809
16,34.6,499.5988004608396
16,34.7,487.546026039124
16,34.800000000000004,483.29690586884095
16,34.9,489.26196433993994
16,35.0,501.14333358591455
16,35.1,512.3765358335638
16,35.2,517.8892807693959
16,35.300000000000004,513.8866198304845
16,35.4,518.2356204950785
16,35.5,508.35029171570847
16,35.6,516.7357952251838
16,35.7,518.8537258184799
16,35.800000000000004,506.0028480152862
16,35.9,513.1858873306422
16,36.0,479.9605506193079
16,36.1,508.8009429083411
16,36.2,535.5146039393709
16,36.300000000000004,505.31540281316103
16,36.4,497.0422384265052
16,36.5,516.7027386914676
16,36.6,487.8219025282366
16,36.7,507.6044867158338
16,36.800000000000004,511.36591880152884
16,36.9,531.310838706787
16,37.0,514.4526665610293
16,37.1,512.0383328292805
16,37.2,528.8722335411192
16,37.300000000000004,521.720205860444
16,37.4,500.36890177047275
16,37.5,503.97196731893763
16,37.6,507.94487814867153
16,37.7,504.5307021943692
16,37.800000000000004,507.60342314345985
16,37.9,512.093411758188
16,38.0,595.8955297201339
16,38.1,504.4745001465437
16,38.2,478.56127136712297
16,38.300000000000004,505.19239496173304
16,38.400000000000006,508.2131668695781
16,38.5,508.0617810596746
16,38.6,487.70773057319497
16,38.7,498.6007396393761
16,38.800000000000004,513.5687530900917
16,38.900000000000006,504.38023882239327
16,39.0,501.3935672865217
16,39.1,496.25423522818244
16,39.2,518.096002691678
16,39.300000000000004,504.2130421109309
16,39.400000000000006,500.06281643549016
16,39.5,491.88312198428787
16,39.6,494.61307764881377
16,39.7,511.5626942990791
16,39.800000000000004,509.0536587742183
16,39.900000000000006,511.39003024112003
16,40.0,498.54015310544054
16,40.1,505.85894166245714
16,40.2,501.5691262457583
16,40.300000000000004,511.20285558017895
16,40.400000000000006,489.2830701985129
16,40.5,483.3590793467357
16,40.6,504.7686996382807
16,40.7,513.9205908793921
16,40.800000000000004,511.8684711096071
16,40.900000000000006,499.95565460888054
16,41.0,454.5652996504388
16,41.1,481.36214209224585
16,41.2,486.91961948706455
16,41.300000000000004,600.9835119707444
16,41.400000000000006,565.060943192851
16,41.5,489.3254649615052
16,41.6,488.1443896947358
16,41.7,512.5478835746785
16,41.800000000000004,507.141037038431
16,41.900000000000006,512.5818947105561
16,42.0,502.63606495864576
16,42.1,667.4639541351065
16,42.2,512.2389469148916
16,42.300000000000004,497.5163295433277
16,42.400000000000006,504.70413488394263
16,42.5,504.6421555348536
16,42.6,486.8098007033291
16,42.7,507.9105264241849
16,42.800000000000004,481.12536924238753
16,42.900000000000006,497.1682853538896
16,43.0,482.92699925178596
16,43.1,495.5982894234473
16,43.2,503.0085099581336
16,43.300000000000004,511.17165545029604
16,43.400000000000006,509.9430556534002
16,43.5,514.8965419362986
16,43.6,507.81109978079564
16,43.7,519.2188701055842
16,43.800000000000004,518.6883424390521
16,43.900000000000006,506.2222079256748
16,44.0,497.2848434056443
16,44.1,512.7610653409581
16,44.2,509.66031340659106
16,44.300000000000004,510.8393541206325
16,44.400000000000006,483.6619623804682
16,44.5,515.377752121254
16,44.6,513.421525165506
16,44.7,508.99846950281267
16,44.800000000000004,506.6211157822003
16,44.900000000000006,511.54544140083715
16,45.0,506.54406918342397
16,45.1,511.8189658479862
16,45.2,513.9550729919963
16,45.300000000000004,514.4622675364502
16,45.400000000000006,490.56734059836526
16,45.5,487.9197629550561
16,45.6,458.4765454238308
16,45.7,462.9885414648795
16,45.800000000000004,483.17815072157146
16,45.900000000000006,487.37872827842574
16,46.0,492.7485616112756
16,46.1,500.059428847838
16,46.2,506.7144603740137
16,46.300000000000004,514.84300372778
16,46.400000000000006,515.0305816733256
16,46.5,518.8556085038853
16,46.6,511.8381944698746
16,46.7,516.3373860628808
16,46.800000000000004,511.70404138356616
16,46.900000000000006,497.6612402081399
16,47.0,509.0232275654849
16,47.1,497.94547553666246
16,47.2,509.78977855447704
16,47.300000000000004,504.08829572349316
16,47.400000000000006,509.60527505855896
16,47.5,500.9447305995916
16,47.6,528.9690475325833
16,47.7,513.2317616368886
16,47.800000000000004,503.68937927489776
16,47.900000000000006,490.05932834733943
16,48.0,470.3480959046101
16,48.1,492.11916731123
16,48.2,525.4997734535551
16,48.300000000000004,537.7898883122456
16,48.400000000000006,486.31861403350354
16,48.5,480.0050379628902
16,48.6,510.053012392388
16,48.7,511.36941062947636
16,48.800000000000004,507.43428138463145
16,48.900000000000006,510.9319247852661
16,49.0,527.3781112712871
16,49.1,510.98859596543946
16,49.2,504.9087019253223
16,49.300000000000004,487.48272483696
16,49.400000000000006,487.9637159049539
16,49.5,512.2849858961621
16,49.6,510.07192471418
16,49.7,502.16726112759204
16,49.800000000000004,508.44128812108664
16,49.900000000000006,487.3019128827409
16,50.0,494.86154415938125
16,50.1,492.22861638375525
16,50.2,500.35528485320754
16,50.300000000000004,502.6590601162349
16,50.400000000000006,500.9982540850439
16,50.5,499.6027873019277
16,50.6,775.2020240204787
16,50.7,564.5391361828349
16,50.800000000000004,485.16594818318674
16,50.900000000000006,504.28685777723837
16,51.0,508.03155850072676
16,51.1,490.0749442042329
16,51.2,502.15091770312654
16,51.300000000000004,513.5132419479745
16,51.400000000000006,501.0209435917098
16,51.5,501.7248239584624
16,51.6,500.69889710814886
16,51.7,498.5016187912234
16,51.800000000000004,510.5779925564978
16,51.900000000000006,501.3202291308533
16,52.0,479.73202974576475
16,52.1,493.2937467420548
16,52.2,497.42437001982523
16,52.300000000000004,500.4220878339257
16,52.400000000000006,518.1118207240515
16,52.5,508.0810318965661
16,52.6,491.9490894673381
16,52.7,494.55633173100546
16,52.800000000000004,515.9937553952183
16,52.900000000000006,501.2940228760536
16,53.0,761.3384915690381
16,53.1,569.3782536207895
16,53.2,478.1609424364029
16,53.300000000000004,498.02317754182536
16,53.400000000000006,515.4080527411371
16,53.5,514.6075731418182
16,53.6,503.5234317517655
16,53.7,504.2227517742598
16,53.800000000000004,499.78227086203617
16,53.900000000000006,504.0279061344756
16,54.0,500.8736905875275
16,54.1,492.99592554371446
16,54.2,490.8904908051126
16,54.300000000000004,498.03250283867965
16,54.400000000000006,517.5437659978235
16,54.5,489.30266406938784
16,54.6,488.92031870295335
16,54.7,501.6214696604906
16,54.800000000000004,503.5298127898969
16,54.900000000000006,509.54529315281366
16,55.0,516.171330904655
16,55.1,510.0347066921787
16,55.2,507.39786687477215
16,55.300000000000004,506.16505284511385
16,55.400000000000006,519.3483157949172
16,55.5,516.575470976181
16,55.6,496.20919846225655
16,55.7,486.45262569867
16,55.800000000000004,484.69415528203075
16,55.900000000000006,499.9145738907911
16,56.0,608.3982632884488
16,56.1,532.7758212591328
16,56.2,491.7605094351675
16,56.300000000000004,483.96916143971913
16,56.400000000000006,491.11350721654003
16,56.5,676.3973355565564
16,56.6,557.3628579466916
16,56.7,492.7720491906569
16,56.800000000000004,510.8591672355378
16,56.900000000000006,503.54560755602586
16,57.0,517.2849258169358
16,57.1,511.1948345784502
16,57.2,487.1709753255566
16,57.300000000000004,526.9162450673043
16,57.400000000000006,503.5069574493906
16,57.5,493.8108252447079
16,57.6,508.764745208894
16,57.7,516.0321652946994
16,57.800000000000004,518.9777184092952
16,57.900000000000006,515.5765282624388
16,58.0,502.4750058808251
16,58.1,521.7224302350689
16,58.2,496.3784852012281
16,58.300000000000004,493.2001531372944
16,58.400000000000006,502.3141374326546
16,58.5,495.82750450720937
16,58.6,498.19635491303876
16,58.7,507.03178096667835
16,58.800000000000004,502.48165985946156
16,58.900000000000006,501.3383548430297
16,59.0,515.9967554835405
16,59.1,504.61235283799465
16,59.2,509.0861684941564
16,59.300000000000004,515.3854217542356
16,59.400000000000006,510.7026249073055
16,59.5,508.9931703386519
16,59.6,731.1790978447551
16,59.7,579.659568075362
16,59.800000000000004,477.2175448609473
16,59.900000000000006,504.30201130338406
16,60.0,513.9110011102983
16,60.1,516.1544961405482
16,60.2,504.8345185419933
16,60.300000000000004,491.01148481030106
16,60.400000000000006,499.8121498990872
16,60.5,502.1789688156029
16,60.6,488.9045674734249
16,60.7,493.2505010746748
16,60.800000000000004,495.0766222064951
16,60.900000000000006,502.06519448888787
16,61.0,503.8694576965781
16,61.1,510.843160868084
16,61.2,543.541853207552
16,61.300000000000004,508.10450552270896
16,61.400000000000006,490.0566733699334
16,61.5,520.1043102442582
16,61.6,515.6228542166662
16,61.7,503.10440558773684
16,61.800000000000004,511.78260165560687
16,61.900000000000006,511.8612542178776
16,62.0,514.036177630372
16,62.1,515.1083279368839
16,62.2,522.5363493744456
16,62.300000000000004,534.3516702863582
16,62.400000000000006,517.9470711575017
16,62.5,521.8533370591081
16,62.6,513.550470219767
16,62.7,514.6525865293672
16,62.800000000000004,505.8028086783084
16,62.900000000000006,499.0216797101518
16,63.0,748.8415487081371
16,63.1,590.9007855510965
16,63.2,483.37141693021215
16,63.300000000000004,488.9934901496913
16,63.400000000000006,471.44459199164936
16,63.5,489.9093597110131
16,63.6,499.82987482467985
16,63.7,507.84290671044863
16,63.800000000000004,507.1391649489347
16,63.900000000000006,514.5056828747089
16,64.0,514.0312106151001
16,64.10000000000001,511.8059135980977
16,64.2,513.3078070313394
16,64.3,491.11159488351467
16,64.4,490.37819513752794
16,64.5,502.7508881428408
16,64.60000000000001,498.99109589811917
16,64.7,510.369341340647
16,64.8,511.3766865172317
16,64.9,500.89139931707376
16,65.0,501.5801514814356
16,65.10000000000001,505.6198069733036
16,65.2,506.69706204343044
16,65.3,512.4598308003171
16,65.4,507.46088657834474
16,65.5,493.58160196013955
16,65.60000000000001,485.6283549153605
16,65.7,502.0114690913951
16,65.8,655.7652561942053
16,65.9,541.5751010308081
16,66.0,483.76328197760307
16,66.10000000000001,507.43686090470663
16,66.2,519.8046227059903
16,66.3,515.1702348292711
16,66.4,504.3837864777854
16,66.5,510.0867610636128
16,66.60000000000001,509.9582654711058
16,66.7,506.3908504561863
16,66.8,515.5971687676177
16,66.9,511.9561394076724
16,67.0,544.0267764126711
16,67.10000000000001,512.4007158446232
16,67.2,485.32512237909043
16,67.3,504.3670758272465
16,67.4,512.1021292255415
16,67.5,506.50507791248486
16,67.60000000000001,511.26629652293354
16,67.7,511.51111185933394
16,67.8,499.1911473463742
16,67.9,496.4559513168589
16,68.0,509.7397175393531
16,68.10000000000001,509.55045904928386
16,68.2,506.73784057846694
16,68.3,511.2142451707448
16,68.4,703.7514505343743
16,68.5,591.5202338047299
16,68.60000000000001,474.0378354422486
16,68.7,474.64529867659166
16,68.8,483.41820817900157
16,68.9,496.13762451996683
16,69.0,507.26765970542607
16,69.10000000000001,510.6996336216632
16,69.2,647.5330730152514
16,69.3,570.0216252376359
16,69.4,483.1975360102556
16,69.5,500.5395929610523
16,69.60000000000001,508.0682199240343
16,69.7,501.7960561107707
16,69.8,498.9436091082173
16,69.9,507.31093089169246
16,70.0,515.9552501644126
16,70.10000000000001,517.6623682623044
16,70.2,516.7773632721337
16,70.3,538.6321611149756
16,70.4,669.2138724624389
16,70.5,573.1454134436441
16,70.60000000000001,487.971063039709
16,70.7,504.0203938064446
16,70.8,486.73950332951387
16,70.9,472.56239571848965
16,71.0,496.8516199388082
16,71.10000000000001,509.357008825113
16,71.2,507.1953482442948
16,71.3,497.73439647871254
16,71.4,487.55926447887396
16,71.5,479.99449166830476
16,71.60000000000001,485.5059911002573
16,71.7,493.63065969976424
16,71.8,508.1484728680281
16,71.9,514.1792547769334
16,72.0,505.49398280594744
16,72.10000000000001,510.0475516660207
16,72.2,509.87484978507
16,72.3,493.0229406214934
16,72.4,529.439635800464
16,72.5,515.4492714671737
16,72.60000000000001,495.2097813550849
16,72.7,507.20860884090365
16,72.8,514.154583006486
16,72.9,511.4832126785932
16,73.0,505.87124091367247
16,73.10000000000001,508.5575715323152
16,73.2,509.52114032220777
16,73.3,502.04090699253385
16,73.4,508.5004257730937
16,73.5,515.9914366558965
16,73.60000000000001,696.6144085072868
16,73.7,606.5026289840611
16,73.8,490.7723564431687
16,73.9,505.6461862556389
16,74.0,506.14825731959843
16,74.10000000000001,602.9160448334663
16,74.2,559.4151139423118
16,74.3,505.0731520616486
16,74.4,495.4776610925103
16,74.5,495.7927866660313
16,74.60000000000001,503.1744842388195
16,74.7,506.68905943998476
16,74.8,557.0781090260497
16,74.9,553.7076248250357
16,75.0,517.454051245148
16,75.10000000000001,501.2905955439483
16,75.2,511.72927930431456
16,75.3,512.1019047818984
16,75.4,505.2077039209098
16,75.5,511.839781597501
16,75.60000000000001,512.0718877040815
16,75.7,505.8287196091278
16,75.8,504.11700967991743
16,75.9,512.1952996342537
16,76.0,507.0918526529241
16,76.10000000000001,508.1116823396824
16,76.2,511.18321132537625
16,76.3,509.0914145602196
16,76.4,503.53227016122446
16,76.5,504.79709668664293
16,76.60000000000001,503.17133696162347
16,76.7,503.79450657376805
16,76.80000000000001,602.2314835922084
16,76.9,556.6568404752267
16,77.0,483.5189370496397
16,77.10000000000001,492.58081337101476
16,77.2,502.92433097210204
16,77.30000000000001,506.2107260396113
16,77.4,507.07732734343364
16,77.5,526.3233565662246
16,77.60000000000001,500.56030030428764
16,77.7,483.93295059820434
16,77.80000000000001,505.31600676776566
16,77.9,507.8218502214854
16,78.0,505.6973603865931
16,78.10000000000001,505.957333927699
16,78.2,508.2292382740188
16,78.30000000000001,514.4876855122562
16,78.4,516.2177039341183
16,78.5,518.2787225604308
16,78.60000000000001,520.6160765920438
16,78.7,499.1692471781591
16,78.80000000000001,492.63465552100564
16,78.9,500.62662397739143
16,79.0,505.85124377597316
16,79.10000000000001,521.6104560067495
16,79.2,499.99140713337584
16,79.30000000000001,493.7019686268561
16,79.4,506.926425467326
16,79.5,513.846981838284
16,79.60000000000001,701.4449408284662
16,79.7,613.8358368918188
16,79.80000000000001,480.6183910691925
16,79.9,516.2681758303044
16,80.0,522.6244782231585
16,80.10000000000001,515.3937971314934
16,80.2,517.8581368876311
16,80.30000000000001,522.1736281723648
16,80.4,513.1239802216071
16,80.5,515.0610505211287
16,80.60000000000001,518.0198982631214
16,80.7,513.438359350903
16,80.80000000000001,514.3797701601408
16,80.9,518.6778814688438
16,81.0,543.7888064871254
16,81.10000000000001,547.8749088463818
16,81.2,511.9739884774748
16,81.30000000000001,500.5678348692645
16,81.4,524.7409249297068
16,81.5,518.6914191383045
16,81.60000000000001,505.8975559937382
16,81.7,514.6149494179801
16,81.80000000000001,513.1301254619179
16,81.9,515.8981591452279
16,82.0,522.1554411077195
16,82.10000000000001,515.6732385307669
16,82.2,517.8069369854792
16,82.30000000000001,514.8471627275006
16,82.4,510.0431502678335
16,82.5,517.8186460593439
16,82.60000000000001,525.6211577326519
16,82.7,510.7156290347246
16,82.80000000000001,528.0334121440651
16,82.9,531.476475082801
16,83.0,520.0504216285254
16,83.10000000000001,520.144928969352
16,83.2,515.7133294742234
16,83.30000000000001,485.10461951331655
16,83.4,476.84963189305915
16,83.5,499.554036805635
16,83.60000000000001,512.2845717203014
16,83.7,498.7245208311286
16,83.80000000000001,503.091248606882
16,83.9,513.065629910666
16,84.0,505.52872946239427
16,84.10000000000001,510.0288203044948
16,84.2,515.8069454915845
16,84.30000000000001,512.693360705606
16,84.4,526.0882806990305
16,84.5,526.4707925106931
16,84.60000000000001,516.9377673769924
16,84.7,508.20657648000656
16,84.80000000000001,494.3356625346685
16,84.9,501.6627409949974
16,85.0,526.2834067336802
16,85.10000000000001,557.2709636437531
16,85.2,559.5518911100302
16,85.30000000000001,517.4304580889365
16,85.4,502.2480310901681
16,85.5,501.4605981735269
16,85.60000000000001,540.7320734753288
16,85.7,526.7057010926347
16,85.80000000000001,481.6929669472887
16,85.9,506.77291557893665
16,86.0,516.7232671004572
16,86.10000000000001,520.1932681194471
16,86.2,514.7097166232215
16,86.30000000000001,499.5506371912148
16,86.4,494.90040735514935
16,86.5,503.43838668384456
16,86.60000000000001,511.976366012541
16,86.7,514.6744568014964
16,86.80000000000001,516.3426696258672
16,86.9,513.5216131990671
16,87.0,660.602384294813
16,87.10000000000001,650.9447811879635
16,87.2,615.8067696724569
16,87.30000000000001,608.3862218667255
16,87.4,487.3683692001975
16,87.5,506.12193809559824
16,87.60000000000001,511.21807148027426
16,87.7,523.5311666790574
16,87.80000000000001,517.5610954914007
16,87.9,508.9902664213964
16,88.0,520.7093561955863
16,88.10000000000001,525.8965566461192
16,88.2,523.8588402954455
16,88.30000000000001,515.8115911363235
16,88.4,514.5014564697368
16,88.5,522.0892235776232
16,88.60000000000001,524.003399541583
16,88.7,522.8353165170402
16,88.80000000000001,516.4900351066785
16,88.9,525.3124496815636
16,89.0,520.2929023544073
16,89.10000000000001,492.63095447778176
16,89.2,485.4307048238988
16,89.30000000000001,478.961881869368
16,89.4,491.3615811162788
16,89.5,515.3798983953906
16,89.60000000000001,518.7370989007844
16,89.7,524.242509845839
16,89.80000000000001,529.8259092864115
16,89.9,527.6696262446178
16,90.0,530.6388058808811
16,90.10000000000001,520.4241979650315
16,90.2,507.72992345026984
16,90.30000000000001,501.51660212501594
16,90.4,500.2873387957216
16,90.5,515.1719654048491
16,90.60000000000001,509.1403786954171
16,90.7,497.3064051960121
16,90.80000000000001,511.0017558203738
16,90.9,517.3948488494383
16,91.0,512.2455415071187
16,91.10000000000001,518.3943801590782
16,91.2,516.7022660336355
16,91.30000000000001,517.166975361836
16,91.4,513.2370452615994
16,91.5,513.97277787521
16,91.60000000000001,506.12311070984003
16,91.7,484.50301081055323
16,91.80000000000001,483.38784779524383
16,91.9,493.99242864863476
16,92.0,510.473095539792
16,92.10000000000001,512.9200567330603
16,92.2,512.2039007489199
16,92.30000000000001,513.7596079884499
16,92.4,513.2935917234964
16,92.5,506.8017041755131
16,92.60000000000001,509.92577999923816
16,92.7,514.0535553971234
16,92.80000000000001,511.5760726502401
16,92.9,510.9615405125128
16,93.0,511.59322240967646
16,93.10000000000001,505.0646270247978
16,93.2,506.42165430123714
16,93.30000000000001,512.6451952356778
16,93.4,512.0771555918814
16,93.5,511.0911470996828
16,93.60000000000001,515.0543221625478
16,93.7,519.4171412335754
16,93.80000000000001,510.8803814508309
16,93.9,513.5628431875482
16,94.0,511.971630451255
16,94.10000000000001,511.50310250510626
16,94.2,515.5020049236413
16,94.30000000000001,513.0056431777894
16,94.4,512.840960502117
16,94.5,514.1783260032192
16,94.60000000000001,519.3079996282722
16,94.7,513.4940117095065
16,94.80000000000001,507.5814617560378
16,94.9,495.16245598049613
16,95.0,482.1679451534806
16,95.10000000000001,503.4929659490319
16,95.2,512.0591852850699
16,95.30000000000001,513.8506255805698
16,95.4,516.6413953090753
16,95.5,520.9853147975758
16,95.60000000000001,523.1225439809201
16,95.7,525.8588672660954
16,95.80000000000001,522.1460837354791
16,95.9,509.8867869936283
16,96.0,504.4649558537608
16,96.10000000000001,509.35923094133653
16,96.2,527.8813925653434
16,96.30000000000001,532.4154895993681
16,96.4,516.8139671522514
16,96.5,516.3910308084538
16,96.60000000000001,516.9008666774677
16,96.7,515.6218638551749
16,96.80000000000001,511.5169222782383
16,96.9,511.7786694919384
16,97.0,521.3223331292216
16,97.10000000000001,520.151475744551
16,97.2,524.8084899390523
16,97.30000000000001,567.9451060836766
16,97.4,571.4118802995329
16,97.5,505.83481199666426
16,97.60000000000001,509.83247381128837
16,97.7,533.3634376413531
16,97.80000000000001,548.3371017781665
16,97.9,495.0879456550754
16,98.0,464.4066501312824
16,98.10000000000001,491.63738509506925
16,98.2,505.97290454833563
16,98.30000000000001,509.20853207421186
16,98.4,502.07071569835574
16,98.5,505.8181125398482
16,98.60000000000001,510.02480991694097
16,98.7,504.39746373862016
16,98.80000000000001,503.84058974705954
16,98.9,515.8934439466518
16,99.0,518.7385094840876
16,99.10000000000001,491.71343968911225
16,99.2,490.9065640764163
16,99.30000000000001,518.1804293107334
16,99.4,536.6348163718953
16,99.5,507.88119826115553
16,99.60000000000001,504.2488243304905
16,99.7,509.4141429743677
16,99.80000000000001,497.503901433623
16,99.9,482.4902710360225
16,100.0,495.20643973591353
16,100.10000000000001,508.384765998417
16,100.2,504.23891247313594
16,100.30000000000001,500.0945498932526
16,100.4,489.33846399180374
16,100.5,495.15350423297696
16,100.60000000000001,493.99878751119786
16,100.7,490.3074814988136
16,100.80000000000001,503.72202248336544
16,100.9,505.698431454092
16,101.0,495.46441850269593
16,101.10000000000001,504.80626024222664
16,101.2,501.1077343949438
16,101.30000000000001,502.8931707555004
16,101.4,506.9159263338977
16,101.5,508.33796799096484
16,101.60000000000001,515.1465039103747
16,101.7,508.570216514889
16,101.80000000000001,508.0336080871546
16,101.9,527.6162806441018
16,102.0,532.0864320782633
16,102.10000000000001,519.2582853407235
16,102.2,514.6854481300212
16,102.30000000000001,494.1309212086089
16,102.4,482.95572227572933
16,102.5,488.3798157153546
16,102.60000000000001,487.17910712223807
16,102.7,500.3202725398507
16,102.80000000000001,504.75343226947035
16,102.9,506.8547799677372
16,103.0,518.2457984435167
16,103.10000000000001,495.89093993489803
16,103.2,475.60227117139317
16,103.30000000000001,506.0213087706791
16,103.4,513.8808107123012
16,103.5,500.6472784257845
16,103.60000000000001,507.4619817497308
16,103.7,498.23638674180523
16,103.80000000000001,483.40038953441024
16,103.9,495.6709666530066
16,104.0,512.9338974775059
16,104.10000000000001,515.1381440905881
16,104.2,511.1910436420296
16,104.30000000000001,491.94759400281504
16,104.4,486.8976114867379
16,104.5,493.6630255892753
16,104.60000000000001,507.5751754360566
16,104.7,505.7539806064811
16,104.80000000000001,487.29070446688786
16,104.9,501.12725943241134
16,105.0,488.41950524728344
16,105.10000000000001,471.82780510926665
16,105.2,497.09288217666864
16,105.30000000000001,508.07137816958226
16,105.4,497.03694336509693
16,105.5,499.2927606907464
16,105.60000000000001,505.59998504165344
16,105.7,517.183812615004
16,105.80000000000001,521.4777561676764
16,105.9,526.0334950786453
16,106.0,506.98919030689206
16,106.10000000000001,505.04959031075117
16,106.2,512.2797349165277
16,106.30000000000001,514.150260283201
16,106.4,507.72905563299645
16,106.5,511.500065602013
16,106.60000000000001,506.41232557477986
16,106.7,506.93563552909006
16,106.80000000000001,504.32250470199637
16,106.9,515.0158010603416
16,107.0,510.5844839550594
16,107.10000000000001,507.1759239168403
16,107.2,506.2588200793949
16,107.30000000000001,496.73316476328836
16,107.4,484.7045838675941
16,107.5,499.5687816738308
16,107.60000000000001,514.2827512384944
16,107.7,515.2282833516414
16,107.80000000000001,513.6772797779199
16,107.9,528.8097796855571
16,108.0,514.8542845623767
16,108.10000000000001,480.7245579872157
16,108.2,501.3033272268906
16,108.30000000000001,507.9920089026318
16,108.4,501.173283607789
16,108.5,510.68858979723126
16,108.60000000000001,503.49796017242187
16,108.7,504.1754675684948
16,108.80000000000001,506.6762258867784
16,108.9,513.6839623597976
16,109.0,510.59290426900753
16,109.10000000000001,510.9620904902252
16,109.2,499.48651015409985
16,109.30000000000001,493.2080884829809
16,109.4,472.1724926005864
16,109.5,464.78755009828797
16,109.60000000000001,489.34300795617594
16,109.7,485.8261200248765
16,109.80000000000001,479.322010727683
16,109.9,494.02483787640176
16,110.0,499.60155059272057
16,110.10000000000001,502.6793264665201
16,110.2,504.243412471064
16,110.30000000000001,503.01854111107326
16,110.4,499.176974243233
16,110.5,502.36181099319003
16,110.60000000000001,506.901473222562
16,110.7,504.25128892802053
16,110.80000000000001,498.607101001504
16,110.9,497.4172042305166
16,111.0,491.44096201934417
16,111.10000000000001,495.4752625817922
16,111.2,496.69334731318844
16,111.30000000000001,577.8817933875125
16,111.4,659.7292713389285
16,111.5,488.0418028660682
16,111.60000000000001,483.9233292657727
16,111.7,509.7634970309588
16,111.80000000000001,520.2805986551061
16,111.9,508.5647593703685
16,112.0,519.9844915205772
16,112.10000000000001,530.1545912837493
16,112.2,521.4171170498207
16,112.30000000000001,566.5444832260804
16,112.4,556.5680985188648
16,112.5,486.0832978824292
16,112.60000000000001,531.2674929126871
16,112.7,551.3348930768725
16,112.80000000000001,505.63593908635085
16,112.9,536.7734029327287
16,113.0,523.6598047180489
16,113.10000000000001,545.6486121351561
16,113.2,499.2923313969145
16,113.30000000000001,508.4375705500172
16,113.4,520.0531864440148
16,113.5,531.4890264630825
16,113.60000000000001,515.2936921608339
16,113.7,512.6422174354412
16,113.80000000000001,583.6887231595856
16,113.9,574.2721464395074
16,114.0,559.9847565379841
16,114.10000000000001,504.3548122427073
16,114.2,493.31494940430304
16,114.30000000000001,501.9557054146175
16,114.4,521.2653166710021
16,114.5,575.3375405741573
16,114.60000000000001,508.49662954696873
16,114.7,497.1227825722706
16,114.80000000000001,508.28617259307725
16,114.9,506.93604181021493
16,115.0,512.3104341669485
16,115.10000000000001,503.47169235465094
16,115.2,494.46226813799586
16,115.30000000000001,508.62677717373845
16,115.4,522.0781617295048
16,115.5,535.350116571829
16,115.60000000000001,526.5424960028545
16,115.7,490.22431461699057
16,115.80000000000001,491.2555595585111
16,115.9,478.75547656054937
16,116.0,484.15098364210405
16,116.10000000000001,497.8150873512523
16,116.2,518.1510149405947
16,116.30000000000001,512.9144719718283
16,116.4,537.3096991707919
16,116.5,542.6565491488428
16,116.60000000000001,480.51449201530943
16,116.7,504.31147068099915
16,116.80000000000001,521.3188325232652
16,116.9,532.6353061354414
16,117.0,508.46918790299134
16,117.10000000000001,498.66380514110944
16,117.2,501.3041973164819
16,117.30000000000001,501.1583903091549
16,117.4,514.3549670382985
16,117.5,578.656508379063
16,117.60000000000001,646.2915190507408
16,117.7,472.74882256667877
16,117.80000000000001,487.9908733485548
16,117.9,502.6856571069104
16,118.0,497.8756635249012
16,118.10000000000001,507.7825396425997
16,118.2,509.55197246250026
16,118.30000000000001,513.103304769127
16,118.4,542.700031290677
16,118.5,510.26790613082284
16,118.60000000000001,492.02265481475973
16,118.7,504.18318076488674
16,118.80000000000001,495.90202045978384
16,118.9,481.0281382959172
16,119.0,506.4289518458419
16,119.10000000000001,512.2743590078887
16,119.2,503.1757541273602
16,119.30000000000001,503.20426771211766
16,119.4,516.0978261905102
16,119.5,513.0368965785918
16,119.60000000000001,510.1252434309581
16,119.7,516.9201348798861
16,119.80000000000001,507.6007725719779
16,119.9,506.68296668874626
16,120.0,515.8566976367933
16,120.10000000000001,514.331579388798
16,120.2,513.3400665392662
16,120.30000000000001,514.1136610340405
16,120.4,510.7990298993803
16,120.5,505.4143410081919
16,120.60000000000001,506.0977325389219
16,120.7,497.2146566767695
16,120.80000000000001,486.3495728237336
16,120.9,488.3525067205478
16,121.0,484.0110986851511
16,121.10000000000001,504.853084690371
16,121.2,518.7143807895305
16,121.30000000000001,509.05172909959026
16,121.4,507.29249439843403
16,121.5,514.5342693714451
16,121.60000000000001,508.22183534880696
16,121.7,513.6769992565497
16,121.80000000000001,511.7053573143861
16,121.9,518.9051949602663
16,122.0,520.5565667676999
16,122.10000000000001,516.1300321524658
16,122.2,519.7516049524153
16,122.30000000000001,518.1224259401355
16,122.4,522.6008369961611
16,122.5,521.337398276774
16,122.60000000000001,527.7200299401183
16,122.7,519.091408073506
16,122.80000000000001,551.0970915877245
16,122.9,574.8121020401679
16,123.0,494.343266228227
16,123.10000000000001,503.3695631339546
16,123.2,506.1977367571795
16,123.30000000000001,508.44468952758353
16,123.4,495.374726369762
16,123.5,494.60850488005434
16,123.60000000000001,488.80575184120977
16,123.7,499.9216206291983
16,123.80000000000001,507.256275289618
16,123.9,516.5796927366464
16,124.0,504.1948239061748
16,124.10000000000001,511.0704940376711
16,124.2,507.71149874187427
16,124.30000000000001,525.642440038517
16,124.4,571.7540921450404
16,124.5,480.0871196464909
16,124.60000000000001,492.60374391109514
16,124.7,514.1709926566987
16,124.80000000000001,514.3047675719853
16,124.9,513.9862972079982
16,125.0,601.527597510413
16,125.10000000000001,812.9204865453095
16,125.2,645.4137974539004
16,125.30000000000001,463.5956553074128
16,125.4,491.54367230593147
16,125.5,479.4261560493239
16,125.60000000000001,495.68824773418737
16,125.7,494.4995497979417
16,125.80000000000001,503.41841803157513
16,125.9,495.89956078068775
16,126.0,489.9782864709793
16,126.10000000000001,489.9057690631696
16,126.2,489.4928657745561
16,126.30000000000001,490.53349063378187
16,126.4,508.9223320524088
16,126.5,501.53186926189085
16,126.60000000000001,499.65695732323763
16,126.7,512.1168099144334
16,126.80000000000001,517.6117836893982
16,126.9,505.32560400922085
16,127.0,508.8809312589655
16,127.10000000000001,518.0103239057908
16,127.2,509.10911525348564
16,127.30000000000001,499.67304059791127
16,127.4,509.4172438296107
16,127.5,507.6723639374574
16,127.60000000000001,507.0926195858014
16,127.7,513.3478600073398
16,127.80000000000001,527.5271390765192
16,127.9,513.8673451366105
16,128.0,515.2851353153793
16,128.1,516.3290189816713
16,128.20000000000002,514.0250259541828
16,128.3,511.41292035042864
16,128.4,512.8555470379108
16,128.5,493.9238096726694
16,128.6,508.3939604438757
16,128.70000000000002,524.288856524134
16,128.8,530.2080367379612
16,128.9,523.1518053743116
16,129.0,515.5246673377634
16,129.1,517.3598072384351
16,129.20000000000002,515.4392997517126
16,129.3,548.0276327111674
16,129.4,649.4183115299755
16,129.5,709.0897621042197
16,129.6,502.69541677717854
16,129.70000000000002,502.66912348196803
16,129.8,490.8875967094813
16,129.9,481.1344962324276
16,130.0,511.910574404769
16,130.1,563.1463943952022
16,130.20000000000002,668.4057800293197
16,130.3,493.39109095102685
16,130.4,487.1315263818077
16,130.5,550.3551994305117
16,130.6,670.7577739941553
16,130.70000000000002,504.1915872514225
16,130.8,509.24804732961906
16,130.9,507.41913776273947
16,131.0,509.0210571576309
16,131.1,510.2364245432858
16,131.20000000000002,513.7429386760294
16,131.3,504.1064052714089
16,131.4,503.43980708892445
16,131.5,510.8664219245909
16,131.6,498.6257282927062
16,131.70000000000002,500.5579104607786
16,131.8,506.0107120732545
16,131.9,508.99122656670096
16,132.0,514.8978685810682
16,132.1,507.31782418353265
16,132.20000000000002,513.5261356552958
16,132.3,517.3103878894862
16,132.4,506.24322913584115
16,132.5,500.92788215278824
16,132.6,490.43957240082676
16,132.70000000000002,497.57799488623687
16,132.8,494.9254312638953
16,132.9,500.8852146153977
16,133.0,503.4579070951017
16,133.1,500.80852026401345
16,133.20000000000002,507.4077314043497
16,133.3,513.4427762278847
16,133.4,507.7240072851859
16,133.5,499.41372758854857
16,133.6,496.70811033039445
16,133.70000000000002,508.24485711970965
16,133.8,503.1032819864704
16,133.9,504.4644531161548
16,134.0,517.2082624298005
16,134.1,520.6778193977906
16,134.20000000000002,503.1304636732093
16,134.3,507.93299599742784
16,134.4,517.414901581932
16,134.5,518.6797801364363
16,134.6,510.3930799248938
16,134.70000000000002,511.3151686225994
16,134.8,502.0707169023956
16,134.9,505.6877868733947
16,135.0,507.71808006633677
16,135.1,513.7055597862162
16,135.20000000000002,516.153832471869
16,135.3,505.58216403917146
16,135.4,505.9244205047815
16,135.5,516.2789639356292
16,135.6,509.0325333422311
16,135.70000000000002,493.50211926938687
16,135.8,497.76770036503774
16,135.9,506.84355423130734
16,136.0,511.10034131475425
16,136.1,516.3916154382828
16,136.20000000000002,510.13707185303593
16,136.3,520.1714575191945
16,136.4,537.022689566572
16,136.5,552.1752610148008
16,136.6,513.3466661778789
16,136.70000000000002,535.8266819581293
16,136.8,600.3009347493315
16,136.9,518.8093721261166
16,137.0,520.1796406273455
16,137.1,509.4663288617465
16,137.20000000000002,516.4400958462296
16,137.3,516.8362662039326
16,137.4,516.7602171756439
16,137.5,500.97678794752414
16,137.6,519.6036341240358
16,137.70000000000002,521.6888855246278
16,137.8,528.9786119569559
16,137.9,521.5556541643831
16,138.0,521.3358823902219
16,138.1,522.5748361868779
16,138.20000000000002,511.9167666515766
16,138.3,518.0253150953464
16,138.4,518.1004693916162
16,138.5,520.8166498303664
16,138.6,511.5042985107344
16,138.70000000000002,515.6093572372127
16,138.8,517.4096557383288
16,138.9,510.09287791049286
16,139.0,514.1899297751537
16,139.1,515.0992532181127
16,139.20000000000002,521.0157942083895
16,139.3,520.9453132862363
16,139.4,516.5678585547521
16,139.5,511.0883843180984
16,139.6,509.45873603736305
16,139.70000000000002,476.56410621844844
16,139.8,504.1254549797464
16,139.9,496.2677369083729
16,140.0,506.8729237178494
16,140.1,558.208242265567
16,140.20000000000002,497.4078510270793
16,140.3,515.2528659575964
16,140.4,497.1059402388521
16,140.5,499.1324189976079
16,140.6,503.6875543251562
16,140.70000000000002,497.2772551703454
16,140.8,501.6842841368288
16,140.9,474.13188003145416
16,141.0,504.6899297730587
16,141.1,507.0071728921386
16,141.20000000000002,509.98458986927625
16,141.3,496.7797956701807
16,141.4,512.6206755938913
16,141.5,519.699934040642
16,141.6,518.7088200323095
16,141.70000000000002,527.9513893479722
16,141.8,521.3815523248707
16,141.9,513.8625569642516
16,142.0,517.2305541793453
16,142.1,508.3189532733966
16,142.20000000000002,519.6856634731513
16,142.3,508.3998806618416
16,142.4,515.2922472980639
16,142.5,517.9203026908928
16,142.6,519.029594298432
16,142.70000000000002,514.5771061882255
16,142.8,507.43525964471286
16,142.9,503.4295146053447
16,143.0,785.4973233661339
16,143.1,480.8998362409818
16,143.20000000000002,511.3567476764416
16,143.3,514.7024329695483
16,143.4,524.8273518657243
16,143.5,515.0046702803676
16,143.6,520.1767333697907
16,143.70000000000002,515.9301744073631
16,143.8,513.1637371304415
16,143.9,517.1962793271538
16,144.0,554.3848346405478
16,144.1,827.6236335878351
16,144.20000000000002,569.2641466683027
16,144.3,501.91698248768114
16,144.4,581.8688090966455
16,144.5,493.6434934292829
16,144.6,499.8331516192593
16,144.70000000000002,512.0018883686915
16,144.8,541.9240266881659
16,144.9,680.0099655579843
16,145.0,490.8223512055656
16,145.1,494.956359548135
16,145.20000000000002,512.3982239645467
16,145.3,508.09848201366293
16,145.4,516.5327645854078
16,145.5,511.4362767937556
16,145.6,511.0044507457848
16,145.70000000000002,513.4091091915944
16,145.8,511.19464065137646
16,145.9,519.6127028954039
16,146.0,508.7262760005147
16,146.1,513.130559134266
16,146.20000000000002,514.0297027350854
16,146.3,519.4301653643422
16,146.4,516.5412874398924
16,146.5,518.4063821901588
16,146.6,511.16027469352974
16,146.70000000000002,519.9854885454706
16,146.8,515.8702068865442
16,146.9,510.81219921991664
16,147.0,477.38108566608526
16,147.1,495.14208972746115
16,147.20000000000002,485.4921830963678
16,147.3,507.75526917044726
16,147.4,492.40216340394113
16,147.5,496.26596976895456
16,147.6,508.15433246315183
16,147.70000000000002,493.5669763167287
16,147.8,516.8536908464486
16,147.9,497.2577081142007
16,148.0,509.5405337070755
16,148.1,481.7523921079963
16,148.20000000000002,490.95668335036925
16,148.3,494.1497238713124
16,148.4,496.4054183886244
16,148.5,496.10668267915776
16,148.6,527.1435297104128
16,148.70000000000002,496.2994958338204
16,148.8,500.55192978826943
16,148.9,507.6268265143019
16,149.0,490.6225535091398
16,149.1,509.29182199957734
16,149.20000000000002,491.19546920508367
16,149.3,531.0512574746023
16,149.4,504.97524245146394
16,149.5,511.4313283653926
16,149.6,505.3362980821678
16,149.70000000000002,529.1911414380221
16,149.8,487.36211903967984
16,149.9,510.6478307444498
16,150.0,494.9371554316487
16,150.1,488.6141642216319
16,150.20000000000002,504.7854950238655
16,150.3,512.4737078617487
16,150.4,523.8143731121851
16,150.5,491.10308741433704
16,150.6,488.3850615917238
16,150.70000000000002,510.97987796477827
16,150.8,515.8325194293504
16,150.9,494.4529062919494
16,151.0,484.4815764309508
16,151.1,498.88029238878084
16,151.20000000000002,511.8357853905652
16,151.3,512.208151130872
16,151.4,510.25762480712547
16,151.5,516.8088444306516
16,151.6,511.81709466444795
16,151.70000000000002,508.47904783878937
16,151.8,531.2751587928192
16,151.9,622.2885316883724
16,152.0,465.6484213104715
16,152.1,502.3093800368861
16,152.20000000000002,498.34673678717957
16,152.3,511.87865269064497
16,152.4,515.6652349777446
16,152.5,506.3902396204655
16,152.6,513.4068860408066
16,152.70000000000002,519.1502454074387
16,152.8,517.8984330949761
16,152.9,495.1922738385875
16,153.0,491.72475455136777
16,153.1,490.09124819118574
16,153.20000000000002,501.05774522306615
16,153.3,498.659132588944
16,153.4,497.63785602672704
16,153.5,511.3622045698246
16,153.60000000000002,505.5293791437885
16,153.70000000000002,495.4672003412276
16,153.8,506.78622278113477
16,153.9,501.69115490635323
16,154.0,584.5415399862758
16,154.10000000000002,502.43146116358434
16,154.20000000000002,493.834464370166
16,154.3,493.202528463381
16,154.4,483.2870988645613
16,154.5,509.4153784819356
16,154.60000000000002,519.5749032909636
16,154.70000000000002,539.1124054473573
16,154.8,507.6312780060004
16,154.9,516.7177545090451
16,155.0,514.6346828143243
16,155.10000000000002,515.4747212008144
16,155.20000000000002,513.5434204956281
16,155.3,509.42088629047066
16,155.4,523.434522542152
16,155.5,486.14335262218646
16,155.60000000000002,523.9991081089246
16,155.70000000000002,540.6149017585965
16,155.8,479.5361898133779
16,155.9,494.6329509762353
16,156.0,522.2995559611604
16,156.10000000000002,589.8313405391851
16,156.20000000000002,524.3572997154824
16,156.3,522.9950245089454
16,156.4,514.8365326515151
16,156.5,520.3331897040216
16,156.60000000000002,513.4868208530712
16,156.70000000000002,511.6476568326716
16,156.8,496.426990108585
16,156.9,467.8252968397946
16,157.0,501.2011609794689
16,157.10000000000002,507.9410885831389
16,157.20000000000002,508.9683752372703
16,157.3,515.2688159556977
16,157.4,516.2825546918673
16,157.5,515.3465654580634
16,157.60000000000002,485.1026339851156
16,157.70000000000002,499.78029368867243
16,157.8,512.1065337260573
16,157.9,523.8137678674398
16,158.0,517.7832854865499
16,158.10000000000002,499.9387524748622
16,158.20000000000002,506.70443061977244
16,158.3,505.99371657397336
16,158.4,515.8266251509561
16,158.5,522.6082804906818
16,158.60000000000002,677.1727444238775
16,158.70000000000002,478.02994332289836
16,158.8,490.15609220611
16,158.9,501.21698463096556
16,159.0,511.30179166140454
16,159.10000000000002,500.394675443812
16,159.20000000000002,478.18550005503874
16,159.3,479.47510862735083
16,159.4,493.58894998308074
16,159.5,479.9196193833712
16,159.60000000000002,505.3335371487129
16,159.70000000000002,511.1333669650688
16,159.8,521.6908948310479
16,159.9,473.4541029616912
16,160.0,488.6254719404472
16,160.10000000000002,495.8867858842101
16,160.20000000000002,478.15016136262506
16,160.3,486.58316891084473
16,160.4,501.6777317701271
16,160.5,499.3539215819898
16,160.60000000000002,502.03644384232166
16,160.70000000000002,504.9616092497826
16,160.8,516.9225045036077
16,160.9,555.2457341522421
16,161.0,484.2999145429287
16,161.10000000000002,511.60979833204254
16,161.20000000000002,478.0088314357574
16,161.3,498.4850562916567
16,161.4,518.8526865001065
16,161.5,506.55721030214215
16,161.60000000000002,495.0090241892389
16,161.70000000000002,506.4934439256151
16,161.8,497.2925570338905
16,161.9,494.4803658344234
16,162.0,724.9978605878064
16,162.10000000000002,547.5392192841232
16,162.20000000000002,491.2436979669296
16,162.3,513.6483083401828
16,162.4,505.03975433838576
16,162.5,557.2300014058833
16,162.60000000000002,510.42550673300684
16,162.70000000000002,516.1461248791896
16,162.8,499.64304372508354
16,162.9,496.286447518383
16,163.0,584.4042729326318
16,163.10000000000002,498.55139344397384
16,163.20000000000002,495.78410164595317
16,163.3,495.58539402059927
16,163.4,515.7089871216331
16,163.5,521.3882766597249
16,163.60000000000002,513.4600266810313
16,163.70000000000002,530.4465632087573
16,163.8,509.02189648455885
16,163.9,497.15638794831114
16,164.0,509.1479366105895
16,164.10000000000002,510.132605679868
16,164.20000000000002,531.0339369257804
16,164.3,519.1709421059148
16,164.4,514.6673956879486
16,164.5,521.3874905617217
16,164.60000000000002,516.9183038938763
16,164.70000000000002,519.8181646723258
16,164.8,514.9980563319276
16,164.9,523.1547852871512
16,165.0,517.9765758045837
16,165.10000000000002,524.4924711789192
16,165.20000000000002,518.1699500932881
16,165.3,522.6770006095214
16,165.4,515.8956157472173
16,165.5,514.6046461458552
16,165.60000000000002,519.1437706781704
16,165.70000000000002,506.5879227077136
16,165.8,510.5784813465143
16,165.9,509.24040397354247
16,166.0,526.5078942707031
16,166.10000000000002,519.248630394297
16,166.20000000000002,520.4198481375846
16,166.3,518.0992676590109
16,166.4,483.8088182841459
16,166.5,485.8554743568667
16,166.60000000000002,511.12088221205585
16,166.70000000000002,509.3024874050591
16,166.8,565.7357902261778
16,166.9,466.1851176269264
16,167.0,504.4276886080594
16,167.10000000000002,495.8107913914114
16,167.20000000000002,502.24865850928325
16,167.3,508.9072692988253
16,167.4,686.9407971621133
16,167.5,503.31481009597053
16,167.60000000000002,491.8653524463303
16,167.70000000000002,520.9315816780737
16,167.8,498.4135688904219
16,167.9,455.08458918327466
16,168.0,476.8050383419393
16,168.10000000000002,498.1299227329638
16,168.20000000000002,499.76625635235916
16,168.3,467.7756148153054
16,168.4,486.6415726714716
16,168.5,515.6333874042391
16,168.60000000000002,519.0532379488409
16,168.70000000000002,512.8634683182769
16,168.8,500.61807498313993
16,168.9,484.13840360094076
16,169.0,502.3615491679057
16,169.10000000000002,537.623173299791
16,169.20000000000002,503.7515164794939
16,169.3,470.81368421107436
16,169.4,486.7382527180709
16,169.5,503.35610683544786
16,169.60000000000002,508.04275611216053
16,169.70000000000002,509.54935407254936
16,169.8,518.390503354017
16,169.9,501.740598737096
16,170.0,500.61317319748287
16,170.10000000000002,497.8441128230292
16,170.20000000000002,512.2963787850438
16,170.3,507.0256360407107
16,170.4,501.3625938375427
16,170.5,512.5546744091843
16,170.60000000000002,508.85021226974476
16,170.70000000000002,494.142462246578
16,170.8,514.0928369185704
16,170.9,529.067800380779
16,171.0,501.7982163788954
16,171.10000000000002,508.056522393951
16,171.20000000000002,508.907655306677
16,171.3,513.3238562242952
16,171.4,495.4396152246321
16,171.5,513.9431878462649
16,171.60000000000002,511.6369028293653
16,171.70000000000002,542.1999965992056
16,171.8,483.369813084074
16,171.9,502.80863463201933
16,172.0,512.0708135282035
16,172.10000000000002,520.9603625312175
16,172.20000000000002,513.6770539880562
16,172.3,514.5299253045811
16,172.4,511.03264287174625
16,172.5,510.13409385149515
16,172.60000000000002,520.8621999976197
16,172.70000000000002,511.8806087341285
16,172.8,501.95803616386405
16,172.9,516.0419966892807
16,173.0,514.8451443832046
16,173.10000000000002,507.83738062186944
16,173.20000000000002,467.04064371697524
16,173.3,527.2114691725061
16,173.4,481.36685759696235
16,173.5,496.2827741505028
16,173.60000000000002,491.65338993522613
16,173.70000000000002,500.866123196723
16,173.8,510.219640404027
16,173.9,515.0279607668866
16,174.0,498.49905499996424
16,174.10000000000002,502.70041963060777
16,174.20000000000002,510.58320300240325
16,174.3,501.5367517030361
16,174.4,516.560875524653
16,174.5,511.19149949482915
16,174.60000000000002,520.633068119118
16,174.70000000000002,497.70849600960366
16,174.8,486.4614048944605
16,174.9,506.2926017690566
16,175.0,480.60686301973743
16,175.10000000000002,501.8115782261885
16,175.20000000000002,506.7500121364343
16,175.3,505.04301419155576
16,175.4,636.9374235651065
16,175.5,486.5390798708494
16,175.60000000000002,497.620171883367
16,175.70000000000002,473.45121472636316
16,175.8,489.6754656536192
16,175.9,633.9330810843098
16,176.0,494.31923486045287
16,176.10000000000002,498.27505202327853
16,176.20000000000002,504.27668906898316
16,176.3,518.1586185562752
16,176.4,660.552474614341
16,176.5,486.77337234792884
16,176.60000000000002,486.5468932112381
16,176.70000000000002,503.1900709002857
16,176.8,504.90232352065124
16,176.9,502.3055204972583
16,177.0,510.71746127158264
16,177.10000000000002,518.1189804371774
16,177.20000000000002,503.2106575757476
16,177.3,504.7898928545561
16,177.4,508.6392004329543
16,177.5,512.5614131089534
16,177.60000000000002,514.0096999880867
16,177.70000000000002,504.85641436505784
16,177.8,520.1761312191619
16,177.9,514.5344547717244
16,178.0,553.1957914782286
16,178.10000000000002,506.93443674312357
16,178.20000000000002,531.5272231243811
16,178.3,514.5350966455692
16,178.4,503.77942413272945
16,178.5,675.0187964306989
16,178.60000000000002,487.7472505055699
16,178.70000000000002,500.51308921637565
16,178.8,496.7202773518808
16,178.9,446.5237234688107
16,179.0,488.7477284656644
16,179.10000000000002,506.21179106428343
16,179.20000000000002,490.5732015083141
16,179.3,506.89649857242813
16,179.4,533.2842764617735
16,179.5,506.76967431143476
16,179.60000000000002,500.2905760909286
16,179.70000000000002,504.72838405089925
16,179.8,635.3030009107164
16,179.9,486.6792638678754
16,180.0,478.14467458866983
16,180.10000000000002,502.74433543722415
16,180.20000000000002,510.85217236819324
16,180.3,482.6247230617431
16,180.4,497.9466529490833
16,180.5,506.0956545873057
16,180.60000000000002,515.485785673954
16,180.70000000000002,512.3841477434966
16,180.8,508.60270961820237
16,180.9,821.0230592200292
16,181.0,494.5837075548354
16,181.10000000000002,486.68643014672205
16,181.20000000000002,488.80738552015464
16,181.3,494.87546268678847
16,181.4,502.7708782420562
16,181.5,507.06686588161284
16,181.60000000000002,479.88270571156914
16,181.70000000000002,464.14622765872537
16,181.8,493.47174356744625
16,181.9,509.0062500580238
16,182.0,720.7421575469608
16,182.10000000000002,679.6190258820725
16,182.20000000000002,496.8725800448315
16,182.3,759.2228556024553
16,182.4,611.4693508610446
16,182.5,478.4723918998453
16,182.60000000000002,785.2754889582847
16,182.70000000000002,524.6565301533244
16,182.8,735.5214889668126
16,182.9,514.2242867534485
16,183.0,506.2104953177497
16,183.10000000000002,490.83747341614225
16,183.20000000000002,814.6138724083752
16,183.3,529.9502152809727
16,183.4,492.9448796334161
16,183.5,496.27484003717296
16,183.60000000000002,487.21712207329006
16,183.70000000000002,512.7101610984207
16,183.8,520.0298740507752
16,183.9,499.1514118610855
16,184.0,489.80666482954825
16,184.10000000000002,495.88540419817224
16,184.20000000000002,493.7149240324258
16,184.3,484.77680663683174
16,184.4,500.4764271417181
16,184.5,502.6139918793531
16,184.60000000000002,500.84047735367943
16,184.70000000000002,494.9226460036876
16,184.8,488.95491335503885
16,184.9,483.05614165984593
16,185.0,496.48152669503844
16,185.10000000000002,498.0300672763664
16,185.20000000000002,559.6345130474064
16,185.3,563.2445834399269
16,185.4,506.3961733773655
16,185.5,500.025304092132
16,185.60000000000002,493.46210596628504
16,185.70000000000002,490.72816282031084
16,185.8,496.56825726029336
16,185.9,503.55853906265116
16,186.0,784.2233537615807
16,186.10000000000002,565.8337527729043
16,186.20000000000002,507.4913854467518
16,186.3,494.1659457118538
16,186.4,482.67399501261673
16,186.5,493.13143798521656
16,186.60000000000002,496.12238007834867
16,186.70000000000002,513.1540390112713
16,186.8,520.3640182111906
16,186.9,489.3908617986583
16,187.0,507.33283597623887
16,187.10000000000002,494.414746001635
16,187.20000000000002,507.7478250256182
16,187.3,479.96432929477857
16,187.4,583.7316414737786
16,187.5,511.7873988914783
16,187.60000000000002,499.18023788027944
16,187.70000000000002,511.9080180015894
16,187.8,667.5200493667107
16,187.9,521.4639940378271
16,188.0,525.576506537326
16,188.10000000000002,517.7500880328607
16,188.20000000000002,528.3980694193475
16,188.3,758.6399978640459
16,188.4,538.6614636318408
16,188.5,502.435025391742
16,188.60000000000002,517.7233105227076
16,188.70000000000002,516.2428211082139
16,188.8,522.5760630237654
16,188.9,512.6995970396061
16,189.0,515.4380307950381
16,189.10000000000002,519.6257377479034
16,189.20000000000002,511.73990601354706
16,189.3,520.6168628854522
16,189.4,521.8707912504944
16,189.5,511.99065389967495
16,189.60000000000002,549.8069444888553
16,189.70000000000002,513.0482366631788
16,189.8,502.44626291350926
16,189.9,522.533427315359
16,190.0,511.2936232962885
16,190.10000000000002,490.8571127375101
16,190.20000000000002,501.8772572624815
16,190.3,507.27916504439366
16,190.4,510.3370616743239
16,190.5,503.86576117343725
16,190.60000000000002,488.13813138115603
16,190.70000000000002,493.91108182734655
16,190.8,499.69520597424685
16,190.9,501.2921661173881
16,191.0,530.1285232808885
16,191.10000000000002,642.9490258621308
16,191.20000000000002,508.4740783984855
16,191.3,487.3669124684285
16,191.4,570.2197916477287
16,191.5,537.678318270633
16,191.60000000000002,513.6550436357097
16,191.70000000000002,550.7312775550454
16,191.8,498.3275095624825
16,191.9,492.05044635161056
16,192.0,502.32479774873946
16,192.10000000000002,779.332395220197
16,192.20000000000002,533.8063818265255
16,192.3,486.97108058562145
16,192.4,495.86292099214404
16,192.5,512.1986619310532
16,192.60000000000002,509.5686754569592
16,192.70000000000002,499.0385798585543
16,192.8,500.9917081421122
16,192.9,513.7002513411577
16,193.0,511.9730062407515
16,193.10000000000002,511.3961597499024
16,193.20000000000002,511.5398943366733
16,193.3,519.3049437828549
16,193.4,511.4263009819731
16,193.5,520.186668719068
16,193.60000000000002,514.1908832400442
16,193.70000000000002,513.6711897976255
16,193.8,514.4562369049818
16,193.9,515.1003819904852
16,194.0,513.485225677392
16,194.10000000000002,512.2740542686935
16,194.20000000000002,519.0443521152348
16,194.3,591.199707585418
16,194.4,546.2018344306941
16,194.5,516.253577024992
16,194.60000000000002,512.317039647367
16,194.70000000000002,518.1790178159371
16,194.8,505.3464526138437
16,194.9,516.6351124306611
16,195.0,551.749484323098
16,195.10000000000002,521.7364731920854
16,195.20000000000002,514.3807546329505
16,195.3,508.0166547422792
16,195.4,502.78443708705817
16,195.5,491.475508177854
16,195.60000000000002,497.028952774914
16,195.70000000000002,484.6809999523403
16,195.8,490.6985631926735
16,195.9,508.5135979840883
16,196.0,512.9275329743126
16,196.10000000000002,513.3791180515609
16,196.20000000000002,505.0483523842639
16,196.3,510.71323663182176
16,196.4,502.73728910249315
16,196.5,501.8324934172745
16,196.60000000000002,492.1627642992769
16,196.70000000000002,506.8204833085953
16,196.8,509.151559114163
16,196.9,471.6062738287311
16,197.0,485.7006588343782
16,197.10000000000002,497.5956932778314
16,197.20000000000002,495.92323801081733
16,197.3,497.3037080223272
16,197.4,499.96467208358916
16,197.5,504.50605484018547
16,197.60000000000002,501.97270056899583
16,197.70000000000002,602.9123519147174
16,197.8,507.50030681076703
16,197.9,521.4867727341211
16,198.0,547.5990295856437
16,198.10000000000002,518.8419045954051
16,198.20000000000002,509.98232819153986
16,198.3,506.5970857799166
16,198.4,510.5816361208416
16,198.5,511.5162645582832
16,198.60000000000002,510.1148406265113
16,198.70000000000002,503.9395831276885
16,198.8,504.57118407802557
16,198.9,586.9130748634667
16,199.0,500.96566660312254
16,199.10000000000002,489.1808539142538
16,199.20000000000002,503.72654141158756
16,199.3,514.6640071148593
16,199.4,503.5198383950731
16,199.5,511.50809470478623
16,199.60000000000002,498.0696920930119
16,199.70000000000002,501.7434999065994
16,199.8,505.90123708575214
16,199.9,519.3545081077999
16,200.0,510.1006952807597
16,200.10000000000002,505.4514026916383
16,200.20000000000002,507.22897297329547
16,200.3,508.55908640348486
16,200.4,505.621062675499
16,200.5,502.4080435878739
16,200.60000000000002,512.7910638218204
16,200.70000000000002,512.8711820941182
16,200.8,497.95755555618894
16,200.9,509.8261202254136
16,201.0,507.02705727568195
16,201.10000000000002,514.2706153275758
16,201.20000000000002,509.7268890234385
16,201.3,508.31996127900044
16,201.4,508.9915752170448
16,201.5,516.6751025155299
16,201.60000000000002,511.23153434950945
16,201.70000000000002,513.3003472290405
16,201.8,506.8993000502761
16,201.9,604.8868923395933
16,202.0,522.0581765516058
16,202.10000000000002,497.0416763376695
16,202.20000000000002,503.08136694696856
16,202.3,508.5637612662873
16,202.4,518.5693231632931
16,202.5,517.4798441357289
16,202.60000000000002,497.81993682910706
16,202.70000000000002,490.66999503406294
16,202.8,526.8230871167569
16,202.9,520.3796082792821
16,203.0,506.68085284698526
16,203.10000000000002,516.0007586391312
16,203.20000000000002,508.35840144777416
16,203.3,510.0094115637934
16,203.4,516.0598055281665
16,203.5,516.1334404508304
16,203.60000000000002,504.22448836947405
16,203.70000000000002,504.11596367141317
16,203.8,506.9269532039004
16,203.9,513.596731588968
16,204.0,503.15124514800806
16,204.10000000000002,510.4436307007188
16,204.20000000000002,514.2986488515677
16,204.3,503.98356871379366
16,204.4,511.5189587777791
16,204.5,514.5371262762852
16,204.60000000000002,509.35763930412
16,204.70000000000002,492.48883834209886
16,204.8,474.5465615142643
16,204.9,495.4017754092598
16,205.0,519.6588442517478
16,205.10000000000002,514.8633407664729
16,205.20000000000002,506.2014012152741
16,205.3,517.1206158623027
16,205.4,516.5300940244053
16,205.5,558.1970434235578
16,205.60000000000002,571.9910392450943
16,205.70000000000002,505.25655389922224
16,205.8,495.02752495198774
16,205.9,482.82448126563344
16,206.0,502.28948495078896
16,206.10000000000002,514.9090247254961
16,206.20000000000002,492.24187117606425
16,206.3,483.2280542711171
16,206.4,502.70414980520144
16,206.5,507.8800977650902
16,206.60000000000002,486.0901102741898
16,206.70000000000002,493.19659213887746
16,206.8,497.30238857646657
16,206.9,507.42467606461514
16,207.0,513.0263746366106
16,207.10000000000002,503.00950800336136
16,207.20000000000002,518.1981978253867
16,207.3,516.1760456321355
16,207.4,503.19351530511744
16,207.5,504.0496588192684
16,207.60000000000002,512.6865907657723
16,207.70000000000002,518.8486388546818
16,207.8,523.8499577052585
16,207.9,515.1444666495092
16,208.0,510.04442312494643
16,208.10000000000002,548.7036848329585
16,208.20000000000002,529.3042384841492
16,208.3,496.76227152010466
32,0.0,469.501
32,0.1,468.83321345264557
32,0.2,467.1452082313899
32,0.30000000000000004,479.00944814304836
32,0.4,455.33293223390956
32,0.5,535.5029657210121
32,0.6000000000000001,534.9354128904351
32,0.7000000000000001,541.2862985815079
32,0.8,531.9272197472734
32,0.9,532.1530612887699
32,1.0,511.9892990170966
32,1.1,526.3342419727257
32,1.2000000000000002,519.8613958610928
32,1.3,518.4127405527121
32,1.4000000000000001,564.2758730679782
32,1.5,545.6462680889189
32,1.6,535.0143151634295
32,1.7000000000000002,510.9205485511129
32,1.8,393.11405274041323
32,1.9000000000000001,505.07111092747743
32,2.0,515.5963585628605
32,2.1,527.9909121276819
32,2.2,535.7932286917257
32,2.3000000000000003,510.5705407687524
32,2.4000000000000004,504.0436887979321
32,2.5,542.8575353223708
32,2.6,695.4461496536919
32,2.7,598.4971142620254
32,2.8000000000000003,498.8886750138782
32,2.9000000000000004,516.1489734570323
32,3.0,410.7916638965594
32,3.1,554.4576508529495
32,3.2,587.8214005241542
32,3.3000000000000003,722.1251709484422
32,3.4000000000000004,509.7000577126804
32,3.5,516.699659006972
32,3.6,654.3315369679698
32,3.7,593.5849726235776
32,3.8000000000000003,533.2231076444671
32,3.9000000000000004,550.7933690834701
32,4.0,551.989619114339
32,4.1000000000000005,542.8232763671195
32,4.2,543.6825650338303
32,4.3,570.6402618330897
32,4.4,586.7334238288926
32,4.5,525.0297925683758
32,4.6000000000000005,572.993209821746
32,4.7,615.8335678472113
32,4.800000000000001,507.9676485910495
32,4.9,559.6451683170636
32,5.0,723.3983616209081
32,5.1000000000000005,710.3427068869697
32,5.2,509.35018113931335
32,5.300000000000001,583.5089829613036
32,5.4,548.637348472523
32,5.5,520.47826246676
32,5.6000000000000005,512.2440816980475
32,5.7,490.29735968051705
32,5.800000000000001,535.1810451071462
32,5.9,645.5598264855378
32,6.0,760.2080788311741
32,6.1000000000000005,499.56226291650796
32,6.2,535.436350227905
32,6.300000000000001,670.163368377458
32,6.4,498.7543258551836
32,6.5,519.4006333346836
32,6.6000000000000005,543.9806778256738
32,6.7,565.3621931592404
32,6.800000000000001,533.8977963136738
32,6.9,544.0830170492318
32,7.0,536.1631392757661
32,7.1000000000000005,552.6709297791122
32,7.2,544.0898307206894
32,7.300000000000001,529.1264452503888
32,7.4,510.62334974695256
32,7.5,523.6074991469773
32,7.6000000000000005,535.2323681591495
32,7.7,535.2997663571444
32,7.800000000000001,563.6671340092553
32,7.9,624.8831806900663
32,8.0,676.7984853216605
32,8.1,531.9905469353907
32,8.200000000000001,538.8158958965863
32,8.3,510.6259260143872
32,8.4,543.9191010270121
32,8.5,533.8845316551614
32,8.6,534.3242574616124
32,8.700000000000001,561.5384019887381
32,8.8,522.2959866721632
32,8.9,556.4874090595866
32,9.0,813.0751765106764
32,9.1,543.2549278047571
32,9.200000000000001,527.4835573779791
32,9.3,541.8951191362379
32,9.4,521.7542131927833
32,9.5,533.0248031715928
32,9.600000000000001,498.8523797355447
32,9.700000000000001,522.3031995310757
32,9.8,512.897161714366
32,9.9,520.9535786446818
32,10.0,558.8340009340828
32,10.100000000000001,592.6217806494649
32,10.200000000000001,542.652130914083
32,10.3,657.911165608133
32,10.4,540.5391120128866
32,10.5,558.1964170234971
32,10.600000000000001,547.7924218994766
32,10.700000000000001,552.7498505446006
32,10.8,514.890516377587
32,10.9,531.0329005823651
32,11.0,545.1499946314834
32,11.100000000000001,527.2093875004764
32,11.200000000000001,517.0969106214874
32,11.3,547.9455395258178
32,11.4,536.3153622268449
32,11.5,547.0422633989311
32,11.600000000000001,526.7176234211223
32,11.700000000000001,535.74214643115
32,11.8,543.6737995205721
32,11.9,654.8096385476805
32,12.0,527.8312736532368
32,12.100000000000001,521.1698704299856
32,12.200000000000001,510.43108204765326
32,12.3,553.3065409059499
32,12.4,556.8478998027001
32,12.5,528.4857551505735
32,12.600000000000001,540.0677404584192
32,12.700000000000001,768.6952964585757
32,12.8,512.5352174349836
32,12.9,536.536094874422
32,13.0,516.6057437693461
32,13.100000000000001,537.5968031199144
32,13.200000000000001,556.954719294483
32,13.3,537.4533204995317
32,13.4,549.5582003221666
32,13.5,824.3141984859465
32,13.600000000000001,497.10056769729346
32,13.700000000000001,518.3489507359303
32,13.8,546.0312569679597
32,13.9,740.0160205461915
32,14.0,522.7811683183652
32,14.100000000000001,512.6655429584487
32,14.200000000000001,562.9821666811222
32,14.3,521.3938306613071
32,14.4,550.1894011795067
32,14.5,578.3089013315288
32,14.600000000000001,523.338531452481
32,14.700000000000001,491.4725626489576
32,14.8,512.7127521825638
32,14.9,520.0476449250359
32,15.0,509.41927999818904
32,15.100000000000001,561.5777571159986
32,15.200000000000001,524.6904727365445
32,15.3,555.3774288785368
32,15.4,536.7498095289848
32,15.5,823.3593525359513
32,15.600000000000001,500.1757551623322
32,15.700000000000001,528.1365437647888
32,15.8,575.1873549575608
32,15.9,542.0483022958899
32,16.0,555.6034306805537
32,16.1,588.781372246274
32,16.2,520.8578440693391
32,16.3,565.7951220404407
32,16.400000000000002,523.8014632187438
32,16.5,517.6232007310575
32,16.6,828.3119713723999
32,16.7,529.1634437442513
32,16.8,551.5615145609611
32,16.900000000000002,708.2275931993015
32,17.0,537.7961512221391
32,17.1,515.578465665731
32,17.2,514.9670446832087
32,17.3,507.1789505148105
32,17.400000000000002,512.7180302693097
32,17.5,528.2813364508919
32,17.6,538.4494653039828
32,17.7,541.6721354153512
32,17.8,528.6463570065266
32,17.900000000000002,542.8283403447062
32,18.0,518.8479752073598
32,18.1,550.1864901639614
32,18.2,524.2221998160472
32,18.3,582.3487847659661
32,18.400000000000002,516.3798939047148
32,18.5,540.9501061506826
32,18.6,559.5146297620064
32,18.7,527.605177576663
32,18.8,548.2291725603637
32,18.900000000000002,511.17492640192256
32,19.0,561.2843314246635
32,19.1,533.8703136633975
32,19.200000000000003,535.9474003650188
32,19.3,554.48677797115
32,19.400000000000002,566.9611359814734
32,19.5,678.5785922637558
32,19.6,502.837744334938
32,19.700000000000003,518.2387850255616
32,19.8,561.2905738187255
32,19.900000000000002,506.1988982428558
32,20.0,547.7930092646428
32,20.1,520.7634945765694
32,20.200000000000003,529.415191026824
32,20.3,557.479958267985
32,20.400000000000002,508.48864042575906
32,20.5,525.4042816413771
32,20.6,553.9799188059363
32,20.700000000000003,498.6440380439481
32,20.8,531.2967786032572
32,20.900000000000002,536.3841626138073
32,21.0,527.46762145817
32,21.1,817.4639848444742
32,21.200000000000003,540.3560054380614
32,21.3,527.1713207775837
32,21.400000000000002,517.1620107819972
32,21.5,507.1630439055193
32,21.6,551.8272376841926
32,21.700000000000003,561.3941533797359
32,21.8,538.2842365132808
32,21.900000000000002,563.4941170890153
32,22.0,513.9353905686678
32,22.1,688.3657629177792
32,22.200000000000003,513.0879287726412
32,22.3,550.3744436063139
32,22.400000000000002,562.3532642292912
32,22.5,518.4651750384216
32,22.6,520.3954791828896
32,22.700000000000003,556.9821038894393
32,22.8,527.8604455311634
32,22.900000000000002,514.1265850575559
32,23.0,566.2371380342369
32,23.1,576.6313039786687
32,23.200000000000003,553.8543085321185
32,23.3,628.341331105345
32,23.400000000000002,541.6585876115158
32,23.5,575.1109346019763
32,23.6,514.6166871257676
32,23.700000000000003,566.335151616994
32,23.8,830.1853795720365
32,23.900000000000002,523.3281308865724
32,24.0,535.0481616995622
32,24.1,490.63030798840896
32,24.200000000000003,506.55613340545585
32,24.3,532.1648139958921
32,24.400000000000002,528.6372539088952
32,24.5,507.60257177271774
32,24.6,541.5669136968223
32,24.700000000000003,706.6243197670616
32,24.8,522.0603913530811
32,24.900000000000002,545.6450926407346
32,25.0,566.8760661538864
32,25.1,553.2237391755007
32,25.200000000000003,547.5875178717968
32,25.3,597.6087445809549
32,25.400000000000002,692.4129061432353
32,25.5,562.8256933675195
32,25.6,553.5653551617976
32,25.700000000000003,540.9167694784395
32,25.8,549.1445515898433
32,25.900000000000002,544.2675018371926
32,26.0,487.9958455145068
32,26.1,530.3590681052854
32,26.200000000000003,555.2817078196642
32,26.3,545.7537703773597
32,26.400000000000002,542.5344724875616
32,26.5,537.0611504143693
32,26.6,539.639818807215
32,26.700000000000003,546.6035443138417
32,26.8,548.3421567124489
32,26.900000000000002,567.0837259579096
32,27.0,539.6327104387378
32,27.1,537.2373577838725
32,27.200000000000003,523.6637161508929
32,27.3,527.5658414914861
32,27.400000000000002,540.2475479059441
32,27.5,544.2712624010218
32,27.6,541.9687699648765
32,27.700000000000003,544.3127499797463
32,27.8,518.9153970338527
32,27.900000000000002,562.1767327347602
32,28.0,565.3910784846319
32,28.1,532.5885029578067
32,28.200000000000003,530.7722886949311
32,28.3,555.6248312327255
32,28.400000000000002,520.1968268727907
32,28.5,562.659688587911
32,28.6,538.1742489726374
32,28.700000000000003,627.8121791082216
32,28.8,567.0756943282297
32,28.900000000000002,534.5660914436979
32,29.0,549.9585774210921
32,29.1,558.6403331747931
32,29.200000000000003,542.4245765387085
32,29.3,754.3029192083168
32,29.400000000000002,528.7514027926984
32,29.5,536.0045160205776
32,29.6,508.66770534191755
32,29.700000000000003,667.8608972707175
32,29.8,677.192386732401
32,29.900000000000002,557.9990018443299
32,30.0,570.3559420794404
32,30.1,567.0489879387787
32,30.200000000000003,573.6931414394237
32,30.3,577.2453443078543
32,30.400000000000002,580.5749740076633
32,30.5,635.3115344741318
32,30.6,549.2558930126704
32,30.700000000000003,565.4327451766641
32,30.8,578.0281617836915
32,30.900000000000002,576.6130844096214
32,31.0,503.5417369668811
32,31.1,527.0891829489358
32,31.200000000000003,567.4125813483736
32,31.3,530.4125486794483
32,31.400000000000002,555.0735451655565
32,31.5,568.6360905567552
32,31.6,592.7084073210254
32,31.700000000000003,803.4793918790377
32,31.8,512.9856004041247
32,31.900000000000002,652.069170142116
32,32.0,540.9116549239392
32,32.1,523.0718546849606
32,32.2,734.6934182361528
32,32.300000000000004,541.7386877230845
32,32.4,554.1584189558661
32,32.5,534.6151827717426
32,32.6,551.2837593060744
32,32.7,547.5999076307994
32,32.800000000000004,534.7786123962289
32,32.9,539.0635082192368
32,33.0,574.7943276144725
32,33.1,530.1888690534676
32,33.2,557.7446205537204
32,33.300000000000004,533.6620582410026
32,33.4,569.5208144541446
32,33.5,556.870883820176
32,33.6,547.4320326460202
32,33.7,571.6141078147123
32,33.800000000000004,535.4665919071269
32,33.9,619.6015799515322
32,34.0,552.742605836981
32,34.1,525.3131792934345
32,34.2,579.6542905760202
32,34.300000000000004,552.9625410031678
32,34.4,572.0795251223565
32,34.5,705.0098679632379
32,34.6,561.383897826385
32,34.7,523.9278233280745
32,34.800000000000004,527.9536057113861
32,34.9,537.3656760270087
32,35.0,522.9240888979965
32,35.1,530.9458438301524
32,35.2,538.2352716332913
32,35.300000000000004,545.144891031525
32,35.4,543.3161626275431
32,35.5,542.855750752375
32,35.6,559.4795544042836
32,35.7,614.6337122506135
32,35.800000000000004,558.7400533824489
32,35.9,543.0765063021847
32,36.0,584.4096091353382
32,36.1,542.9636234114183
32,36.2,547.20603117637
32,36.300000000000004,570.4170334471553
32,36.4,542.9034088879151
32,36.5,542.2390280696069
32,36.6,538.2097247507577
32,36.7,538.7490156939742
32,36.800000000000004,526.5379302898327
32,36.9,602.7374832915662
32,37.0,545.3958232954789
32,37.1,547.1272917611066
32,37.2,535.2973703282375
32,37.300000000000004,530.1825768455575
32,37.4,555.3503783907428
32,37.5,561.1517150311412
32,37.6,563.5068023923218
32,37.7,565.2472682958911
32,37.800000000000004,532.9899253727344
32,37.9,553.6070629985198
32,38.0,553.6210066529414
32,38.1,565.1213762492645
32,38.2,558.355239259792
32,38.300000000000004,796.8644006348037
32,38.400000000000006,558.0355877416334
32,38.5,537.8251505381212
32,38.6,564.9533759423188
32,38.7,535.2203288237357
32,38.800000000000004,532.4596695097281
32,38.900000000000006,556.3738715028836
32,39.0,558.6581454168265
32,39.1,557.3422120366243
32,39.2,569.3549300017876
32,39.300000000000004,532.0156393386197
32,39.400000000000006,558.3632785668693
32,39.5,561.6882337428692
32,39.6,567.2640075159055
32,39.7,550.4894060825118
32,39.800000000000004,572.3626316514135
32,39.900000000000006,571.4326261957577
32,40.0,577.4250039889149
32,40.1,569.4855566378576
32,40.2,559.1442422226509
32,40.300000000000004,559.7615751547083
32,40.400000000000006,533.9602137243111
32,40.5,694.3323927771477
32,40.6,561.8317998212876
32,40.7,557.7356365866277
32,40.800000000000004,554.2289104643485
32,40.900000000000006,576.3963943221394
32,41.0,601.8731478842699
32,41.1,542.6439327417507
32,41.2,548.5570376196767
32,41.300000000000004,554.9001958667822
32,41.400000000000006,583.4856405572095
32,41.5,562.6470182598895
32,41.6,558.1885329542964
32,41.7,557.8685727214239
32,41.800000000000004,562.0103619935618
32,41.900000000000006,581.8980972714743
32,42.0,568.5630317197075
32,42.1,565.4944733715854
32,42.2,554.9317182157406
32,42.300000000000004,535.5244940339397
32,42.400000000000006,533.6612920612379
32,42.5,554.5176993347089
32,42.6,540.2026603527029
32,42.7,559.8303351589128
32,42.800000000000004,555.8185596993796
32,42.900000000000006,565.8145797723901
32,43.0,547.3340897033875
32,43.1,577.1565618198894
32,43.2,574.8264235113018
32,43.300000000000004,571.9913220869829
32,43.400000000000006,558.8027032606408
32,43.5,565.7656009178793
32,43.6,664.3426966203851
32,43.7,536.5313283825016
32,43.800000000000004,554.9031576100576
32,43.900000000000006,544.2892288703654
32,44.0,708.2609754714374
32,44.1,560.6026089907851
32,44.2,562.5941008554474
32,44.300000000000004,546.6879325749404
32,44.400000000000006,536.0829653502767
32,44.5,544.3766696039231
32,44.6,563.5152966673342
32,44.7,536.3001640115131
32,44.800000000000004,540.2584817406973
32,44.900000000000006,533.7859085030888
32,45.0,518.805300811129
32,45.1,573.0968959607184
32,45.2,544.7973543785233
32,45.300000000000004,588.1214517720468
32,45.400000000000006,567.7332328473689
32,45.5,552.099059814153
32,45.6,613.4952100084125
32,45.7,551.5074985021324
32,45.800000000000004,532.9486332435
32,45.900000000000006,535.2350993849917
32,46.0,534.7686880368866
32,46.1,542.8275421583928
32,46.2,546.3569141810854
32,46.300000000000004,545.1423271272654
32,46.400000000000006,631.8247954170271
32,46.5,552.7028663046818
32,46.6,549.1184964532995
32,46.7,538.9791496100476
32,46.800000000000004,533.992242910926
32,46.900000000000006,559.3462040107053
32,47.0,565.5505386998233
32,47.1,551.7888100232065
32,47.2,553.2362082660067
32,47.300000000000004,561.2952060600433
32,47.400000000000006,540.3314405440489
32,47.5,545.5938625885806
32,47.6,559.3084560645849
32,47.7,529.2331875124232
32,47.800000000000004,526.5341845073496
32,47.900000000000006,531.808753146271
32,48.0,541.0265539653717
32,48.1,552.6056614710076
32,48.2,588.8822771141422
32,48.300000000000004,569.422028147822
32,48.400000000000006,640.5108765379729
32,48.5,567.7529012581614
32,48.6,576.9326383213562
32,48.7,558.9582999006361
32,48.800000000000004,548.5447283814823
32,48.900000000000006,559.1518201104707
32,49.0,557.147858307062
32,49.1,562.9297399186016
32,49.2,563.3439247956688
32,49.300000000000004,556.0923926281704
32,49.400000000000006,561.2540275316883
32,49.5,522.9690597644221
32,49.6,533.0399169680685
32,49.7,699.6646053626246
32,49.800000000000004,648.7400922457374
32,49.900000000000006,561.7261305503885
32,50.0,544.7513625818503
32,50.1,559.035310262496
32,50.2,547.3279344506016
32,50.300000000000004,569.0749947944776
32,50.400000000000006,538.8174721291763
32,50.5,653.2726546269425
32,50.6,573.8481111479086
32,50.7,557.4061813923901
32,50.800000000000004,546.7142198213862
32,50.900000000000006,530.204312223829
32,51.0,537.968111691406
32,51.1,528.9094806502877
32,51.2,565.149469260483
32,51.300000000000004,545.3468306908195
32,51.400000000000006,546.5853874405489
32,51.5,533.6420375918888
32,51.6,557.8709181410958
32,51.7,551.0741329943379
32,51.800000000000004,545.5564170382708
32,51.900000000000006,530.8139374977055
32,52.0,539.7622067772459
32,52.1,541.5004888293574
32,52.2,623.0828211095969
32,52.300000000000004,554.5352528900247
32,52.400000000000006,550.5820926632496
32,52.5,532.4405315962542
32,52.6,542.7724402530532
32,52.7,745.5639286354664
32,52.800000000000004,548.8620863696233
32,52.900000000000006,578.6394155002703
32,53.0,571.1913695406654
32,53.1,541.1384478329446
32,53.2,547.5357934606766
32,53.300000000000004,559.9892196913346
32,53.400000000000006,538.1046448857039
32,53.5,540.0499977555558
32,53.6,525.821478983687
32,53.7,545.6092203015338
32,53.800000000000004,538.1422865119042
32,53.900000000000006,552.3169252857282
32,54.0,560.5761272717308
32,54.1,542.7080825912818
32,54.2,641.2630948044095
32,54.300000000000004,581.1946277640204
32,54.400000000000006,555.5818263815227
32,54.5,534.7885198365519
32,54.6,539.8424848073741
32,54.7,541.035537716253
32,54.800000000000004,552.0833153680846
32,54.900000000000006,542.6543536183049
32,55.0,542.7073678938691
32,55.1,520.7057456632413
32,55.2,516.3192619197933
32,55.300000000000004,788.4542142291624
32,55.400000000000006,602.8741601558792
32,55.5,525.7753402491703
32,55.6,539.6634563740163
32,55.7,548.564963190348
32,55.800000000000004,600.4864978016508
32,55.900000000000006,560.2894684028009
32,56.0,554.3211291452509
32,56.1,546.7636063279192
32,56.2,535.3773192617919
32,56.300000000000004,534.5726250587965
32,56.400000000000006,657.4644460865555
32,56.5,577.6854706075784
32,56.6,541.9388643582639
32,56.7,554.1438337650892
32,56.800000000000004,557.0295149629618
32,56.900000000000006,555.977698568988
32,57.0,560.7383246629463
32,57.1,659.8062961818724
32,57.2,563.4773210784849
32,57.300000000000004,541.4106232147761
32,57.400000000000006,557.3857921813649
32,57.5,541.447980048467
32,57.6,551.5639486897824
32,57.7,537.1865346423288
32,57.800000000000004,533.7844068516883
32,57.900000000000006,531.1417839824577
32,58.0,540.0163508508604
32,58.1,533.6628177661611
32,58.2,535.1307441676953
32,58.300000000000004,529.1735410915394
32,58.400000000000006,546.1475755994745
32,58.5,529.3576366772774
32,58.6,523.3634922109577
32,58.7,544.4664987149184
32,58.800000000000004,550.4372777630575
32,58.900000000000006,535.0707780202382
32,59.0,577.5607665051679
32,59.1,552.60680636012
32,59.2,541.8523780516401
32,59.300000000000004,687.0176527809765
32,59.400000000000006,638.2628058142224
32,59.5,556.8108496195993
32,59.6,556.1358331257062
32,59.7,548.2688826752379
32,59.800000000000004,642.84827698467
32,59.900000000000006,580.1424496708023
32,60.0,540.2775403857838
32,60.1,533.11030152217
32,60.2,537.0278063021849
32,60.300000000000004,554.2754625678524
32,60.400000000000006,559.4251767568868
32,60.5,560.0866508778452
32,60.6,554.5506158831447
32,60.7,534.6426183448019
32,60.800000000000004,544.1374783602769
32,60.900000000000006,546.7299144677461
32,61.0,554.7807203499675
32,61.1,557.3582655480126
32,61.2,562.4832452976038
32,61.300000000000004,562.9008393160437
32,61.400000000000006,570.8384594301842
32,61.5,583.1724310662815
32,61.6,554.7718200783473
32,61.7,555.4056533516975
32,61.800000000000004,581.5731192502728
32,61.900000000000006,577.3896829882588
32,62.0,576.0935460400747
32,62.1,569.5767127953524
32,62.2,562.6292210034499
32,62.300000000000004,566.7443444519101
32,62.400000000000006,574.0103363920979
32,62.5,678.4229707616555
32,62.6,602.7609159394641
32,62.7,561.7115889622013
32,62.800000000000004,556.4759379334661
32,62.900000000000006,565.0647589185645
32,63.0,559.2827275967984
32,63.1,619.1234912300029
32,63.2,559.8305459485954
32,63.300000000000004,533.2766157410083
32,63.400000000000006,559.7020287172443
32,63.5,559.149168944419
32,63.6,555.7422529673989
32,63.7,566.5741274362687
32,63.800000000000004,554.6825406596539
32,63.900000000000006,556.4273725693541
32,64.0,557.9022307963589
32,64.10000000000001,561.8967076162024
32,64.2,571.2624103212958
32,64.3,582.0387656123559
32,64.4,573.9271048421253
32,64.5,559.359931451392
32,64.60000000000001,562.6584060903699
32,64.7,566.5569835486654
32,64.8,566.3485114561987
32,64.9,566.3699111199543
32,65.0,566.6900467995672
32,65.10000000000001,569.081982993243
32,65.2,565.5525013309377
32,65.3,566.5974905488022
32,65.4,566.9625635616803
32,65.5,573.5315266765623
32,65.60000000000001,569.2584354833167
32,65.7,563.059230325615
32,65.8,576.9059152335265
32,65.9,599.0296188065482
32,66.0,584.7634405484428
32,66.10000000000001,759.856617114545
32,66.2,650.1453925568236
32,66.3,565.7226274630717
32,66.4,591.3691723747814
32,66.5,576.6730683140574
32,66.60000000000001,569.5394461466987
32,66.7,588.4527103596173
32,66.8,579.3127396942953
32,66.9,568.2018774393089
32,67.0,612.4128438780762
32,67.10000000000001,581.5688817641708
32,67.2,549.8877316974134
32,67.3,561.6318285297616
32,67.4,566.5367364277355
32,67.5,624.7589429719948
32,67.60000000000001,552.3274522025563
32,67.7,536.8591374698295
32,67.8,568.8985849387851
32,67.9,583.8146575587026
32,68.0,576.7379109495522
32,68.10000000000001,576.1425269649059
32,68.2,564.223106591209
32,68.3,554.4813552522471
32,68.4,565.3773292110773
32,68.5,557.0270587318607
32,68.60000000000001,543.8356327860641
32,68.7,557.907616449429
32,68.8,561.610386351116
32,68.9,564.6657189400046
32,69.0,569.6495751315956
32,69.10000000000001,572.3372994590836
32,69.2,577.090649971644
32,69.3,572.9414893039351
32,69.4,576.4217183591157
32,69.5,563.9325212278482
32,69.60000000000001,558.4606594863928
32,69.7,583.5614236441803
32,69.8,581.6695773459027
32,69.9,565.2091388162402
32,70.0,587.2263548449358
32,70.10000000000001,558.7902934212384
32,70.2,602.3020415582092
32,70.3,585.5981231285407
32,70.4,565.6928827779795
32,70.5,558.8402841889049
32,70.60000000000001,547.7951254037689
32,70.7,509.21384655398634
32,70.8,534.9799822838361
32,70.9,552.1746777733557
32,71.0,556.3932707351886
32,71.10000000000001,564.1517280172717
32,71.2,560.2937172969737
32,71.3,567.123761053035
32,71.4,568.0985432723647
32,71.5,586.365770323048
32,71.60000000000001,578.800168196665
32,71.7,547.5983010875307
32,71.8,533.3224175263605
32,71.9,561.8384507489316
32,72.0,562.6052355113732
32,72.10000000000001,552.4283009402624
32,72.2,673.4886814472446
32,72.3,557.2855748824123
32,72.4,518.2713814484533
32,72.5,547.2963255469826
32,72.60000000000001,535.6042655233535
32,72.7,545.7482874952949
32,72.8,590.7340793225605
32,72.9,579.9354924376745
32,73.0,534.4225604203153
32,73.10000000000001,537.4305801125139
32,73.2,577.2230643157376
32,73.3,570.2257067395421
32,73.4,559.2905898490465
32,73.5,557.5388795280056
32,73.60000000000001,562.957895792986
32,73.7,557.6389191377021
32,73.8,544.2249000202781
32,73.9,552.9768369770175
32,74.0,551.1496967880432
32,74.10000000000001,553.8257010874861
32,74.2,545.5268562232817
32,74.3,523.5626938045976
32,74.4,557.8840314119496
32,74.5,561.445503258598
32,74.60000000000001,545.2428959359823
32,74.7,562.7477217884824
32,74.8,564.5672369556157
32,74.9,560.2865654117711
32,75.0,563.9016236926824
32,75.10000000000001,547.0163324206829
32,75.2,568.8802849320176
32,75.3,559.6741230993601
32,75.4,549.6221231518556
32,75.5,554.5413274317726
32,75.60000000000001,555.5852198657477
32,75.7,549.7667192863743
32,75.8,543.8765016900369
32,75.9,552.5847870814478
32,76.0,575.6534501430882
32,76.10000000000001,572.601700445832
32,76.2,557.4930142770677
32,76.3,543.7498114336237
32,76.4,547.0252845265763
32,76.5,559.2225764468718
32,76.60000000000001,556.6795539125806
32,76.7,565.8035082751201
32,76.80000000000001,559.7335472875283
32,76.9,551.6883882616038
32,77.0,554.1595031471493
32,77.10000000000001,550.1349692033839
32,77.2,552.2791879374644
32,77.30000000000001,543.3834828913044
32,77.4,533.3892058485857
32,77.5,528.792621012543
32,77.60000000000001,523.7354600740592
32,77.7,526.4082355425636
32,77.80000000000001,561.8669714592796
32,77.9,575.2644014243533
32,78.0,540.0844364505822
32,78.10000000000001,544.911170212222
32,78.2,552.5079132745299
32,78.30000000000001,548.4304517578892
32,78.4,557.3514457236536
32,78.5,553.7510175006374
32,78.60000000000001,545.457840546091
32,78.7,527.6568630676297
32,78.80000000000001,523.96329945773
32,78.9,663.651211399014
32,79.0,629.1779489771606
32,79.10000000000001,548.8956879883181
32,79.2,651.2152998170324
32,79.30000000000001,576.7422824670808
32,79.4,507.1474790012066
32,79.5,558.3993321960077
32,79.60000000000001,553.3099636153923
32,79.7,538.070610581993
32,79.80000000000001,538.8447463579455
32,79.9,537.279526532499
32,80.0,531.9182881522324
32,80.10000000000001,558.8324822673044
32,80.2,564.9978291786396
32,80.30000000000001,614.2911012707455
32,80.4,584.3658793854274
32,80.5,540.1863621079118
32,80.60000000000001,550.1163993518654
32,80.7,542.6423993785664
32,80.80000000000001,568.1325554704167
32,80.9,551.9492758962296
32,81.0,529.832122036362
32,81.10000000000001,533.5546208005792
32,81.2,550.7042998482169
32,81.30000000000001,551.3750227769953
32,81.4,537.7017365251223
32,81.5,559.8889420066768
32,81.60000000000001,670.7022593203435
32,81.7,619.2255550319709
32,81.80000000000001,537.5741220748056
32,81.9,553.7428890409659
32,82.0,546.6195277512361
32,82.10000000000001,552.3638149428158
32,82.2,549.6573518046443
32,82.30000000000001,528.4735445583649
32,82.4,523.6308957940665
32,82.5,537.849006976844
32,82.60000000000001,552.7488399922803
32,82.7,546.2334282841226
32,82.80000000000001,559.5262846338289
32,82.9,578.4971660059049
32,83.0,580.9952568369683
32,83.10000000000001,570.1071520239033
32,83.2,552.9294134831993
32,83.30000000000001,562.4963011735639
32,83.4,560.2171330011779
32,83.5,558.2608340275461
32,83.60000000000001,569.2266697745355
32,83.7,556.2533620272643
32,83.80000000000001,542.370209741765
32,83.9,542.6393358525278
32,84.0,544.2049237190195
32,84.10000000000001,535.2088562463498
32,84.2,537.0248495573792
32,84.30000000000001,565.238829376979
32,84.4,588.2789672521399
32,84.5,573.0376424627863
32,84.60000000000001,640.4257769429961
32,84.7,619.0211269276454
32,84.80000000000001,540.6303623523801
32,84.9,542.1013468889994
32,85.0,540.668505547295
32,85.10000000000001,550.0280993173081
32,85.2,557.2148212778427
32,85.30000000000001,557.223962061875
32,85.4,550.0916919272853
32,85.5,544.1882211581308
32,85.60000000000001,540.9651631598001
32,85.7,543.5318279607972
32,85.80000000000001,538.3177446476504
32,85.9,549.6015788112695
32,86.0,560.2974204792924
32,86.10000000000001,540.3933193237085
32,86.2,552.1043518011902
32,86.30000000000001,565.1517633581145
32,86.4,556.1637323817213
32,86.5,555.156004260125
32,86.60000000000001,557.623382990951
32,86.7,560.7466681746375
32,86.80000000000001,548.954083422169
32,86.9,670.617676429505
32,87.0,691.0701149104875
32,87.10000000000001,568.0686857723532
32,87.2,516.6231759792779
32,87.30000000000001,526.5344909624722
32,87.4,551.0551580876676
32,87.5,539.8404958813171
32,87.60000000000001,542.8924176777721
32,87.7,538.528876144202
32,87.80000000000001,543.8211674367332
32,87.9,546.694105557222
32,88.0,534.7539277743491
32,88.10000000000001,548.4821643205396
32,88.2,554.4385037520668
32,88.30000000000001,550.3574891800703
32,88.4,540.616000263543
32,88.5,548.9635719405517
32,88.60000000000001,558.8989795147467
32,88.7,554.7268213153701
32,88.80000000000001,538.5805126900538
32,88.9,517.5299298869139
32,89.0,529.613359201161
32,89.10000000000001,551.6933992265198
32,89.2,577.8217157835301
32,89.30000000000001,633.7006589196357
32,89.4,600.5746417667392
32,89.5,533.6464346272071
32,89.60000000000001,539.3568658886458
32,89.7,555.1763619885011
32,89.80000000000001,555.6294691142848
32,89.9,550.6993153682287
32,90.0,557.3934566410904
32,90.10000000000001,555.3628841236131
32,90.2,555.4271131535683
32,90.30000000000001,531.792706607755
32,90.4,527.687579408999
32,90.5,552.8492332678854
32,90.60000000000001,566.6382783202573
32,90.7,572.3834022313298
32,90.80000000000001,564.620323263594
32,90.9,534.0040767769159
32,91.0,525.3372741825564
32,91.10000000000001,651.1851072766877
32,91.2,647.668196426625
32,91.30000000000001,697.5599676727306
32,91.4,691.4465445809363
32,91.5,535.0394872287015
32,91.60000000000001,540.7027318416909
32,91.7,537.3662747146592
32,91.80000000000001,535.1611536396742
32,91.9,692.5643010514452
32,92.0,678.1636777059562
32,92.10000000000001,532.9380718443634
32,92.2,531.6380609785956
32,92.30000000000001,517.6423977381662
32,92.4,548.5220491678067
32,92.5,665.2943366542836
32,92.60000000000001,639.7731567807059
32,92.7,525.9078321938348
32,92.80000000000001,536.8915372291293
32,92.9,686.1961824061099
32,93.0,679.0287332709015
32,93.10000000000001,536.187043429368
32,93.2,546.4210103722053
32,93.30000000000001,553.2794340410372
32,93.4,564.0022709992219
32,93.5,551.7701155249194
32,93.60000000000001,546.9039604221854
32,93.7,535.50532444778
32,93.80000000000001,542.0315015307515
32,93.9,558.2696483264947
32,94.0,558.1791828623171
32,94.10000000000001,556.2583422547463
32,94.2,553.8771162276216
32,94.30000000000001,580.6433315576214
32,94.4,607.2062958721831
32,94.5,582.1796203369879
32,94.60000000000001,560.3277109166646
32,94.7,557.0685679263221
32,94.80000000000001,560.8909165182553
32,94.9,664.6073707406113
32,95.0,806.4219601271508
32,95.10000000000001,709.3863762806615
32,95.2,564.3747429200507
32,95.30000000000001,559.0222106682902
32,95.4,610.9241729827309
32,95.5,620.7097661880275
32,95.60000000000001,545.7921559206529
32,95.7,547.4322565684439
32,95.80000000000001,614.2855147720447
32,95.9,624.05522712555
32,96.0,547.2072222420794
32,96.10000000000001,549.767977656023
32,96.2,656.1140408560143
32,96.30000000000001,674.3647398582053
32,96.4,564.1888957263257
32,96.5,562.1586590943207
32,96.60000000000001,547.5563946300152
32,96.7,558.9208873704611
32,96.80000000000001,565.0536520866972
32,96.9,552.605933428966
32,97.0,546.4173920782737
32,97.10000000000001,547.4247600700559
32,97.2,549.4634391840079
32,97.30000000000001,556.2953056638598
32,97.4,566.5067367833371
32,97.5,558.9467336863149
32,97.60000000000001,550.2922431941166
32,97.7,544.7080679171908
32,97.80000000000001,548.7640554874331
32,97.9,561.7813699747456
32,98.0,562.4016277726686
32,98.10000000000001,562.5661603085895
32,98.2,560.5806208313768
32,98.30000000000001,550.2498827694013
32,98.4,538.9231035349437
32,98.5,540.5320310601186
32,98.60000000000001,554.5312569681557
32,98.7,547.8038284043552
32,98.80000000000001,545.9778506253868
32,98.9,597.4859958785564
32,99.0,610.86474522293
32,99.10000000000001,548.6230268130732
32,99.2,546.4581011020788
32,99.30000000000001,527.7955470002064
32,99.4,533.4260372685192
32,99.5,529.4252511816043
32,99.60000000000001,540.7507610923675
32,99.7,542.2399000452731
32,99.80000000000001,536.5204979511924
32,99.9,538.7670718912614
32,100.0,611.8058269458496
32,100.10000000000001,641.5443407079307
32,100.2,532.3200494260105
32,100.30000000000001,538.623825365859
32,100.4,539.2676890180018
32,100.5,532.6089770193269
32,100.60000000000001,527.4065571892518
32,100.7,529.6075051004875
32,100.80000000000001,544.7246194657059
32,100.9,549.9773946623956
32,101.0,543.0932535004528
32,101.10000000000001,538.3354704562497
32,101.2,537.4316450548907
32,101.30000000000001,543.9330802782214
32,101.4,536.7370834094653
32,101.5,545.7824081463425
32,101.60000000000001,565.9463051450953
32,101.7,565.2049993080152
32,101.80000000000001,553.1794010923178
32,101.9,566.6954903344638
32,102.0,570.6059029316381
32,102.10000000000001,568.9400515854002
32,102.2,558.064279187725
32,102.30000000000001,546.1535064766704
32,102.4,566.8094359226367
32,102.5,600.2211046227899
32,102.60000000000001,564.8441240844819
32,102.7,533.7875528982009
32,102.80000000000001,558.6753342200664
32,102.9,574.3774151844752
32,103.0,564.812579498935
32,103.10000000000001,552.8310973136478
32,103.2,566.4167477619376
32,103.30000000000001,554.0648177423266
32,103.4,544.223571278248
32,103.5,582.4760307607623
32,103.60000000000001,599.9084677048071
32,103.7,559.805949754087
32,103.80000000000001,527.3179262660799
32,103.9,596.7985170420997
32,104.0,622.3494199065502
32,104.10000000000001,539.4196160034679
32,104.2,535.1438834402722
32,104.30000000000001,535.9121669351216
32,104.4,535.7632928062224
32,104.5,575.9607783157333
32,104.60000000000001,582.131416722811
32,104.7,528.8441072514844
32,104.80000000000001,536.6343725096382
32,104.9,536.149328902761
32,105.0,524.1372264049335
32,105.10000000000001,525.5697273902705
32,105.2,528.0910314593774
32,105.30000000000001,519.0349759605423
32,105.4,634.2314349219505
32,105.5,764.5614851808607
32,105.60000000000001,650.3645009216804
32,105.7,530.4355474733183
32,105.80000000000001,536.9775210267442
32,105.9,527.2053883348144
32,106.0,529.5420269744743
32,106.10000000000001,533.5483283357592
32,106.2,526.2445954253334
32,106.30000000000001,532.5248282840533
32,106.4,537.3341940213141
32,106.5,523.2787450375387
32,106.60000000000001,530.1938401210526
32,106.7,538.5176285155322
32,106.80000000000001,532.1980951385631
32,106.9,539.1872783237775
32,107.0,542.0293564960874
32,107.10000000000001,547.6014988919534
32,107.2,540.2141010701548
32,107.30000000000001,548.6361527748003
32,107.4,548.9380065658062
32,107.5,546.2563963060836
32,107.60000000000001,666.4994587968384
32,107.7,726.3964051294182
32,107.80000000000001,630.3605031704604
32,107.9,697.0928994559731
32,108.0,540.4120424941262
32,108.10000000000001,533.9179177580747
32,108.2,545.569026919063
32,108.30000000000001,543.3995063447705
32,108.4,530.3651746080167
32,108.5,544.7228009644663
32,108.60000000000001,550.5201114122507
32,108.7,555.0097104751977
32,108.80000000000001,566.9087601679425
32,108.9,542.9851647267935
32,109.0,542.8263642358463
32,109.10000000000001,546.2518257684429
32,109.2,557.5886490272992
32,109.30000000000001,551.9977872295025
32,109.4,525.0970252862343
32,109.5,545.6915113867047
32,109.60000000000001,532.8122065341762
32,109.7,496.1205385027759
32,109.80000000000001,512.4931351716154
32,109.9,549.4053673944617
32,110.0,571.8954101922665
32,110.10000000000001,560.8613908057098
32,110.2,564.9058633109985
32,110.30000000000001,560.5690562089669
32,110.4,555.5471405033992
32,110.5,556.7098925523347
32,110.60000000000001,541.9673988733961
32,110.7,560.5356313852849
32,110.80000000000001,544.7137863279141
32,110.9,551.2471375224602
32,111.0,559.3980221465077
32,111.10000000000001,540.2899243323507
32,111.2,546.0677113935645
32,111.30000000000001,569.2395228938444
32,111.4,548.8421703473874
32,111.5,554.1971423945212
32,111.60000000000001,579.4979080739303
32,111.7,546.7856945961282
32,111.80000000000001,554.1636912585504
32,111.9,541.4390526251602
32,112.0,544.725337280616
32,112.10000000000001,525.3192910394084
32,112.2,536.8840685165544
32,112.30000000000001,608.6690265596562
32,112.4,685.243090041807
32,112.5,547.895035201971
32,112.60000000000001,541.691205644011
32,112.7,537.4124485937529
32,112.80000000000001,565.2835023311073
32,112.9,576.1445830516427
32,113.0,533.0063251449253
32,113.10000000000001,542.2793847502851
32,113.2,534.9198977958556
32,113.30000000000001,537.9889875700873
32,113.4,546.5935543661327
32,113.5,539.4987385657981
32,113.60000000000001,542.131848244974
32,113.7,560.6032741230674
32,113.80000000000001,546.8786349639964
32,113.9,551.8459622463467
32,114.0,543.5153977467689
32,114.10000000000001,535.3485973860098
32,114.2,533.2373453904681
32,114.30000000000001,537.2300495013836
32,114.4,538.4871742980096
32,114.5,540.0648711469175
64,0.0,552.824
64,0.1,555.921030567852
64,0.2,587.8809732270107
64,0.30000000000000004,572.329536494867
64,0.4,709.8222082834598
64,0.5,560.7033268177854
64,0.6000000000000001,435.8056543423722
64,0.7000000000000001,571.7415561088001
64,0.8,660.1591658905493
64,0.9,592.7732138628581
64,1.0,562.0528677620575
64,1.1,570.991946477021
64,1.2000000000000002,599.1717586386176
64,1.3,672.2104127169283
64,1.4000000000000001,782.7728776272806
64,1.5,564.6562298627657
64,1.6,576.0067220195792
64,1.7000000000000002,580.2179983203368
64,1.8,594.8719493375519
64,1.9000000000000001,596.4893786695324
64,2.0,593.2501585971735
64,2.1,590.0522960638401
64,2.2,586.8349468902056
64,2.3000000000000003,778.2924167115036
64,2.4000000000000004,590.4857045611593
64,2.5,594.9561097137301
64,2.6,576.8362416828301
64,2.7,602.5996398690412
64,2.8000000000000003,561.0120591544129
64,2.9000000000000004,602.3593131779106
64,3.0,677.9116677698987
64,3.1,787.0134303670311
64,3.2,589.7686288241447
64,3.3000000000000003,585.8710092852803
64,3.4000000000000004,592.4789300796813
64,3.5,598.9518475949018
64,3.6,678.3008524368361
64,3.7,585.2417171612522
64,3.8000000000000003,557.7991554439309
64,3.9000000000000004,585.9772120919682
64,4.0,606.5861732872975
64,4.1000000000000005,618.6792812204076
64,4.2,580.3061609002418
64,4.3,576.6499385464795
64,4.4,633.927936914482
64,4.5,513.4610440808236
64,4.6000000000000005,573.982087345554
64,4.7,580.309254886283
64,4.800000000000001,627.5862520065181
64,4.9,581.4528215404413
64,5.0,630.8157472681177
64,5.1000000000000005,655.1655375822372
64,5.2,611.4913403313312
64,5.300000000000001,626.8154236992278
64,5.4,634.5153564998795
64,5.5,609.2685083756684
64,5.6000000000000005,650.4251167433514
64,5.7,612.0805700080776
64,5.800000000000001,568.0224483138223
64,5.9,581.4071226257197
64,6.0,594.3572261566779
64,6.1000000000000005,593.2014208571956
64,6.2,592.2172673354477
64,6.300000000000001,594.3442347013857
64,6.4,585.4392907891917
64,6.5,570.8867087636788
64,6.6000000000000005,558.6890000252555
64,6.7,579.5930660210786
64,6.800000000000001,605.6910861026124
64,6.9,603.6640239546332
64,7.0,766.3477473499017
64,7.1000000000000005,684.7332934700229
64,7.2,589.7812890106721
64,7.300000000000001,601.384557004471
64,7.4,598.7705922527025
64,7.5,595.8266895917468
64,7.6000000000000005,594.7569048242804
64,7.7,664.3824224215077
64,7.800000000000001,619.2895498071334
64,7.9,617.6818747275795
64,8.0,592.1323940140476
64,8.1,593.6951705132634
64,8.200000000000001,613.1204675997743
64,8.3,638.2578280193584
64,8.4,581.2102832018376
64,8.5,612.9654700746763
64,8.6,628.5466281890837
64,8.700000000000001,581.3581233741503
64,8.8,590.0095537601336
64,8.9,565.8526484579314
64,9.0,560.6364765512756
64,9.1,573.2200232340368
64,9.200000000000001,598.3168244782709
64,9.3,658.9326648698238
64,9.4,803.1396534113549
64,9.5,583.2923372327398
64,9.600000000000001,637.2323923201748
64,9.700000000000001,515.5810680716103
64,9.8,689.7416823541479
64,9.9,595.1844842291853
64,10.0,623.3108246035378
64,10.100000000000001,575.9518187674682
64,10.200000000000001,547.1212361836224
64,10.3,571.4174524905768
64,10.4,771.8031639704085
64,10.5,683.531701965989
64,10.600000000000001,659.3264645921885
64,10.700000000000001,574.4255574878113
64,10.8,563.798299891591
64,10.9,568.8011104487426
64,11.0,555.2786023823651
64,11.100000000000001,579.3267709478203
64,11.200000000000001,585.756596750881
64,11.3,577.0037826241734
64,11.4,722.7189948878278
64,11.5,597.501912974265
64,11.600000000000001,588.447817569812
64,11.700000000000001,572.1488303071749
64,11.8,584.0067743147573
64,11.9,571.3506499096909
64,12.0,577.0248104038266
64,12.100000000000001,564.575678436269
64,12.200000000000001,555.341664413589
64,12.3,571.8646854034686
64,12.4,579.7781683543851
64,12.5,553.8381105538524
64,12.600000000000001,562.4286225693152
64,12.700000000000001,578.8607356480403
64,12.8,726.3502600546891
64,12.9,605.0327434432863
64,13.0,590.6680702506022
64,13.100000000000001,573.128898437563
64,13.200000000000001,561.891071761269
64,13.3,555.4701646387778
64,13.4,579.7888889733196
64,13.5,571.6361640974474
64,13.600000000000001,572.6864553529844
64,13.700000000000001,576.3474321176654
64,13.8,567.8099010173943
64,13.9,581.5795226001516
64,14.0,581.8529971525518
64,14.100000000000001,573.8628054646916
64,14.200000000000001,560.5416676177222
64,14.3,556.0734359887052
64,14.4,588.4798011779844
64,14.5,599.6495221587674
64,14.600000000000001,609.4156457158651
64,14.700000000000001,584.8605343286353
64,14.8,587.8767666577713
64,14.9,567.0114292627951
64,15.0,569.117137293212
64,15.100000000000001,573.5199782292113
64,15.200000000000001,584.9240667711033
64,15.3,579.8734941635335
64,15.4,586.3905589493598
64,15.5,592.2038109096541
64,15.600000000000001,592.5871431997693
64,15.700000000000001,596.5973997378887
64,15.8,593.8910893730476
64,15.9,598.5751702146316
64,16.0,596.3085355180581
64,16.1,602.1031172000382
64,16.2,594.0343022872181
64,16.3,602.8849093779411
64,16.400000000000002,612.7979899256374
64,16.5,563.8580622849572
64,16.6,694.6996883922218
64,16.7,626.9920776092102
64,16.8,600.2537753839997
64,16.900000000000002,604.7736351242061
64,17.0,732.4942991362364
64,17.1,640.880832459323
64,17.2,708.2893144114572
64,17.3,587.1635374781987
64,17.400000000000002,582.287399447201
64,17.5,575.0011027773741
64,17.6,689.0946114215484
64,17.7,668.8974960685878
64,17.8,588.3876032381886
64,17.900000000000002,581.8038844793209
64,18.0,577.3399150389788
64,18.1,562.5474875499145
64,18.2,585.2179688566966
64,18.3,672.0648390772728
64,18.400000000000002,609.3425454125231
64,18.5,567.3881049742448
64,18.6,581.8890346629629
64,18.7,616.0466910809841
64,18.8,575.5444729216945
64,18.900000000000002,574.6194915581823
64,19.0,721.6713737917166
64,19.1,646.7484028372147
64,19.200000000000003,546.5934394449405
64,19.3,579.1311501061471
64,19.400000000000002,589.390454342672
64,19.5,603.0136048147301
64,19.6,613.4367938918422
64,19.700000000000003,592.0436061576575
64,19.8,595.6590984932383
64,19.900000000000002,603.7961193808942
64,20.0,607.6930957254938
64,20.1,591.8428256363455
64,20.200000000000003,585.2431526929373
64,20.3,605.2025663867911
64,20.400000000000002,689.0094653656026
64,20.5,640.9323140106977
64,20.6,589.4576870491527
64,20.700000000000003,598.5706565032492
64,20.8,706.5692549831678
64,20.900000000000002,647.5143333967081
64,21.0,603.0405423082696
64,21.1,582.3214449938166
64,21.200000000000003,624.6042760171573
64,21.3,620.9778113308964
64,21.400000000000002,604.9932573217719
64,21.5,642.3965131496489
64,21.6,609.9717228086886
64,21.700000000000003,601.2178191690282
64,21.8,694.3522769240309
64,21.900000000000002,609.7909754365357
64,22.0,764.2399374553218
64,22.1,685.4932554374155
64,22.200000000000003,646.5244379392863
64,22.3,622.5081982023538
64,22.400000000000002,630.1487197826925
64,22.5,608.7214177131337
64,22.6,580.2039242136062
64,22.700000000000003,598.9590818599231
64,22.8,591.897250552933
64,22.900000000000002,571.593707917536
64,23.0,598.7600410223174
64,23.1,616.0552111677644
64,23.200000000000003,610.9113588402646
64,23.3,603.5955425473763
64,23.400000000000002,624.3297927157233
64,23.5,610.1028387026827
64,23.6,627.1653964686545
64,23.700000000000003,616.4320141644952
64,23.8,597.5085241646848
64,23.900000000000002,600.1716611078944
64,24.0,713.3243817110396
64,24.1,629.7700042672102
64,24.200000000000003,590.7651438792568
64,24.3,608.1412762124668
64,24.400000000000002,594.0183935018974
64,24.5,593.9170914878814
64,24.6,590.6974861573506
64,24.700000000000003,691.4144115528362
64,24.8,652.6018670485566
64,24.900000000000002,586.2786073787067
64,25.0,594.6565551848948
64,25.1,609.5180083109149
64,25.200000000000003,660.7818404589341
64,25.3,628.2767292771201
64,25.400000000000002,602.979939043035
64,25.5,605.3653997640976
64,25.6,574.1521618734939
64,25.700000000000003,611.4888842320719
64,25.8,628.5278774667148
64,25.900000000000002,619.1902138759172
64,26.0,620.194975890561
64,26.1,598.0417181916134
64,26.200000000000003,592.5226505777582
64,26.3,594.5312755438226
64,26.400000000000002,581.0979745647219
64,26.5,559.2282790083684
64,26.6,581.1049349362976
64,26.700000000000003,625.4587185758312
64,26.8,613.1598605212614
64,26.900000000000002,605.6974726257225
64,27.0,609.340925938458
64,27.1,606.6829094781665
64,27.200000000000003,567.9133339204681
64,27.3,568.7732361693259
64,27.400000000000002,581.9091350478959
64,27.5,599.5025522004665
64,27.6,657.7217065295251
64,27.700000000000003,624.4175792401054
64,27.8,595.1716794360211
64,27.900000000000002,610.8205950527564
64,28.0,616.9533544887436
64,28.1,753.1157146445001
64,28.200000000000003,651.4344349055957
64,28.3,582.0525645227939
64,28.400000000000002,592.4245403801109
64,28.5,574.8138106180646
64,28.6,572.1831454949643
64,28.700000000000003,590.7109881819532
64,28.8,578.4192578097784
64,28.900000000000002,708.994453242887
64,29.0,708.3147861851902
64,29.1,631.3736413516864
64,29.200000000000003,597.6323573620404
64,29.3,585.8191806022712
64,29.400000000000002,572.446743603038
64,29.5,571.6286449414534
64,29.6,578.2039876656517
64,29.700000000000003,589.8769961059852
64,29.8,595.702312280476
64,29.900000000000002,599.317553870383
64,30.0,592.7397366923753
64,30.1,589.1999133791625
64,30.200000000000003,619.8778603273562
64,30.3,600.2300789376486
64,30.400000000000002,584.3188528033211
64,30.5,607.2362427442645
64,30.6,602.224019513543
64,30.700000000000003,596.546732948306
64,30.8,586.7759653279895
64,30.900000000000002,577.9079021116793
64,31.0,616.3836881171134
64,31.1,617.2236040870974
64,31.200000000000003,668.1223337549296
64,31.3,644.5397753525448
64,31.400000000000002,582.076752025658
64,31.5,577.0059397187288
64,31.6,574.0479262744032
64,31.700000000000003,576.1634308920775
64,31.8,633.4987044444663
64,31.900000000000002,616.3845518594386
64,32.0,581.6587889509342
64,32.1,583.3725493258424
64,32.2,583.4760254651859
64,32.300000000000004,593.5107397648871
64,32.4,600.350723636849
64,32.5,604.4509141305721
64,32.6,596.8408964497941
64,32.7,593.4604747960896
64,32.800000000000004,597.9937018355117
64,32.9,595.4916337007702
64,33.0,589.2722911467207
64,33.1,580.5330498413
64,33.2,581.2189087129437
64,33.300000000000004,585.2967368503824
64,33.4,616.5603646604386
64,33.5,645.1996789539525
64,33.6,595.0994425002607
64,33.7,579.0418850318363
64,33.800000000000004,591.0677379776389
64,33.9,588.0459875616555
64,34.0,600.9672503067923
64,34.1,645.7552394744501
64,34.2,614.7212924023867
64,34.300000000000004,571.7757107849798
64,34.4,629.6459008130222
64,34.5,630.3025868392458
64,34.6,593.6958130055806
64,34.7,594.6304831926648
64,34.800000000000004,596.2768843379981
64,34.9,595.5891941498703
64,35.0,620.4621641853638
64,35.1,606.7449277612558
64,35.2,576.367236972507
64,35.300000000000004,682.0676056939263
64,35.4,628.4212946201905
64,35.5,543.7287897854535
64,35.6,566.375235802275
64,35.7,585.0258916232622
64,35.800000000000004,590.3620494810127
64,35.9,579.2080864919865
64,36.0,580.6838405335208
64,36.1,588.9956914660505
64,36.2,590.7173888850235
64,36.300000000000004,598.6264107463861
64,36.4,609.8514515056925
64,36.5,609.0435388099891
64,36.6,600.4036479308085
64,36.7,675.891829665605
64,36.800000000000004,628.1920653866227
64,36.9,586.4533912922874
64,37.0,602.9419398045112
64,37.1,583.2871892137264
64,37.2,580.5697573788067
64,37.300000000000004,596.5607275217308
64,37.4,599.0993154080224
64,37.5,567.1722356855747
64,37.6,545.2452839928806
64,37.7,564.9808900523274
64,37.800000000000004,577.3367536627844
64,37.9,570.2460364946041
64,38.0,576.9847089053092
64,38.1,582.8997493055208
64,38.2,578.8062917747018
64,38.300000000000004,582.6304983908676
64,38.400000000000006,592.3308719577959
64,38.5,583.0354084906425
64,38.6,619.484347678019
64,38.7,652.2576706783898
64,38.800000000000004,617.8005913020663
64,38.900000000000006,575.0196367968412
64,39.0,571.4243832399253
64,39.1,560.004193621533
64,39.2,558.629978373266
64,39.300000000000004,691.050271630676
64,39.400000000000006,652.0344771588549
64,39.5,566.1002591847725
64,39.6,613.2284971971038
64,39.7,601.8154556512361
64,39.800000000000004,571.5823059429313
64,39.900000000000006,601.9174427996523
64,40.0,621.3693431166732
64,40.1,600.1078855629395
64,40.2,594.67488907358
64,40.300000000000004,602.184423875846
64,40.400000000000006,597.0189408326651
64,40.5,581.974724234886
64,40.6,593.5824806422331
64,40.7,598.9047161827599
64,40.800000000000004,602.2750246885583
64,40.900000000000006,597.1188817286069
64,41.0,589.7449508483016
64,41.1,600.3785277252082
64,41.2,606.6271398317928
64,41.300000000000004,651.5310281634137
64,41.400000000000006,648.602181017295
64,41.5,728.4760029472591
64,41.6,722.3847044410367
64,41.7,616.6260379555854
64,41.800000000000004,728.0169571826565
64,41.900000000000006,700.2843011117376
64,42.0,685.3085084643994
64,42.1,703.5619088774067
64,42.2,655.5588604465555
64,42.300000000000004,632.6785090409859
64,42.400000000000006,582.0490334762923
64,42.5,613.6882563472642
64,42.6,603.0930945172239
64,42.7,569.9410550678159
64,42.800000000000004,592.373266598041
64,42.900000000000006,612.4667351431852
64,43.0,604.6246597183837
64,43.1,545.8279400346418
64,43.2,556.3874175313397
64,43.300000000000004,616.7786009583498
64,43.400000000000006,626.5515694800881
64,43.5,615.198983477258
64,43.6,614.5076472058869
64,43.7,621.8103944026781
64,43.800000000000004,606.1426183480065
64,43.900000000000006,616.0199367575807
64,44.0,627.9708779124352
64,44.1,660.1284248506622
64,44.2,662.1008597686229
64,44.300000000000004,609.4949501196194
64,44.400000000000006,583.9175066599619
64,44.5,563.6167003159611
64,44.6,585.7104561498329
64,44.7,616.1763948565205
64,44.800000000000004,606.7358526625055
64,44.900000000000006,604.3506644851379
64,45.0,612.5010148334719
64,45.1,613.8706028064842
64,45.2,609.5546265806285
64,45.300000000000004,721.3161351922552
64,45.400000000000006,805.548617414155
64,45.5,740.2254333428646
64,45.6,649.3379395954526
64,45.7,611.3929622911888
64,45.800000000000004,627.4088923738904
64,45.900000000000006,619.2151666514965
64,46.0,617.8495910481619
64,46.1,618.3549108316832
64,46.2,621.4238649408392
64,46.300000000000004,643.2122747296331
64,46.400000000000006,631.672279585624
64,46.5,605.5793560048129
64,46.6,593.3765156583556
64,46.7,610.5396053377574
64,46.800000000000004,633.2772748584172
64,46.900000000000006,615.4071011705672
64,47.0,611.9380427557123
64,47.1,610.0341934963225
64,47.2,605.3745858200787
64,47.300000000000004,603.1297772131969
64,47.400000000000006,612.8828829447286
64,47.5,618.0077074992673
64,47.6,611.3309315154272
64,47.7,648.6191456775208
64,47.800000000000004,672.344199557654
64,47.900000000000006,633.1182555797272
64,48.0,619.7905474331328
64,48.1,608.4068544995738
64,48.2,612.2827023747336
64,48.300000000000004,611.132471417067
64,48.400000000000006,620.0910179196225
64,48.5,623.3817041009389
64,48.6,652.8693995968256
64,48.7,666.3668147688038
64,48.800000000000004,650.6129013033978
64,48.900000000000006,634.6803409997851
64,49.0,638.1888918068879
64,49.1,621.9575231588143
64,49.2,605.3570914106539
64,49.300000000000004,627.46414358378
64,49.400000000000006,623.6520105588984
64,49.5,608.2424774003694
64,49.6,627.6153293994877
64,49.7,656.4350302390889
64,49.800000000000004,629.5077552976619
64,49.900000000000006,628.301290095634
64,50.0,592.9945633617577
64,50.1,585.7907486273989
64,50.2,594.772303050576
64,50.300000000000004,603.8511016377516
64,50.400000000000006,604.2503224648783
64,50.5,595.5610514688886
64,50.6,613.7668610216099
64,50.7,616.9082365052473
64,50.800000000000004,600.9064707495237
64,50.900000000000006,601.436440957232
64,51.0,604.2181267744564
64,51.1,665.5344065220633
64,51.2,754.1342103552677
64,51.300000000000004,665.1808451189977
64,51.400000000000006,616.4606585496155
64,51.5,622.6151726320103
64,51.6,626.8872014124044
64,51.7,639.4463672674677
64,51.800000000000004,632.6361256630554
64,51.900000000000006,652.9650349698618
64,52.0,646.0951029760388
64,52.1,616.2586462360982
64,52.2,634.5483308249833
64,52.300000000000004,632.4877975619036
64,52.400000000000006,610.476166354357
64,52.5,618.9528909436633
64,52.6,615.9413116005431
64,52.7,650.2360070895178
64,52.800000000000004,721.1249837512878
64,52.900000000000006,679.2831649087527
64,53.0,600.0775472419274
64,53.1,606.7681346219832
64,53.2,610.9670294494671
64,53.300000000000004,621.9431311629147
64,53.400000000000006,670.3735979128813
64,53.5,695.9971819082882
64,53.6,620.3049159288935
64,53.7,615.5161502567266
64,53.800000000000004,620.2904409900011
64,53.900000000000006,628.7651997569766
64,54.0,616.0902380531459
64,54.1,597.768648378811
64,54.2,593.8909742388133
64,54.300000000000004,590.565600478896
64,54.400000000000006,599.0598675496362
64,54.5,612.7368066246343
64,54.6,598.1670385060785
64,54.7,601.3556177369416
64,54.800000000000004,618.3235663723464
64,54.900000000000006,622.7292173053131
64,55.0,641.8094616916987
64,55.1,655.8326836497758
64,55.2,606.7146376594999
64,55.300000000000004,615.0853100731058
64,55.400000000000006,623.4412088849912
64,55.5,606.3855550155105
64,55.6,598.1743136650197
64,55.7,606.5202485226531
64,55.800000000000004,617.9003428099643
64,55.900000000000006,725.6222075276015
64,56.0,790.617993332825
64,56.1,612.2193011401727
64,56.2,585.492198012414
64,56.300000000000004,582.966015594923
64,56.400000000000006,657.5598443519516
64,56.5,729.2079371136772
64,56.6,579.6279459741409
64,56.7,579.9541160010682
64,56.800000000000004,595.3238535559949
64,56.900000000000006,593.0764907043675
64,57.0,589.6620657938626
64,57.1,585.1431761046659
64,57.2,583.6801957580452
64,57.300000000000004,597.8446530388886
64,57.400000000000006,607.8094990312343
64,57.5,642.911816528209
64,57.6,764.6707210579875
64,57.7,733.1738902226263
64,57.800000000000004,587.9380795868631
64,57.900000000000006,595.7470496557178
64,58.0,588.6626989218875
64,58.1,584.5796789743323
64,58.2,597.3111112879019
64,58.300000000000004,646.6457604553638
64,58.400000000000006,686.3324887972902
64,58.5,615.9988408456779
64,58.6,599.8122470043583
64,58.7,602.5234570101023
64,58.800000000000004,585.922632201358
64,58.900000000000006,582.8838021452863
64,59.0,604.9428123172814
64,59.1,617.7143745803352
64,59.2,599.712555319925
64,59.300000000000004,602.8951519014058
64,59.400000000000006,592.8182756698801
64,59.5,597.2112680517265
64,59.6,601.6533666147247
64,59.7,601.045187141077
64,59.800000000000004,620.7138091158662
64,59.900000000000006,633.61997848161
64,60.0,597.7000663580063
64,60.1,592.4971203065062
64,60.2,599.0983505517105
64,60.300000000000004,636.9539452278477
64,60.400000000000006,657.0679118100575
64,60.5,596.8203033631565
64,60.6,597.633571168183
64,60.7,595.159566903342
64,60.800000000000004,600.6029317980382
64,60.900000000000006,584.947844113491
64,61.0,587.537964696239
64,61.1,603.2551693168446
64,61.2,614.392512125797
64,61.300000000000004,600.6317333995665
64,61.400000000000006,585.2730173003515
64,61.5,582.9570350477588
64,61.6,593.657109917196
64,61.7,591.3229418687935
64,61.800000000000004,573.8950781200924
64,61.900000000000006,563.5030632635401
64,62.0,565.2209022399085
64,62.1,606.3334561251681
64,62.2,626.1512608117946
64,62.300000000000004,584.2072448587434
64,62.400000000000006,566.7831258029688
64,62.5,572.418949804843
64,62.6,599.8747262999559
64,62.7,592.2743235426851
64,62.800000000000004,581.6202206513823
64,62.900000000000006,591.5538523160576
64,63.0,583.950631262525
64,63.1,585.8433643966708
64,63.2,605.9480632300227
64,63.300000000000004,624.8901392370076
64,63.400000000000006,607.3880800367846
64,63.5,590.5187071941675
64,63.6,616.9144018012098
64,63.7,619.2233018470318
64,63.800000000000004,586.7187163141601
64,63.900000000000006,594.8210360712757
64,64.0,577.6373989748979
64,64.10000000000001,579.3039648279405
64,64.2,605.2294159611525
64,64.3,632.944771224193
64,64.4,574.1365336284931
64,64.5,577.4428697943846
64,64.60000000000001,602.4253245162723
64,64.7,636.8075819084264
64,64.8,651.7485094727386
64,64.9,603.5005845892853
64,65.0,622.4676988839434
64,65.10000000000001,594.4907519679788
64,65.2,614.3667509640787
64,65.3,632.6391373456275
64,65.4,587.7279224554296
64,65.5,606.6199536696373
64,65.60000000000001,598.6307279802493
64,65.7,579.2840275007682
64,65.8,578.090908729744
64,65.9,594.7929266966258
64,66.0,592.7079793935783
64,66.10000000000001,572.6840659975534
64,66.2,567.7527022752029
64,66.3,589.5374122906545
64,66.4,591.4029397165102
64,66.5,592.5980034762512
64,66.60000000000001,583.8874848090924
64,66.7,599.8803906402886
64,66.8,640.7514579991176
64,66.9,639.3494590863128
64,67.0,593.8843597747684
64,67.10000000000001,594.9832666387075
64,67.2,582.3001805595724
64,67.3,576.3028121676549
64,67.4,577.9024651982351
64,67.5,554.2723374794482
64,67.60000000000001,581.0655733816895
64,67.7,594.7010341646383
64,67.8,661.7771701502597
64,67.9,705.3910281380056
64,68.0,568.170581787075
64,68.10000000000001,568.718342195908
64,68.2,582.976297245254
64,68.3,580.654335112069
64,68.4,571.4721002313772
64,68.5,634.7356397306397
64,68.60000000000001,701.2938384360812
64,68.7,571.4869991064431
64,68.8,570.9170247732706
64,68.9,563.3011786784052
64,69.0,586.8610546152509
64,69.10000000000001,584.2339485781554
64,69.2,581.7647094528899
64,69.3,574.5448006405194
64,69.4,586.9872778548496
64,69.5,584.0966182200281
64,69.60000000000001,589.4478755309225
64,69.7,577.482885956447
64,69.8,570.8561341986252
64,69.9,582.4110955829475
64,70.0,633.9943059971934
64,70.10000000000001,585.1787366797485
64,70.2,585.7138774178943
64,70.3,578.6345762862112
64,70.4,566.068059784303
64,70.5,574.1599605594872
64,70.60000000000001,593.4616119221212
64,70.7,617.3269093685282
64,70.8,587.2189950979486
64,70.9,576.5959846818123
64,71.0,571.4367302564958
64,71.10000000000001,568.2686934129479
64,71.2,584.4359186844914
64,71.3,565.9524142371431
64,71.4,565.9819960833948
64,71.5,588.762607505361
64,71.60000000000001,586.5730631218296
64,71.7,607.7626971899008
64,71.8,596.0578241018337
64,71.9,608.6158753495664
64,72.0,582.631977963218
64,72.10000000000001,594.1706943226822
64,72.2,587.5658371833233
64,72.3,640.7041093697345
64,72.4,808.7805889401087
64,72.5,634.6439032335701
64,72.60000000000001,587.2372931388958
64,72.7,595.5002974820752
64,72.8,597.1236249240467
64,72.9,600.1318184275917
64,73.0,582.8457754086642
64,73.10000000000001,576.6691335239644
64,73.2,606.0518539655922
64,73.3,620.9078276280153
96,0.0,551.409
96,0.1,575.783269242059
96,0.2,688.927158506236
96,0.30000000000000004,614.2157492226029
96,0.4,618.0180210852832
96,0.5,746.3568765551516
96,0.6000000000000001,820.4117120496883
96,0.7000000000000001,676.9676369646114
96,0.8,610.4715248266693
96,0.9,599.4941011521856
96,1.0,591.5413121816042
96,1.1,624.6015192795112
96,1.2000000000000002,644.805146287961
96,1.3,677.1831429013948
96,1.4000000000000001,669.3973637405135
96,1.5,560.121296902775
96,1.6,579.9785161357041
96,1.7000000000000002,706.355502677844
96,1.8,632.0891020897172
96,1.9000000000000001,566.1548175179421
96,2.0,598.0187129278609
96,2.1,609.0458236770754
96,2.2,618.037236363853
96,2.3000000000000003,619.4946574569732
96,2.4000000000000004,617.8930462895144
96,2.5,640.6762956428915
96,2.6,636.7529063236727
96,2.7,656.5923673455189
96,2.8000000000000003,635.5392039515443
96,2.9000000000000004,620.108797018688
96,3.0,574.3620705052599
96,3.1,569.8866540037742
96,3.2,658.1459805064717
96,3.3000000000000003,647.2272186794698
96,3.4000000000000004,621.5341969278056
96,3.5,619.9317065666229
96,3.6,635.3726396331482
96,3.7,607.9888017318038
96,3.8000000000000003,590.347696526171
96,3.9000000000000004,751.136928491573
96,4.0,830.5638230954718
96,4.1000000000000005,680.8062339296424
96,4.2,571.8354549525121
96,4.3,592.1627202567657
96,4.4,653.9846319041562
96,4.5,617.9762255033014
96,4.6000000000000005,615.959843230892
96,4.7,644.0729918800232
96,4.800000000000001,623.865147988867
96,4.9,623.8758628396604
96,5.0,688.1902876875532
96,5.1000000000000005,655.3400539908693
96,5.2,617.3092996394881
96,5.300000000000001,636.6869583406011
96,5.4,664.3805233134449
96,5.5,644.6359298016528
96,5.6000000000000005,624.6611048725335
96,5.7,632.940264539634
96,5.800000000000001,619.7773765403914
96,5.9,627.6471183293581
96,6.0,656.120346095742
96,6.1000000000000005,624.4186070760737
96,6.2,616.7348206880612
96,6.300000000000001,659.3459730209265
96,6.4,670.6827176112362
96,6.5,653.2487465533756
96,6.6000000000000005,620.9006900495815
96,6.7,692.2583254050141
96,6.800000000000001,669.7717756615209
96,6.9,651.4325428014765
96,7.0,656.6400772689473
96,7.1000000000000005,644.427340599759
96,7.2,625.7979110686986
96,7.300000000000001,612.1148762449187
96,7.4,619.9850201565498
96,7.5,712.319993149363
96,7.6000000000000005,682.4453024751793
96,7.7,608.0538379134363
96,7.800000000000001,642.8429998799186
96,7.9,647.348987919367
96,8.0,625.399136597152
96,8.1,651.1279764800902
96,8.200000000000001,653.1825488790345
96,8.3,615.0198550117947
96,8.4,590.1004195860247
96,8.5,586.988043651588
96,8.6,651.7170201327245
96,8.700000000000001,625.9729982540726
96,8.8,592.1835073388094
96,8.9,624.5006613645895
96,9.0,628.628788393904
96,9.1,614.5440989305883
96,9.200000000000001,610.0088389498367
96,9.3,631.4926789634839
96,9.4,709.490389023731
96,9.5,781.5845291753044
96,9.600000000000001,677.2523507152067
96,9.700000000000001,610.8268372107217
96,9.8,630.19152474701
96,9.9,610.9029964421734
96,10.0,598.090389683298
96,10.100000000000001,615.3445819217687
96,10.200000000000001,637.9931315742069
96,10.3,621.9181081209235
96,10.4,641.0195139523914
96,10.5,646.6999643907297
96,10.600000000000001,630.0377560372109
96,10.700000000000001,630.1702214181723
96,10.8,688.6124845970008
96,10.9,659.5824952645557
96,11.0,591.9106786175541
96,11.100000000000001,600.8005122938517
96,11.200000000000001,603.0857952189658
96,11.3,602.219308085376
96,11.4,617.5234625128359
96,11.5,624.9918086606388
96,11.600000000000001,630.8761808373579
96,11.700000000000001,667.2654228071685
96,11.8,658.3456275330958
96,11.9,623.3099741986214
96,12.0,621.3284350974824
96,12.100000000000001,613.6441645637889
96,12.200000000000001,620.4274059436989
96,12.3,630.3296182786455
96,12.4,645.8535726527132
96,12.5,634.9548994107232
96,12.600000000000001,618.9258971258922
96,12.700000000000001,631.0803084200066
96,12.8,648.2465629940625
96,12.9,654.7728611158523
96,13.0,632.4598826172838
96,13.100000000000001,638.2262080344234
96,13.200000000000001,647.2410348869901
96,13.3,644.6203635278812
96,13.4,622.2711436345526
96,13.5,603.8427865242431
96,13.600000000000001,608.9088859579435
96,13.700000000000001,623.6633036527552
96,13.8,667.1304505644
96,13.9,688.4379263724168
96,14.0,770.0163014887391
96,14.100000000000001,785.8319712452321
96,14.200000000000001,668.8409255954004
96,14.3,739.0193154531845
96,14.4,760.1112579345861
96,14.5,648.7736274707937
96,14.600000000000001,608.6970835881128
96,14.700000000000001,584.441737511466
96,14.8,622.5691883134432
96,14.9,714.7741213638275
96,15.0,696.740421481755
96,15.100000000000001,624.4836566860546
96,15.200000000000001,661.0190319943771
96,15.3,636.4691693449155
96,15.4,591.0201290925207
96,15.5,606.2288812037134
96,15.600000000000001,620.4032875010723
96,15.700000000000001,632.886504087269
96,15.8,631.8972269176513
96,15.9,632.2935735812013
96,16.0,624.9630373625117
96,16.1,622.3330889952115
96,16.2,673.5678233680575
96,16.3,688.8978741594665
96,16.400000000000002,637.5149206631797
96,16.5,688.3231527962772
96,16.6,728.5530381980365
96,16.7,615.3538882628375
96,16.8,587.598330630384
96,16.900000000000002,618.3900169328691
96,17.0,607.750332796401
96,17.1,608.3827283162381
96,17.2,662.6040191596331
96,17.3,658.4127251391906
96,17.400000000000002,631.013481745926
96,17.5,617.7731862864468
96,17.6,654.3378803625698
96,17.7,668.3796095063819
96,17.8,605.6426629618154
96,17.900000000000002,604.636620712497
96,18.0,640.0664170745191
96,18.1,652.6663356156182
96,18.2,614.3170952503724
96,18.3,717.2303232304187
96,18.400000000000002,739.341105049831
96,18.5,655.4742215870641
96,18.6,667.2316827188017
96,18.7,631.9684515912729
96,18.8,637.8264070317321
96,18.900000000000002,614.9743029616333
96,19.0,624.3316848740898
96,19.1,647.0365177588842
96,19.200000000000003,636.849465101018
96,19.3,637.6600012609397
96,19.400000000000002,690.7368873814885
96,19.5,674.9198454397285
96,19.6,681.8850834291984
96,19.700000000000003,726.8259371976438
96,19.8,634.0771665367425
96,19.900000000000002,639.6291226889037
96,20.0,636.3573215623392
96,20.1,630.9910004031722
96,20.200000000000003,652.1360125543001
96,20.3,640.2112054882447
96,20.400000000000002,623.8667444753925
96,20.5,646.7554744068128
96,20.6,641.7579722142002
96,20.700000000000003,673.9599422089238
96,20.8,689.6868590567499
96,20.900000000000002,663.8694940364124
96,21.0,656.512783785909
96,21.1,661.3577540136012
96,21.200000000000003,691.5336763649095
96,21.3,679.235322547903
96,21.400000000000002,671.8853355525215
96,21.5,715.3564615500089
96,21.6,748.3845106041283
96,21.700000000000003,681.0323353533599
96,21.8,710.4505008360526
96,21.900000000000002,715.5642647284573
96,22.0,611.3368387070642
96,22.1,590.9021069908617
96,22.200000000000003,595.4405801847166
96,22.3,656.8495826033914
96,22.400000000000002,689.7592270114955
96,22.5,750.4479433385912
96,22.6,729.3981366045647
96,22.700000000000003,642.6175491847528
96,22.8,655.9239470866725
96,22.900000000000002,692.1581261901132
96,23.0,659.2025211074
96,23.1,630.1717790075131
96,23.200000000000003,624.8156263860183
96,23.3,685.2772828215701
96,23.400000000000002,741.0612783509833
96,23.5,619.4535044253269
96,23.6,595.624871656228
96,23.700000000000003,613.2626730899452
96,23.8,648.18901769672
96,23.900000000000002,662.2226471551911
96,24.0,625.2569266093735
96,24.1,622.3143383065614
96,24.200000000000003,619.7918626799664
96,24.3,595.9894693220521
96,24.400000000000002,611.357022870936
96,24.5,633.5454354245389
96,24.6,667.9137279422466
96,24.700000000000003,659.9680684563841
96,24.8,590.9049544416837
96,24.900000000000002,648.9679577129745
96,25.0,655.1517297101552
96,25.1,617.4736535799365
96,25.200000000000003,640.9891691226444
96,25.3,638.2960661269644
96,25.400000000000002,612.8863174086143
96,25.5,623.7226596372266
96,25.6,621.1559139680569
96,25.700000000000003,704.1040342601927
96,25.8,764.2453334389685
96,25.900000000000002,690.0325179038147
96,26.0,694.580845431174
96,26.1,707.5830909140285
96,26.200000000000003,635.9838073303504
96,26.3,619.869042501287
96,26.400000000000002,646.2111472456311
96,26.5,644.1859325464146
96,26.6,638.204974990827
96,26.700000000000003,645.8536611195564
96,26.8,651.742397917709
96,26.900000000000002,651.4667076694363
96,27.0,611.6390220906931
96,27.1,598.5080832911585
96,27.200000000000003,679.3094123121812
96,27.3,688.6582410534511
96,27.400000000000002,643.5745348952019
96,27.5,735.5207589758863
96,27.6,814.4177905712014
96,27.700000000000003,704.6186860407798
96,27.8,617.3149939554515
96,27.900000000000002,617.7452267018707
96,28.0,673.9112985393285
96,28.1,616.4916605039732
96,28.200000000000003,611.1055618493284
96,28.3,650.816133947307
96,28.400000000000002,664.3487607014931
96,28.5,618.4384736434515
96,28.6,637.379245026223
96,28.700000000000003,632.684946029174
96,28.8,642.0311416619013
96,28.900000000000002,654.3235613335963
96,29.0,627.6309633753484
96,29.1,669.6765782769502
96,29.200000000000003,702.5517312860186
96,29.3,623.1742399409088
96,29.400000000000002,643.8907165611208
96,29.5,660.1252588234734
96,29.6,634.2922151257301
96,29.700000000000003,646.7312246531152
96,29.8,644.8589956136543
96,29.900000000000002,627.22023703499
96,30.0,637.8937855721689
96,30.1,625.6746693583242
96,30.200000000000003,623.571789530773
96,30.3,652.5937750634315
96,30.400000000000002,647.3990268022807
96,30.5,623.5629404922723
96,30.6,629.1200784267969
96,30.700000000000003,635.5946302564615
96,30.8,647.5482910994267
96,30.900000000000002,651.4995409949338
96,31.0,666.0554704130309
96,31.1,683.0723108921163
96,31.200000000000003,641.2055490850274
96,31.3,654.280081500861
96,31.400000000000002,616.7002156897319
96,31.5,627.5727743769494
96,31.6,648.0591923139059
96,31.700000000000003,650.8339271823962
96,31.8,658.4431143420778
96,31.900000000000002,640.8776669857667
96,32.0,648.8897557265731
96,32.1,659.6301762079711
96,32.2,660.6074431429454
96,32.300000000000004,665.201418967977
96,32.4,651.796142906976
96,32.5,649.0549559862469
96,32.6,649.1391142904115
96,32.7,628.9364425414898
96,32.800000000000004,604.9867759611362
96,32.9,595.5630715974551
96,33.0,618.2968476093813
96,33.1,642.3113489750413
96,33.2,662.1666504356439
96,33.300000000000004,648.2866715271391
96,33.4,651.2611291822618
96,33.5,656.9071468216246
96,33.6,659.760976716118
96,33.7,664.1670257574202
96,33.800000000000004,647.4376442877282
96,33.9,622.6999393114197
96,34.0,642.2226809795195
96,34.1,690.1031099014092
96,34.2,649.6064252106885
96,34.300000000000004,657.6096314964625
96,34.4,671.2314995425091
96,34.5,643.5645689197916
96,34.6,635.447277302499
96,34.7,631.7737440121225
96,34.800000000000004,630.3382481114106
96,34.9,629.5701788063053
96,35.0,639.807934056612
96,35.1,593.7290912177772
96,35.2,588.9792772075491
96,35.300000000000004,670.5888739333726
96,35.4,685.67658067016
96,35.5,619.4750312622118
96,35.6,630.8968879461859
96,35.7,620.3357301253853
96,35.800000000000004,623.2844828453244
96,35.9,633.901226457805
96,36.0,653.6397830128434
96,36.1,662.4174796268533
96,36.2,632.4940916392657
96,36.300000000000004,641.7901430503415
96,36.4,620.6924062390686
96,36.5,637.0012691430628
96,36.6,677.1985125549851
96,36.7,794.7117150514778
96,36.800000000000004,763.2509737640913
96,36.9,606.8452086684691
96,37.0,633.6507705542929
96,37.1,649.7798446887178
96,37.2,652.2308402373924
96,37.300000000000004,663.1310949677635
96,37.4,634.0858117510259
96,37.5,635.2802614310871
96,37.6,635.4787638508569
96,37.7,634.7332191094584
96,37.800000000000004,642.872602770781
96,37.9,630.8954366104556
96,38.0,615.9786355027951
96,38.1,654.5428976328592
96,38.2,719.1377876186625
96,38.300000000000004,634.5988317621756
96,38.400000000000006,646.3322385883389
96,38.5,682.277925177103
96,38.6,748.6840939587004
96,38.7,679.1849717614758
96,38.800000000000004,643.1006814136707
96,38.900000000000006,611.7346284515389
96,39.0,637.2639057606344
96,39.1,672.4059574516708
96,39.2,698.0467489936171
96,39.300000000000004,694.0775038192099
96,39.400000000000006,645.0038631872617
96,39.5,620.426389749259
96,39.6,610.0475790455146
96,39.7,643.3021103586615
96,39.800000000000004,600.15246184321
96,39.900000000000006,658.6125046811253
96,40.0,654.10083395161
96,40.1,697.6090151368513
96,40.2,687.721885951481
96,40.300000000000004,608.2033590252605
96,40.400000000000006,616.1860082047311
96,40.5,597.486545566969
96,40.6,597.9855948054181
96,40.7,611.2013890733708
96,40.800000000000004,620.6152682410162
96,40.900000000000006,672.6302778800293
96,41.0,621.7410342717317
96,41.1,588.7051956022276
96,41.2,586.0063570764106
96,41.300000000000004,580.5704526303767
96,41.400000000000006,625.8890598005725
96,41.5,643.5733009225725
96,41.6,605.0850568916594
96,41.7,610.1941742231558
96,41.800000000000004,638.224798610422
96,41.900000000000006,702.5629518874113
96,42.0,618.3815571988163
96,42.1,605.0644929775278
96,42.2,620.4195839823857
96,42.300000000000004,612.8692025267289
96,42.400000000000006,602.7500095408267
96,42.5,594.0360431929626
96,42.6,599.7557301119842
96,42.7,589.1662227401303
96,42.800000000000004,621.0093160941663
96,42.900000000000006,628.4102105215538
96,43.0,647.9841511016963
96,43.1,615.008598587453
96,43.2,669.0483296185075
96,43.300000000000004,582.9802362598723
96,43.400000000000006,538.9995150152675
96,43.5,599.575971631983
96,43.6,591.0706434953555
96,43.7,638.4715916902177
96,43.800000000000004,632.6024360419522
96,43.900000000000006,577.4505150575488
96,44.0,621.3914033547372
96,44.1,616.1650253339718
96,44.2,612.675637260293
96,44.300000000000004,645.1037458600173
96,44.400000000000006,716.5081567008758
96,44.5,617.9781375067314
96,44.6,617.8264072388705
96,44.7,661.4184198302332
96,44.800000000000004,719.5287402943202
96,44.900000000000006,636.595807442104
96,45.0,641.8302459666755
96,45.1,599.2168063207961
96,45.2,616.2188902331737
96,45.300000000000004,616.424537989966
96,45.400000000000006,642.7650008006227
96,45.5,609.8969335312662
96,45.6,621.5254949662957
96,45.7,654.0300751825738
96,45.800000000000004,642.0645895960849
96,45.900000000000006,617.5788184156412
96,46.0,682.7858465569129
96,46.1,780.2706955794011
96,46.2,608.0974752770074
96,46.300000000000004,624.8995773233477
96,46.400000000000006,585.0224201434496
96,46.5,622.0737898894155
96,46.6,624.704647740504
96,46.7,654.1405912845354
96,46.800000000000004,562.5910082826205
96,46.900000000000006,578.3428134606671
96,47.0,592.7995386301684
96,47.1,643.4068771690871
96,47.2,641.4119411463117
96,47.300000000000004,712.3865724617866
96,47.400000000000006,606.0956705737428
96,47.5,618.0160464692385
96,47.6,626.3637876793596
96,47.7,595.585700438917
96,47.800000000000004,657.7358788440483
96,47.900000000000006,728.0878045988518
96,48.0,646.3236806711876
96,48.1,749.1066039108313
96,48.2,601.7764076367449
96,48.300000000000004,597.3546597000334
96,48.400000000000006,599.5997892599623
96,48.5,654.9460068849686
96,48.6,618.6262778392125
96,48.7,601.7681269106574
96,48.800000000000004,625.7637406306281
96,48.900000000000006,681.8739226190511
96,49.0,760.7957831818139
96,49.1,543.7612148579359
96,49.2,589.6211203772519
96,49.300000000000004,635.4412898953916
96,49.400000000000006,601.4922380367825
96,49.5,620.9221449363423
96,49.6,616.6981053066464
96,49.7,653.3362379659491
96,49.800000000000004,619.3955748082504
96,49.900000000000006,590.2546761932015
96,50.0,628.712252389825
96,50.1,635.814532371316
96,50.2,592.6268473393253
96,50.300000000000004,595.7387971124939
96,50.400000000000006,610.9939648380561
96,50.5,620.872981762382
96,50.6,631.0047252567517
96,50.7,681.0439347053604
96,50.800000000000004,809.7946389956545
96,50.900000000000006,668.6275190775566
96,51.0,622.2188433479769
96,51.1,640.1409235365737
96,51.2,668.3110577773413
96,51.300000000000004,607.1170833637136
96,51.400000000000006,613.7431995470128
96,51.5,652.8441216316202
96,51.6,672.9474348067846
96,51.7,661.7438338425349
96,51.800000000000004,697.0499055038676
96,51.900000000000006,615.8395368607158
96,52.0,625.557080353973
96,52.1,611.9984521107702
96,52.2,621.3787137583033
96,52.300000000000004,628.9189462278579
96,52.400000000000006,607.1594069673093
96,52.5,565.0740389439574
96,52.6,576.6733660312619
96,52.7,590.5487313723963
96,52.800000000000004,626.826694768336
96,52.900000000000006,615.8213709107887
96,53.0,619.8604672550473
96,53.1,640.8483341364844
96,53.2,677.038370772689
96,53.300000000000004,843.0288017647284
96,53.400000000000006,637.882507135545
96,53.5,686.2253947277497
96,53.6,603.4718349068297
96,53.7,621.0687892704893
96,53.800000000000004,618.5764718951735
96,53.900000000000006,639.0467483204386
96,54.0,648.2536671749978
96,54.1,659.8784473785043
96,54.2,662.4432552362356
96,54.300000000000004,576.7656666893838
96,54.400000000000006,585.9408328107886
96,54.5,565.427602752193
96,54.6,607.6822566007166
96,54.7,597.0455510456039
96,54.800000000000004,629.1779790946201
96,54.900000000000006,607.537382313166
96,55.0,604.93628876734
96,55.1,608.8566854591066
96,55.2,618.2062506897032
96,55.300000000000004,626.7432601725376
96,55.400000000000006,615.5571423702563
96,55.5,627.6148671134416
96,55.6,634.5457015730957
96,55.7,631.4119328253122
96,55.800000000000004,647.4700909369853
96,55.900000000000006,600.4896488285981
96,56.0,606.5576231657858
96,56.1,631.2379360433674
96,56.2,657.014615615163
96,56.300000000000004,643.6645392930066
96,56.400000000000006,617.8496610169625
96,56.5,581.9079095834147
96,56.6,643.7626105750762
96,56.7,745.5910005885552
96,56.800000000000004,587.8937673768953
96,56.900000000000006,620.6636271600645
96,57.0,626.0955897556872
128,0.0,405.546
128,0.1,455.7213453715375
128,0.2,647.0432373390711
128,0.30000000000000004,664.8515502761693
128,0.4,662.1041784727603
128,0.5,522.778220366002
128,0.6000000000000001,618.0915916083884
128,0.7000000000000001,659.4253341037653
128,0.8,623.3298043623089
128,0.9,635.2227927928958
128,1.0,564.8706129859299
128,1.1,700.3376597792134
128,1.2000000000000002,639.4203664367321
128,1.3,617.3552651537823
128,1.4000000000000001,636.8493689332187
128,1.5,633.5783116593158
128,1.6,636.7678689523709
128,1.7000000000000002,693.2569126603905
128,1.8,615.4843599694051
128,1.9000000000000001,657.4831310440799
128,2.0,662.8158230085544
128,2.1,641.9306635842888
128,2.2,659.4902196897563
128,2.3000000000000003,635.8444593314842
128,2.4000000000000004,652.8158629723883
128,2.5,672.3819571106901
128,2.6,690.4888072278535
128,2.7,651.8855377081054
128,2.8000000000000003,698.9579731398758
128,2.9000000000000004,631.3815802201465
128,3.0,688.0559785191663
128,3.1,647.058689706569
128,3.2,652.0397621227933
128,3.3000000000000003,648.9162033899355
128,3.4000000000000004,780.057263536902
128,3.5,591.5260317923207
128,3.6,679.2215202761881
128,3.7,845.8897741525386
128,3.8000000000000003,658.3665506892389
128,3.9000000000000004,740.2155295945647
128,4.0,646.9006121035102
128,4.1000000000000005,623.2083391161592
128,4.2,617.0358980166124
128,4.3,663.3139655409703
128,4.4,718.11258405429
128,4.5,670.9889106730972
128,4.6000000000000005,638.2534213633081
128,4.7,637.205663725565
128,4.800000000000001,626.2128572208084
128,4.9,651.5150440325875
128,5.0,681.3328126944944
128,5.1000000000000005,660.8825651557067
128,5.2,671.5406593337623
128,5.300000000000001,616.4092553789916
128,5.4,693.5708794555803
128,5.5,629.4463654277804
128,5.6000000000000005,640.4989663920893
128,5.7,604.6488764897064
128,5.800000000000001,654.9092410235153
128,5.9,705.5153677338806
128,6.0,644.4890011008098
128,6.1000000000000005,661.5379760556536
128,6.2,797.4194994708519
128,6.300000000000001,661.318257604577
128,6.4,649.4591358669834
128,6.5,676.4217008928252
128,6.6000000000000005,796.8386207117912
128,6.7,800.968295734421
128,6.800000000000001,637.017035029047
128,6.9,827.5557074253647
128,7.0,732.7115507315085
128,7.1000000000000005,739.623292366967
128,7.2,702.4414302083159
128,7.300000000000001,686.1545217870918
128,7.4,682.8083510942957
128,7.5,663.5638838947295
128,7.6000000000000005,626.3153769376639
128,7.7,705.3176596273561
128,7.800000000000001,643.9895840148268
128,7.9,667.9916721881679
128,8.0,694.7761728445062
128,8.1,644.935747768437
128,8.200000000000001,663.9528063731066
128,8.3,670.498102620488
128,8.4,650.5270816593761
128,8.5,619.2309883919296
128,8.6,639.9839750363604
128,8.700000000000001,666.6118992501572
128,8.8,685.1513995421096
128,8.9,677.9780354879824
128,9.0,672.4642627431175
128,9.1,673.149759807126
128,9.200000000000001,644.6500900453358
128,9.3,848.3243503366402
128,9.4,677.605090544506
128,9.5,674.2308750071468
128,9.600000000000001,623.1434378483323
128,9.700000000000001,640.4261128069526
128,9.8,765.6272070438787
128,9.9,655.5139638878493
128,10.0,645.0220756183982
128,10.100000000000001,645.9341759289084
128,10.200000000000001,628.5410682434893
128,10.3,771.4757856081699
128,10.4,645.5459680274064
128,10.5,659.4165589361495
128,10.600000000000001,634.4311570742675
128,10.700000000000001,658.0390325043668
128,10.8,678.3988023247505
128,10.9,732.8259202675367
128,11.0,570.6272135247766
128,11.100000000000001,605.0252649549161
128,11.200000000000001,753.0434942987646
128,11.3,684.8392170675213
128,11.4,630.2067308762983
128,11.5,595.0918557111412
128,11.600000000000001,686.9027536289694
128,11.700000000000001,678.914158910708
128,11.8,688.7289133232481
128,11.9,602.2564123121781
128,12.0,651.768783820548
128,12.100000000000001,673.440176876842
128,12.200000000000001,676.9657407508523
128,12.3,661.3127077525639
128,12.4,666.7035512008457
128,12.5,662.8063381944693
128,12.600000000000001,600.1169874325483
128,12.700000000000001,656.0554714697524
128,12.8,663.8217139821271
128,12.9,691.3626122487875
128,13.0,669.2208665087979
128,13.100000000000001,824.497678707227
128,13.200000000000001,661.5109695370463
128,13.3,611.3424266382339
128,13.4,652.5163821397173
128,13.5,606.8031709373608
128,13.600000000000001,632.9848260201327
128,13.700000000000001,645.2340396149953
128,13.8,640.0897391581751
128,13.9,642.0736889398221
128,14.0,704.6147739775801
128,14.100000000000001,639.2559855153934
128,14.200000000000001,657.6901117905079
128,14.3,686.961923097485
128,14.4,691.8464012931415
128,14.5,655.4520181825113
128,14.600000000000001,640.7749559775187
128,14.700000000000001,659.2204474074535
128,14.8,654.5516640469677
128,14.9,674.2470277776058
128,15.0,658.9701175978712
128,15.100000000000001,638.5378286863938
128,15.200000000000001,635.5879566844933
128,15.3,574.5872522122392
128,15.4,610.3456007899943
128,15.5,637.4623497959641
128,15.600000000000001,643.2104982359093
128,15.700000000000001,658.3673405626013
128,15.8,672.6785439556304
128,15.9,593.9977757308058
128,16.0,663.8427919134641
128,16.1,648.8817495570535
128,16.2,618.5467992261767
128,16.3,676.4108604000529
128,16.400000000000002,671.3380905848267
128,16.5,726.5757010286928
128,16.6,717.3908340923381
128,16.7,685.6699199870401
128,16.8,655.4791257255299
128,16.900000000000002,703.5518065995655
128,17.0,675.0775231375483
128,17.1,754.5859039587885
128,17.2,624.8937087720481
128,17.3,683.0984229387137
128,17.400000000000002,661.7868095852085
128,17.5,677.0300650107081
128,17.6,682.8016105890565
128,17.7,694.8828305137397
128,17.8,735.9208164840979
128,17.900000000000002,635.8065218311021
128,18.0,701.9491387545445
128,18.1,688.9981198768752
128,18.2,656.8682030926904
128,18.3,676.8082997229272
128,18.400000000000002,672.3048662818204
128,18.5,720.0113491508706
128,18.6,647.3566408896943
128,18.7,649.8996303628285
128,18.8,639.8445730261103
128,18.900000000000002,582.0262789427651
128,19.0,777.5463682239427
128,19.1,719.0450059415263
128,19.200000000000003,586.7238357480359
128,19.3,647.264972809965
128,19.400000000000002,681.3260400368792
128,19.5,713.3497488910593
128,19.6,653.4147404418112
128,19.700000000000003,783.124601868131
128,19.8,640.9143013605021
128,19.900000000000002,664.3006351225039
128,20.0,658.9789172964936
128,20.1,668.8534267162439
128,20.200000000000003,662.4583225717148
128,20.3,717.0389905815754
128,20.400000000000002,679.7751905676726
128,20.5,627.8090474906253
128,20.6,790.2158684403556
128,20.700000000000003,688.3322081053535
128,20.8,654.5336848967652
128,20.900000000000002,646.0180283482986
128,21.0,608.3806974181698
128,21.1,669.762104076164
128,21.200000000000003,754.4954441873289
128,21.3,646.2666400018097
128,21.400000000000002,656.7460142393893
128,21.5,672.4400445402778
128,21.6,687.0150657479022
128,21.700000000000003,701.0809117665284
128,21.8,690.4330133024844
128,21.900000000000002,641.9367002837465
128,22.0,723.9973294978905
128,22.1,686.6973482139528
128,22.200000000000003,660.5087686097904
128,22.3,647.2121337726351
128,22.400000000000002,621.2543928692232
128,22.5,665.7271219882317
128,22.6,654.7630523168121
128,22.700000000000003,668.5843108493226
128,22.8,612.6834826373496
128,22.900000000000002,659.5033476298266
128,23.0,650.1543230478079
128,23.1,718.549679504779
128,23.200000000000003,599.1775036331271
128,23.3,637.6776699764389
128,23.400000000000002,680.9282106577909
128,23.5,668.0156329544291
128,23.6,675.8273533303475
128,23.700000000000003,727.942792171276
128,23.8,652.368694055171
128,23.900000000000002,689.587048848453
128,24.0,658.8914079039856
128,24.1,630.0255454679733
128,24.200000000000003,659.9306870281076
128,24.3,692.5962823929655
128,24.400000000000002,647.7597101071115
128,24.5,606.6787662278257
128,24.6,648.0006256758344
128,24.700000000000003,628.0894829459105
128,24.8,653.665809912284
128,24.900000000000002,689.8645366092729
128,25.0,647.5511876989498
128,25.1,653.1730314258422
128,25.200000000000003,664.4776911913544
128,25.3,647.6281521080718
128,25.400000000000002,655.0685458604345
128,25.5,620.9128031575411
128,25.6,660.7687892440597
128,25.700000000000003,687.2872926424873
128,25.8,689.8944133346039
128,25.900000000000002,668.6529953803047
128,26.0,685.8737110315892
128,26.1,722.9290218193952
128,26.200000000000003,679.7755402792056
128,26.3,769.4477465687745
128,26.400000000000002,681.2069708178844
128,26.5,706.0996801075845
128,26.6,690.0898652473138
128,26.700000000000003,657.761026028144
128,26.8,670.2407499709362
128,26.900000000000002,653.2914858388394
128,27.0,745.0016017233
128,27.1,660.6748290074021
128,27.200000000000003,711.7434760261821
128,27.3,691.4550612076476
128,27.400000000000002,667.906366317876
128,27.5,667.7341565631411
128,27.6,679.2516965949085
128,27.700000000000003,751.9651860126024
128,27.8,680.5535156290497
128,27.900000000000002,682.88977631327
128,28.0,634.8669264286088
128,28.1,627.012535826258
128,28.200000000000003,660.8770992684948
128,28.3,641.7370815487619
128,28.400000000000002,666.4976713952475
128,28.5,665.4047241886184
128,28.6,681.9219092395894
128,28.700000000000003,671.8623795484214
128,28.8,682.0663628767396
128,28.900000000000002,695.6542783629578
128,29.0,707.6842547606793
128,29.1,655.3294967764982
128,29.200000000000003,597.8056141481568
128,29.3,624.2620150722321
128,29.400000000000002,681.2978861603608
128,29.5,678.9702365881899
128,29.6,630.9158076622704
128,29.700000000000003,663.1597144696392
128,29.8,665.1552831939998
128,29.900000000000002,682.5111249876712
128,30.0,698.7834306082042
128,30.1,669.3241982622031
128,30.200000000000003,668.3973275828964
128,30.3,648.5569195791749
128,30.400000000000002,650.410522046344
128,30.5,671.5053157307842
128,30.6,780.2544952683694
128,30.700000000000003,839.4830708267914
128,30.8,767.4643949208913
128,30.900000000000002,674.4266094292667
128,31.0,636.6424855423152
128,31.1,680.3618765795228
128,31.200000000000003,721.2634558741543
128,31.3,596.0674185051739
128,31.400000000000002,576.6126832413588
128,31.5,623.5000749659267
128,31.6,646.5825532701688
128,31.700000000000003,640.7770925828419
128,31.8,637.7146759164225
128,31.900000000000002,615.9110493809503
128,32.0,663.4740225510168
128,32.1,679.0354028516333
128,32.2,643.5228437490605
128,32.300000000000004,675.4258341613485
128,32.4,665.3026415451186
128,32.5,771.4393952891057
128,32.6,676.665094143964
128,32.7,658.2427341363722
128,32.800000000000004,683.8761827280679
128,32.9,670.6920418954369
128,33.0,692.2576071848042
128,33.1,714.7795203633689
128,33.2,663.1230644099031
128,33.300000000000004,671.0220213460116
128,33.4,669.7324875925003
128,33.5,643.0629542728761
128,33.6,711.6958364760442
128,33.7,685.421439919554
128,33.800000000000004,637.2520402167374
128,33.9,643.4910214510377
128,34.0,648.1520496909507
128,34.1,664.158509809379
128,34.2,643.8004405563406
128,34.300000000000004,695.4912667530726
128,34.4,713.4171816883156
128,34.5,649.5529560749311
128,34.6,645.3889004591413
128,34.7,737.0152293424294
128,34.800000000000004,772.7953523571473
128,34.9,632.9909786428292
128,35.0,726.9407896461258
128,35.1,695.0981973359998
128,35.2,627.3137734720082
128,35.300000000000004,639.7835516185387
128,35.4,652.4141191288497
128,35.5,689.1729645886749
128,35.6,651.2493484822626
128,35.7,648.5408499500815
128,35.800000000000004,676.6446748016384
128,35.9,708.5475488803208
128,36.0,685.6339879620848
128,36.1,721.0691854004104
128,36.2,662.9795493462732
128,36.300000000000004,651.910555239275
128,36.4,662.0802950053971
128,36.5,636.7140911222414
128,36.6,695.3411388212603
128,36.7,691.7130621700751
128,36.800000000000004,643.4436959969482
128,36.9,655.6835030627946
128,37.0,707.7711416821147
128,37.1,670.2827630171997
128,37.2,652.4027353818592
128,37.300000000000004,627.7692487999313
128,37.4,614.8677640664235
128,37.5,602.0980044651367
128,37.6,643.075951859804
128,37.7,653.1578188355321
128,37.800000000000004,630.2297638114721
128,37.9,645.6812994045529
128,38.0,647.4578252703865
128,38.1,639.582743644308
128,38.2,656.5869670923123
128,38.300000000000004,684.5022545493116
128,38.400000000000006,675.5222161945503
128,38.5,689.016625
128,38.6,665.0981030481796
128,38.7,820.2044153657073
128,38.800000000000004,717.4769015986872
128,38.900000000000006,618.2883312165839
128,39.0,598.5398560174992
128,39.1,691.2986873970667
128,39.2,737.1571141722222
128,39.300000000000004,695.7860722160377
128,39.400000000000006,645.8005976095135
128,39.5,641.4800173275702
128,39.6,643.5631219300649
128,39.7,624.8630277960586
128,39.800000000000004,625.9840822250558
128,39.900000000000006,641.4490634834107
128,40.0,642.0460185072664
128,40.1,718.6683355933271
128,40.2,672.3268272099657
128,40.300000000000004,690.5797260317952
128,40.400000000000006,678.2201118788528
128,40.5,663.8081548738992
128,40.6,653.6752163866613
128,40.7,695.5646663345151
128,40.800000000000004,775.6014376716868
128,40.900000000000006,679.3834529480616
128,41.0,603.183361764741
128,41.1,650.5363842441121
128,41.2,638.9749611366847
128,41.300000000000004,653.277615316872
128,41.400000000000006,658.929912102134
128,41.5,648.8975811298005
128,41.6,652.934577730651
128,41.7,624.2035396628329
128,41.800000000000004,643.9832238191938
128,41.900000000000006,653.7171389750531
128,42.0,626.4239695620162
128,42.1,613.6115796893429
128,42.2,763.7499476988543
128,42.300000000000004,720.1763377900639
128,42.400000000000006,702.2738195512317
128,42.5,676.2034374389401
128,42.6,690.5705607588343
128,42.7,681.7391543909378
128,42.800000000000004,670.4044887345364
128,42.900000000000006,649.8887867572431
128,43.0,664.292727145359
128,43.1,666.5460031495646
128,43.2,710.3938067966903
128,43.300000000000004,688.6052914840803
128,43.400000000000006,667.8878752284538
128,43.5,613.2704696370746
128,43.6,633.2652867115419
128,43.7,662.3267526867106
128,43.800000000000004,668.2642816827514
128,43.900000000000006,675.1661600989343
128,44.0,656.0668638692306
128,44.1,662.5487376147317
128,44.2,648.3304176059196
128,44.300000000000004,680.6285371153018
128,44.400000000000006,670.0395542056217
128,44.5,651.2798610566396
128,44.6,655.3871602092894
128,44.7,648.2521397437757
128,44.800000000000004,649.7946439271736
128,44.900000000000006,728.5602494002786
128,45.0,684.1317559274623
128,45.1,626.1584473491212
128,45.2,653.2305158356261
128,45.300000000000004,647.9498104690518
128,45.400000000000006,658.0987747997401
128,45.5,675.7923637295082
128,45.6,665.2156798747666
128,45.7,650.9184051280093
128,45.800000000000004,645.8276874993446
128,45.900000000000006,649.3761304900631
128,46.0,650.9557781277699
128,46.1,662.6482823781402
128,46.2,662.3075011120029
128,46.300000000000004,633.5306255084299
128,46.400000000000006,657.9011920681625
128,46.5,671.2735186623619
128,46.6,765.135644156682
128,46.7,711.3201502742444
128,46.800000000000004,610.1306478112297
128,46.900000000000006,648.7609970949692
128,47.0,772.6958732386312
128,47.1,686.6469956339376
128,47.2,595.0828161250435
128,47.300000000000004,742.4240560495695
128,47.400000000000006,716.5805086779156
128,47.5,695.1613642823103
128,47.6,686.6971910084719
128,47.7,645.9068270711515
128,47.800000000000004,669.7423204742196
128,47.900000000000006,671.8921657567228
128,48.0,625.4090884787488
128,48.1,644.4462957227008
128,48.2,706.9021491769039
128,48.300000000000004,708.0617688789339
128,48.400000000000006,679.1844537729902
128,48.5,657.3434527172087
128,48.6,763.0949738040166
128,48.7,725.5420094457852
128,48.800000000000004,643.6454650946789
128,48.900000000000006,678.0667620441886
128,49.0,734.6493833473916
128,49.1,673.1814582745808
128,49.2,627.1948585963138
128,49.300000000000004,637.634401277115
128,49.400000000000006,645.6381290546102
128,49.5,634.488242683168
128,49.6,647.3514503270083
128,49.7,653.3366905861325
128,49.800000000000004,649.1373821466102
128,49.900000000000006,668.941731021075
128,50.0,678.1331638089611
128,50.1,625.8360773445901
128,50.2,636.204339628452
128,50.300000000000004,658.3129936463149
128,50.400000000000006,639.5192825519089
128,50.5,654.4567703688348
128,50.6,696.7603256984804
128,50.7,704.5242339241249
128,50.800000000000004,663.4329383911976
192,0.0,557.174
192,0.1,595.0873792424824
192,0.2,648.3010092554737
192,0.30000000000000004,636.4908316237891
192,0.4,679.1196680092918
192,0.5,674.403761460021
192,0.6000000000000001,627.4917565401779
192,0.7000000000000001,613.3340326815154
192,0.8,607.5071045671734
192,0.9,638.6128006918668
192,1.0,698.1834665783555
192,1.1,700.3387631155118
192,1.2000000000000002,717.2843885264728
192,1.3,726.2812573764867
192,1.4000000000000001,730.2172640936205
192,1.5,658.5117045938619
192,1.6,676.9142259422241
192,1.7000000000000002,688.385963258713
192,1.8,672.2328832456179
192,1.9000000000000001,628.025709770137
192,2.0,730.0813911957897
192,2.1,662.2962987357756
192,2.2,623.1621428205882
192,2.3000000000000003,683.8124247553743
192,2.4000000000000004,677.3311798061621
192,2.5,704.5108195671078
192,2.6,710.2923702921702
192,2.7,680.4786351967712
192,2.8000000000000003,687.8920485250112
192,2.9000000000000004,692.86097551652
192,3.0,687.3289690435744
192,3.1,665.0481137835725
192,3.2,682.8317513941643
192,3.3000000000000003,698.1694506763444
192,3.4000000000000004,645.8730811899165
192,3.5,688.4778798641041
192,3.6,675.4256481157114
192,3.7,714.9004106661774
192,3.8000000000000003,717.522649501214
192,3.9000000000000004,698.2415801866198
192,4.0,637.5362293638312
192,4.1000000000000005,662.1361697425414
192,4.2,629.4804565470771
192,4.3,566.8704064118477
192,4.4,624.2934111590298
192,4.5,762.3085212595611
192,4.6000000000000005,795.8873104893188
192,4.7,613.5790617135398
192,4.800000000000001,686.7411671228956
192,4.9,668.4572054952049
192,5.0,694.2668557611659
192,5.1000000000000005,684.7260687215855
192,5.2,699.0701129503824
192,5.300000000000001,640.3899951590884
192,5.4,668.845762781732
192,5.5,664.548012209477
192,5.6000000000000005,658.2730575424205
192,5.7,713.058953206263
192,5.800000000000001,687.275205160122
192,5.9,689.609316147541
192,6.0,687.7680825299396
192,6.1000000000000005,673.1958783340084
192,6.2,652.0488189573708
192,6.300000000000001,642.9870491968825
192,6.4,671.0196417233963
192,6.5,700.0266758563174
192,6.6000000000000005,671.0484956611457
192,6.7,659.9632241546353
192,6.800000000000001,669.3088957879721
192,6.9,731.3386532068511
192,7.0,696.2358752701547
192,7.1000000000000005,698.0310110401027
192,7.2,681.1332743990546
192,7.300000000000001,710.6997960292899
192,7.4,728.866974741166
192,7.5,684.3074621667926
192,7.6000000000000005,693.6367235905092
192,7.7,636.9766819051115
192,7.800000000000001,686.1327691107125
192,7.9,686.5061998150164
192,8.0,671.5561744336214
192,8.1,694.8585451876244
192,8.200000000000001,700.6040844907117
192,8.3,649.4176742077367
192,8.4,570.94831990164
192,8.5,570.5280589538796
192,8.6,683.7745182590218
192,8.700000000000001,668.4387111354174
192,8.8,761.7156410529994
192,8.9,712.6393565470805
192,9.0,796.2444553434841
192,9.1,730.276551397411
192,9.200000000000001,661.5691854343736
192,9.3,696.125033681774
192,9.4,758.2411594704453
192,9.5,636.664605993309
192,9.600000000000001,737.3690468401136
192,9.700000000000001,681.9470791869712
192,9.8,710.337834672417
192,9.9,693.324968028994
192,10.0,713.2986084927015
192,10.100000000000001,667.0055140271394
192,10.200000000000001,616.936733942069
192,10.3,651.5074503441981
192,10.4,678.0810135785705
192,10.5,760.6605197252101
192,10.600000000000001,752.7533137899654
192,10.700000000000001,769.2882325636027
192,10.8,715.8324766644108
192,10.9,686.3224293116018
192,11.0,660.7044227199619
192,11.100000000000001,696.0581098993475
192,11.200000000000001,673.798995491696
192,11.3,692.0292985803134
192,11.4,686.3693293827499
192,11.5,629.5362849051388
192,11.600000000000001,670.2126844510644
192,11.700000000000001,714.9818194737667
192,11.8,685.1606858835386
192,11.9,710.1662183977073
192,12.0,791.1443258956549
192,12.100000000000001,677.335935952715
192,12.200000000000001,691.2980765762816
192,12.3,694.6023866487485
192,12.4,660.6168539914493
192,12.5,632.3282667338594
192,12.600000000000001,706.3823910360081
192,12.700000000000001,764.3919696551903
192,12.8,631.3403842589589
192,12.9,641.8485533614981
192,13.0,761.3046954786441
192,13.100000000000001,783.436310508067
192,13.200000000000001,651.3317529331581
192,13.3,604.0760222835813
192,13.4,645.9660249609273
192,13.5,677.9747216452599
192,13.600000000000001,659.3383806521714
192,13.700000000000001,667.735791559042
192,13.8,678.885533457242
192,13.9,676.8725356321619
192,14.0,662.8464214965228
192,14.100000000000001,678.1186267602618
192,14.200000000000001,711.6824956861964
192,14.3,732.3921870572846
192,14.4,703.391120891731
192,14.5,621.4816576915103
192,14.600000000000001,588.3469232333067
192,14.700000000000001,684.1127383448335
192,14.8,722.2640897144952
192,14.9,681.5581032860357
192,15.0,645.3410492496628
192,15.100000000000001,661.1716243762959
192,15.200000000000001,666.3902897782075
192,15.3,661.2446246126797
192,15.4,733.495587924277
192,15.5,778.3279521937411
192,15.600000000000001,631.321616160346
192,15.700000000000001,673.1450113844852
192,15.8,723.0566397037983
192,15.9,769.779494267476
192,16.0,676.2742179445942
192,16.1,687.7695391193702
192,16.2,708.5748563439538
192,16.3,766.741013079176
192,16.400000000000002,605.9267417095123
192,16.5,616.6548451539122
192,16.6,647.0663372760632
192,16.7,563.3473913697995
192,16.8,635.3731493346237
192,16.900000000000002,688.5592235388864
192,17.0,675.5841642816639
192,17.1,656.1677444603813
192,17.2,680.0501997812953
192,17.3,601.1082503937167
192,17.400000000000002,699.1801061034471
192,17.5,684.3498100347834
192,17.6,677.319878622096
192,17.7,670.8911706786819
192,17.8,677.0764836616686
192,17.900000000000002,624.1452790424046
192,18.0,643.2752210224091
192,18.1,668.2133857275951
192,18.2,716.2012325038769
192,18.3,795.8348765973453
192,18.400000000000002,664.9797167074985
192,18.5,697.4197001713076
192,18.6,665.1345076076393
192,18.7,670.2475664869426
192,18.8,655.6561259614379
192,18.900000000000002,682.6085846979355
192,19.0,687.9759550388039
192,19.1,694.6006302471592
192,19.200000000000003,686.5505661122672
192,19.3,678.0443622143384
192,19.400000000000002,712.6070082759063
192,19.5,658.7711652972935
192,19.6,694.8362008249283
192,19.700000000000003,707.6478376108247
192,19.8,698.0349055725659
192,19.900000000000002,694.5842442084992
192,20.0,682.0702044908696
192,20.1,706.6407739036783
192,20.200000000000003,719.3411637378293
192,20.3,700.2470273021436
192,20.400000000000002,669.4719873558713
192,20.5,718.2313185443229
192,20.6,703.6263393831662
192,20.700000000000003,661.4372611130158
192,20.8,652.2765371457992
192,20.900000000000002,746.9003003381071
192,21.0,669.1144595673203
192,21.1,652.7215638342573
192,21.200000000000003,612.8418326938062
192,21.3,754.7263884043609
192,21.400000000000002,782.8551474881559
192,21.5,686.8427975367005
192,21.6,631.589246322658
192,21.700000000000003,679.3534417772231
192,21.8,645.4509463963273
192,21.900000000000002,707.6261405248267
192,22.0,680.4519247213447
192,22.1,672.9617905364663
192,22.200000000000003,800.43454877467
192,22.3,772.2587629933561
192,22.400000000000002,697.3373781335773
192,22.5,698.0089272644099
192,22.6,699.0359521250792
192,22.700000000000003,705.2913170514825
192,22.8,713.2001371383637
192,22.900000000000002,665.7815102373899
192,23.0,615.5416541293366
192,23.1,608.1516372348813
192,23.200000000000003,611.1139500375311
192,23.3,704.2748107246334
192,23.400000000000002,683.858891732587
192,23.5,666.6774396456415
192,23.6,643.5312197987571
192,23.700000000000003,617.259508804751
192,23.8,655.2784678258467
192,23.900000000000002,676.8854600929652
192,24.0,733.7434491236513
192,24.1,726.4008196157165
192,24.200000000000003,589.7971233864954
192,24.3,665.4171954523154
192,24.400000000000002,728.231771480849
192,24.5,649.0334232608338
192,24.6,700.9262367012881
192,24.700000000000003,724.8609923844259
192,24.8,641.0163889215298
192,24.900000000000002,637.6172970135528
192,25.0,752.6928182125745
192,25.1,673.279572988765
192,25.200000000000003,748.4478140608417
192,25.3,621.0377153003753
192,25.400000000000002,710.7712204313783
192,25.5,705.2361355147091
192,25.6,688.1984345140961
192,25.700000000000003,657.0659946416198
192,25.8,688.8728106654723
192,25.900000000000002,733.8048586663501
192,26.0,761.0504717206807
192,26.1,693.8789002816317
192,26.200000000000003,713.0299969905116
192,26.3,671.689079823482
192,26.400000000000002,784.0491419871634
192,26.5,666.7671187531869
192,26.6,690.599336858309
192,26.700000000000003,718.4462365399364
192,26.8,698.072426681661
192,26.900000000000002,668.8376034652515
192,27.0,704.3195775889594
192,27.1,589.1211138003192
192,27.200000000000003,687.2016767316113
192,27.3,640.5971071694065
192,27.400000000000002,650.743676518287
192,27.5,757.5110888076525
192,27.6,607.0888409658558
192,27.700000000000003,739.6336860421561
192,27.8,712.5940589884136
192,27.900000000000002,620.2516027616412
192,28.0,741.8961308446618
192,28.1,622.4273710280723
192,28.200000000000003,704.8082428502329
192,28.3,684.2548038347186
192,28.400000000000002,701.0824337612503
192,28.5,651.2228398959262
192,28.6,699.0255810092917
192,28.700000000000003,665.4980557377448
192,28.8,683.286868310696
192,28.900000000000002,669.1404524509268
192,29.0,779.9218911326457
192,29.1,645.4527482471237
192,29.200000000000003,689.9099789270286
192,29.3,713.9504761490166
192,29.400000000000002,702.4919855666943
192,29.5,656.6760315876757
192,29.6,713.3042274884955
192,29.700000000000003,617.5943801693193
192,29.8,669.7052308377444
192,29.900000000000002,774.6190450394918
192,30.0,687.5685150425566
192,30.1,677.4956234352813
192,30.200000000000003,692.3594503001066
192,30.3,703.624010266723
192,30.400000000000002,684.6906057406476
192,30.5,725.9686896944455
192,30.6,679.5270614837693
192,30.700000000000003,686.8391525994329
192,30.8,578.707136792019
192,30.900000000000002,583.7772088578323
192,31.0,659.6602695461584
192,31.1,788.9914652001016
192,31.200000000000003,653.833676009262
192,31.3,656.5455806798209
192,31.400000000000002,723.4425525916424
192,31.5,678.4450750091125
192,31.6,621.3643747240193
192,31.700000000000003,686.0873473702255
192,31.8,649.6376382405851
192,31.900000000000002,655.8561223371495
192,32.0,697.350219421015
192,32.1,610.355718531193
192,32.2,737.4164796490819
192,32.300000000000004,790.1874560272121
192,32.4,645.9381641322315
192,32.5,693.7006694147726
192,32.6,733.9501503152433
192,32.7,809.3671952049029
192,32.800000000000004,692.7819202182573
192,32.9,658.257467327563
192,33.0,666.0291569274976
192,33.1,700.2235445241085
192,33.2,781.4832187883793
192,33.300000000000004,837.3782119410836
192,33.4,727.4038944650576
192,33.5,607.5981644693733
192,33.6,677.9479523249903
192,33.7,630.2229189703877
192,33.800000000000004,696.0858804601188
192,33.9,666.004461879121
192,34.0,706.0940673820796
192,34.1,661.7099829262836
192,34.2,706.7085025618916
192,34.300000000000004,714.5490465309083
192,34.4,640.7432406830302
192,34.5,643.9428704292736
192,34.6,727.9240924031052
192,34.7,670.0276949371231
192,34.800000000000004,620.7821688500605
192,34.9,709.1081193547604
192,35.0,774.6771324419369
192,35.1,645.6195544833547
192,35.2,718.7929135841057
192,35.300000000000004,713.3317971115258
192,35.4,802.4487447577486
192,35.5,723.0623105284602
192,35.6,651.4543707106827
192,35.7,754.2935058662591
192,35.800000000000004,663.6521678093536
192,35.9,660.3640281840852
192,36.0,817.0570322291661
192,36.1,653.0370554395784
192,36.2,768.662222234926
192,36.300000000000004,694.904651894611
192,36.4,681.3764794394571
192,36.5,687.3273508761899
192,36.6,687.9023970564012
192,36.7,804.0671395609667
192,36.800000000000004,659.5255123247817
192,36.9,617.2937061783963
192,37.0,736.7601053902943
192,37.1,750.0607938105701
192,37.2,633.3626374470136
192,37.300000000000004,648.2143982271926
192,37.4,682.0602808433981
192,37.5,702.341689988374
192,37.6,699.9857617771106
192,37.7,814.6840486229943
192,37.800000000000004,736.3465421077415
192,37.9,647.2796294070001
192,38.0,646.305351232726
192,38.1,648.2555686000043
192,38.2,739.3492170096766
192,38.300000000000004,651.4623116718494
192,38.400000000000006,663.0269210642973
192,38.5,734.4245617674461
192,38.6,762.4373159882185
192,38.7,680.6318355101158
192,38.800000000000004,637.3131978536258
192,38.900000000000006,795.1896467903443
192,39.0,660.5420645620856
192,39.1,672.5007483537427
192,39.2,666.9882435187634
192,39.300000000000004,672.4852240064454
192,39.400000000000006,736.4024746821776
192,39.5,671.5501523735105
192,39.6,571.0711782111711
192,39.7,659.9446499288835
192,39.800000000000004,748.0566583063885
192,39.900000000000006,692.7653363822732
192,40.0,845.0118411917765
192,40.1,594.4631668296465
192,40.2,703.5922259222638
192,40.300000000000004,704.9301904685437
192,40.400000000000006,723.0809551463068
192,40.5,738.5136407420468
192,40.6,661.6333124399265
192,40.7,710.2022537177572
192,40.800000000000004,693.7775099669306
192,40.900000000000006,691.039016511966
256,0.0,691.031
256,0.1,697.701910216851
256,0.2,692.8504276812223
256,0.30000000000000004,641.4891475017037
256,0.4,660.3122356123259
256,0.5,735.5211578575019
256,0.6000000000000001,733.8707673766703
256,0.7000000000000001,704.01729613107
256,0.8,643.654106994826
256,0.9,683.8174022316451
256,1.0,672.853409141583
256,1.1,616.2932585089177
256,1.2000000000000002,646.4321986149723
256,1.3,712.1388457966679
256,1.4000000000000001,693.1358573330219
256,1.5,646.6216297644459
256,1.6,655.7347024143426
256,1.7000000000000002,648.024575806417
256,1.8,694.5474214591458
256,1.9000000000000001,726.800222561635
256,2.0,690.3990953321296
256,2.1,676.6865651138473
256,2.2,741.4729966980539
256,2.3000000000000003,711.2935688554654
256,2.4000000000000004,633.2565741066111
256,2.5,640.2551756042135
256,2.6,671.9406872606611
256,2.7,662.2492512230502
256,2.8000000000000003,678.2035104155652
256,2.9000000000000004,689.5291665773748
256,3.0,686.7047422829027
256,3.1,717.1736122345305
256,3.2,674.1435812307742
256,3.3000000000000003,699.1057505475552
256,3.4000000000000004,690.2858722736202
256,3.5,680.7834090562512
256,3.6,771.251458543408
256,3.7,726.731425404881
256,3.8000000000000003,661.0328896975586
256,3.9000000000000004,638.4687344347891
256,4.0,645.7994407209311
256,4.1000000000000005,713.82432623368
256,4.2,689.3873565153176
256,4.3,635.9083763580451
256,4.4,673.8223377785507
256,4.5,661.1789031948372
256,4.6000000000000005,685.9492738000055
256,4.7,712.5045176998993
256,4.800000000000001,629.5405664559504
256,4.9,587.7853718047755
256,5.0,645.853624768277
256,5.1000000000000005,736.4298790971413
256,5.2,668.2783547592722
256,5.300000000000001,595.1010202119885
256,5.4,695.4494712232157
256,5.5,687.7439971315849
256,5.6000000000000005,629.8685516078693
256,5.7,703.2604450595976
256,5.800000000000001,715.4591612379085
256,5.9,737.4627763794391
256,6.0,756.4944624072243
256,6.1000000000000005,711.4912537473859
256,6.2,704.1593995383427
256,6.300000000000001,695.210418642389
256,6.4,693.598349086619
256,6.5,625.3330006861277
256,6.6000000000000005,662.9533889370426
256,6.7,665.7376321331222
256,6.800000000000001,611.3658969591128
256,6.9,658.4001697498096
256,7.0,721.6335043149869
256,7.1000000000000005,723.8147857333469
256,7.2,687.4098798798198
256,7.300000000000001,676.1120820745947
256,7.4,657.6402840040695
256,7.5,657.1890145817052
256,7.6000000000000005,639.8951146738639
256,7.7,665.570684150574
256,7.800000000000001,723.2531694366568
256,7.9,729.1127255335115
256,8.0,676.8293964202235
256,8.1,664.343735822343
256,8.200000000000001,653.5848148409895
256,8.3,701.9869034211299
256,8.4,714.7486093063702
256,8.5,660.7138718455208
256,8.6,684.4397291637729
256,8.700000000000001,665.5165929137385
256,8.8,655.5327952238805
256,8.9,664.6939647186917
256,9.0,688.4880451008329
256,9.1,676.1612088046207
256,9.200000000000001,668.483628641208
256,9.3,647.1355857852536
256,9.4,687.2902517859488
256,9.5,763.7748790528562
256,9.600000000000001,715.1272145572027
256,9.700000000000001,706.8440261196934
256,9.8,677.0078905400694
256,9.9,628.1240467010716
256,10.0,674.1235824985941
256,10.100000000000001,626.0290903939717
256,10.200000000000001,670.3232041105699
256,10.3,711.5641155309145
256,10.4,642.7627779433913
256,10.5,669.9351083950659
256,10.600000000000001,649.6962523630161
256,10.700000000000001,710.1096090150746
256,10.8,653.6743450680665
256,10.9,679.999383589451
256,11.0,779.1816871058356
256,11.100000000000001,767.8115409573364
256,11.200000000000001,732.1261615609669
256,11.3,700.8925055454035
256,11.4,732.6720565114218
256,11.5,718.8163789094981
256,11.600000000000001,738.0902968364344
256,11.700000000000001,758.444205169902
256,11.8,640.1573973506842
256,11.9,636.7276672659607
256,12.0,653.9018964666078
256,12.100000000000001,729.3039236955918
256,12.200000000000001,750.3874581801019
256,12.3,720.7547601047199
256,12.4,779.7177906631565
256,12.5,766.898439528628
256,12.600000000000001,766.3046949562769
256,12.700000000000001,755.3265897816843
256,12.8,659.2262810003173
256,12.9,676.019445840451
256,13.0,663.5945531727331
256,13.100000000000001,653.3749764632714
256,13.200000000000001,640.6690561968985
256,13.3,662.5090337965551
256,13.4,681.3541259994621
256,13.5,748.4512113193696
256,13.600000000000001,693.1495650990687
256,13.700000000000001,703.3324739117387
256,13.8,730.1966970187478
256,13.9,715.8115667897664
256,14.0,730.4842282652982
256,14.100000000000001,754.6239962956344
256,14.200000000000001,695.1554384169362
256,14.3,708.2828105987236
256,14.4,792.8170654505502
256,14.5,608.1203724177369
256,14.600000000000001,664.539175288948
256,14.700000000000001,755.5720993048012
256,14.8,743.7132953178935
256,14.9,704.4777983135107
256,15.0,689.4617237315431
256,15.100000000000001,657.1495724439626
256,15.200000000000001,611.0760353987363
256,15.3,632.0814375880444
256,15.4,656.8839776199916
256,15.5,671.1781076097601
256,15.600000000000001,711.0451738198489
256,15.700000000000001,698.6975082128064
256,15.8,657.8763650035023
256,15.9,646.7808042852006
256,16.0,722.2010767900117
256,16.1,766.9926853166344
256,16.2,713.795971794567
256,16.3,691.5133163658813
256,16.400000000000002,751.5902380141572
256,16.5,720.4086448856665
256,16.6,720.579782122317
256,16.7,717.9927750173322
256,16.8,692.9233554225596
256,16.900000000000002,685.5969000493102
256,17.0,633.2205303305035
256,17.1,637.8671161068502
256,17.2,655.3525204906489
256,17.3,692.7217777301768
256,17.400000000000002,710.7021474083751
256,17.5,680.164770862969
256,17.6,704.1159539594645
256,17.7,683.2251878215461
256,17.8,612.9322954035973
256,17.900000000000002,666.6199765077331
256,18.0,710.8410724344159
256,18.1,682.4578414942794
256,18.2,726.9605805420732
256,18.3,719.3924522268624
256,18.400000000000002,707.1449819267632
256,18.5,659.8940843092506
256,18.6,642.3138931023
256,18.7,721.513529832276
256,18.8,725.3923789646457
256,18.900000000000002,721.7974871182973
256,19.0,705.7737902995992
256,19.1,690.0149109418853
256,19.200000000000003,665.2224561737194
256,19.3,629.3328565923368
256,19.400000000000002,651.7804216433784
256,19.5,749.6919749476986
256,19.6,736.9763102290266
256,19.700000000000003,707.7057476322555
256,19.8,724.8601759377824
256,19.900000000000002,707.6974333338079
256,20.0,662.8779388542863
256,20.1,681.9310450163766
256,20.200000000000003,663.6948846509385
256,20.3,702.7074569794731
256,20.400000000000002,675.5243118977546
256,20.5,676.8801182124918
256,20.6,767.2826395128905
256,20.700000000000003,738.5251122934196
256,20.8,689.2460727436483
256,20.900000000000002,729.0319940431601
256,21.0,595.078084037778
256,21.1,680.103424489222
256,21.200000000000003,660.9805286865029
256,21.3,627.3390184738759
256,21.400000000000002,605.7698463065968
256,21.5,682.6704534199673
256,21.6,693.3596201654556
256,21.700000000000003,658.9940824505766
256,21.8,682.3320118486049
256,21.900000000000002,726.5594264551873
256,22.0,701.9360574458505
256,22.1,661.3658412575726
256,22.200000000000003,634.5845289062137
256,22.3,682.7046398974551
256,22.400000000000002,729.8473336915207
256,22.5,694.565990517149
256,22.6,674.1616098520573
256,22.700000000000003,705.2695444138958
256,22.8,744.2811196043762
256,22.900000000000002,697.4890248537924
256,23.0,665.492528215048
256,23.1,688.9688617508765
256,23.200000000000003,727.1851868167674
256,23.3,687.198803840939
256,23.400000000000002,661.8824800223028
256,23.5,690.559321208251
256,23.6,726.7964093925251
256,23.700000000000003,680.4304073611899
256,23.8,674.1811986868256
256,23.900000000000002,723.2523046956577
256,24.0,685.6040049795932
256,24.1,702.6173292036797
256,24.200000000000003,717.4563377138603
256,24.3,661.1390878262629
256,24.400000000000002,671.5570316136843
256,24.5,720.9645566790718
256,24.6,719.4623779979282
256,24.700000000000003,757.2274075919611
256,24.8,704.9772283837486
256,24.900000000000002,669.2224655295618
256,25.0,653.6581001371519
256,25.1,732.2705584522325
256,25.200000000000003,722.3612432167649
256,25.3,704.5721411107218
256,25.400000000000002,663.1358705541833
256,25.5,640.5464023307225
256,25.6,705.0408643284669
256,25.700000000000003,737.592290373724
256,25.8,712.260852994698
256,25.900000000000002,626.3278317480067
256,26.0,677.8487119887743
256,26.1,733.2204782644535
256,26.200000000000003,702.3848226438081
256,26.3,636.4500498727739
256,26.400000000000002,659.631461813849
256,26.5,643.6961478257969
256,26.6,687.9492731225888
256,26.700000000000003,680.4433810878669
256,26.8,693.8771618003334
256,26.900000000000002,722.9572589372107
256,27.0,674.7446106082118
256,27.1,688.8255777543812
256,27.200000000000003,764.835409955758
256,27.3,695.0158092437789
256,27.400000000000002,797.0172031803104
256,27.5,683.272144541002
256,27.6,638.9056636562692
256,27.700000000000003,673.3440451546028
256,27.8,669.1137873763512
256,27.900000000000002,693.8136750268594
256,28.0,661.0862571180779
256,28.1,632.6346425342923
256,28.200000000000003,634.2901955236306
256,28.3,659.8144908690697
256,28.400000000000002,660.8007205047118
256,28.5,773.5137691065084
256,28.6,673.8741540344846
256,28.700000000000003,650.5958155371083
256,28.8,691.3561703037388
256,28.900000000000002,777.5273972214117
256,29.0,678.2741914782094
256,29.1,720.8313961653795
256,29.200000000000003,685.1492526029473
256,29.3,754.7335570901058
256,29.400000000000002,640.0266103646995
256,29.5,693.4148229144087
256,29.6,758.7801353234598
256,29.700000000000003,690.9779244834681
256,29.8,708.0769186652335
256,29.900000000000002,662.5510910517761
256,30.0,742.5426609589612
256,30.1,735.8358115039304
256,30.200000000000003,678.2173364294835
256,30.3,659.0899662913903
256,30.400000000000002,614.781315725069
256,30.5,647.6770977292764
256,30.6,717.3740141436721
256,30.700000000000003,722.1066463994492
256,30.8,654.0526938377553
256,30.900000000000002,589.8965186294648
256,31.0,629.831812855298
256,31.1,733.6573681878268
256,31.200000000000003,684.8624380845753
256,31.3,693.1461313898388
256,31.400000000000002,692.4464358744008
256,31.5,656.0862830867462
256,31.6,812.0559868088282
256,31.700000000000003,714.339382601176
256,31.8,743.5689038417914
256,31.900000000000002,729.3564539040269
256,32.0,759.9705002143899
256,32.1,624.5998310667209
256,32.2,631.9071457701551
256,32.300000000000004,775.278850724106
256,32.4,688.4891719956998
256,32.5,829.5948831246784
256,32.6,719.4094453287527
256,32.7,654.4766803112786
256,32.800000000000004,629.8309928617778
256,32.9,715.9521661725113
256,33.0,584.3155697427346
256,33.1,680.4378736435344
256,33.2,598.539197455857
256,33.300000000000004,706.3090323008944
256,33.4,656.1252972302876
256,33.5,696.7310978259575
256,33.6,678.0426463413997
256,33.7,678.6655978476731
256,33.800000000000004,654.4985039031938
256,33.9,724.8781424023598
256,34.0,693.6689093872184
256,34.1,624.5039453240126
256,34.2,665.9483978803831
256,34.300000000000004,644.9295434027522
256,34.4,668.043954965709
256,34.5,753.1813926422457
256,34.6,701.4572417995922
256,34.7,654.5389271297328
256,34.800000000000004,751.0632813669772
256,34.9,707.9764963745662
256,35.0,663.8345727035347
256,35.1,658.469329483012
256,35.2,659.0119971829223
256,35.300000000000004,633.9481796653514
256,35.4,741.109626742145
256,35.5,690.3140603435954
256,35.6,657.7010062710075
256,35.7,716.5205630427921
256,35.800000000000004,795.0900049632337
256,35.9,797.3803835182198
256,36.0,732.5388448930585
256,36.1,641.2521555304072
256,36.2,650.3147323066345
256,36.300000000000004,600.7049499927364
256,36.4,667.7305190342532
256,36.5,671.4835324874911
256,36.6,670.3017707659834
256,36.7,692.749277743973
256,36.800000000000004,707.2496279586315
256,36.9,743.1752035887212
256,37.0,654.220680864599
256,37.1,645.5628334288754
256,37.2,697.6022414671669
256,37.300000000000004,653.2412939555403
256,37.4,677.5252024550936
256,37.5,642.1754358910821
256,37.6,685.554490231869
256,37.7,808.2146402393091
256,37.800000000000004,729.5661780883713
256,37.9,669.8015573794643
256,38.0,614.0748510051731
256,38.1,695.5429167365621
256,38.2,730.3793137301966
256,38.300000000000004,638.9408471364152
256,38.400000000000006,624.7307227218314
256,38.5,714.5595832040771
256,38.6,693.4661733998603
256,38.7,693.5082345887129
256,38.800000000000004,621.15274411865
256,38.900000000000006,753.0277503844487
256,39.0,649.0929463517268
256,39.1,706.3565714329262
256,39.2,581.1930167946595
256,39.300000000000004,653.86832940871
256,39.400000000000006,659.6684510659449
256,39.5,600.4272335807293
256,39.6,625.819926954302
256,39.7,703.4871729839707
256,39.800000000000004,662.5919620192707
256,39.900000000000006,654.4437498914963
256,40.0,772.862443590055
256,40.1,796.2008387180351
256,40.2,635.2924258870509
256,40.300000000000004,649.990848009414
256,40.400000000000006,650.9034601263123
256,40.5,755.7061716462355
256,40.6,588.3805910035475
256,40.7,603.2941189051577
256,40.800000000000004,717.3834729954473
256,40.900000000000006,698.3056999104307
256,41.0,670.9271579442569
256,41.1,742.9509029450065
256,41.2,610.0827465738959
256,41.300000000000004,676.7362335502619
256,41.400000000000006,686.1847497167164
256,41.5,744.3475174227857
256,41.6,687.0135262420542
256,41.7,714.8999064200889
256,41.800000000000004,783.6784857003262
256,41.900000000000006,680.712227911
256,42.0,701.1485595526286
256,42.1,755.5822324670521
256,42.2,707.6551452230115
256,42.300000000000004,677.8106906424176
256,42.400000000000006,601.6277744489518
256,42.5,696.6620642261278
256,42.6,619.7334102795745
256,42.7,754.3868003230801
256,42.800000000000004,751.8898301037581
256,42.900000000000006,608.4071093127101
256,43.0,707.1723229038621
256,43.1,695.9531191330584
256,43.2,632.2768732257766
256,43.300000000000004,729.6117800323007
256,43.400000000000006,570.994524346391
256,43.5,642.5162862364162
256,43.6,638.259582403533
256,43.7,732.5090186445696
256,43.800000000000004,743.0059337591628
256,43.900000000000006,615.4922529793635
256,44.0,723.9079930380003
256,44.1,694.8348842779429
256,44.2,666.7610417648702
256,44.300000000000004,682.9238923102953
256,44.400000000000006,680.2463740006808
256,44.5,612.1168836830292
256,44.6,734.9757187891795
256,44.7,798.3821897809512
256,44.800000000000004,753.8342243002907
256,44.900000000000006,678.8224008939003
256,45.0,685.2191685433943
256,45.1,631.378405409294
256,45.2,655.7375739208373
256,45.300000000000004,803.7900754986323
256,45.400000000000006,670.025766421621
256,45.5,645.9162141538491
256,45.6,629.0129479777332
256,45.7,687.794009094872
256,45.800000000000004,693.5248127995836
256,45.900000000000006,743.4551663673163
256,46.0,666.6680123142675
256,46.1,777.3285650343324
256,46.2,797.9792128889632
256,46.300000000000004,723.4304871051692
256,46.400000000000006,617.9960408044105
256,46.5,726.7465182232346
256,46.6,685.7351951811255
256,46.7,725.7011301137977
256,46.800000000000004,692.3441860013195
256,46.900000000000006,677.9272107740004
256,47.0,632.2525594764669
256,47.1,634.6875900830157
256,47.2,675.7490464850814
256,47.300000000000004,568.821601113232
256,47.400000000000006,682.636928553351
256,47.5,654.7944342548888
256,47.6,685.687306080497
256,47.7,706.0745151053663
256,47.800000000000004,698.0962642960963
256,47.900000000000006,700.2609134660885
256,48.0,636.7166695272426
256,48.1,706.19511352343
256,48.2,693.5654119125392
256,48.300000000000004,683.5915193322143
256,48.400000000000006,670.3965831737721
256,48.5,732.8205195322457
256,48.6,630.5016000638392
256,48.7,666.617160607129
256,48.800000000000004,671.6376702754219
256,48.900000000000006,693.5484886373371
256,49.0,673.472517601574
256,49.1,643.5050988656174
256,49.2,762.9974405575829
256,49.300000000000004,799.0000805663077
256,49.400000000000006,740.064471855383
256,49.5,770.7523819385211
256,49.6,595.9348276295706
256,49.7,662.5068538443567
256,49.800000000000004,620.2818976537476
256,49.900000000000006,667.8447421655768
256,50.0,606.1780172971144
256,50.1,628.2826887015651
256,50.2,625.8555865888843
256,50.300000000000004,655.1888315481852
256,50.400000000000006,780.4880658072739
256,50.5,703.5449047602029
256,50.6,678.1769728791187
256,50.7,645.9644861260148
256,50.800000000000004,687.2800367926732
256,50.900000000000006,744.0568949950137
256,51.0,818.7067146638458
256,51.1,778.1282151810361
256,51.2,727.1659134047284
256,51.300000000000004,695.0045821808777
256,51.400000000000006,673.7625506993513
256,51.5,760.3084817416333
256,51.6,674.46968967883
256,51.7,657.5198810171938
256,51.800000000000004,662.1433391956012
256,51.900000000000006,751.7907115802
256,52.0,650.308698490307
256,52.1,753.9512987408524
256,52.2,639.7738081601099
256,52.300000000000004,805.5667102181237
256,52.400000000000006,786.9967122424699
256,52.5,680.6687503556273
256,52.6,653.1404031122481
256,52.7,703.1621994586408
256,52.800000000000004,639.3800610587881
256,52.900000000000006,773.8631321965513
256,53.0,689.8587565175122
256,53.1,674.3316255414472
256,53.2,735.3398444011834
256,53.300000000000004,752.2438969671524
256,53.400000000000006,687.2034927404484
256,53.5,686.9884509903432
256,53.6,729.3298676439114
256,53.7,667.3349700870168
256,53.800000000000004,632.5644687247731
256,53.900000000000006,656.1952497694724
256,54.0,673.2349431202277
256,54.1,603.759087059453
256,54.2,719.2759895757905
256,54.300000000000004,731.7894113629292
256,54.400000000000006,657.1680162477935
256,54.5,661.6770700453166
256,54.6,694.9176813338735
256,54.7,704.3485291023576
256,54.800000000000004,796.4992441073639
256,54.900000000000006,586.4197292707776
256,55.0,644.7059900930651
256,55.1,620.2263199928531
256,55.2,685.1943336292553
256,55.300000000000004,705.7697840061204
256,55.400000000000006,741.6642847486993
256,55.5,684.2287337112305
256,55.6,663.0736915154887
256,55.7,618.6283746472842
256,55.800000000000004,647.6802007114454
256,55.900000000000006,579.6105854589631
256,56.0,707.0096472840695
256,56.1,735.8586032311705
256,56.2,654.6581883084598
256,56.300000000000004,721.3236755990998
256,56.400000000000006,650.5950336119921
256,56.5,718.6058569618083
256,56.6,669.1998995552678
256,56.7,683.0217013780327
256,56.800000000000004,643.8127172844529
256,56.900000000000006,629.5900457735919
256,57.0,652.7176021215862
256,57.1,800.8166797255982
256,57.2,777.9304362708017
256,57.300000000000004,580.3016956770832
256,57.400000000000006,784.6209114494563
256,57.5,698.974783102961
256,57.6,763.7078338278376
256,57.7,641.0571857178301
256,57.800000000000004,751.8359883441043
256,57.900000000000006,605.5773054673234
256,58.0,720.1006665602425
256,58.1,719.8027655057231
256,58.2,681.7902033083961
256,58.300000000000004,686.1929925338547
256,58.400000000000006,720.2389182546835
256,58.5,633.3866948437105
256,58.6,681.7214907177541
256,58.7,636.7172643589017
256,58.800000000000004,740.5377980328412
256,58.900000000000006,589.7806306411209
256,59.0,765.945315827849
256,59.1,717.1607687317133
256,59.2,782.0407298185727
256,59.300000000000004,693.9728981769571
256,59.400000000000006,688.5498437445488
256,59.5,677.2242993957185
256,59.6,670.8448011346462
256,59.7,799.5097410735347
256,59.800000000000004,650.9402594041537
256,59.900000000000006,674.003384353385
256,60.0,729.1827538226627
256,60.1,679.4159685658356
256,60.2,784.2967449718535
256,60.300000000000004,691.1571788803102
256,60.400000000000006,706.681369373104
256,60.5,701.7231246935202
256,60.6,705.2254452536355
256,60.7,786.6899306722426
256,60.800000000000004,705.1658396333571
256,60.900000000000006,662.5737220140618
256,61.0,714.6998953814998
256,61.1,699.533426077303
256,61.2,756.3838040405423
256,61.300000000000004,710.4524948791358
256,61.400000000000006,784.0712676574452
256,61.5,661.6903025589337
256,61.6,605.9703054364525
256,61.7,637.6333902683134
256,61.800000000000004,626.0004331153848
256,61.900000000000006,634.6302899913272
256,62.0,667.9140449157086
256,62.1,654.697787321376
256,62.2,617.791972778899
256,62.300000000000004,578.1122300342288
256,62.400000000000006,720.1593043132629
256,62.5,755.1939636971716
256,62.6,716.3609057325382
256,62.7,667.4159983496896
256,62.800000000000004,722.5676388025522
256,62.900000000000006,600.330949308725
256,63.0,688.1107604998678
256,63.1,731.4223592165575
256,63.2,675.9242686446838
256,63.300000000000004,657.5881296739843
256,63.400000000000006,680.8702196009298
256,63.5,714.5554375568997
256,63.6,723.4719383742209
256,63.7,709.241649374526
256,63.800000000000004,796.0204977767888
256,63.900000000000006,732.2432451808794
256,64.0,765.1692708067756
256,64.10000000000001,624.7890977911086
256,64.2,694.7001808292636
256,64.3,821.3883186721579
256,64.4,702.7950745751166
256,64.5,791.5164483256427
256,64.60000000000001,726.512891647066
256,64.7,629.2498911975921
256,64.8,591.2383158092072
256,64.9,714.1837511368775
256,65.0,696.1010654968476
256,65.10000000000001,667.0491815206259
256,65.2,631.5640853411712
256,65.3,820.7103376479022
256,65.4,753.8313099033018
256,65.5,626.8827305633571
256,65.60000000000001,764.0117697523087
256,65.7,781.2374558985172
256,65.8,678.2078462447772
256,65.9,650.5822715400271
256,66.0,753.3303693455905
256,66.10000000000001,602.2552040535178
256,66.2,650.6495579295199
256,66.3,722.9224540608766
256,66.4,638.2723430771081
256,66.5,711.7848239719289
256,66.60000000000001,613.147182082175
256,66.7,758.6533735034864
256,66.8,685.7513579529106
256,66.9,818.2088613173723
256,67.0,611.0367006876937
256,67.10000000000001,752.8886572335196
256,67.2,764.7955840260308
256,67.3,663.5419357132679
256,67.4,734.4762122026972
256,67.5,728.484403361705
256,67.60000000000001,649.4747541975638
256,67.7,648.6090594116122
256,67.8,808.2986260416617
256,67.9,685.0793780920526
256,68.0,595.1276447032363
256,68.10000000000001,732.5802935152517
256,68.2,671.0964353846313
256,68.3,737.2190514737466
256,68.4,666.4052547793963
256,68.5,598.0378368046703
256,68.60000000000001,673.4852604630294
256,68.7,611.9355930113064
256,68.8,757.6315821867297
256,68.9,650.6518139707031
256,69.0,665.4948416190508
256,69.10000000000001,741.3275032348834
256,69.2,710.1704240196335
256,69.3,679.9444778804509
256,69.4,750.6740557613798
256,69.5,665.44915565886
256,69.60000000000001,667.8341336907583
256,69.7,717.1476766163905
256,69.8,644.2041019367531
256,69.9,720.5284287116829
256,70.0,700.9253771745683
256,70.10000000000001,707.4991606615667
256,70.2,671.4827560795138
256,70.3,676.8455672543034
256,70.4,569.8347958782861
256,70.5,679.4755401020476
256,70.60000000000001,736.8193274571418
256,70.7,577.8717562239642
256,70.8,681.0537069459428
256,70.9,675.4209138396438
256,71.0,656.7032405938188
256,71.10000000000001,692.2187052178156
256,71.2,713.2846229382352
256,71.3,654.3363766749364
256,71.4,649.2591733296483
256,71.5,647.8776068440014
256,71.60000000000001,670.6138170411815
256,71.7,720.7758902568517
256,71.8,753.2593041978995
256,71.9,669.2431682645044
256,72.0,662.609300980934
256,72.10000000000001,703.4862461533737
256,72.2,737.4674363801819
256,72.3,750.2167679282358
256,72.4,668.7358296151007
256,72.5,622.5474742483648
256,72.60000000000001,730.5129487138431
256,72.7,660.2091370098968
256,72.8,658.1291416770478
256,72.9,730.91356698284
256,73.0,767.2811216369115
256,73.10000000000001,633.0147104010764
256,73.2,743.610076872911
256,73.3,643.8860815816718
256,73.4,663.8180599543199
256,73.5,679.2103980877838
256,73.60000000000001,717.0461848369786
256,73.7,759.0484230246738
256,73.8,601.7568729565616
256,73.9,695.8984613397316
256,74.0,751.0037680912237
256,74.10000000000001,732.3940272269243
256,74.2,756.1122287967154
256,74.3,661.061974735356
256,74.4,650.9662828076582
256,74.5,714.3144617847291
256,74.60000000000001,723.0122496255756
256,74.7,659.6417594623937
256,74.8,649.5714357813181
256,74.9,660.5089905964157
256,75.0,693.4145261382076
256,75.10000000000001,677.0844598191479
256,75.2,632.1007988373714
256,75.3,638.30881952586
256,75.4,597.7700604259588
256,75.5,651.2433481216638
256,75.60000000000001,711.5798938457044
256,75.7,702.5880543943892
256,75.8,713.8132464223347
256,75.9,654.5762620271668
256,76.0,649.8078048835121
256,76.10000000000001,672.9829270095274
256,76.2,722.6589255674224
256,76.3,619.90867655788
256,76.4,692.1137798632484
256,76.5,718.4015519969121
256,76.60000000000001,658.3016516003693
256,76.7,686.2401979376004
256,76.80000000000001,698.7556365469662
256,76.9,675.3630473031718
256,77.0,655.2955617735779
256,77.10000000000001,713.0153108622682
256,77.2,779.1105767773468
256,77.30000000000001,779.4738485092585
256,77.4,717.9868318427211
256,77.5,737.0246518453938
256,77.60000000000001,692.7056750139894
256,77.7,633.5042317295971
256,77.80000000000001,754.3318653231844
256,77.9,700.3166058294232
256,78.0,651.3484086979721
256,78.10000000000001,708.623214434563
256,78.2,751.9039817102549
256,78.30000000000001,682.4142755322745
256,78.4,626.3750677416484
256,78.5,716.4102702036927
256,78.60000000000001,682.5525260315505
256,78.7,663.8762995032175
256,78.80000000000001,714.6119479032673
256,78.9,739.4070673581055
256,79.0,716.4689732532154
256,79.10000000000001,739.4514357895671
256,79.2,658.4853854816082
256,79.30000000000001,691.581885204317
256,79.4,692.0380259681084
256,79.5,689.4151042841011
256,79.60000000000001,718.2511028260517
256,79.7,697.5044025220545
256,79.80000000000001,692.7055997312619
256,79.9,681.7795103627675
256,80.0,718.7196008028875
256,80.10000000000001,703.1022626224816
384,0.0,650.66
384,0.1,708.5017310574724
384,0.2,766.2663520848275
384,0.30000000000000004,655.7484954584012
384,0.4,702.8428788951477
384,0.5,760.3773477698325
384,0.6000000000000001,703.1172893367994
384,0.7000000000000001,627.8997108727301
384,0.8,691.8471851376887
384,0.9,696.7801625866437
384,1.0,630.6726374956515
384,1.1,683.4928798552221
384,1.2000000000000002,702.02053403068
384,1.3,653.2691469283886
384,1.4000000000000001,656.930641826552
384,1.5,737.506359340264
384,1.6,765.0653309817004
384,1.7000000000000002,690.2970154782383
384,1.8,618.1138220866176
384,1.9000000000000001,611.6019460484179
384,2.0,741.8930370399493
384,2.1,636.2524370959169
384,2.2,565.1382278548559
384,2.3000000000000003,692.5653192791845
384,2.4000000000000004,762.2280590573996
384,2.5,617.2931891555729
384,2.6,639.9374411686917
384,2.7,694.6037661659653
384,2.8000000000000003,768.0354991107556
384,2.9000000000000004,747.4790214419996
384,3.0,669.927050487047
384,3.1,698.7911975995826
384,3.2,584.5212482966291
384,3.3000000000000003,653.6965429941104
384,3.4000000000000004,717.8793881247558
384,3.5,765.288391907151
384,3.6,773.84100661424
384,3.7,810.0941812198901
384,3.8000000000000003,673.1075337247336
384,3.9000000000000004,711.0580258977488
384,4.0,805.0736758871619
384,4.1000000000000005,686.8815360462058
384,4.2,705.5798731871905
384,4.3,669.8538109121757
384,4.4,641.4747940721079
384,4.5,568.3452462995969
384,4.6000000000000005,583.9544477002886
384,4.7,606.7900165175039
384,4.800000000000001,632.5065182211127
384,4.9,683.7927067382133
384,5.0,748.2300049346769
384,5.1000000000000005,755.7977340340308
384,5.2,737.2446517782851
384,5.300000000000001,797.9913547580818
384,5.4,723.0916015383326
384,5.5,661.8635446448569
384,5.6000000000000005,745.4682637990242
384,5.7,683.223032060199
384,5.800000000000001,702.5244784929336
384,5.9,715.6237604553966
384,6.0,647.5821965477967
384,6.1000000000000005,745.2064201440162
384,6.2,703.2034927651156
384,6.300000000000001,693.558193148639
384,6.4,666.5553407222781
384,6.5,701.2897509155852
384,6.6000000000000005,739.8126604716994
384,6.7,683.4412879113598
384,6.800000000000001,739.6493705561946
384,6.9,642.8984833197109
384,7.0,670.2750687535295
384,7.1000000000000005,729.3389750338358
384,7.2,755.6298336398448
384,7.300000000000001,712.0667488644615
384,7.4,732.1664277057106
384,7.5,721.3670801852849
384,7.6000000000000005,600.6965604795176
384,7.7,686.8723750019662
384,7.800000000000001,739.9227495563155
384,7.9,749.0108701309844
384,8.0,689.3431839035817
384,8.1,645.3041981056589
384,8.200000000000001,613.4042273308228
384,8.3,552.2714521842313
384,8.4,578.3996831112946
384,8.5,605.9437035395595
384,8.6,599.9073755739561
384,8.700000000000001,730.7119823285827
384,8.8,745.6729451754942
384,8.9,700.9997523028644
384,9.0,719.9617645083887
384,9.1,695.4364434550547
384,9.200000000000001,698.1339690775009
384,9.3,679.5914881523856
384,9.4,723.457822915148
384,9.5,662.7495394465334
384,9.600000000000001,642.4113538688836
384,9.700000000000001,724.2697283619441
384,9.8,751.97526737579
384,9.9,721.9255830596352
384,10.0,633.5436995777695
384,10.100000000000001,703.060220350609
384,10.200000000000001,759.6497709103469
384,10.3,672.9465367855194
384,10.4,630.0876083323008
384,10.5,720.2431012387981
384,10.600000000000001,754.5317100885203
384,10.700000000000001,685.9060621604611
384,10.8,609.1105501037694
384,10.9,701.6023908727642
384,11.0,800.3281485717554
384,11.100000000000001,740.4471209144049
384,11.200000000000001,648.4889306090736
384,11.3,688.8558811617626
384,11.4,641.1202181306958
384,11.5,703.0437860916186
384,11.600000000000001,711.3284659724719
384,11.700000000000001,674.432778172946
384,11.8,727.1312229686008
384,11.9,797.1710238341675
384,12.0,740.097245727738
384,12.100000000000001,734.6702608583778
384,12.200000000000001,771.7185058379499
384,12.3,648.4195743385421
384,12.4,745.7915855238651
384,12.5,761.4386819231291
384,12.600000000000001,686.1663128482755
384,12.700000000000001,619.4389299110012
384,12.8,633.7206237453245
384,12.9,702.9447114388789
384,13.0,758.1287364550917
384,13.100000000000001,702.5336625125675
384,13.200000000000001,754.7862111023497
384,13.3,695.5593384841551
384,13.4,702.7002204944797
384,13.5,713.538755201483
384,13.600000000000001,777.6623280298545
384,13.700000000000001,767.6978910637977
384,13.8,671.5597977306462
384,13.9,678.6030344242571
384,14.0,635.8775983796986
384,14.100000000000001,735.9132206190123
384,14.200000000000001,749.5376738109745
384,14.3,627.2264853578154
384,14.4,633.4148758970721
384,14.5,603.684470895613
384,14.600000000000001,680.4282150957183
384,14.700000000000001,702.9633943684311
384,14.8,720.5176374144578
384,14.9,683.1325060506339
384,15.0,667.355637489188
384,15.100000000000001,717.2465482883268
384,15.200000000000001,723.4981239712074
384,15.3,651.7394077100123
384,15.4,623.9788047220569
384,15.5,699.6108900021206
384,15.600000000000001,777.8530776201208
384,15.700000000000001,662.2294868917311
384,15.8,675.9648445125396
384,15.9,767.1490582291088
384,16.0,721.3454231595853
384,16.1,735.2968254673093
384,16.2,644.0250007920072
384,16.3,639.9043647933983
384,16.400000000000002,671.32598319696
384,16.5,614.0059013826444
384,16.6,671.9034491761659
384,16.7,768.7124533876271
384,16.8,730.5856339454583
384,16.900000000000002,637.9873019612501
384,17.0,706.3037903334564
384,17.1,660.4328231938724
384,17.2,623.3496426961733
384,17.3,767.4350535549294
384,17.400000000000002,666.2533620162747
384,17.5,679.3353431693
384,17.6,718.6523303739187
384,17.7,709.2174353501729
384,17.8,692.0764446479443
384,17.900000000000002,681.2067998170389
384,18.0,784.8023033129401
384,18.1,734.1342824151293
384,18.2,684.4010510856664
384,18.3,769.6989843440186
384,18.400000000000002,725.6246073309472
384,18.5,650.6063180050702
384,18.6,616.8714209020935
384,18.7,660.377319531936
384,18.8,655.6312635149133
384,18.900000000000002,621.7728202282108
384,19.0,725.6539880008387
384,19.1,701.30385813956
384,19.200000000000003,624.6046611337733
384,19.3,719.3438454839836
384,19.400000000000002,751.5007192032008
384,19.5,666.5457693264456
384,19.6,721.9681859845288
384,19.700000000000003,646.7012556827306
384,19.8,599.672649655328
384,19.900000000000002,643.3257143503206
384,20.0,567.4800228244786
384,20.1,607.1487532771811
384,20.200000000000003,681.0681700117233
384,20.3,717.1281760352658
384,20.400000000000002,722.0774460341203
384,20.5,659.6627271722166
384,20.6,680.672219464971
384,20.700000000000003,676.4207195714771
384,20.8,606.2340893193793
384,20.900000000000002,674.065206005646
384,21.0,716.3628043700483
384,21.1,640.6191299540344
384,21.200000000000003,690.6846086756831
384,21.3,749.5179590218072
384,21.400000000000002,686.8274255687094
384,21.5,700.7924324690117
384,21.6,674.3915430959652
384,21.700000000000003,707.6650571493299
384,21.8,731.1155933348416
384,21.900000000000002,646.3120947066171
384,22.0,677.8180898792873
384,22.1,733.8892879580629
384,22.200000000000003,666.4650499585355
384,22.3,679.0261431835792
384,22.400000000000002,726.6436226415265
384,22.5,641.2264486157013
384,22.6,654.547099503419
384,22.700000000000003,691.058353398177
384,22.8,685.955833164395
384,22.900000000000002,712.9029031262215
384,23.0,680.2142993158861
384,23.1,681.5378776489997
384,23.200000000000003,761.2277383772989
384,23.3,708.343621999932
384,23.400000000000002,669.3220045569375
384,23.5,658.3958824196886
384,23.6,675.752310135467
384,23.700000000000003,746.9906341839778
384,23.8,673.0730346222754
384,23.900000000000002,674.0580128390469
384,24.0,703.8556867187389
384,24.1,664.4982010684483
384,24.200000000000003,679.3416668134454
384,24.3,647.1415890872173
384,24.400000000000002,659.411637597936
384,24.5,699.8553868740975
384,24.6,766.3623589317393
384,24.700000000000003,756.4118663958169
384,24.8,705.9409203933561
384,24.900000000000002,676.3840208391291
384,25.0,653.8751426181814
384,25.1,729.9525156126703
384,25.200000000000003,754.0249211965524
384,25.3,715.2112953227868
384,25.400000000000002,707.4370752667577
384,25.5,754.6033496556818
384,25.6,675.2596623731722
384,25.700000000000003,635.6325869841869
384,25.8,683.6004168466098
384,25.900000000000002,684.8067118616452
384,26.0,683.6801032606106
384,26.1,689.2937569462754
384,26.200000000000003,660.0082492578786
384,26.3,676.1667736954859
384,26.400000000000002,674.4366303302057
384,26.5,620.7162894994556
384,26.6,688.3831385750723
384,26.700000000000003,650.7497774467752
384,26.8,644.7800807294296
384,26.900000000000002,692.5966312730673
384,27.0,619.3357749488287
384,27.1,637.356522448777
384,27.200000000000003,639.0223846928045
384,27.3,654.6730574202184
384,27.400000000000002,743.3377934262954
384,27.5,701.770929265346
384,27.6,629.5952577550398
384,27.700000000000003,692.5082357238725
384,27.8,704.0706552208246
384,27.900000000000002,652.8115358837039
384,28.0,670.5262416256428
384,28.1,696.0299143252015
384,28.200000000000003,688.3716559281709
384,28.3,680.7672727609357
384,28.400000000000002,657.1948346097187
384,28.5,693.5844128366915
384,28.6,699.8984943884991
384,28.700000000000003,636.6117043948204
384,28.8,646.5553890142252
384,28.900000000000002,633.8405010091241
384,29.0,711.6854500965044
384,29.1,721.5605722057659
384,29.200000000000003,619.1993771065686
384,29.3,594.4257905340588
384,29.400000000000002,628.6392589007615
384,29.5,703.6184474351398
384,29.6,706.2749862778536
384,29.700000000000003,703.9304431291938
384,29.8,735.1666693921021
384,29.900000000000002,659.5358778530729
384,30.0,698.1617091921103
384,30.1,688.1829622535018
384,30.200000000000003,672.8512498545397
384,30.3,761.8256654514432
384,30.400000000000002,709.7040110451595
384,30.5,619.5405491116758
384,30.6,593.5585207177894
384,30.700000000000003,676.9684051605152
384,30.8,634.1692316901597
384,30.900000000000002,666.3351740389646
384,31.0,764.442599099786
384,31.1,705.0668214454212
384,31.200000000000003,726.6979841820474
384,31.3,784.6196071560139
384,31.400000000000002,712.6432664358465
384,31.5,628.5824806130254
384,31.6,608.0436115778122
384,31.700000000000003,617.8824720792627
384,31.8,667.9351404961313
384,31.900000000000002,608.8311079027992
384,32.0,692.1731206502159
384,32.1,725.5490383729127
384,32.2,683.9238530534778
384,32.300000000000004,772.2787041700525
384,32.4,731.7904533997993
384,32.5,701.8569861275588
384,32.6,718.4297500319292
384,32.7,653.8912069681295
384,32.800000000000004,636.920924229663
384,32.9,661.3349571949733
384,33.0,689.9169865493077
384,33.1,719.0111689331756
384,33.2,733.215833312925
384,33.300000000000004,795.9168964037128
384,33.4,696.634077860146
384,33.5,676.121663052983
384,33.6,784.2622518134104
384,33.7,705.7057356944854
384,33.800000000000004,611.5516545505258
384,33.9,665.5830043361912
384,34.0,659.4942662717664
384,34.1,696.177550313696
384,34.2,794.425504525061
384,34.300000000000004,708.2260170840701
384,34.4,644.1513606397285
384,34.5,655.8628627937785
384,34.6,641.1292706468812
384,34.7,708.8919911329168
384,34.800000000000004,688.3576283375071
384,34.9,651.218930119425
384,35.0,675.908498291531
384,35.1,635.2361954889317
384,35.2,621.5193264220882
384,35.300000000000004,640.8608484381145
384,35.4,682.1529697383976
384,35.5,726.1659570600092
384,35.6,693.5867995329867
384,35.7,684.9922294708813
384,35.800000000000004,681.322973231295
384,35.9,661.8851688809074
384,36.0,595.3476711573791
384,36.1,668.76937170028
384,36.2,723.3771109480291
384,36.300000000000004,766.2363714789452
384,36.4,712.0924155289052
384,36.5,724.611033743391
384,36.6,677.6043412375236
384,36.7,684.2748975316914
384,36.800000000000004,726.8302192953529
384,36.9,678.2069812174134
384,37.0,781.7172004675002
384,37.1,789.6334022741344
384,37.2,741.222109040569
384,37.300000000000004,681.7510759207283
384,37.4,646.4718738379637
384,37.5,649.6013639344028
384,37.6,627.3972617062393
384,37.7,729.9424662389029
384,37.800000000000004,730.1333951982231
384,37.9,633.1840098142679
384,38.0,698.4694799076455
384,38.1,693.3730355973763
384,38.2,698.1681446346958
384,38.300000000000004,693.2128086517065
384,38.400000000000006,672.4395194546278
384,38.5,652.0619575608698
384,38.6,686.4933793500309
384,38.7,705.9330835236676
384,38.800000000000004,663.2786070972923
384,38.900000000000006,628.6504843820109
384,39.0,651.4580227836459
384,39.1,655.6201394157883
384,39.2,672.399096583669
384,39.300000000000004,723.2227330852419
384,39.400000000000006,659.7987951254403
384,39.5,596.0887350196434
384,39.6,695.729878448015
384,39.7,735.9169345819705
384,39.800000000000004,663.0885780986404
384,39.900000000000006,627.7852615391193
384,40.0,639.5220575484037
384,40.1,662.0036538629594
384,40.2,659.809297297415
384,40.300000000000004,701.2071958969526
384,40.400000000000006,714.0023375526589
384,40.5,703.3905818617594
384,40.6,662.3798882840632
384,40.7,624.1801662002393
384,40.800000000000004,630.0529905550528
384,40.900000000000006,661.5733399930888
384,41.0,708.5438775592868
384,41.1,777.8992451974893
384,41.2,708.3840587540351
384,41.300000000000004,646.5407676507183
384,41.400000000000006,642.9685391842569
384,41.5,625.4203719119514
384,41.6,659.7292812508492
384,41.7,623.0887197910818
384,41.800000000000004,586.9998717485058
384,41.900000000000006,634.690780041981
384,42.0,602.6889707235596
384,42.1,633.0397542173507
384,42.2,706.5767676416018
384,42.300000000000004,689.3952747885859
384,42.400000000000006,671.655793717248
384,42.5,720.6132504735424
384,42.6,712.6973465208179
384,42.7,811.035119609706
384,42.800000000000004,711.4523369332969
384,42.900000000000006,621.2302986816392
384,43.0,710.7649720374518
384,43.1,773.6067889047969
384,43.2,753.8328119284367
384,43.300000000000004,761.4241892832947
384,43.400000000000006,696.8145920140831
384,43.5,667.9504420187128
384,43.6,724.4508143190055
384,43.7,732.1067694034235
384,43.800000000000004,640.5784594858502
384,43.900000000000006,685.5624503855269
384,44.0,690.4037879374188
384,44.1,645.881888056307
384,44.2,746.8257270416476
384,44.300000000000004,777.6994841792479
384,44.400000000000006,687.4395717097972
384,44.5,632.3168080793159
384,44.6,723.2741327414489
384,44.7,688.1399274297269
384,44.800000000000004,653.2121180709642
384,44.900000000000006,745.6051409672074
384,45.0,748.7899189396556
384,45.1,719.7079234953472
384,45.2,714.1591200222094
384,45.300000000000004,821.6067680557823
384,45.400000000000006,777.4320094242228
384,45.5,771.327158329164
384,45.6,772.018839677917
384,45.7,653.5956207315888
384,45.800000000000004,633.1451075695279
384,45.900000000000006,670.1577431929692
384,46.0,655.3299091188525
384,46.1,719.0728948166885
384,46.2,670.4216617446411
384,46.300000000000004,612.9034463843592
384,46.400000000000006,623.1769268909412
384,46.5,701.6974201372344
384,46.6,724.4545966365862
384,46.7,629.3622444391002
384,46.800000000000004,732.4139374391306
384,46.900000000000006,735.2044162669165
384,47.0,688.5296055599104
384,47.1,723.645153643257
384,47.2,672.5288914648861
384,47.300000000000004,656.6134015210558
384,47.400000000000006,663.6669004353315
384,47.5,763.3298790534326
384,47.6,635.3800047477124
384,47.7,713.818470375604
384,47.800000000000004,685.1844485689805
384,47.900000000000006,650.4727318687452
384,48.0,718.7736618933022
384,48.1,743.8806321938237
384,48.2,736.8917435642118
384,48.300000000000004,615.9591542793024
384,48.400000000000006,647.2289627974269
384,48.5,650.625242608795
384,48.6,598.9482927481323
384,48.7,622.9048436393991
384,48.800000000000004,669.6688517093061
384,48.900000000000006,633.3749240618183
384,49.0,662.8529068500723
384,49.1,651.9928903727555
384,49.2,656.0307121498896
384,49.300000000000004,779.5393217834287
384,49.400000000000006,758.3848731939268
384,49.5,716.1032493594638
384,49.6,736.1117637438049
384,49.7,705.8921042805002
384,49.800000000000004,651.1667056312127
384,49.900000000000006,760.5633212273518
384,50.0,702.8598145836411
384,50.1,629.8401253031063
384,50.2,705.8843223339152
384,50.300000000000004,754.6931518024891
384,50.400000000000006,756.8689811699755
384,50.5,686.667333688331
384,50.6,739.1545464778239
384,50.7,663.4124450057225
384,50.800000000000004,700.9706015311533
384,50.900000000000006,576.8849913611075
384,51.0,713.6418933429594
384,51.1,723.5383005542974
384,51.2,625.0522817790887
384,51.300000000000004,725.6175714971871
384,51.400000000000006,636.1101755618356
384,51.5,796.1054082872664
384,51.6,689.1707911658534
384,51.7,692.000486361435
384,51.800000000000004,635.8252911772717
384,51.900000000000006,687.3729812060997
384,52.0,701.6161444291413
384,52.1,644.5649600747279
384,52.2,680.3157161353312
384,52.300000000000004,615.3219801996876
384,52.400000000000006,706.7724884838028
384,52.5,636.2602346953364
384,52.6,686.2610479210165
384,52.7,730.1124784262565
384,52.800000000000004,623.3769656197401
384,52.900000000000006,702.4904924278601
384,53.0,722.2369547852443
384,53.1,742.3928285300336
384,53.2,664.4171296310974
384,53.300000000000004,714.3400928443742
384,53.400000000000006,674.6893078081526
384,53.5,700.001215703655
384,53.6,629.8268775533472
384,53.7,720.5401653648253
384,53.800000000000004,627.9081983453743
384,53.900000000000006,684.2645301378199
384,54.0,646.7133688300177
384,54.1,618.7586742000974
384,54.2,664.9326223440139
384,54.300000000000004,732.4778933058135
384,54.400000000000006,647.0479377380817
384,54.5,699.5696482597756
384,54.6,588.2146918249148
384,54.7,652.2577210904421
384,54.800000000000004,677.392919339395
384,54.900000000000006,629.0820449005507
384,55.0,715.9637065881103
384,55.1,768.0343060147037
384,55.2,750.2221053635483
384,55.300000000000004,797.1482960199695
384,55.400000000000006,682.3954369710096
384,55.5,590.7455780517033
384,55.6,676.0058361593241
384,55.7,701.9880562770111
384,55.800000000000004,591.8333314430168
384,55.900000000000006,603.7805617800676
384,56.0,668.361367743473
384,56.1,606.898272870198
384,56.2,681.6455986427663
384,56.300000000000004,760.260571763721
384,56.400000000000006,682.1480807549591
384,56.5,640.6910623446685
384,56.6,629.6594269717978
384,56.7,670.1664258867412
384,56.800000000000004,675.9339690133552
384,56.900000000000006,793.1898648263431
384,57.0,656.4294190588297
384,57.1,716.3616643073324
384,57.2,782.7555761057538
384,57.300000000000004,657.0862401190551
384,57.400000000000006,769.6431735696322
384,57.5,583.9989334114905
384,57.6,627.1343065787884
384,57.7,664.8930931245964
384,57.800000000000004,665.5015820777711
384,57.900000000000006,808.4334150988169
384,58.0,752.9542631114924
384,58.1,616.2056183845335
384,58.2,694.0148806542268
384,58.300000000000004,755.0041857528445
384,58.400000000000006,696.5037226866027
384,58.5,715.776086330044
384,58.6,540.128356331436
384,58.7,614.6771398535287
384,58.800000000000004,659.4834268738533
384,58.900000000000006,773.1388073961292
384,59.0,558.0857003476019
384,59.1,700.7461142771372
384,59.2,705.6017949353671
384,59.300000000000004,747.0608804589278
384,59.400000000000006,618.8335121134568
384,59.5,791.9498666779434
384,59.6,728.0671073258095
384,59.7,584.0770671215691
384,59.800000000000004,695.401459285127
384,59.900000000000006,658.4727481602267
384,60.0,735.3909023272214
384,60.1,623.5056664428494
384,60.2,657.491715934579
384,60.300000000000004,718.7785219156264
384,60.400000000000006,689.6981529040874
384,60.5,670.6316867035827
384,60.6,660.2420700318354
384,60.7,695.6259159583543
384,60.800000000000004,655.1301159338785
384,60.900000000000006,749.4683864391039
384,61.0,669.2627737994262
384,61.1,693.7628381593245
384,61.2,703.1446840915767
384,61.300000000000004,709.9225999323229
384,61.400000000000006,607.5818679580219
384,61.5,736.1294223849941
384,61.6,787.1190135891821
384,61.7,710.3970252591422
384,61.800000000000004,755.8389046181132
384,61.900000000000006,654.5897407158214
384,62.0,725.1974894369386
384,62.1,782.7986159504754
384,62.2,758.4930372822953
384,62.300000000000004,734.5336494040408
384,62.400000000000006,669.5983621381662
384,62.5,674.50738525473
384,62.6,684.16672762742
384,62.7,617.0585455771837
384,62.800000000000004,683.9098579116759
384,62.900000000000006,659.6038214219896
384,63.0,726.1731468312687
384,63.1,719.8779134811352
384,63.2,695.2969094640918
384,63.300000000000004,666.7870904342993
384,63.400000000000006,689.1283533955713
384,63.5,668.2002195314305
384,63.6,700.4787819850972
384,63.7,629.3206678971516
384,63.800000000000004,696.034828331164
384,63.900000000000006,628.3539424897137
384,64.0,712.1896677919825
384,64.10000000000001,621.746519274869
384,64.2,723.3854330477085
384,64.3,785.3638916486982
384,64.4,670.025519931663
384,64.5,748.3053685523472
384,64.60000000000001,823.9595512447898
384,64.7,792.8940752045644
384,64.8,680.270032190595
384,64.9,575.6593795281059
384,65.0,631.971162519655
384,65.10000000000001,722.7644123183809
384,65.2,791.5997692329673
384,65.3,740.2208115264204
384,65.4,684.293726525727
384,65.5,637.867933941111
384,65.60000000000001,632.3588135367717
384,65.7,708.3313569171357
384,65.8,652.1366354125837
384,65.9,701.7580970920092
384,66.0,622.4558916741933
384,66.10000000000001,625.5841224297035
384,66.2,615.6806188713583
384,66.3,606.2324446653544
384,66.4,683.183954447946
384,66.5,606.6313007453582
384,66.60000000000001,694.3779577996776
384,66.7,731.0586884907923
384,66.8,723.2387610790353
384,66.9,729.1134721068241
384,67.0,691.3082280902812
384,67.10000000000001,705.7889305363047
384,67.2,670.5672978352296
384,67.3,654.9382543355047
384,67.4,592.0812665306847
384,67.5,608.9759131187972
384,67.60000000000001,653.3445598667493
384,67.7,651.0866266843324
384,67.8,683.0769440423381
384,67.9,737.3902169020109
384,68.0,699.4975519222293
384,68.10000000000001,649.5553211000987
384,68.2,747.4951777147619
384,68.3,647.7297464270835
384,68.4,619.8664183288645
384,68.5,668.3855284910263
384,68.60000000000001,686.9140507571518
384,68.7,643.8652474500204
384,68.8,715.9580440316556
384,68.9,864.951623525149
384,69.0,831.1182973849435
384,69.10000000000001,768.231739914221
384,69.2,631.34466753304
384,69.3,710.6555750360426
384,69.4,639.3341545075876
384,69.5,644.6486212200668
384,69.60000000000001,769.7119798873224
384,69.7,629.7508102853265
384,69.8,739.2340378587543
384,69.9,673.9108211972025
384,70.0,839.7849592863254
384,70.10000000000001,750.3593668123199
384,70.2,649.0538962430329
512,0.0,778.454
512,0.1,642.6884811677775
512,0.2,774.3404800138204
512,0.30000000000000004,639.5193452347195
512,0.4,719.4687844642058
512,0.5,726.194176281364
512,0.6000000000000001,703.7227128578305
512,0.7000000000000001,711.4178852581516
512,0.8,724.6745461580803
512,0.9,604.6208189311806
512,1.0,710.7848334564447
512,1.1,734.7837341212409
512,1.2000000000000002,763.1073279630566
512,1.3,740.7648602849333
512,1.4000000000000001,741.2393753771371
512,1.5,678.8674849966521
512,1.6,692.6633954222374
512,1.7000000000000002,803.3216913542831
512,1.8,794.3721864437634
512,1.9000000000000001,732.9580546128661
512,2.0,692.1167406301603
512,2.1,730.3236804323274
512,2.2,698.7242240406221
512,2.3000000000000003,630.9391440974604
512,2.4000000000000004,724.2324014439922
512,2.5,731.3504456064603
512,2.6,713.1790838691384
512,2.7,693.1769513398367
512,2.8000000000000003,754.9482912139915
512,2.9000000000000004,746.1539917907512
512,3.0,621.0485183273644
512,3.1,680.8357635328628
512,3.2,743.9939697034393
512,3.3000000000000003,602.0256960508189
512,3.4000000000000004,648.3452973067259
512,3.5,711.4773837324565
512,3.6,755.5656979998857
512,3.7,681.6856563770925
512,3.8000000000000003,744.6897414285344
512,3.9000000000000004,700.7446574754271
512,4.0,603.2806747292548
512,4.1000000000000005,622.0390030166491
512,4.2,736.4450446515887
512,4.3,709.7350273811879
512,4.4,664.2615022941943
512,4.5,712.6345112244289
512,4.6000000000000005,745.4368475213978
512,4.7,738.5223619215097
512,4.800000000000001,731.7410178784767
512,4.9,639.279601165644
512,5.0,570.8165965249217
512,5.1000000000000005,717.4890303967718
512,5.2,649.7913157038848
512,5.300000000000001,572.5785156921798
512,5.4,697.0912023565861
512,5.5,806.2599516908442
512,5.6000000000000005,641.6112111687476
512,5.7,722.7871712623825
512,5.800000000000001,728.4546658609577
512,5.9,747.1265430991418
512,6.0,690.2775768367638
512,6.1000000000000005,789.1113720873061
512,6.2,680.3059397254134
512,6.300000000000001,696.7269744754876
512,6.4,689.7124932425959
512,6.5,694.3480853493775
512,6.6000000000000005,755.8707646626274
512,6.7,689.4773694193783
512,6.800000000000001,697.9546401844287
512,6.9,670.3316644452597
512,7.0,671.2228058318345
512,7.1000000000000005,742.5726384653871
512,7.2,625.7890008704929
512,7.300000000000001,640.0129099183504
512,7.4,672.2030008820534
512,7.5,682.0361217731607
512,7.6000000000000005,683.5132675151708
512,7.7,703.3709362522576
512,7.800000000000001,679.8931193675661
512,7.9,776.9058467459942
512,8.0,642.1107705324255
512,8.1,668.3240182377001
512,8.200000000000001,676.9411543772868
512,8.3,697.8582529528514
512,8.4,693.7168242750299
512,8.5,641.022716787382
512,8.6,726.6076992716689
512,8.700000000000001,814.0902153799609
512,8.8,750.1389019204094
512,8.9,687.6130431524571
512,9.0,695.7632349496196
512,9.1,689.8517819953588
512,9.200000000000001,640.9279657269058
512,9.3,712.0326725313328
512,9.4,674.5830660133379
512,9.5,641.5465948499735
512,9.600000000000001,689.4425985075384
512,9.700000000000001,755.4753795915165
512,9.8,656.4631115214432
512,9.9,611.906760216719
512,10.0,549.9655657454904
512,10.100000000000001,542.7654595031204
512,10.200000000000001,550.9433485571597
512,10.3,571.9597034497058
512,10.4,708.2093672403406
512,10.5,630.2400330381203
512,10.600000000000001,697.208230886865
512,10.700000000000001,701.4212700868501
512,10.8,683.6639731690522
512,10.9,658.7732333694715
512,11.0,683.6939467129231
512,11.100000000000001,690.5191669481509
512,11.200000000000001,735.0683871387731
512,11.3,641.8676468894516
512,11.4,628.1984182198122
512,11.5,661.6828534748349
512,11.600000000000001,687.9049380605536
512,11.700000000000001,744.4829989558793
512,11.8,643.2791933064071
512,11.9,634.589961856223
512,12.0,697.1569001231841
512,12.100000000000001,722.8002058834043
512,12.200000000000001,701.5825957414763
512,12.3,609.9993343283573
512,12.4,628.8286480449858
512,12.5,708.9776983301722
512,12.600000000000001,741.8507530671523
512,12.700000000000001,734.3250849499617
512,12.8,621.7126951336605
512,12.9,645.4493018599801
512,13.0,705.0223152810771
512,13.100000000000001,598.6408737497712
512,13.200000000000001,589.9195905827809
512,13.3,611.9902369455922
512,13.4,615.6783053981477
512,13.5,761.1438842048088
512,13.600000000000001,751.5249736646616
512,13.700000000000001,771.2211497253293
512,13.8,771.3498651367773
512,13.9,705.7676021959903
512,14.0,763.3257951829042
512,14.100000000000001,696.3689193099121
512,14.200000000000001,663.8636188441567
512,14.3,661.1529604002047
512,14.4,741.3134960260156
512,14.5,787.7086060912859
512,14.600000000000001,731.2043056199142
512,14.700000000000001,708.4984032789932
512,14.8,747.0188001810541
512,14.9,646.8632547763228
512,15.0,674.1397396515122
512,15.100000000000001,702.3805061119764
512,15.200000000000001,689.7392087447054
512,15.3,657.3459988426855
512,15.4,746.4066945294451
512,15.5,645.042543099998
512,15.600000000000001,661.0601705969403
512,15.700000000000001,735.9579740556052
512,15.8,700.5667048481782
512,15.9,782.9075135382546
512,16.0,781.8627279194881
512,16.1,754.2184017874289
512,16.2,641.7218828546524
512,16.3,547.1124662301546
512,16.400000000000002,533.3060257676666
512,16.5,695.649887874427
512,16.6,648.8498944147123
512,16.7,627.4632543882885
512,16.8,774.7851457285894
512,16.900000000000002,802.036118679846
512,17.0,721.1952388923834
512,17.1,705.505124401367
512,17.2,652.8410478992043
512,17.3,639.0492097088861
512,17.400000000000002,701.0695387412604
512,17.5,667.4981866032584
512,17.6,597.5003605958221
512,17.7,634.6610515998983
512,17.8,695.4960720374362
512,17.900000000000002,705.3656692351311
512,18.0,633.9835663890775
512,18.1,589.486056508676
512,18.2,742.1294129683529
512,18.3,727.6934811959591
512,18.400000000000002,641.5952212011025
512,18.5,663.1214331991137
512,18.6,724.1466806358549
512,18.7,702.6447736254735
512,18.8,653.6689656193485
512,18.900000000000002,689.5310453008046
512,19.0,834.2357542690089
512,19.1,734.1553919605018
512,19.200000000000003,664.5992746903793
512,19.3,710.6853257278052
512,19.400000000000002,738.2961512008009
512,19.5,647.9305476029372
512,19.6,597.8237844071124
512,19.700000000000003,599.9771051175202
512,19.8,713.9816504374315
512,19.900000000000002,690.5365512494016
512,20.0,615.4088092162319
512,20.1,723.3531268607209
512,20.200000000000003,783.3702645161286
512,20.3,610.8965054658499
512,20.400000000000002,596.6361570948001
512,20.5,610.731912894518
512,20.6,586.4144273260079
512,20.700000000000003,577.2183722369017
512,20.8,598.2388793964872
512,20.900000000000002,614.7011059897181
512,21.0,599.4978330661165
512,21.1,634.8489006946903
512,21.200000000000003,729.8810607967288
512,21.3,661.9381889806875
512,21.400000000000002,710.8703694262698
512,21.5,720.0089555460263
512,21.6,725.6241421939108
512,21.700000000000003,821.1764860970256
512,21.8,816.1246165542209
512,21.900000000000002,672.575057621178
512,22.0,654.5360506120095
512,22.1,708.9889003478879
512,22.200000000000003,698.2283867951446
512,22.3,634.0813838442269
512,22.400000000000002,712.6802976568679
512,22.5,706.8080571065717
512,22.6,719.9273323161983
512,22.700000000000003,731.256800876845
512,22.8,737.6484059674608
512,22.900000000000002,721.9968545455836
512,23.0,674.849612014983
512,23.1,674.8301510969103
512,23.200000000000003,730.6065500960299
512,23.3,672.0387669071526
512,23.400000000000002,613.5986384010748
512,23.5,564.6335288825137
512,23.6,617.7746518563016
512,23.700000000000003,652.2006070607742
512,23.8,605.7258851013635
512,23.900000000000002,639.7334587799685
512,24.0,651.1692715393377
512,24.1,609.3565644778033
512,24.200000000000003,606.1160595303004
512,24.3,706.7153387864819
512,24.400000000000002,792.1141409098284
512,24.5,743.9931693377367
512,24.6,724.2028960840665
512,24.700000000000003,665.21790293181
512,24.8,621.735550656567
512,24.900000000000002,592.64824490782
512,25.0,658.9898701223813
512,25.1,725.954926524349
512,25.200000000000003,660.9446457123624
512,25.3,625.0421800834939
512,25.400000000000002,703.8273724380674
512,25.5,685.7757288483086
512,25.6,703.7139171554671
512,25.700000000000003,817.0368158075113
512,25.8,808.4811888856582
512,25.900000000000002,739.7051081415951
512,26.0,772.4063513410473
512,26.1,666.4727929893337
512,26.200000000000003,666.6955234797695
512,26.3,712.579365653735
512,26.400000000000002,708.0869775634353
512,26.5,705.1721705112717
512,26.6,730.1897511476909
512,26.700000000000003,775.7413944680357
512,26.8,763.4784333282496
512,26.900000000000002,719.3217773497137
512,27.0,687.0538604786924
512,27.1,698.1598129987233
512,27.200000000000003,773.4510579255158
512,27.3,765.2931514495891
512,27.400000000000002,691.3571652617719
512,27.5,586.7144890764353
512,27.6,575.1982570153417
512,27.700000000000003,586.0436444928423
512,27.8,585.3728607669378
512,27.900000000000002,637.814764224494
512,28.0,675.6136997181112
512,28.1,687.4933720274123
512,28.200000000000003,717.6951975095086
512,28.3,704.4452648982758
512,28.400000000000002,731.5523261964519
512,28.5,685.0613401862389
512,28.6,621.4977107759245
512,28.700000000000003,561.2044501869314
512,28.8,608.8601689112563
512,28.900000000000002,696.8473119868859
512,29.0,790.5798891647684
512,29.1,791.3931845894658
512,29.200000000000003,712.6502303923043
512,29.3,601.2579705340602
512,29.400000000000002,611.2808994295814
512,29.5,734.4957295904994
512,29.6,752.8175229610841
512,29.700000000000003,688.562098943494
512,29.8,663.205868401363
512,29.900000000000002,703.7218549960221
512,30.0,725.9684844104072
512,30.1,747.5179789622929
512,30.200000000000003,772.370371640031
512,30.3,734.6866893451739
512,30.400000000000002,732.130814024939
512,30.5,735.6129547608779
512,30.6,710.6589573082217
512,30.700000000000003,750.6146519374955
512,30.8,768.1717694127065
512,30.900000000000002,768.4556166091223
512,31.0,731.884700019539
512,31.1,751.3482852968173
512,31.200000000000003,759.4925895194077
512,31.3,716.2682711648253
512,31.400000000000002,700.8226084864255
512,31.5,707.8646193026807
512,31.6,691.0311476031391
512,31.700000000000003,723.0860793480616
512,31.8,713.236850960862
512,31.900000000000002,716.8274520885471
512,32.0,635.6364897729655
512,32.1,628.3801306760472
512,32.2,728.199516842401
512,32.300000000000004,796.4905073919659
512,32.4,791.0595549931862
512,32.5,775.3471989561363
512,32.6,766.7941786569888
512,32.7,781.0372945101986
512,32.800000000000004,745.071903720997
512,32.9,736.5700448628097
512,33.0,677.3004940096931
512,33.1,583.0870201032701
512,33.2,601.6659269397403
512,33.300000000000004,713.3004139013385
512,33.4,766.6595996301982
512,33.5,756.5921986552042
512,33.6,662.3888410615759
512,33.7,613.5611020182344
512,33.800000000000004,697.3258884068932
512,33.9,626.8570044222855
512,34.0,642.7525050173917
512,34.1,715.2484706707867
512,34.2,727.2910474049024
512,34.300000000000004,757.1867618000132
512,34.4,714.953609598606
512,34.5,645.9369066485896
512,34.6,645.3793040368281
512,34.7,717.746532857738
512,34.800000000000004,722.0623889549413
512,34.9,724.7259163081386
512,35.0,624.5139273522705
512,35.1,645.2125372547837
512,35.2,743.3860104481096
512,35.300000000000004,760.2052621086532
512,35.4,756.7362658482482
512,35.5,764.5538841457893
512,35.6,735.9951340205339
512,35.7,726.6661491155013
512,35.800000000000004,731.827741444956
512,35.9,652.8017404190848
512,36.0,605.6812187049502
512,36.1,567.9191623027057
512,36.2,561.3513072410949
512,36.300000000000004,601.8166696234606
512,36.4,610.6591711862833
512,36.5,690.8607496783877
512,36.6,762.5053350570086
512,36.7,764.3836369503745
512,36.800000000000004,763.6578314993043
512,36.9,783.228034365135
512,37.0,707.2764032737989
512,37.1,617.2386702577918
512,37.2,686.5300600394074
512,37.300000000000004,739.03672801597
512,37.4,651.1310100317114
512,37.5,574.4121710681485
512,37.6,661.9213641396032
512,37.7,726.4351423466131
512,37.800000000000004,720.0948504482059
512,37.9,641.9005261516049
512,38.0,664.1184293366501
512,38.1,718.7756410728318
512,38.2,607.2208209884676
512,38.300000000000004,657.9582711069697
512,38.400000000000006,727.9513114183148
512,38.5,722.0630534908435
512,38.6,656.20111689855
512,38.7,654.3254876905413
512,38.800000000000004,720.3141430474934
512,38.900000000000006,718.177440090682
512,39.0,750.1753926847284
512,39.1,747.5614596574911
512,39.2,742.6811773622144
512,39.300000000000004,757.8293473759956
512,39.400000000000006,749.6690770325022
512,39.5,752.7809910294135
512,39.6,748.9670093886039
512,39.7,721.0772758907435
512,39.800000000000004,706.867249499364
512,39.900000000000006,700.5132420120801
512,40.0,663.3026399952345
512,40.1,695.966738667488
512,40.2,702.3147984135165
512,40.300000000000004,716.8568655152989
512,40.400000000000006,750.6590264822404
512,40.5,711.6472002897328
512,40.6,734.0388310550818
512,40.7,733.6172895645419
512,40.800000000000004,608.9479728609856
512,40.900000000000006,639.7250648139757
512,41.0,784.3250973160119
512,41.1,748.6439930822311
512,41.2,723.2760341029965
512,41.300000000000004,746.320503272376
512,41.400000000000006,686.5871113406581
512,41.5,683.2995829219366
512,41.6,731.7460625093807
512,41.7,704.7774094169421
512,41.800000000000004,720.9676127785526
512,41.900000000000006,685.2177381475029
512,42.0,603.7913822198823
512,42.1,682.9756637550674
512,42.2,755.1126876011006
512,42.300000000000004,760.1211248342332
512,42.400000000000006,745.7300056579558
512,42.5,724.5866419023068
512,42.6,713.4105055137991
512,42.7,754.1603989184119
512,42.800000000000004,702.2540610278279
512,42.900000000000006,684.3816546064173
512,43.0,754.7148326054169
512,43.1,635.710736982682
512,43.2,642.9364107867095
512,43.300000000000004,710.3879714357158
512,43.400000000000006,701.8054856236804
512,43.5,729.8644401593526
512,43.6,655.039741859682
512,43.7,602.51871473285
512,43.800000000000004,659.2726420675691
512,43.900000000000006,732.073459569493
512,44.0,812.8535370035027
512,44.1,829.5980081431717
512,44.2,722.1185008774669
512,44.300000000000004,671.0290913937316
512,44.400000000000006,692.0957975355955
512,44.5,699.4805085930221
512,44.6,675.4256162275749
512,44.7,638.7008631436986
512,44.800000000000004,663.2500827876102
512,44.900000000000006,753.3599849397103
512,45.0,697.1059252893145
512,45.1,588.0105681683348
512,45.2,652.2112976229864
512,45.300000000000004,760.7800522174915
512,45.400000000000006,734.5127033059766
512,45.5,720.4687213556931
512,45.6,796.1229417481181
512,45.7,756.7084074137604
512,45.800000000000004,747.3505647860284
512,45.900000000000006,738.3252435405216
512,46.0,704.2758968641065
512,46.1,690.8772152204158
512,46.2,758.6578039678723
512,46.300000000000004,693.6900608110108
512,46.400000000000006,551.8568594551728
512,46.5,598.1267334646758
512,46.6,712.7424947068769
512,46.7,777.0594101639018
512,46.800000000000004,691.7616184045254
512,46.900000000000006,643.7759348047708
512,47.0,682.3670541292078
512,47.1,728.3408972307085
512,47.2,745.4800072634555
512,47.300000000000004,647.0480049246618
512,47.400000000000006,581.477468835619
512,47.5,627.0097547399548
512,47.6,620.4946721358733
512,47.7,624.3738510660419
512,47.800000000000004,709.4745462415191
512,47.900000000000006,798.6178221998277
512,48.0,803.6730088352399
512,48.1,666.8843340275082
512,48.2,679.0598355956153
512,48.300000000000004,823.1324611395179
512,48.400000000000006,791.95489160364
512,48.5,683.4638657454733
512,48.6,578.406402877029
512,48.7,582.7895370694266
512,48.800000000000004,629.2766486993472
512,48.900000000000006,653.7319855983442
512,49.0,694.5492907604033
512,49.1,731.5093247863811
512,49.2,720.0722494957978
512,49.300000000000004,741.5772573036626
512,49.400000000000006,718.5854405889346
512,49.5,662.8601887235745
512,49.6,642.8275718067556
512,49.7,694.2359477219298
512,49.800000000000004,746.7260344882146
512,49.900000000000006,766.8363617558558
512,50.0,760.8791951057949
512,50.1,721.1644190124445
512,50.2,655.5730544334176
512,50.300000000000004,586.7617820611713
512,50.400000000000006,657.6573491638295
512,50.5,720.1027502740105
512,50.6,683.801789329217
512,50.7,722.0851130386715
512,50.800000000000004,752.9055324614455
512,50.900000000000006,687.3723048308105
512,51.0,565.8912658102978
512,51.1,572.7566693020518
512,51.2,589.6797815361896
512,51.300000000000004,631.0492588837469
512,51.400000000000006,660.9758903747725
512,51.5,698.3822418483959
512,51.6,679.1931696793636
512,51.7,593.6546403267389
512,51.800000000000004,589.853442015341
512,51.900000000000006,655.9975946280663
512,52.0,659.1213874836475
512,52.1,602.4329065224555
512,52.2,620.6638299920402
512,52.300000000000004,614.40137954867
512,52.400000000000006,613.8783506277555
512,52.5,550.3875396124537
512,52.6,556.6157164874757
512,52.7,602.855804831987
512,52.800000000000004,679.1321853140017
512,52.900000000000006,706.0799388666238
512,53.0,715.5852003459911
512,53.1,721.9601751316527
512,53.2,707.3960318181258
512,53.300000000000004,703.4372536416978
512,53.400000000000006,726.2895429521826
512,53.5,674.819722230827
512,53.6,649.2026418174195
512,53.7,599.2680166890617
512,53.800000000000004,531.8046175387271
512,53.900000000000006,633.8651418809973
512,54.0,746.5219986107967
512,54.1,660.9731782586811
512,54.2,615.1907331459118
512,54.300000000000004,742.201242463353
512,54.400000000000006,773.1571618178865
512,54.5,654.5143036011714
512,54.6,650.2062803925055
512,54.7,765.9759830233684
512,54.800000000000004,742.8191034257438
512,54.900000000000006,679.2980956772826
512,55.0,619.0290933590678
512,55.1,588.2716527677762
512,55.2,652.7066633891369
512,55.300000000000004,777.6252732513309
512,55.400000000000006,817.4038628356997
512,55.5,809.9580427969948
512,55.6,703.311389011971
512,55.7,568.9124925074086
512,55.800000000000004,602.6819962313144
512,55.900000000000006,705.1861159081644
512,56.0,625.2774986060343
512,56.1,546.222352922423
512,56.2,666.447329938576
512,56.300000000000004,672.8507458296689
512,56.400000000000006,579.603826324627
512,56.5,685.3544505890427
512,56.6,743.1525515910282
512,56.7,770.9339930801277
512,56.800000000000004,742.2888960106177
512,56.900000000000006,743.2058335989447
512,57.0,736.2627119290671
512,57.1,752.5474189733656
512,57.2,768.1445300711972
512,57.300000000000004,721.3267036456467
512,57.400000000000006,677.8603659544287
512,57.5,592.0362941420311
512,57.6,582.1598073677742
512,57.7,628.9590858436812
512,57.800000000000004,622.7773238448442
512,57.900000000000006,560.0574685459743
512,58.0,658.6099913996017
512,58.1,757.9411749837411
512,58.2,742.6432512311765
512,58.300000000000004,703.0443306940629
512,58.400000000000006,715.2701590912732
512,58.5,687.8723387102922
512,58.6,702.796910358086
512,58.7,719.3104688031428
512,58.800000000000004,700.7616859192344
512,58.900000000000006,662.4132335449826
512,59.0,725.9001959499702
512,59.1,713.5417242636713
512,59.2,643.4402870231374
512,59.300000000000004,593.6363759110595
512,59.400000000000006,717.85125713557
512,59.5,712.5431943866721
512,59.6,728.9998681140486
512,59.7,709.8418479827549
512,59.800000000000004,711.6310159580459
512,59.900000000000006,613.2176821315147
512,60.0,671.7496626865103
512,60.1,744.9239876240905
512,60.2,725.5460369236355
512,60.300000000000004,739.7771482866053
512,60.400000000000006,701.3108203022209
512,60.5,726.7915347992329
512,60.6,790.996907231737
512,60.7,744.3004784720471
512,60.800000000000004,689.3142264349455
512,60.900000000000006,713.5473589281427
512,61.0,720.1092068221235
512,61.1,696.0500629209889
512,61.2,704.0328383128993
512,61.300000000000004,724.7453084226053
512,61.400000000000006,655.3995344870056
512,61.5,669.745570537867
512,61.6,702.3712627902048
512,61.7,722.29023906058
768,0.0,835.307
768,0.1,796.9984617976297
768,0.2,725.774779779693
768,0.30000000000000004,665.2057719968167
768,0.4,664.9523132119168
768,0.5,637.4895678061612
768,0.6000000000000001,638.5978973684964
768,0.7000000000000001,734.3960127657951
768,0.8,659.5390151331825
768,0.9,708.700077559044
768,1.0,812.7812645363591
768,1.1,694.7601948443512
768,1.2000000000000002,581.8764265227832
768,1.3,587.1069317847042
768,1.4000000000000001,589.2306208622634
768,1.5,621.6044979534657
768,1.6,681.9883788829404
768,1.7000000000000002,603.0383177679877
768,1.8,573.8353520063665
768,1.9000000000000001,619.6113301324073
768,2.0,759.4634160213491
768,2.1,717.1062125482795
768,2.2,671.5062938108638
768,2.3000000000000003,712.1596559409469
768,2.4000000000000004,686.9166913044924
768,2.5,619.4920854448326
768,2.6,698.8832508721895
768,2.7,749.0613622179173
768,2.8000000000000003,778.0021565771639
768,2.9000000000000004,715.8177279407548
768,3.0,637.9141575599016
768,3.1,657.0594249756961
768,3.2,649.9880088964295
768,3.3000000000000003,778.0443275111751
768,3.4000000000000004,696.7252961004172
768,3.5,611.4356720421268
768,3.6,624.0397604480493
768,3.7,658.5022177118134
768,3.8000000000000003,676.8026803478755
768,3.9000000000000004,702.1031719953878
768,4.0,724.0249047985533
768,4.1000000000000005,669.4502643738422
768,4.2,637.7920692908503
768,4.3,659.3083435848308
768,4.4,796.6796490306989
768,4.5,621.1929348797312
768,4.6000000000000005,595.3289263743059
768,4.7,683.3837102586706
768,4.800000000000001,658.5706286883182
768,4.9,745.8571440854171
768,5.0,673.8963874219052
768,5.1000000000000005,636.4766777361058
768,5.2,753.7512355921541
768,5.300000000000001,633.9927690119956
768,5.4,645.5262343413896
768,5.5,767.7126800186805
768,5.6000000000000005,706.4482560544396
768,5.7,714.591256891778
768,5.800000000000001,687.762107086129
768,5.9,718.6542157530943
768,6.0,801.2864591850594
768,6.1000000000000005,754.9346009163999
768,6.2,683.6407167051474
768,6.300000000000001,629.7329169912493
768,6.4,703.2751285520937
768,6.5,622.1321720067574
768,6.6000000000000005,721.3395941561226
768,6.7,723.1541921155145
768,6.800000000000001,636.3820010979762
768,6.9,671.0907244267687
768,7.0,623.6280102556038
768,7.1000000000000005,727.2970958376617
768,7.2,748.4686765907064
768,7.300000000000001,718.2389133573952
768,7.4,647.1128534386512
768,7.5,708.7990449611146
768,7.6000000000000005,659.439228000801
768,7.7,653.5914970582907
768,7.800000000000001,667.1332250226972
768,7.9,775.8534831598284
768,8.0,752.2619398171976
768,8.1,646.7915649846916
768,8.200000000000001,627.1591958121694
768,8.3,735.5845868815269
768,8.4,655.8756482108856
768,8.5,657.2516852282068
768,8.6,699.0447914445873
768,8.700000000000001,691.5334870613873
768,8.8,731.5841210678808
768,8.9,704.6511031898648
768,9.0,705.8300397014883
768,9.1,674.0379724026512
768,9.200000000000001,720.1679841638986
768,9.3,715.9814955663311
768,9.4,767.0113944256339
768,9.5,746.5981402881727
768,9.600000000000001,672.9835867747819
768,9.700000000000001,675.8199206004628
768,9.8,632.0064784329527
768,9.9,619.9547492893234
768,10.0,506.09346247361077
768,10.100000000000001,621.7326983470732
768,10.200000000000001,744.1083056574729
768,10.3,673.1074576311239
768,10.4,664.768263842969
768,10.5,689.6664669235297
768,10.600000000000001,647.574972820853
768,10.700000000000001,740.2547632957954
768,10.8,685.5700437351072
768,10.9,703.2868761887291
768,11.0,671.4233064957717
768,11.100000000000001,635.3465265512629
768,11.200000000000001,687.9852059244839
768,11.3,656.7840013334139
768,11.4,735.0148390221932
768,11.5,698.7715404293241
768,11.600000000000001,678.5115304285664
768,11.700000000000001,649.8670242969539
768,11.8,713.919471138245
768,11.9,730.5340964200946
768,12.0,671.59288010026
768,12.100000000000001,802.2685156628102
768,12.200000000000001,735.9563744381537
768,12.3,738.160921575879
768,12.4,710.2689754822717
768,12.5,706.0455100409836
768,12.600000000000001,689.707239128948
768,12.700000000000001,594.4705558531953
768,12.8,753.8521817480414
768,12.9,703.1372092740543
768,13.0,738.7750611239778
768,13.100000000000001,687.2660584391067
768,13.200000000000001,630.2114114299495
768,13.3,780.8962090402209
768,13.4,728.6865179126346
768,13.5,640.5827718784922
768,13.600000000000001,682.0878885970907
768,13.700000000000001,754.4334503719181
768,13.8,668.3857357147972
768,13.9,713.5154113999239
768,14.0,666.3901364503885
768,14.100000000000001,713.8389131556955
768,14.200000000000001,749.824687061609
768,14.3,763.6702421581605
768,14.4,737.735301658858
768,14.5,582.902681892154
768,14.600000000000001,697.8621578769056
768,14.700000000000001,658.4855101679783
768,14.8,543.5447826850459
768,14.9,673.7572368627475
768,15.0,675.3510967087848
768,15.100000000000001,635.6497391504741
768,15.200000000000001,697.5016609976906
768,15.3,636.7344425434603
768,15.4,790.5481298668063
768,15.5,654.0610297428515
768,15.600000000000001,601.1957060612675
768,15.700000000000001,689.9146061402956
768,15.8,623.4512052641755
768,15.9,737.5835964365951
768,16.0,669.1942279173497
768,16.1,733.1833099228504
768,16.2,693.2618178402787
768,16.3,623.496144660554
768,16.400000000000002,720.3202743601338
768,16.5,636.9113991565605
768,16.6,637.3819988248777
768,16.7,714.3729871929712
768,16.8,669.9508500627846
768,16.900000000000002,705.5974286189469
768,17.0,699.3504807591047
768,17.1,654.9630661999856
768,17.2,623.3765859496276
768,17.3,705.5527802587076
768,17.400000000000002,632.0797982435154
768,17.5,679.7542023502614
768,17.6,654.4932257644891
768,17.7,774.4302778166698
768,17.8,723.8396479058755
768,17.900000000000002,731.849757351682
768,18.0,681.230691719381
768,18.1,690.0283257352814
768,18.2,708.2126520616821
768,18.3,667.712458129833
768,18.400000000000002,672.638730144386
768,18.5,648.5695792346081
768,18.6,675.5006959063878
768,18.7,610.5900618351972
768,18.8,702.4095005096574
768,18.900000000000002,679.080379376735
768,19.0,700.2681009142397
768,19.1,636.9975256657351
768,19.200000000000003,672.5103543428526
768,19.3,596.9336401605023
768,19.400000000000002,639.9143914905744
768,19.5,596.79908910122
768,19.6,670.9832855655977
768,19.700000000000003,646.5101121486359
768,19.8,716.1712968069827
768,19.900000000000002,614.3706698694746
768,20.0,675.9480614913566
768,20.1,616.5613322644089
768,20.200000000000003,693.8960882310128
768,20.3,657.7034298770725
768,20.400000000000002,699.1873837988863
768,20.5,579.6156747235414
768,20.6,663.1760719037346
768,20.700000000000003,657.2681552450498
768,20.8,673.4964563977924
768,20.900000000000002,714.2653141456759
768,21.0,759.0735307703856
768,21.1,703.7268284389475
768,21.200000000000003,740.9192711437504
768,21.3,593.6167572445034
768,21.400000000000002,684.5436774982144
768,21.5,627.4539792627222
768,21.6,716.2209002930792
768,21.700000000000003,640.2924326783904
768,21.8,687.6363691106767
768,21.900000000000002,689.7369420155437
768,22.0,808.8962088789767
768,22.1,709.9050985662959
768,22.200000000000003,616.5848460314542
768,22.3,721.6449071040029
768,22.400000000000002,681.79331834011
768,22.5,581.1186459364345
768,22.6,750.1809572567826
768,22.700000000000003,716.0577221283704
768,22.8,709.88416349613
768,22.900000000000002,680.194352942908
768,23.0,561.2496236692368
768,23.1,733.3595541141887
768,23.200000000000003,730.4846884617921
768,23.3,674.762825080714
768,23.400000000000002,732.2120511234502
768,23.5,775.3895395643171
768,23.6,659.2327843231501
768,23.700000000000003,586.6782037008695
768,23.8,754.2471514064118
768,23.900000000000002,686.8486120523119
768,24.0,596.8274043693323
768,24.1,668.5647846971326
768,24.200000000000003,678.745773637741
768,24.3,624.9385935379668
768,24.400000000000002,767.2759101911344
768,24.5,652.8376072548366
768,24.6,728.2635657503929
768,24.700000000000003,747.3636151994284
768,24.8,733.7867134087033
768,24.900000000000002,675.0579047707987
768,25.0,692.9568270515102
768,25.1,717.2779653517897
768,25.200000000000003,601.0503536043417
768,25.3,759.0472735026277
768,25.400000000000002,679.1170347336686
768,25.5,633.3793516244473
768,25.6,697.0515397758435
768,25.700000000000003,582.3230376276804
768,25.8,695.7727191020352
768,25.900000000000002,760.5633777557996
768,26.0,656.6084218441745
768,26.1,771.1126554539472
768,26.200000000000003,737.4649435131078
768,26.3,728.9821591490746
768,26.400000000000002,790.1956277749588
768,26.5,791.2625222920071
768,26.6,680.7588077802785
768,26.700000000000003,586.9826194161973
768,26.8,775.0706392093325
768,26.900000000000002,768.2949154991857
768,27.0,688.5113043408854
768,27.1,646.7775881163342
768,27.200000000000003,831.1468370698641
768,27.3,792.8524883133342
768,27.400000000000002,682.8169178084356
768,27.5,584.5303263615374
768,27.6,710.3908690400998
768,27.700000000000003,614.4573661751976
768,27.8,686.9839725713146
768,27.900000000000002,697.4081740974408
768,28.0,628.1862571747164
768,28.1,614.4977108722147
768,28.200000000000003,755.3495798391658
768,28.3,714.3059003795581
768,28.400000000000002,628.5710557357947
768,28.5,716.2129193548772
768,28.6,671.1978107174274
768,28.700000000000003,706.4472245373464
768,28.8,625.932382680881
768,28.900000000000002,692.51057929253
768,29.0,517.3213450267456
768,29.1,421.40552515333155
768,29.200000000000003,760.3400979896917
768,29.3,672.4075030500413
768,29.400000000000002,506.7338330277897
768,29.5,571.724980423646
768,29.6,675.9225043574374
768,29.700000000000003,649.8755413639541
768,29.8,768.9262602539795
768,29.900000000000002,564.0368001358128
768,30.0,577.074904531126
768,30.1,697.6525791321586
768,30.200000000000003,719.8760691360869
768,30.3,710.0208752937182
768,30.400000000000002,637.1835962763313
768,30.5,797.9643966767293
768,30.6,736.7353160312979
768,30.700000000000003,742.4290647203908
768,30.8,741.8411766711762
768,30.900000000000002,603.0627783669943
768,31.0,649.563311812457
768,31.1,544.3109983716538
768,31.200000000000003,419.84672946672083
768,31.3,711.590869778744
768,31.400000000000002,604.8674989296456
768,31.5,718.7257111450506
768,31.6,674.498278633295
768,31.700000000000003,681.6765250523508
768,31.8,560.5439871402177
768,31.900000000000002,731.9865491001866
768,32.0,691.5720711055624
768,32.1,731.7446916275305
768,32.2,687.7713359422428
768,32.300000000000004,628.0363262546829
768,32.4,580.6871727660644
768,32.5,776.9295519528021
768,32.6,721.4436443160937
768,32.7,753.8286826892155
768,32.800000000000004,555.6696442395327
768,32.9,644.631809169863
768,33.0,766.9258664553946
768,33.1,725.219050458671
768,33.2,578.4641198190877
768,33.300000000000004,463.418246944082
768,33.4,824.0759221107901
768,33.5,695.8661358355334
768,33.6,774.4765984556832
768,33.7,566.5908867429133
768,33.800000000000004,746.3930693715133
768,33.9,733.7771999599706
768,34.0,717.2443707143657
768,34.1,649.3820185420872
768,34.2,537.7475674354365
768,34.300000000000004,650.0280359826547
768,34.4,691.8427065975009
768,34.5,763.8027360383716
768,34.6,786.757555996358
768,34.7,666.0646288050438
768,34.800000000000004,629.2452759064929
768,34.9,691.8290547425745
768,35.0,564.1952448205942
768,35.1,741.5848967224314
768,35.2,672.3718795024889
768,35.300000000000004,674.4544988977312
768,35.4,735.1614302874352
768,35.5,713.4711969539204
768,35.6,827.3603958278729
768,35.7,771.1150672154674
768,35.800000000000004,709.2682709914473
768,35.9,709.1361321600652
768,36.0,609.423373287712
768,36.1,552.7864794328136
768,36.2,739.2062712295078
768,36.300000000000004,736.7321709031485
768,36.4,757.1681091062457
768,36.5,737.2156130046083
768,36.6,719.9859675757974
768,36.7,771.379851771563
768,36.800000000000004,732.6098344424078
768,36.9,610.9986923648771
768,37.0,690.2282017965856
768,37.1,680.8764227048661
768,37.2,785.02592560469
768,37.300000000000004,718.4385159823714
768,37.4,678.3251578206912
768,37.5,819.3701121563021
768,37.6,686.7092584627184
768,37.7,693.287459188398
768,37.800000000000004,750.181541328037
768,37.9,706.0349324412347
768,38.0,741.0186338410928
768,38.1,692.3672103250591
768,38.2,654.5083859673971
768,38.300000000000004,545.5629627706943
768,38.400000000000006,720.17542741038
768,38.5,653.0416479115538
768,38.6,792.7093745100977
768,38.7,760.2521323233805
768,38.800000000000004,730.0287260141056
768,38.900000000000006,689.1087199355636
768,39.0,619.277343830789
768,39.1,697.9810875086047
768,39.2,589.6596375236841
768,39.300000000000004,705.2525192135977
768,39.400000000000006,641.4973835821033
768,39.5,800.5796609672761
768,39.6,698.0888647639277
768,39.7,623.0788835756072
768,39.800000000000004,579.3463661297618
768,39.900000000000006,672.490277815947
768,40.0,606.4535905327192
768,40.1,694.6855686187204
768,40.2,561.339195910766
768,40.300000000000004,682.00184216777
768,40.400000000000006,745.6876044639142
768,40.5,806.4219721361786
768,40.6,782.1667920549683
768,40.7,755.3580809344288
768,40.800000000000004,673.4160833783278
768,40.900000000000006,736.4065297186805
768,41.0,760.3184486436002
768,41.1,770.9638276979958
768,41.2,703.3579759050369
768,41.300000000000004,665.0121536870694
768,41.400000000000006,660.2826978230052
768,41.5,638.6450261661846
768,41.6,580.2961784543403
768,41.7,669.4164610785559
768,41.800000000000004,731.8370473206725
768,41.900000000000006,621.2609749182311
768,42.0,823.7000444308901
768,42.1,718.8168561177583
768,42.2,575.7435868354564
768,42.300000000000004,682.9942725870869
768,42.400000000000006,684.0685638256311
768,42.5,632.8529012958979
768,42.6,681.4134375515572
768,42.7,745.9982458194413
768,42.800000000000004,600.0511510026705
768,42.900000000000006,629.9448637524904
768,43.0,708.9576040448517
768,43.1,537.3358076637901
768,43.2,628.3980345659239
768,43.300000000000004,628.9156919256139
768,43.400000000000006,677.8183202587633
768,43.5,685.6930599223274
768,43.6,789.6659390045448
768,43.7,640.2257798124047
768,43.800000000000004,734.4366644492981
768,43.900000000000006,624.3261966488895
768,44.0,722.8924077801764
768,44.1,751.4378308878921
768,44.2,703.1816936356269
768,44.300000000000004,694.7227422488561
768,44.400000000000006,701.3419756516962
768,44.5,703.9608916240546
768,44.6,581.729023670111
768,44.7,737.2982965614023
768,44.800000000000004,705.1029190838481
768,44.900000000000006,704.3511977205914
768,45.0,761.6205906371298
768,45.1,622.2843711900892
768,45.2,681.5127724707932
768,45.300000000000004,578.9156888972686
768,45.400000000000006,810.184059030572
768,45.5,712.5944353386343
768,45.6,787.3323748159836
768,45.7,620.0261033590463
768,45.800000000000004,711.8532296568338
768,45.900000000000006,764.8239702912842
768,46.0,610.9860644792336
768,46.1,727.0349313571965
768,46.2,704.985045871423
768,46.300000000000004,592.3999358460991
768,46.400000000000006,764.5388003188157
768,46.5,675.076160752879
768,46.6,533.0441339277675
768,46.7,588.3746005447164
768,46.800000000000004,737.4544149797852
768,46.900000000000006,590.8251901394005
768,47.0,648.1481959529665
768,47.1,581.9157515697538
768,47.2,665.1831305327278
768,47.300000000000004,696.7264643111773
768,47.400000000000006,719.7855656268855
768,47.5,721.1053981723953
768,47.6,623.8515243055969
768,47.7,610.1600644755889
768,47.800000000000004,575.9873408909303
768,47.900000000000006,652.678922854195
768,48.0,752.0038994023904
768,48.1,743.7653234344198
768,48.2,706.6980796604963
768,48.300000000000004,790.9761769373633
768,48.400000000000006,618.5939721390064
768,48.5,736.8932723100569
768,48.6,575.3894908305465
768,48.7,649.7242993275435
768,48.800000000000004,286.9925716459203
768,48.900000000000006,840.1481440939566
768,49.0,548.3391230147856
768,49.1,760.1673843259948
768,49.2,732.6138966721442
768,49.300000000000004,669.7648412255493
768,49.400000000000006,733.9587665076327
768,49.5,529.847387849443
768,49.6,817.675881030342
768,49.7,625.528001928204
768,49.800000000000004,734.5190343380121
768,49.900000000000006,704.7205858359148
768,50.0,750.6634170453381
768,50.1,806.2914283279698
768,50.2,656.4633602624918
768,50.300000000000004,581.624215422641
768,50.400000000000006,778.500641512633
768,50.5,744.6089730020826
768,50.6,719.5006119561456
768,50.7,680.2896600670522
768,50.800000000000004,673.1025875335094
768,50.900000000000006,703.8721421143852
768,51.0,773.8936288379009
768,51.1,764.5827144575512
768,51.2,676.4423389963325
768,51.300000000000004,723.7733527368084
768,51.400000000000006,658.8668372417051
768,51.5,736.9900123669776
768,51.6,636.3566619022337
768,51.7,725.5672343615234
768,51.800000000000004,579.0764212536279
768,51.900000000000006,753.9590009579084
768,52.0,726.8525298092778
768,52.1,646.767231364943
768,52.2,684.7912592208189
768,52.300000000000004,753.3687076724361
768,52.400000000000006,689.5346199722056
768,52.5,531.8905605341416
768,52.6,537.2309388640975
768,52.7,723.6652890269836
768,52.800000000000004,626.18602214058
768,52.900000000000006,800.0027959834786
768,53.0,643.8725043771653
768,53.1,832.2175675321168
768,53.2,609.9091471621184
768,53.300000000000004,707.2913537584918
768,53.400000000000006,536.1249312785241
768,53.5,619.9845251870562
768,53.6,727.1143039712531
768,53.7,682.5898304780006
768,53.800000000000004,555.2867640373449
768,53.900000000000006,725.7716428197865
768,54.0,562.4805894696208
768,54.1,768.1822300114605
768,54.2,664.7628533676105
768,54.300000000000004,535.0983951017284
768,54.400000000000006,611.3831884468467
768,54.5,714.5000790779246
768,54.6,546.7697035156542
768,54.7,656.6397979049816
768,54.800000000000004,811.5395644392165
768,54.900000000000006,656.5541596967932
768,55.0,577.3526800266882
768,55.1,840.869412927699
768,55.2,752.9234895007108
768,55.300000000000004,709.126509356829
768,55.400000000000006,558.5834622777506
768,55.5,755.6605732926655
768,55.6,726.0908806764498
768,55.7,466.7411792287996
768,55.800000000000004,485.26670709312185
768,55.900000000000006,777.9964195216573
768,56.0,610.9228272715354
768,56.1,643.7226206573823
768,56.2,786.3602899826286
768,56.300000000000004,744.6375458419892
768,56.400000000000006,537.814620386372
768,56.5,738.7870674539632
768,56.6,634.7345819409647
768,56.7,724.5344543631385
768,56.800000000000004,602.8331779125002
768,56.900000000000006,822.3333563684126
768,57.0,591.1909772700736
768,57.1,649.1895938217561
768,57.2,808.0494475462435
768,57.300000000000004,721.3547137475807
768,57.400000000000006,553.8721124779423
768,57.5,730.109690569122
768,57.6,536.4519593856229
768,57.7,802.7144968045828
768,57.800000000000004,708.4850045939007
768,57.900000000000006,831.7544359631333
768,58.0,685.2171512704142
768,58.1,602.0152468699093
768,58.2,769.9384970469179
768,58.300000000000004,800.3774765025121
768,58.400000000000006,667.5602634313282
768,58.5,706.0640312134376
768,58.6,724.5085882296569
768,58.7,594.1637432420182
768,58.800000000000004,748.1891124088829
768,58.900000000000006,703.4385888099015
768,59.0,608.4713610082496
768,59.1,722.0076827362153
768,59.2,371.68297482135165
768,59.300000000000004,675.8576755453288
768,59.400000000000006,749.1049575524753
768,59.5,704.2478237259298
768,59.6,633.63167971109
768,59.7,745.2410123793613
768,59.800000000000004,552.4451538668403
768,59.900000000000006,764.9200402516311
768,60.0,717.7023762635289
768,60.1,510.91353915298265
768,60.2,743.0485015736401
768,60.300000000000004,724.9532177899353
768,60.400000000000006,524.7649349993005
768,60.5,763.4794421665792
768,60.6,731.3408313921587
768,60.7,641.0665164238004
768,60.800000000000004,652.1482629391178
768,60.900000000000006,511.9108664790748
768,61.0,741.2267631921956
768,61.1,685.7688674185465
768,61.2,661.4579070435432
768,61.300000000000004,695.9247746168915
768,61.400000000000006,721.7291683308094
768,61.5,599.4385210769512
768,61.6,748.494189881801
768,61.7,698.6993302206998
768,61.800000000000004,726.7549661747695
768,61.900000000000006,830.9347288033757
768,62.0,729.5493977382661
768,62.1,666.889047773591
768,62.2,602.0672817225206
768,62.300000000000004,602.4155425303553
768,62.400000000000006,696.196786017595
768,62.5,835.9823891532532
768,62.6,684.5761730091644
768,62.7,551.5233627809422
768,62.800000000000004,800.6117038737584
768,62.900000000000006,629.7299474292798
768,63.0,761.925610838671
768,63.1,719.2686216629411
768,63.2,676.4159889382445
768,63.300000000000004,533.8495174431207
768,63.400000000000006,655.5324912602833
768,63.5,769.6824054271731
768,63.6,708.8629515630229
768,63.7,583.7229565189663
768,63.800000000000004,699.2813604511174
768,63.900000000000006,673.1844259657623
768,64.0,660.5714597196938
768,64.10000000000001,704.5384932561465
768,64.2,548.5864341632802
768,64.3,659.8864758024125
768,64.4,757.5492697723718
768,64.5,583.5607534722387
768,64.60000000000001,805.8291300885195
768,64.7,698.5900502289187
768,64.8,674.898886621526
768,64.9,707.7317242706796
768,65.0,728.0993264946267
768,65.10000000000001,784.4536542157065
768,65.2,705.3119334364299
768,65.3,663.4092609832136
768,65.4,787.7316341225328
768,65.5,731.2588211382889
768,65.60000000000001,703.5421624707501
768,65.7,700.7540666510982
768,65.8,685.2633719677092
768,65.9,637.7718624348616
768,66.0,678.2553192872426
768,66.10000000000001,547.6729427248819
768,66.2,763.8089155848481
768,66.3,732.0444807037053
768,66.4,646.6127278643748
768,66.5,754.4761619066228
768,66.60000000000001,729.8142322734004
768,66.7,770.0162143261257
768,66.8,642.9434951545846
768,66.9,753.1889511755722
768,67.0,703.1712584782111
768,67.10000000000001,644.0402262137853
768,67.2,846.7970123566656
768,67.3,703.7057372563268
768,67.4,565.1742521980791
768,67.5,665.1109884527219
768,67.60000000000001,702.5875636356657
768,67.7,655.3370947427132
768,67.8,709.8721213193527
768,67.9,636.1787095485859
768,68.0,557.7638966215668
768,68.10000000000001,718.3895848792625
768,68.2,744.5457332704251
768,68.3,715.4206452447689
768,68.4,655.5711651081084
768,68.5,617.5620917909861
768,68.60000000000001,654.0974205921775
768,68.7,773.0100951534037
768,68.8,753.7874285230938
768,68.9,676.5140190266445
768,69.0,586.9534687451602
768,69.10000000000001,810.1359144304912
768,69.2,674.1610826816536
768,69.3,553.4124085741892
768,69.4,675.1573819935635
768,69.5,769.7456972785955
768,69.60000000000001,532.5709386352468
768,69.7,755.0512644560498
768,69.8,707.4003912711519
768,69.9,760.9170871571895
768,70.0,620.4111310160937
768,70.10000000000001,756.3518472085559
768,70.2,610.7067032261069
768,70.3,872.4665984941213
768,70.4,582.6124011246864
768,70.5,780.8953265216159
768,70.60000000000001,760.0041594729246
768,70.7,676.0456368995915
768,70.8,615.5299433848922
768,70.9,776.957690444369
768,71.0,849.4901935954289
768,71.10000000000001,471.10864183753455
768,71.2,582.9980804631352
768,71.3,671.5514003288113
768,71.4,813.2834305722961
768,71.5,720.9650495195068
768,71.60000000000001,667.3203193500765
768,71.7,628.0588898677601
768,71.8,854.4174439888511
768,71.9,761.174688429058
768,72.0,747.0351795761391
768,72.10000000000001,730.6020359164262
768,72.2,513.9484867560844
768,72.3,645.8322642170048
768,72.4,802.7619473491781
768,72.5,699.5716462237514
768,72.60000000000001,763.5297025505997
768,72.7,616.8251359123961
768,72.8,748.5879965365461
768,72.9,572.0927819398427
768,73.0,765.3630637624111
768,73.10000000000001,692.0684909394159
768,73.2,678.1916112634666
768,73.3,534.4416634557034
768,73.4,753.167633544038
768,73.5,667.9016405093574
768,73.60000000000001,611.5379165301981
768,73.7,488.06628911260236
768,73.8,706.8942068402104
768,73.9,544.6400545674745
768,74.0,748.6528503995921
768,74.10000000000001,679.3698864913158
768,74.2,525.8293930587348
768,74.3,501.9219119237227
768,74.4,852.4182163765553
768,74.5,638.6480447567377
768,74.60000000000001,828.440793903332
768,74.7,771.8904768995068
768,74.8,762.5288342783203
768,74.9,784.5811959388608
768,75.0,812.9100814742275
768,75.10000000000001,693.2170135608977
768,75.2,697.5240432558604
768,75.3,551.1693000307305
768,75.4,783.7899851257733
768,75.5,755.4334054035378
768,75.60000000000001,552.6573255794623
768,75.7,629.7200882360993
768,75.8,844.8778880857633
768,75.9,676.6274777534563
768,76.0,828.2355932388352
768,76.10000000000001,511.9847800783559
768,76.2,643.0601006323853
768,76.3,706.3283700700766
768,76.4,680.6730593165435
768,76.5,575.8233964788883
768,76.60000000000001,767.9366629071751
768,76.7,755.7171777531574
768,76.80000000000001,752.4797051073538
768,76.9,755.6815001267527
768,77.0,665.0826488235505
768,77.10000000000001,613.3439697686078
768,77.2,767.8209759255448
768,77.30000000000001,708.0668171246868
768,77.4,642.432365843282
768,77.5,690.2150596375194
768,77.60000000000001,512.7194951254178
768,77.7,885.5237648333056
768,77.80000000000001,691.6016761939469
768,77.9,877.9028455341432
768,78.0,747.9840188020625
768,78.10000000000001,537.2086350543666
768,78.2,710.5215677596019
768,78.30000000000001,664.500271348968
768,78.4,794.1944143360446
768,78.5,581.3566541003684
768,78.60000000000001,628.86780124852
768,78.7,770.7720461094145
768,78.80000000000001,740.0993698636177
768,78.9,770.3195214643137
768,79.0,730.7842079423554
768,79.10000000000001,721.4446563333222
768,79.2,650.1470452908218
768,79.30000000000001,554.0226987218358
768,79.4,774.4628955071646
768,79.5,695.6825486657342
768,79.60000000000001,548.7345444489591
768,79.7,791.6483006219241
768,79.80000000000001,690.2244648730192
768,79.9,564.5586640937039
768,80.0,759.0450231895937
768,80.10000000000001,359.18487080559856
768,80.2,808.0642720566289
768,80.30000000000001,753.2748123321813
768,80.4,755.4171344334252
768,80.5,548.4559950031453
768,80.60000000000001,761.6685624264185
768,80.7,806.0413989534596
768,80.80000000000001,504.3601373593191
768,80.9,721.8330292172656
768,81.0,625.830272323705
768,81.10000000000001,543.2598900269664
768,81.2,850.4478488060918
768,81.30000000000001,644.9045945832486
768,81.4,710.4099911316496
768,81.5,706.7876719430598
768,81.60000000000001,680.1319839202207
768,81.7,568.3946663043187
768,81.80000000000001,763.8110546224642
768,81.9,731.6975274063816
768,82.0,577.0170293184136
768,82.10000000000001,768.5346568186048
768,82.2,775.4290749055799
768,82.30000000000001,659.6378336214055
768,82.4,659.3019239382323
768,82.5,748.2285697620115
768,82.60000000000001,666.4971646854399
768,82.7,564.4800432365699
768,82.80000000000001,760.1719784369272
768,82.9,739.3397764687926
768,83.0,676.8590820177999
768,83.10000000000001,611.2474692051757
768,83.2,740.0854477334718
768,83.30000000000001,751.8805685243927
768,83.4,715.8739893185746
768,83.5,678.697142526221
768,83.60000000000001,663.4057789651758
768,83.7,747.3957257654016
768,83.80000000000001,773.9811429028267
768,83.9,779.4946523360213
768,84.0,737.3707766022846
768,84.10000000000001,485.1009799941645
768,84.2,704.2357019614637
768,84.30000000000001,878.9077751681807
768,84.4,795.0780900931115
768,84.5,545.7939328909433
768,84.60000000000001,841.4715898171759
768,84.7,680.362230489061
768,84.80000000000001,546.0055331392108
768,84.9,793.5454664185619
768,85.0,808.1310081109224
768,85.10000000000001,652.8343612736294
768,85.2,763.9720472334448
768,85.30000000000001,532.87078702025
768,85.4,664.4747579421007
768,85.5,669.0803792705767
768,85.60000000000001,587.8469622571841
768,85.7,736.2042125352409
768,85.80000000000001,848.8958190322
768,85.9,721.9943259586072
768,86.0,668.415951262054
768,86.10000000000001,707.9173230309566
768,86.2,620.6038816887489
768,86.30000000000001,763.1940360700444
768,86.4,546.0544444885397
768,86.5,736.5236062391731
768,86.60000000000001,807.7488804430192
768,86.7,669.6971527548055
768,86.80000000000001,721.2727973636748
768,86.9,683.3632271979844
768,87.0,737.2543316558128
768,87.10000000000001,664.4569474920704
768,87.2,910.4073311487516
768,87.30000000000001,507.2244904638409
768,87.4,763.766380305549
768,87.5,569.8311920213881
768,87.60000000000001,502.35313039623765
768,87.7,738.3177659248246
768,87.80000000000001,795.7100458917855
768,87.9,587.7954002125213
768,88.0,767.4838376563655
768,88.10000000000001,532.0520355982424
768,88.2,655.1923604760698
768,88.30000000000001,717.8849334815368
768,88.4,515.0680377619387
768,88.5,485.7037445721583
768,88.60000000000001,712.1212895276788
768,88.7,704.9602202367927
768,88.80000000000001,777.7865343151523
768,88.9,760.160873548521
768,89.0,720.7992553169184
768,89.10000000000001,897.9508597213814
768,89.2,569.0588038275949
768,89.30000000000001,753.7472669446706
768,89.4,712.3025458085697
768,89.5,680.5551427938327
768,89.60000000000001,586.0581743872281
768,89.7,822.1398444143775
768,89.80000000000001,532.046140772949
768,89.9,802.4934444410734
768,90.0,674.9988682068584
768,90.10000000000001,626.9709375154843
768,90.2,811.0085388387392
768,90.30000000000001,762.2327145714271
768,90.4,683.7532132075877
768,90.5,719.6885886952855
768,90.60000000000001,656.5957895724961
768,90.7,503.4505390664715
768,90.80000000000001,787.797761391129
768,90.9,736.3921403834609
768,91.0,693.875694724076
768,91.10000000000001,802.6635563930122
768,91.2,650.318041529956
768,91.30000000000001,602.7168911870833
768,91.4,611.6723377010986
768,91.5,625.2767323103682
768,91.60000000000001,758.3707991427352
768,91.7,776.9945421442393
768,91.80000000000001,742.0134039548865
768,91.9,640.7285633054387
768,92.0,638.433457801383
768,92.10000000000001,632.2507904803199
768,92.2,758.6170025443356
768,92.30000000000001,707.0326924290134
768,92.4,561.391245242703
768,92.5,637.8238382782461
768,92.60000000000001,606.2150414755013
768,92.7,778.9000410606122
768,92.80000000000001,601.0038361333102
768,92.9,763.6731323923394
768,93.0,781.9126497395896
768,93.10000000000001,781.3877186061586
768,93.2,703.7169027053401
768,93.30000000000001,747.1979801762257
1024,0.0,742.527
1024,0.1,544.9372039627639
1024,0.2,663.6370194612598
1024,0.30000000000000004,792.6048480613174
1024,0.4,532.8879344033319
1024,0.5,744.9808315876253
1024,0.6000000000000001,815.5366903251017
1024,0.7000000000000001,790.3642745538895
1024,0.8,758.4128137503127
1024,0.9,744.7964640094167
1024,1.0,714.0721655706143
1024,1.1,624.965050305234
1024,1.2000000000000002,662.4524493987244
1024,1.3,668.2754148238865
1024,1.4000000000000001,487.14359838499433
1024,1.5,687.2739151896653
1024,1.6,748.6411662566207
1024,1.7000000000000002,505.24752562758476
1024,1.8,769.6752696828764
1024,1.9000000000000001,792.0527949783657
1024,2.0,817.4608028548216
1024,2.1,725.8841745621328
1024,2.2,787.5567768894269
1024,2.3000000000000003,733.4620023768962
1024,2.4000000000000004,733.0358070567715
1024,2.5,702.3715731583248
1024,2.6,775.3723347756163
1024,2.7,725.924469872146
1024,2.8000000000000003,639.8876916956153
1024,2.9000000000000004,775.2843060606571
1024,3.0,644.8475217012152
1024,3.1,615.8027575285087
1024,3.2,777.12173327647
1024,3.3000000000000003,636.8612824840123
1024,3.4000000000000004,616.519220993443
1024,3.5,791.5682280013435
1024,3.6,655.1184398516141
1024,3.7,553.0975639364883
1024,3.8000000000000003,777.9240122713015
1024,3.9000000000000004,730.2851373436114
1024,4.0,515.569878199462
1024,4.1000000000000005,786.1667552595919
1024,4.2,692.5116347138036
1024,4.3,512.6743407893988
1024,4.4,755.2312599007374
1024,4.5,730.7817265856745
1024,4.6000000000000005,548.6978155043294
1024,4.7,720.6652141071861
1024,4.800000000000001,803.5430585630968
1024,4.9,567.422860693437
1024,5.0,677.9022328139147
1024,5.1000000000000005,791.3342628573068
1024,5.2,647.4100920672283
1024,5.300000000000001,589.2058690935424
1024,5.4,817.7732220432908
1024,5.5,730.8349304179593
1024,5.6000000000000005,524.4824611775962
1024,5.7,730.9005689392374
1024,5.800000000000001,788.5442607642715
1024,5.9,720.1317209949132
1024,6.0,781.945741143674
1024,6.1000000000000005,746.0850064337961
1024,6.2,724.3195397638245
1024,6.300000000000001,560.2831267487092
1024,6.4,712.577062176354
1024,6.5,717.1247525172383
1024,6.6000000000000005,743.1149808799986
1024,6.7,747.9853084104847
1024,6.800000000000001,632.121573332316
1024,6.9,490.5468899396349
1024,7.0,488.5516035887943
1024,7.1000000000000005,555.409355060924
1024,7.2,789.0635308761408
1024,7.300000000000001,824.4694379527647
1024,7.4,785.9004289535062
1024,7.5,779.4192129131089
1024,7.6000000000000005,720.2097647675698
1024,7.7,713.9729469916491
1024,7.800000000000001,611.3303210534834
1024,7.9,653.6895798824069
1024,8.0,810.8146625304379
1024,8.1,762.2436993395851
1024,8.200000000000001,663.7954010930252
1024,8.3,478.25408134883156
1024,8.4,730.2250571967713
1024,8.5,765.6527813794697
1024,8.6,699.9822562002847
1024,8.700000000000001,684.576252699113
1024,8.8,750.2126252696182
1024,8.9,769.6558483170695
1024,9.0,587.6342122936973
1024,9.1,517.036814381483
1024,9.200000000000001,765.2058963248569
1024,9.3,804.9148798519162
1024,9.4,776.9982714590346
1024,9.5,542.496409572415
1024,9.600000000000001,688.8941693908744
1024,9.700000000000001,779.4687489051104
1024,9.8,785.8196006332989
1024,9.9,777.2315501632002
1024,10.0,781.2143389612432
1024,10.100000000000001,780.2574709252539
1024,10.200000000000001,528.8302618759174
1024,10.3,610.5380223847676
1024,10.4,732.0021535056937
1024,10.5,672.3189268627382
1024,10.600000000000001,491.25733098396984
1024,10.700000000000001,705.8329898013568
1024,10.8,760.341837448358
1024,10.9,653.4166064769144
1024,11.0,556.0217489022679
1024,11.100000000000001,825.5430569294662
1024,11.200000000000001,817.7538265277237
1024,11.3,629.6285059071565
1024,11.4,531.2302976061754
1024,11.5,605.1163837462211
1024,11.600000000000001,814.6221479869289
1024,11.700000000000001,785.3925898907879
1024,11.8,763.2170795181812
1024,11.9,514.7040943465885
1024,12.0,699.6248977058319
1024,12.100000000000001,750.817244692682
1024,12.200000000000001,548.5976802386969
1024,12.3,774.3422283038709
1024,12.4,779.5954172930324
1024,12.5,705.4890525311298
1024,12.600000000000001,542.0248787548398
1024,12.700000000000001,767.0570111863417
1024,12.8,778.3667270737499
1024,12.9,575.8336084386489
1024,13.0,635.9128319147923
1024,13.100000000000001,742.0917499546101
1024,13.200000000000001,716.2372874904389
1024,13.3,531.5421810893549
1024,13.4,791.6969001236689
1024,13.5,717.8158093059498
1024,13.600000000000001,673.8216600986673
1024,13.700000000000001,499.4823580672575
1024,13.8,709.7040017274717
1024,13.9,784.2244965195891
1024,14.0,619.8065695978158
1024,14.100000000000001,504.68901390956967
1024,14.200000000000001,752.1651499484216
1024,14.3,742.3579023100231
1024,14.4,589.3178414325291
1024,14.5,661.7817364076051
1024,14.600000000000001,728.5635493039764
1024,14.700000000000001,806.1037278754693
1024,14.8,683.6785944703853
1024,14.9,549.308486878481
1024,15.0,709.9805272923502
1024,15.100000000000001,778.6042298652889
1024,15.200000000000001,673.8898838717042
1024,15.3,501.02834298935244
1024,15.4,709.4339845570252
1024,15.5,800.419122985298
1024,15.600000000000001,618.297926095293
1024,15.700000000000001,508.16707141621396
1024,15.8,587.7677700725535
1024,15.9,695.8528178795926
1024,16.0,786.9456923076923
1024,16.1,825.3364497990134
1024,16.2,778.8253664089328
1024,16.3,760.9899763771272
1024,16.400000000000002,718.3172483378795
1024,16.5,527.4414372801876
1024,16.6,646.4847111556459
1024,16.7,790.523286362195
1024,16.8,744.0515550072666
1024,16.900000000000002,754.3917815255365
1024,17.0,562.4549371332035
1024,17.1,663.3338431060757
1024,17.2,784.8812185517087
1024,17.3,776.5737578732669
1024,17.400000000000002,540.1650627587347
1024,17.5,660.2902991445864
1024,17.6,761.8942525874937
1024,17.7,686.2632736203371
1024,17.8,589.7853531061096
1024,17.900000000000002,702.1256277316503
1024,18.0,759.1600895732915
1024,18.1,547.451803395286
1024,18.2,619.6077597533772
1024,18.3,715.1098551004466
1024,18.400000000000002,578.6007358123717
1024,18.5,715.2560329965143
1024,18.6,773.2505748916701
1024,18.7,588.09382446284
1024,18.8,787.5704351085548
1024,18.900000000000002,772.331807265205
1024,19.0,663.0578164587424
1024,19.1,722.6442284160858
1024,19.200000000000003,653.777095758705
1024,19.3,688.2772168633538
1024,19.400000000000002,750.5161359698309
1024,19.5,572.6487749703373
1024,19.6,729.2068615583657
1024,19.700000000000003,581.1341434678228
1024,19.8,718.2092921194347
1024,19.900000000000002,618.2896604042288
1024,20.0,718.3769990517668
1024,20.1,660.4581221963304
1024,20.200000000000003,684.4697866624431
1024,20.3,708.0133087822963
1024,20.400000000000002,668.0191582509525
1024,20.5,797.7946960223009
1024,20.6,683.3121235861236
1024,20.700000000000003,665.3085943087906
1024,20.8,724.4048802428314
1024,20.900000000000002,695.5558978685272
1024,21.0,689.3222344537735
1024,21.1,702.4969218998973
1024,21.200000000000003,649.8900038797644
1024,21.3,740.0586350252207
1024,21.400000000000002,610.7922637668826
1024,21.5,747.4841300850778
1024,21.6,584.6079333914586
1024,21.700000000000003,724.1596701758632
1024,21.8,609.5288411834069
1024,21.900000000000002,731.9873063540666
1024,22.0,690.6363609034202
1024,22.1,767.2910818731135
1024,22.200000000000003,559.7388140779348
1024,22.3,726.7748712863994
1024,22.400000000000002,665.5956920829441
1024,22.5,754.8969406054773
1024,22.6,810.5492758143406
1024,22.700000000000003,656.7352246242627
1024,22.8,645.5513359380922
1024,22.900000000000002,820.8305288274723
1024,23.0,743.6858140527274
1024,23.1,569.475722607912
1024,23.200000000000003,724.5939222617806
1024,23.3,576.7295662620272
1024,23.400000000000002,619.3288382848264
1024,23.5,656.0316098545406
1024,23.6,737.6089227235703
1024,23.700000000000003,572.3648896287795
1024,23.8,715.1738164765434
1024,23.900000000000002,738.9117790964469
1024,24.0,721.8655342822493
1024,24.1,710.8861041880211
1024,24.200000000000003,526.6853540137467
1024,24.3,759.9519480020706
1024,24.400000000000002,725.4661028927569
1024,24.5,731.1379771339938
1024,24.6,593.806889259937
1024,24.700000000000003,745.6540712081468
1024,24.8,604.8488178026396
1024,24.900000000000002,635.8146778016848
1024,25.0,602.9894173703573
1024,25.1,787.5736594637392
1024,25.200000000000003,669.9592529619835
1024,25.3,682.2725277977726
1024,25.400000000000002,758.3008428889866
1024,25.5,807.1828475497017
1024,25.6,877.2476889543858
1024,25.700000000000003,596.9940513155278
1024,25.8,796.3855714377639
1024,25.900000000000002,602.598895160937
1024,26.0,672.8083919697609
1024,26.1,691.9527016599641
1024,26.200000000000003,627.527781097052
1024,26.3,797.3702591965829
1024,26.400000000000002,608.0546917451319
1024,26.5,542.6345426209045
1024,26.6,768.4640928304499
1024,26.700000000000003,624.160099528066
1024,26.8,585.0921376249091
1024,26.900000000000002,591.2467379981415
1024,27.0,538.6269164625546
1024,27.1,707.8374114350963
1024,27.200000000000003,599.4193498120052
1024,27.3,702.4486203839397
1024,27.400000000000002,688.8494880679716
1024,27.5,711.6072825732666
1024,27.6,660.8135183151603
1024,27.700000000000003,640.7353512928631
1024,27.8,815.406549740417
1024,27.900000000000002,699.9567759641798
1024,28.0,744.957444684805
1024,28.1,729.7750152397284
1024,28.200000000000003,561.5738344055887
1024,28.3,693.4230620483781
1024,28.400000000000002,732.1480120093012
1024,28.5,613.1509555188633
1024,28.6,679.1235679080725
1024,28.700000000000003,761.2030875141762
1024,28.8,710.9646633299892
1024,28.900000000000002,689.9113796119674
1024,29.0,755.9073373456371
1024,29.1,710.9327643514237
1024,29.200000000000003,559.7279007107629
1024,29.3,711.9329973585599
1024,29.400000000000002,662.2580790170254
1024,29.5,752.1975220910423
1024,29.6,615.4772299634001
1024,29.700000000000003,651.2265511320167
1024,29.8,669.6750879822548
1024,29.900000000000002,585.6700214796931
1024,30.0,740.4939675482487
1024,30.1,683.9525084559406
1024,30.200000000000003,779.9611734406548
1024,30.3,664.983276532225
1024,30.400000000000002,731.0098039561815
1024,30.5,795.6348484780615
1024,30.6,722.7591248731239
1024,30.700000000000003,703.9459220445826
1024,30.8,588.5125910886713
1024,30.900000000000002,628.015313276852
1024,31.0,728.2999984179138
1024,31.1,753.2422264922848
1024,31.200000000000003,718.9143722130079
1024,31.3,640.9834413306196
1024,31.400000000000002,574.0099427892678
1024,31.5,695.2713299188189
1024,31.6,762.7758368733429
1024,31.700000000000003,766.7612235115013
1024,31.8,695.4130378857474
1024,31.900000000000002,641.3304836748594
1024,32.0,756.7925297674929
1024,32.1,744.5788640618362
1024,32.2,577.6698228118524
1024,32.300000000000004,741.307422796266
1024,32.4,747.6394155742055
1024,32.5,582.1857743551865
1024,32.6,635.4316696257172
1024,32.7,723.9377516620222
1024,32.800000000000004,689.7046027411852
1024,32.9,662.7587670740513
1024,33.0,602.2187271341137
1024,33.1,662.5701819635703
1024,33.2,611.4820448962934
1024,33.300000000000004,648.6009201684136
1024,33.4,675.122025951609
1024,33.5,676.6141945542255
1024,33.6,598.3427773511537
1024,33.7,709.4047368406062
1024,33.800000000000004,616.6672787957691
1024,33.9,667.6627443946445
1024,34.0,760.1091544513596
1024,34.1,586.6839806935951
1024,34.2,675.5482228592597
1024,34.300000000000004,819.3106776251816
1024,34.4,688.4146699151999
1024,34.5,524.5103929345831
1024,34.6,701.454343778894
1024,34.7,707.8554606792303
1024,34.800000000000004,664.4567273422582
1024,34.9,571.6076909548415
1024,35.0,711.6192261424235
1024,35.1,683.7271100300687
1024,35.2,640.0612252977196
1024,35.300000000000004,550.3098275261744
1024,35.4,676.9945375589687
1024,35.5,666.1512025209083
1024,35.6,563.1018226859228
1024,35.7,643.4959400498997
1024,35.800000000000004,565.715180958841
1024,35.9,643.8253797325124
1024,36.0,681.1360601368349
1024,36.1,746.8605638572658
1024,36.2,722.5966639323425
1024,36.300000000000004,599.2654642280274
1024,36.4,609.1207270637886
1024,36.5,606.2748745664354
1024,36.6,652.214025325521
1024,36.7,732.2234468569873
1024,36.800000000000004,759.3774155947671
1024,36.9,806.1335751923718
1024,37.0,717.6580901106074
1024,37.1,812.0751631235448
1024,37.2,784.6834682592813
1024,37.300000000000004,704.6509467527769
1024,37.4,734.9791977167461
1024,37.5,741.7153107628756
1024,37.6,712.2073302702544
1024,37.7,752.3510662591236
1024,37.800000000000004,692.0661032148737
1024,37.9,722.0696149928281
1024,38.0,702.0122857333441
1024,38.1,643.5531616568948
1024,38.2,763.7477104409968
1024,38.300000000000004,610.6811622719409
1024,38.400000000000006,640.984721154292
1024,38.5,816.416764501525
1024,38.6,802.3817116237827
1024,38.7,658.6660986651497
1024,38.800000000000004,755.8230038520559
1024,38.900000000000006,611.5713027013585
1024,39.0,673.4145258212942
1024,39.1,622.7964406759523
1024,39.2,513.5448974063117
1024,39.300000000000004,655.1205411662784
1024,39.400000000000006,689.341617714628
1024,39.5,716.9081208142519
1024,39.6,598.4535619337374
1024,39.7,670.1007002737404
1024,39.800000000000004,770.2996368685905
1024,39.900000000000006,674.1722564665534
1024,40.0,779.0872043428637
1024,40.1,762.5625560788476
1024,40.2,726.6891800639971
1024,40.300000000000004,713.3510481397542
1024,40.400000000000006,756.9180077311153
1024,40.5,633.3232616797712
1024,40.6,698.66720532664
1024,40.7,733.2795192066022
1024,40.800000000000004,721.1558317932307
1024,40.900000000000006,658.1670507791215
1024,41.0,734.672411860013
1024,41.1,744.4773492987803
1024,41.2,734.0626752832424
1024,41.300000000000004,644.835423870967
1024,41.400000000000006,653.1882924762807
1024,41.5,699.2345949763398
1024,41.6,593.3489292636991
1024,41.7,647.1221169440493
1024,41.800000000000004,694.2609431499328
1024,41.900000000000006,753.6559385766088
1024,42.0,765.5653524143321
1024,42.1,681.2220675923418
1024,42.2,720.4732768373409
1024,42.300000000000004,694.7005767674649
1024,42.400000000000006,660.1853897608311
1024,42.5,729.4399253820604
1024,42.6,722.9177980171542
1024,42.7,673.3485219980118
1024,42.800000000000004,691.809851084475
1024,42.900000000000006,604.9816079417554
1024,43.0,686.0056392228623
1024,43.1,726.2644111396762
1024,43.2,727.485159980844
1024,43.300000000000004,713.140774040361
1024,43.400000000000006,732.4412748148643
1024,43.5,709.3491178809873
1024,43.6,708.8910991241036
1024,43.7,694.8976634322529
1024,43.800000000000004,710.9874261345926
1024,43.900000000000006,701.2053171950514
1024,44.0,664.6253378731597
1024,44.1,685.1057325848486
1024,44.2,642.2723625032139
1024,44.300000000000004,695.8548406798141
1024,44.400000000000006,765.1506515129865
1024,44.5,630.3381313219397
1024,44.6,688.4273477948464
1024,44.7,770.7102689590918
1024,44.800000000000004,723.701944496515
1024,44.900000000000006,625.3731684340377
1024,45.0,725.8816726139418
1024,45.1,751.7441311432974
1024,45.2,588.753883327093
1024,45.300000000000004,666.4470965243751
1024,45.400000000000006,636.8293817164086
1024,45.5,729.4837982406187
1024,45.6,792.3464640714042
1024,45.7,593.6853977397255
1024,45.800000000000004,666.3094769375326
1024,45.900000000000006,676.568724835825
1024,46.0,703.0322002201661
1024,46.1,724.2622719613421
1024,46.2,680.1470251870412
1024,46.300000000000004,658.7571843125473
1024,46.400000000000006,649.392111506394
1024,46.5,569.6701351561272
1024,46.6,732.8053808587183
1024,46.7,711.1113665031266
1024,46.800000000000004,685.6156321727069
1024,46.900000000000006,635.3739029576222
1024,47.0,549.4845999961876
1024,47.1,711.3587308718029
1024,47.2,606.3995551976107
1024,47.300000000000004,485.2597596162892
1024,47.400000000000006,651.2558665456366
1024,47.5,662.6321177298915
1024,47.6,583.4977995640382
1024,47.7,682.3969243345942
1024,47.800000000000004,699.9730667629209
1024,47.900000000000006,737.0576588493255
1024,48.0,813.2669068990576
1024,48.1,747.2873517390735
1024,48.2,687.2124428232736
1024,48.300000000000004,678.0158757877125
1024,48.400000000000006,686.1825800683383
1024,48.5,603.56806064866
1024,48.6,653.9693869708311
1024,48.7,619.8844853295157
1024,48.800000000000004,716.3826585248939
1024,48.900000000000006,757.9671136026949
1024,49.0,672.674379399655
1024,49.1,748.2828239261765
1024,49.2,655.9898557147919
1024,49.300000000000004,672.6958975101476
1024,49.400000000000006,672.8129789670726
1024,49.5,684.5575266669367
1024,49.6,652.6128860441933
1024,49.7,684.2656982605344
1024,49.800000000000004,732.3316905301418
1024,49.900000000000006,682.8109216192804
1024,50.0,718.3079066400423
1024,50.1,638.0593873844306
1024,50.2,686.7692464592233
1024,50.300000000000004,607.6551534282675
1024,50.400000000000006,668.0505625843413
1024,50.5,693.1560531253276
1024,50.6,716.1377728263122
1024,50.7,730.6318760655706
1024,50.800000000000004,666.0941553138346
1024,50.900000000000006,729.1093029572818
1024,51.0,675.5301494284918
1024,51.1,586.0594237017054
1024,51.2,717.4481555251156
1024,51.300000000000004,653.1803941021326
1024,51.400000000000006,668.1600640201251
1024,51.5,754.363442360297
1024,51.6,738.2878530038029
1024,51.7,716.8076853713679
1024,51.800000000000004,742.9301696266144
1024,51.900000000000006,657.5381657387015
1024,52.0,704.0525790070651
1024,52.1,686.7261908960045
1024,52.2,693.0469155397598
1024,52.300000000000004,632.97469165927
1024,52.400000000000006,508.3145324262606
1024,52.5,632.4527318824867
1024,52.6,610.807867697421
1024,52.7,676.6748847806696
1024,52.800000000000004,767.3893710375298
1024,52.900000000000006,738.8481025398709
1024,53.0,689.5787405671505
1024,53.1,778.4857268882726
1024,53.2,743.9943852592584
1024,53.300000000000004,564.023372182477
1024,53.400000000000006,645.8694394539649
1024,53.5,695.5727987667
1024,53.6,693.5290781518003
1024,53.7,741.6804475737299
1024,53.800000000000004,629.1373579008725
1024,53.900000000000006,683.6613816300863
1024,54.0,778.0123316303917
1024,54.1,649.2117732291242
1024,54.2,663.880159974843
1024,54.300000000000004,731.4896112086724
1024,54.400000000000006,727.6221156645403
1024,54.5,625.2953357501793
1024,54.6,608.6083249106472
1024,54.7,740.932519072347
1024,54.800000000000004,738.2827209511074
1024,54.900000000000006,710.6838066091151
1024,55.0,646.9646467040614
1024,55.1,674.9343307272766
1024,55.2,653.4530559002786
1024,55.300000000000004,694.0625276485945
1024,55.400000000000006,749.2849582765992
1024,55.5,691.4557753245917
1024,55.6,654.9902598394459
1024,55.7,646.6828868607352
1024,55.800000000000004,656.2558359464466
1024,55.900000000000006,546.7025382155472
1024,56.0,622.2012667758008
1024,56.1,740.397696662385
1024,56.2,677.3642556705381
1024,56.300000000000004,709.8479108751651
1024,56.400000000000006,628.7195580791437
1024,56.5,645.2425153556375
1024,56.6,749.0432108853325
1024,56.7,772.3289306325728
1024,56.800000000000004,787.2525987928688
1024,56.900000000000006,687.6693379430046
1024,57.0,730.267855735002
1024,57.1,784.3263623947414
1024,57.2,753.3858000814926
1024,57.300000000000004,762.4735096173733
1024,57.400000000000006,723.2309119977274
1024,57.5,771.7946220334541
1024,57.6,832.9857920824068
1024,57.7,749.1413161599731
1024,57.800000000000004,692.3049254480908
1024,57.900000000000006,673.4366431425595
1024,58.0,660.8262573359989
1024,58.1,691.4189640084544
1024,58.2,615.1162787864007
1024,58.300000000000004,632.1462403224389
1024,58.400000000000006,693.8200023322057
1024,58.5,716.9035259557536
1024,58.6,679.9938375262673
1024,58.7,705.177589066593
1024,58.800000000000004,774.9669858504783
1024,58.900000000000006,719.954969872044
1024,59.0,641.3804808660096
1024,59.1,687.1477667279054
1024,59.2,741.2517494479036
1024,59.300000000000004,624.9754784234501
1024,59.400000000000006,654.7729583756013
1024,59.5,756.0166042413773
1024,59.6,686.5232399994264
1024,59.7,688.3773786557153
1024,59.800000000000004,700.9941778639798
1024,59.900000000000006,675.0695287924545
1024,60.0,595.3782207888448
1024,60.1,628.839543055936
1024,60.2,600.867370320836
1024,60.300000000000004,622.1354276244083
1024,60.400000000000006,651.4650973615809
1024,60.5,641.5446673314605
1024,60.6,799.8182382499359
1024,60.7,749.7228870660831
1024,60.800000000000004,578.6843350772591
1024,60.900000000000006,686.0408350075115
1024,61.0,779.4290718200186
1024,61.1,614.8961759098125
1024,61.2,600.2448150857845
1024,61.300000000000004,682.8599285258166
1024,61.400000000000006,684.6028646360384
1024,61.5,653.3989060444103
1024,61.6,732.0217621224427
1024,61.7,495.27760901427087
1024,61.800000000000004,413.325607990108
1024,61.900000000000006,647.1041635350715
1024,62.0,750.2994780346119
1024,62.1,852.2224022645772
1024,62.2,693.0189835236282
1024,62.300000000000004,620.7615341512826
1024,62.400000000000006,609.0301215916787
1024,62.5,643.7533138948061
1024,62.6,738.119384463585
1024,62.7,618.142837113775
1024,62.800000000000004,656.8801795555222
1024,62.900000000000006,631.5776387569315
1024,63.0,599.1083468883959
1024,63.1,729.3101912593648
1024,63.2,775.0855844506788
1024,63.300000000000004,667.5431333720811
1024,63.400000000000006,663.9965556814898
1024,63.5,779.4427861522075
1024,63.6,749.7619988429111
1024,63.7,678.622786072327
1024,63.800000000000004,661.004390237261
1024,63.900000000000006,682.2466236342814
1024,64.0,600.6240586793397
1024,64.10000000000001,687.5988188126016
1024,64.2,752.0393752072943
1024,64.3,691.0051264936698
1024,64.4,693.9902245989601
1024,64.5,594.0178308079785
1024,64.60000000000001,657.3032602995163
1024,64.7,729.7355340500699
1024,64.8,735.1395712665374
1024,64.9,727.1554350556078
1024,65.0,664.0809121949244
1024,65.10000000000001,759.8187731774507
1024,65.2,837.713994407325
1024,65.3,769.8458549096798
1024,65.4,685.695286866822
1024,65.5,671.8893534708504
1024,65.60000000000001,714.3477759579444
1024,65.7,712.1079006347647
1024,65.8,690.9490685460381
1024,65.9,605.3275188418056
1024,66.0,658.4677269226737
1024,66.10000000000001,632.1528036169994
1024,66.2,619.7441670321908
1024,66.3,732.4398728185323
1024,66.4,661.4715231601386
1024,66.5,612.6653458488606
1024,66.60000000000001,635.243008968736
1024,66.7,648.5077238849714
1024,66.8,620.7939378977019
1024,66.9,751.7180046564818
1024,67.0,660.225008339588
1024,67.10000000000001,680.533543235552
1024,67.2,803.5479913615321
1024,67.3,743.2818745553119
1024,67.4,723.4275748077131
1024,67.5,722.9629801038886
1024,67.60000000000001,732.2578897572913
1024,67.7,712.2589900714567
1024,67.8,653.7963304602689
1024,67.9,632.8527048948197
1024,68.0,722.5360805000035
1024,68.10000000000001,776.4940264540392
1024,68.2,706.0009714210172
1024,68.3,726.5169406301621
1024,68.4,648.1630351383046
1024,68.5,636.5711905197618
1024,68.60000000000001,723.9273557834655
1024,68.7,711.171434096218
1024,68.8,734.0139248733466
1024,68.9,775.5844160989985
1024,69.0,670.3066189520789
1024,69.10000000000001,653.4373677677584
1024,69.2,649.1344361247538
1024,69.3,696.5108945149616
1024,69.4,704.9934621284987
1024,69.5,738.4569268943004
1024,69.60000000000001,714.8031691431369
1024,69.7,583.8162136462303
1024,69.8,627.9947652850786
1024,69.9,702.6041015778713
1024,70.0,662.4887283952088
1024,70.10000000000001,657.3152891565222
1024,70.2,734.7323970014943
1024,70.3,693.0813203845833
1024,70.4,710.4378344209075
1024,70.5,668.981654146374
1024,70.60000000000001,637.9227098488221
1024,70.7,646.8035223045849
1024,70.8,565.5115576579408
1024,70.9,524.0459091337934
1024,71.0,593.0340470370697
1024,71.10000000000001,758.1957717563092
1024,71.2,714.769641551298
1024,71.3,691.33610562799
1024,71.4,748.0698860331804
1024,71.5,784.3790969665055
1024,71.60000000000001,721.8979560476917
1024,71.7,740.0245369876222
1024,71.8,777.1254731213903
1024,71.9,740.9661688385626
1024,72.0,772.9555968184677
1024,72.10000000000001,736.4997598410893
1024,72.2,630.0404551575452
1024,72.3,728.5335997941311
1024,72.4,736.7436943567395
1024,72.5,685.6761791945253
1024,72.60000000000001,620.5334834349101
1024,72.7,644.3621769006842
1024,72.8,697.5468744080588
1024,72.9,615.6524366693383
1024,73.0,694.044335227002
1024,73.10000000000001,735.713139736695
1024,73.2,647.2622774853484
1024,73.3,652.3297296600184
1024,73.4,749.1647367452111
1024,73.5,749.0007125660326
1024,73.60000000000001,681.1551325072853
1024,73.7,646.9402184122615
1024,73.8,674.9101277776659
1024,73.9,619.6673825793077
1024,74.0,717.6333481118228
1024,74.10000000000001,739.3910644962401
1024,74.2,772.1220075861767
1024,74.3,659.1139944196747
1024,74.4,696.4919320067356
1024,74.5,644.1959776351814
1024,74.60000000000001,709.8762253327758
1024,74.7,794.6732738419263
1024,74.8,707.1805146568811
1024,74.9,730.6892200026713
1024,75.0,714.9674872244555
1024,75.10000000000001,652.349141920434
1024,75.2,700.2941519060848
1024,75.3,726.1066325780461
1024,75.4,626.0352984738001
1024,75.5,645.5281794169788
1024,75.60000000000001,802.2586254847276
1024,75.7,778.3058676185065
1024,75.8,588.6493696747754
1024,75.9,608.599032610703
1024,76.0,757.2417100436056
1024,76.10000000000001,790.0205170993792
1024,76.2,664.2428466990232
1024,76.3,612.4234864196779
1024,76.4,622.1931004353385
1024,76.5,635.910600084856
1024,76.60000000000001,635.2701952120027
1024,76.7,716.7310154218943
1024,76.80000000000001,703.0582088239412
1024,76.9,775.5287984130699
1024,77.0,744.7625353530299
1024,77.10000000000001,626.0772563234977
1024,77.2,662.804193348005
1024,77.30000000000001,769.3550523439578
1024,77.4,687.8436774757222
1024,77.5,747.1481300048843
1024,77.60000000000001,623.9491892229025
1024,77.7,616.6399736979575
1024,77.80000000000001,730.3771057716713
1024,77.9,655.8367600092364
1024,78.0,666.7797196767168
1024,78.10000000000001,800.7774089094762
1024,78.2,742.8249861052022
1024,78.30000000000001,669.1572968050849
1024,78.4,703.3774661543646
1024,78.5,747.1239318534898
1024,78.60000000000001,769.9130243649662
1024,78.7,590.8925170375888
1024,78.80000000000001,642.5936002054322
1024,78.9,758.1183676205864
1024,79.0,676.325035999714
1024,79.10000000000001,750.4653273951722
1024,79.2,765.2797972845088
1024,79.30000000000001,731.1431689973709
1024,79.4,739.6413185323767
1024,79.5,597.8803804523425
1024,79.60000000000001,628.616742584385
1024,79.7,596.9689779694788
1024,79.80000000000001,745.5510230430335
1024,79.9,689.505823917454
1024,80.0,807.3289404477733
1024,80.10000000000001,665.1528983497664
1024,80.2,613.9888073239822
1024,80.30000000000001,710.7507635602459
1024,80.4,602.4414480624164
1024,80.5,645.7076230429107
1024,80.60000000000001,720.271925077175
1024,80.7,653.1595722920664
1024,80.80000000000001,746.7795121467244
1024,80.9,786.569892855025
1024,81.0,742.8098363786228
1024,81.10000000000001,787.3574702572781
1024,81.2,665.0298468759801
1024,81.30000000000001,600.0248516677092
1024,81.4,634.2954086662644
1024,81.5,732.5350463605503
1024,81.60000000000001,726.3633578693256
1024,81.7,677.9990455849
1024,81.80000000000001,714.9312558094742
1024,81.9,719.1536397267766
1024,82.0,648.7399169106454
1024,82.10000000000001,716.3835785211675
1024,82.2,763.9212557224743
1024,82.30000000000001,756.307320493604
1024,82.4,693.7902002301169
1024,82.5,667.8238043840277
1024,82.60000000000001,740.8289658348434
1024,82.7,740.9469242225641
1024,82.80000000000001,671.3400174794419
