batch_size,relative_time_s,power_total_W
8,0.0,248.893
8,0.1,481.6070242921262
8,0.2,517.8706785703105
8,0.30000000000000004,554.1597501331078
8,0.4,612.5596060195205
8,0.5,627.1875809774506
8,0.6000000000000001,614.9016459902407
8,0.7000000000000001,619.0877476918245
8,0.8,631.0943312536419
8,0.9,651.2808360066309
8,1.0,446.85210645896893
8,1.1,532.2912526430621
8,1.2000000000000002,540.3588968914329
8,1.3,559.5751385337179
8,1.4000000000000001,615.9446373420915
8,1.5,632.2010595088858
8,1.6,622.6714819195616
8,1.7000000000000002,616.69788687334
8,1.8,623.1760769189453
8,1.9000000000000001,647.7390776843027
8,2.0,638.0339042251512
8,2.1,628.7154680381533
8,2.2,631.3898629489023
8,2.3000000000000003,633.7088875609757
8,2.4000000000000004,628.7459668216198
8,2.5,623.7312583498676
8,2.6,621.7377721213389
8,2.7,630.756055377144
8,2.8000000000000003,622.6796350816103
8,2.9000000000000004,675.0096671762736
8,3.0,673.5766616813748
8,3.1,633.0348357221462
8,3.2,618.7853146308564
8,3.3000000000000003,627.693445380013
8,3.4000000000000004,632.006848146375
8,3.5,645.5759541372676
8,3.6,676.9116142527422
8,3.7,764.1250262946675
8,3.8000000000000003,721.3514451402099
8,3.9000000000000004,650.3578151996712
8,4.0,653.1727477848705
8,4.1000000000000005,647.5634513233399
8,4.2,638.831101363671
8,4.3,656.5350785549599
8,4.4,645.9139809708728
8,4.5,638.2153038743166
8,4.6000000000000005,636.4537089158898
8,4.7,624.9067555414231
8,4.800000000000001,626.7060927574375
8,4.9,642.3950561152245
8,5.0,541.8240309880813
8,5.1000000000000005,564.3691317092683
8,5.2,628.265490277824
8,5.300000000000001,622.5672203508472
8,5.4,629.2826785210891
8,5.5,638.7402643881509
8,5.6000000000000005,640.9051130003306
8,5.7,631.1930844683221
8,5.800000000000001,627.8615006992042
8,5.9,650.0135572701287
8,6.0,653.2618794926004
8,6.1000000000000005,635.5750948744387
8,6.2,633.2771071118563
8,6.300000000000001,633.6923873500878
8,6.4,688.404221508115
8,6.5,678.323533745735
8,6.6000000000000005,644.6768500459908
8,6.7,574.0852610314986
8,6.800000000000001,574.164241230688
8,6.9,628.9609219383561
8,7.0,555.0197545234879
8,7.1000000000000005,569.0040038563039
8,7.2,630.4279482108802
8,7.300000000000001,631.5289542321527
8,7.4,636.7179649712112
8,7.5,630.8879070080734
8,7.6000000000000005,636.9378008737474
8,7.7,641.5901220641866
8,7.800000000000001,618.4716443787811
8,7.9,624.301695713129
8,8.0,632.1306275123504
8,8.1,630.6936489293739
8,8.200000000000001,629.2407596057587
8,8.3,633.0457695310162
8,8.4,612.376079834386
8,8.5,604.2987255493014
8,8.6,632.771875925917
8,8.700000000000001,638.928074994642
8,8.8,636.2523740860867
8,8.9,633.2483001584009
8,9.0,633.6066649262922
8,9.1,637.6311929504824
8,9.200000000000001,637.9167890357855
8,9.3,636.6134455802875
8,9.4,636.6249524830872
8,9.5,636.2499531846178
8,9.600000000000001,644.8317857338182
8,9.700000000000001,646.6806252901491
8,9.8,644.8521116911572
8,9.9,645.9959710686312
8,10.0,636.0745811281744
8,10.100000000000001,555.0999902057634
8,10.200000000000001,576.091683747785
8,10.3,651.6359246184664
8,10.4,633.2430005440259
8,10.5,641.3964929454228
8,10.600000000000001,639.5284066885147
8,10.700000000000001,640.0025234345771
8,10.8,640.1934152166931
8,10.9,645.4382284329533
8,11.0,645.134891883405
8,11.100000000000001,643.7588389585494
8,11.200000000000001,645.0712690122192
8,11.3,637.9655092356869
8,11.4,623.6032358642365
8,11.5,629.7257351879284
8,11.600000000000001,646.4094573837314
8,11.700000000000001,569.1116404883212
8,11.8,551.9328664684717
8,11.9,634.0883140246301
8,12.0,630.7800401496684
8,12.100000000000001,630.1421793865007
8,12.200000000000001,636.979856016139
8,12.3,636.1684481469924
8,12.4,625.1931940177639
8,12.5,641.0231959018518
8,12.600000000000001,657.6656852597378
8,12.700000000000001,645.5532048359239
8,12.8,636.9856098085568
8,12.9,627.0242104330526
8,13.0,617.1694668726057
8,13.100000000000001,626.0629376683783
8,13.200000000000001,634.0842543344182
8,13.3,621.7082345405515
8,13.4,626.8697572530244
8,13.5,641.3347480109886
8,13.600000000000001,639.2864956311406
8,13.700000000000001,634.4836355831436
8,13.8,637.7629223993973
8,13.9,614.543276921979
8,14.0,603.730244800361
8,14.100000000000001,652.2349250616279
8,14.200000000000001,637.4898113756946
8,14.3,610.9554866283054
8,14.4,605.9579991620799
8,14.5,641.8807619080509
8,14.600000000000001,639.7371729398594
8,14.700000000000001,635.2691280718509
8,14.8,641.3610376723228
8,14.9,656.4379974949933
8,15.0,650.022565587645
8,15.100000000000001,642.6948585848479
8,15.200000000000001,640.0803540869301
8,15.3,647.7388125761809
8,15.4,650.2262845265732
8,15.5,653.5326669445146
8,15.600000000000001,644.6626494233778
8,15.700000000000001,642.6820458099123
8,15.8,655.2438496008991
8,15.9,649.5834110047995
8,16.0,644.0949902964189
8,16.1,652.9059456146869
8,16.2,643.8503242956665
8,16.3,640.4887377949588
8,16.400000000000002,649.1617620906095
8,16.5,623.4465131420976
8,16.6,604.2291493917421
8,16.7,621.6569812639359
8,16.8,617.8280883565395
8,16.900000000000002,647.479711109788
8,17.0,642.8792690179872
8,17.1,653.3782618014483
8,17.2,644.9230345196236
8,17.3,651.3023260480935
8,17.400000000000002,641.9524813511125
8,17.5,644.1158005592308
8,17.6,656.1415374599904
8,17.7,654.2246680849547
8,17.8,643.1712642915624
8,17.900000000000002,641.4620724784929
8,18.0,636.9853530684804
8,18.1,648.4928702340437
8,18.2,652.471995582294
8,18.3,658.8810877373611
8,18.400000000000002,664.34747867465
8,18.5,646.2454935498008
8,18.6,651.305587400871
8,18.7,656.0995443740873
8,18.8,644.6767836797572
8,18.900000000000002,634.2142212341397
8,19.0,642.3881825917399
8,19.1,628.8951230510247
8,19.200000000000003,594.3738118842414
8,19.3,647.0887735367746
8,19.400000000000002,662.7336174101233
8,19.5,658.8239088650649
8,19.6,658.3674522433022
8,19.700000000000003,666.3473816057567
8,19.8,663.8728071948905
8,19.900000000000002,664.8601476130148
8,20.0,666.1636424660829
8,20.1,660.9457298793252
8,20.200000000000003,649.3749651714352
8,20.3,669.3480806205062
8,20.400000000000002,681.8775404058306
8,20.5,650.5690411014698
8,20.6,654.3030892580405
8,20.700000000000003,653.1134254914875
8,20.8,647.4790780481205
8,20.900000000000002,667.644528161899
8,21.0,680.0967059781909
8,21.1,665.0779179759844
8,21.200000000000003,669.3256289373018
8,21.3,678.1232764627339
8,21.400000000000002,679.3807073135408
8,21.5,678.2527701857155
8,21.6,657.5577434583167
8,21.700000000000003,612.4299816772971
8,21.8,522.2526795302434
8,21.900000000000002,653.77357040234
8,22.0,640.6160403971194
8,22.1,601.593808475074
8,22.200000000000003,525.6933611685167
8,22.3,654.814051590185
8,22.400000000000002,660.0253567169729
8,22.5,677.3288834731985
8,22.6,654.255606088858
8,22.700000000000003,654.5896610692805
8,22.8,657.6467272628138
8,22.900000000000002,649.8464933465085
8,23.0,627.1640164691228
8,23.1,677.5636205146773
8,23.200000000000003,678.8294616687276
8,23.3,661.2166620309847
8,23.400000000000002,644.0854844993152
8,23.5,673.2638333686559
8,23.6,655.2485582405176
8,23.700000000000003,658.5851340469613
8,23.8,658.5892539725916
8,23.900000000000002,656.7047492190235
8,24.0,665.8871276904728
8,24.1,674.448600497192
8,24.200000000000003,647.1815246832855
8,24.3,650.3757183201507
8,24.400000000000002,649.5937026137243
8,24.5,670.4471062632668
8,24.6,673.5102554887513
8,24.700000000000003,649.7506097128063
8,24.8,667.048797430363
8,24.900000000000002,664.5632411680663
8,25.0,670.8323619487958
8,25.1,664.3235796773205
8,25.200000000000003,641.626134722643
8,25.3,665.6862374704351
8,25.400000000000002,659.9416775453823
8,25.5,663.4465993948915
8,25.6,659.8039381391169
8,25.700000000000003,650.9113588974437
8,25.8,662.1252390668083
8,25.900000000000002,665.9295453857358
8,26.0,664.4138072985642
8,26.1,671.2751487841705
8,26.200000000000003,665.156159072037
8,26.3,668.0651938336653
8,26.400000000000002,677.1197124519729
8,26.5,681.5612564545856
8,26.6,673.9261456546178
8,26.700000000000003,634.8964083217701
8,26.8,463.1246878633459
8,26.900000000000002,489.48302056855323
8,27.0,675.377424717754
8,27.1,671.2592063249314
8,27.200000000000003,682.5046434468917
8,27.3,664.4559772051834
8,27.400000000000002,584.5110069376369
8,27.5,663.3554302122287
8,27.6,618.3892269468615
8,27.700000000000003,683.3089980155347
8,27.8,681.642553805918
8,27.900000000000002,679.4621799386114
8,28.0,679.946980366888
8,28.1,676.4695726949847
8,28.200000000000003,703.3315364803867
8,28.3,651.7108598117261
8,28.400000000000002,649.9759828029621
8,28.5,670.6943078873635
8,28.6,660.2231513118136
8,28.700000000000003,648.3533024637912
8,28.8,660.0954810754794
8,28.900000000000002,663.7362438778813
8,29.0,667.6280396875178
8,29.1,629.4792343210902
8,29.200000000000003,467.6272355445685
8,29.3,672.2060351519676
8,29.400000000000002,636.9653164552088
8,29.5,660.146087528992
8,29.6,657.0471624975897
8,29.700000000000003,665.7345192116583
8,29.8,662.4555467511773
8,29.900000000000002,661.9179291813062
8,30.0,673.3874339332707
8,30.1,650.6444756276558
8,30.200000000000003,649.6828392765439
8,30.3,657.1749643898846
8,30.400000000000002,640.1836723479098
8,30.5,440.8952067352354
8,30.6,694.0630847147827
8,30.700000000000003,677.1153273848188
8,30.8,667.703863277533
8,30.900000000000002,657.6835754624753
8,31.0,650.6354079998285
8,31.1,667.5279841429495
8,31.200000000000003,633.993849095722
8,31.3,474.0995200860972
8,31.400000000000002,649.2502562744759
8,31.5,711.7091355003245
8,31.6,669.0905434116614
8,31.700000000000003,659.634192095659
8,31.8,651.9181783702943
8,31.900000000000002,586.6351363799166
8,32.0,667.097960400139
8,32.1,663.3620586017178
8,32.2,668.3947444320352
8,32.300000000000004,673.5416126609032
8,32.4,649.9924762055036
8,32.5,665.9066452271082
8,32.6,635.2380181592089
8,32.7,433.37637568630413
8,32.800000000000004,665.7184626442871
8,32.9,653.5056234148827
8,33.0,661.2781073342323
8,33.1,673.1513814835438
8,33.2,668.1348533285463
8,33.300000000000004,667.110660596077
8,33.4,670.0537038350724
8,33.5,668.5250291336486
8,33.6,668.911920979477
8,33.7,480.55859114527715
8,33.800000000000004,592.5378966951384
8,33.9,649.6930393259041
8,34.0,984.5450114413754
8,34.1,589.1010085307619
8,34.2,673.77277715161
8,34.300000000000004,650.7802796395114
8,34.4,585.6514933730936
8,34.5,612.9651392187002
8,34.6,641.4160730940149
8,34.7,652.9480218669524
8,34.800000000000004,668.7158383083049
8,34.9,664.2805154662194
8,35.0,665.9564843198863
8,35.1,658.5424986160451
8,35.2,646.6253384184246
8,35.300000000000004,660.7411398571313
8,35.4,654.6707775805
8,35.5,645.2485217375779
8,35.6,660.5086919746184
8,35.7,675.6136338796045
8,35.800000000000004,680.0116264956753
8,35.9,669.9942160310935
8,36.0,701.1277169874625
8,36.1,674.2231806973039
8,36.2,674.8264415796796
8,36.300000000000004,670.1941282837835
8,36.4,667.0196051248736
8,36.5,583.4087912329941
8,36.6,654.9228864118447
8,36.7,662.2734748515036
8,36.800000000000004,683.4829701119558
8,36.9,671.5714176708627
8,37.0,648.376636233289
8,37.1,558.2669086009481
8,37.2,635.0433915072573
8,37.300000000000004,673.8134835023908
8,37.4,670.2598520698814
8,37.5,629.5569027066987
8,37.6,620.4515278866843
8,37.7,642.5084638665635
8,37.800000000000004,691.845260842641
8,37.9,681.7714689425788
8,38.0,669.1891083138606
8,38.1,659.1557844962124
8,38.2,663.4611992032461
8,38.300000000000004,666.8012065400081
8,38.400000000000006,644.976430980474
8,38.5,657.132252795102
8,38.6,673.0103406891631
8,38.7,663.3001530362519
8,38.800000000000004,538.7612168361788
8,38.900000000000006,648.7578752218824
8,39.0,669.4960175582482
8,39.1,641.620951794281
8,39.2,655.4817551371818
8,39.300000000000004,423.3487553801307
8,39.400000000000006,652.6424957785739
8,39.5,657.959743353737
8,39.6,651.2553387518991
8,39.7,655.9444798126765
8,39.800000000000004,634.8529894597074
8,39.900000000000006,649.3213591891483
8,40.0,643.3643955244123
8,40.1,672.9659674783718
8,40.2,633.6547521525853
8,40.300000000000004,544.1760582588837
8,40.400000000000006,641.8396486318907
8,40.5,597.8940639774587
8,40.6,663.8256688778031
8,40.7,663.9396230035387
8,40.800000000000004,617.8623944285938
8,40.900000000000006,656.2800589074112
8,41.0,660.1778327143923
8,41.1,654.0941103561487
8,41.2,646.8128285199971
8,41.300000000000004,644.4235293819473
8,41.400000000000006,641.7976283253182
8,41.5,668.4265376261184
8,41.6,690.3476042917315
8,41.7,644.8760581018818
8,41.800000000000004,662.0521615032549
8,41.900000000000006,621.3559282708225
8,42.0,700.5366234429971
8,42.1,673.524407337563
8,42.2,649.7651276381305
8,42.300000000000004,660.7486784055437
8,42.400000000000006,610.9303619094312
8,42.5,666.8602373745541
8,42.6,656.9768941372622
8,42.7,560.1969365554834
8,42.800000000000004,692.3751816751551
8,42.900000000000006,676.52534733749
8,43.0,645.9164441474918
8,43.1,656.2589502743905
8,43.2,650.6828713708119
8,43.300000000000004,653.6487536716875
8,43.400000000000006,656.5354443378664
8,43.5,680.5672480755915
8,43.6,677.26642678625
8,43.7,662.9500194802066
8,43.800000000000004,671.8274712535829
8,43.900000000000006,671.2415192666448
8,44.0,654.2552162200749
8,44.1,671.5613197307327
8,44.2,654.0770938551018
8,44.300000000000004,659.4613711096094
8,44.400000000000006,659.3771757580657
8,44.5,656.7135344570921
8,44.6,674.7729118901245
8,44.7,669.6144506710417
8,44.800000000000004,670.2545889309032
8,44.900000000000006,664.4343388604627
8,45.0,619.8155667288759
8,45.1,652.1359926921242
8,45.2,675.6375949796247
8,45.300000000000004,667.63661678734
8,45.400000000000006,665.9459046089349
8,45.5,590.0264826263401
8,45.6,495.11636498688097
8,45.7,611.705712515786
8,45.800000000000004,660.1283328849061
8,45.900000000000006,687.3114658551648
8,46.0,673.5375441981394
8,46.1,669.2549186638237
8,46.2,666.4136801568077
8,46.300000000000004,663.9989892972558
8,46.400000000000006,684.466970385282
8,46.5,665.2065274003994
8,46.6,669.6661312278017
8,46.7,652.6701360738591
8,46.800000000000004,623.658570626291
8,46.900000000000006,658.3047855995495
8,47.0,652.6891198176331
8,47.1,663.0205211157199
8,47.2,667.573822154003
8,47.300000000000004,669.1187279100675
8,47.400000000000006,674.6658746879767
8,47.5,657.2675048413721
8,47.6,647.9833708532109
8,47.7,637.7240766571068
8,47.800000000000004,648.6977178163515
8,47.900000000000006,468.2463190868069
8,48.0,611.5059576657077
8,48.1,652.228150587484
8,48.2,658.2737990280951
8,48.300000000000004,611.6671474493339
8,48.400000000000006,625.4757601964477
8,48.5,681.8433299195946
8,48.6,695.3226450771451
8,48.7,662.6190877642306
8,48.800000000000004,676.3705828386861
8,48.900000000000006,664.630349331763
8,49.0,693.2714488986721
8,49.1,678.4147168926002
8,49.2,649.6564003153379
8,49.300000000000004,660.2878924276296
8,49.400000000000006,656.3443996233299
8,49.5,649.9628370355215
8,49.6,708.8947693160472
8,49.7,618.9737360060922
8,49.800000000000004,638.5785549420591
8,49.900000000000006,668.9003423044599
8,50.0,667.3306444325597
8,50.1,658.7331546797371
8,50.2,662.0914667929939
8,50.300000000000004,666.678448058597
8,50.400000000000006,660.3199063111546
8,50.5,664.3205549759546
8,50.6,652.9226242246879
8,50.7,654.8135096871897
8,50.800000000000004,667.6261612188188
8,50.900000000000006,652.3969547509357
8,51.0,647.791853192193
8,51.1,657.0008737313626
8,51.2,656.4290375350139
8,51.300000000000004,640.6758825855852
8,51.400000000000006,654.3561539860282
8,51.5,675.0178984978434
8,51.6,678.3392369011126
8,51.7,664.8366609326163
8,51.800000000000004,667.5527833101448
8,51.900000000000006,668.5523575844622
8,52.0,661.9442209850934
8,52.1,636.163308981351
8,52.2,507.07300731483184
8,52.300000000000004,610.8405216091342
8,52.400000000000006,671.7737696348441
8,52.5,657.9613765153842
8,52.6,658.9509570116788
8,52.7,654.5942041820872
8,52.800000000000004,662.2136709473385
8,52.900000000000006,655.7951405516257
8,53.0,656.469099448856
8,53.1,661.6874922045815
8,53.2,650.4779944737163
8,53.300000000000004,542.3342033710585
8,53.400000000000006,607.0114411908953
8,53.5,681.6361307762796
8,53.6,662.3687324698977
8,53.7,663.6293494162028
8,53.800000000000004,654.6899889154954
8,53.900000000000006,666.1740573759457
8,54.0,698.3317570107012
8,54.1,692.1024450641698
8,54.2,657.744817673902
8,54.300000000000004,533.1501489333249
8,54.400000000000006,603.5747243009655
8,54.5,646.4148488562053
8,54.6,661.9841138466528
8,54.7,676.3986354182707
8,54.800000000000004,673.3707802501123
8,54.900000000000006,654.1085135871335
8,55.0,651.4485436624548
8,55.1,661.421259876264
8,55.2,649.705231701479
8,55.300000000000004,647.6401674705658
8,55.400000000000006,656.1026415812819
8,55.5,650.2671782256278
8,55.6,606.3303293777994
8,55.7,639.6367370561107
8,55.800000000000004,654.5026882761764
8,55.900000000000006,547.106389370251
8,56.0,486.05662976744406
8,56.1,597.0299450718858
8,56.2,665.8144428097247
8,56.300000000000004,666.1061904901179
8,56.400000000000006,661.9296121415289
8,56.5,613.0780792271843
8,56.6,622.7194577631061
8,56.7,649.3183683884442
8,56.800000000000004,649.3071064444051
8,56.900000000000006,621.6363458002724
8,57.0,642.1295915611373
8,57.1,660.267639145787
8,57.2,665.2953665346009
8,57.300000000000004,643.5437585390058
8,57.400000000000006,644.0936568675264
8,57.5,657.5127896706338
8,57.6,1024.981256576561
8,57.7,860.1043277154337
8,57.800000000000004,574.1585212378571
8,57.900000000000006,629.3103942107388
8,58.0,680.8965209081925
8,58.1,683.0134695706179
8,58.2,583.519313677178
8,58.300000000000004,617.4257660696719
8,58.400000000000006,688.4547161584267
8,58.5,681.3882123820027
8,58.6,677.2651469211738
8,58.7,687.9728327483268
8,58.800000000000004,682.4214202162483
8,58.900000000000006,684.4058705936083
8,59.0,692.3504618227452
8,59.1,679.2871265397432
8,59.2,676.1519898480274
8,59.300000000000004,682.8307698694471
8,59.400000000000006,690.3928423774902
8,59.5,685.3252339467437
8,59.6,612.9295566705929
8,59.7,624.9009967732746
8,59.800000000000004,669.4846202203832
8,59.900000000000006,664.7162425415348
8,60.0,661.1788646375479
8,60.1,655.2185670847603
8,60.2,655.8180701492718
8,60.300000000000004,671.6123077935162
8,60.400000000000006,666.2015942470979
8,60.5,655.6469606852415
8,60.6,662.9829905979572
8,60.7,667.4823175060728
8,60.800000000000004,663.1549421695124
8,60.900000000000006,661.7246499034762
8,61.0,655.1422945284993
8,61.1,659.9932992733485
8,61.2,679.1978793764349
8,61.300000000000004,668.5208524599038
8,61.400000000000006,654.0157805387856
8,61.5,660.3608804638545
8,61.6,681.1991098876708
8,61.7,676.4067272513329
8,61.800000000000004,657.2997491451299
8,61.900000000000006,663.6203772180368
8,62.0,671.9118100262974
8,62.1,663.2762683427992
8,62.2,654.8688506158518
8,62.300000000000004,663.1282035184321
8,62.400000000000006,670.1846433646467
8,62.5,672.029594742732
8,62.6,669.3097573400602
8,62.7,662.791305563204
8,62.800000000000004,662.3069897724296
8,62.900000000000006,664.9635071999735
8,63.0,670.400610250352
8,63.1,663.7785905413738
8,63.2,656.6687845128432
8,63.300000000000004,662.6761044870409
8,63.400000000000006,678.5247523842181
8,63.5,675.112124614747
8,63.6,663.2707134162677
8,63.7,659.1131346948099
8,63.800000000000004,660.379145354729
8,63.900000000000006,663.8589921796629
8,64.0,665.5836874348713
8,64.10000000000001,648.5009207964858
8,64.2,648.1943570830572
8,64.3,663.2644132622971
8,64.4,646.0090241390222
8,64.5,649.0577741707833
8,64.60000000000001,659.6298913205532
8,64.7,657.5266670362803
8,64.8,662.787982396018
8,64.9,667.2085792897859
8,65.0,656.6304360101631
8,65.10000000000001,652.9093461662286
8,65.2,670.4677538400364
8,65.3,676.065532654824
8,65.4,676.9378369453361
8,65.5,668.4302503514702
8,65.60000000000001,656.0224471271438
8,65.7,661.7960229843409
8,65.8,659.8359040057051
8,65.9,669.1520421789944
8,66.0,627.4637738438671
8,66.10000000000001,607.4751313499967
8,66.2,667.1831852541012
8,66.3,656.7667705537447
8,66.4,662.7471489228955
8,66.5,672.3786842365411
8,66.60000000000001,653.0521401441407
8,66.7,663.9850543924614
8,66.8,661.9146031526958
8,66.9,658.6590310560938
8,67.0,661.3773564359027
8,67.10000000000001,652.9882919937025
8,67.2,654.5828087021146
8,67.3,673.9352520708443
8,67.4,684.6934642784659
8,67.5,680.8206696390719
8,67.60000000000001,687.0905671555247
8,67.7,672.0675196391311
8,67.8,616.7069296940048
8,67.9,605.6783901478809
8,68.0,673.3545490606622
8,68.10000000000001,677.2581944242021
8,68.2,595.4163175543637
8,68.3,556.4052859633824
8,68.4,659.7408644173055
8,68.5,662.5851991791835
8,68.60000000000001,648.1950562088929
8,68.7,641.6666830503676
8,68.8,641.1335794865067
8,68.9,630.4925948080302
8,69.0,658.0956091904553
8,69.10000000000001,677.2416012805304
8,69.2,679.2425633286585
8,69.3,667.5879068656594
8,69.4,660.6493649969194
8,69.5,667.2804722569492
8,69.60000000000001,671.1388410038013
8,69.7,678.7191658443064
8,69.8,675.5948565179432
8,69.9,676.4025590893201
8,70.0,672.2259652711613
8,70.10000000000001,665.7411617524987
8,70.2,669.0913395375189
8,70.3,671.7334659657885
8,70.4,669.4342792498977
8,70.5,680.3642935586715
8,70.60000000000001,674.1482597789278
8,70.7,633.5181790965493
8,70.8,598.3783628904247
8,70.9,674.7767491794699
8,71.0,636.4397287839082
8,71.10000000000001,580.7551444320145
8,71.2,651.5868079261742
8,71.3,659.1937297884027
8,71.4,666.216714263
8,71.5,653.1458522813502
8,71.60000000000001,649.3538462311609
8,71.7,658.5816937579054
8,71.8,663.5701597966882
8,71.9,652.9359547816533
8,72.0,666.5809330953124
8,72.10000000000001,653.4931319157439
8,72.2,584.1104465157658
8,72.3,505.40316343711163
8,72.4,624.310280948709
8,72.5,663.6969034463211
8,72.60000000000001,671.6355812566826
8,72.7,661.9904405058531
8,72.8,681.4477688394397
8,72.9,694.4368443900855
8,73.0,676.3997765306706
8,73.10000000000001,670.8080629391129
8,73.2,666.9552335678535
8,73.3,684.0202380934237
8,73.4,680.3500246746573
8,73.5,678.3997753071247
8,73.60000000000001,652.5578357741197
8,73.7,658.4249598553732
8,73.8,671.3518542533154
8,73.9,659.5139346157054
8,74.0,662.705931555041
8,74.10000000000001,675.5629671880496
8,74.2,689.8542699436679
8,74.3,674.4491532255263
8,74.4,665.0823962614145
8,74.5,657.0298993221131
8,74.60000000000001,665.4673071718944
8,74.7,674.5165092818615
8,74.8,654.0347242969267
8,74.9,639.1515187328955
8,75.0,641.816037937449
8,75.10000000000001,652.7973592482726
8,75.2,611.496719797234
8,75.3,576.9601833478753
8,75.4,657.7810850154905
8,75.5,649.4392088932289
8,75.60000000000001,661.6367329825824
8,75.7,666.7460928634138
8,75.8,665.6409245445353
8,75.9,641.811093190453
8,76.0,649.3786778882683
8,76.10000000000001,660.99895957115
8,76.2,647.3735373090109
8,76.3,660.4183440173365
8,76.4,661.0316263698492
8,76.5,684.5154265141626
8,76.60000000000001,680.1844922440753
8,76.7,653.2558442473418
8,76.80000000000001,669.4244952423777
8,76.9,652.7276764884961
8,77.0,660.9342131766441
8,77.10000000000001,652.0205249860719
8,77.2,661.6875949150805
8,77.30000000000001,655.6012457370771
8,77.4,626.5655879694575
8,77.5,545.1580990224941
8,77.60000000000001,656.8686603074357
8,77.7,643.9438814203801
8,77.80000000000001,663.4622928691074
8,77.9,681.6678221479638
8,78.0,652.6756694875534
8,78.10000000000001,635.9580112395882
8,78.2,650.062369883835
8,78.30000000000001,677.8324042350772
8,78.4,675.1121717200293
8,78.5,676.0007723090627
8,78.60000000000001,667.5154490471934
8,78.7,667.9795864620612
8,78.80000000000001,673.9709682534822
8,78.9,627.1182912481703
8,79.0,552.4825964075251
8,79.10000000000001,670.8984911057939
8,79.2,690.9252415504915
8,79.30000000000001,683.8544250253636
8,79.4,683.7390150967067
8,79.5,678.2953014892532
8,79.60000000000001,671.357635672281
8,79.7,667.0232354113828
8,79.80000000000001,647.5564473837194
8,79.9,544.5274623003396
8,80.0,678.4858293663458
8,80.10000000000001,678.4585381375325
8,80.2,673.7919948897268
8,80.30000000000001,671.9594852558513
8,80.4,669.9183053937993
8,80.5,665.2833538324124
8,80.60000000000001,665.7464984760081
8,80.7,682.2295846757601
8,80.80000000000001,677.6062428364553
8,80.9,675.4417227060108
8,81.0,707.1634682532499
8,81.10000000000001,704.404962074651
8,81.2,591.5324700166758
8,81.30000000000001,691.6483275158004
8,81.4,670.5884077551725
8,81.5,665.5475427208216
8,81.60000000000001,663.6980771413757
8,81.7,625.287270645625
8,81.80000000000001,654.5041907216222
8,81.9,642.7417787338564
8,82.0,676.2241842597974
8,82.10000000000001,644.1851956909692
8,82.2,551.0828488048659
8,82.30000000000001,663.3368478740516
8,82.4,662.607971306723
8,82.5,665.3986872380253
8,82.60000000000001,671.447750952151
8,82.7,672.5046005264446
8,82.80000000000001,662.8709216245111
8,82.9,658.9479724354151
8,83.0,664.3291856045087
8,83.10000000000001,625.508492585879
8,83.2,635.3415349492883
8,83.30000000000001,669.6715908893061
8,83.4,662.8169775586925
8,83.5,658.2732579159032
8,83.60000000000001,656.788564989056
8,83.7,665.9350942447445
8,83.80000000000001,659.2540793786557
8,83.9,650.3538209571929
8,84.0,653.4464888148931
8,84.10000000000001,666.6694613920043
8,84.2,659.5753893776721
8,84.30000000000001,651.90522602523
8,84.4,670.7761700607895
8,84.5,661.4614817589538
8,84.60000000000001,651.3303310664804
8,84.7,505.46475548545624
8,84.80000000000001,655.7411869617653
8,84.9,680.4418916508828
8,85.0,671.1723919470633
8,85.10000000000001,655.5076126643542
8,85.2,653.3461968722838
8,85.30000000000001,646.4315407825511
8,85.4,524.1129322636745
8,85.5,664.361319334656
8,85.60000000000001,659.8545892385876
8,85.7,656.0783902933346
8,85.80000000000001,675.8606876960172
8,85.9,661.5104046441407
8,86.0,642.8887148062154
8,86.10000000000001,649.5175460634679
8,86.2,661.2779612527683
8,86.30000000000001,645.6992868477159
8,86.4,655.1304694010331
8,86.5,646.1153801351757
8,86.60000000000001,638.1552571459853
8,86.7,624.6256739967288
8,86.80000000000001,643.8504346171138
8,86.9,649.8747944019285
8,87.0,643.0220124085889
8,87.10000000000001,653.2871010675025
8,87.2,641.1367193021568
8,87.30000000000001,654.595214557166
8,87.4,657.6238430867373
8,87.5,656.449736951884
8,87.60000000000001,641.9930514143934
8,87.7,663.2022176655726
8,87.80000000000001,647.910948782039
8,87.9,663.1696464101863
8,88.0,646.4186965033565
8,88.10000000000001,662.166092686459
8,88.2,661.5596063538139
8,88.30000000000001,660.6967106103391
8,88.4,651.9861883601621
8,88.5,663.3509082104023
8,88.60000000000001,654.0064249653627
8,88.7,663.0852993216416
8,88.80000000000001,619.462919870046
8,88.9,675.7399297263709
8,89.0,652.688681346559
8,89.10000000000001,658.1727279658388
8,89.2,647.732823868258
8,89.30000000000001,650.5447048904117
8,89.4,654.9167389236904
8,89.5,655.2112938535377
8,89.60000000000001,660.1951654727955
8,89.7,669.0728945358792
8,89.80000000000001,660.420361645805
8,89.9,664.2025331010758
8,90.0,674.1607550594523
8,90.10000000000001,646.8377556039313
8,90.2,659.623400251453
8,90.30000000000001,664.2988273073016
8,90.4,453.60959263246383
8,90.5,646.6702370726214
8,90.60000000000001,674.072640376547
8,90.7,668.5226681902873
8,90.80000000000001,671.9357471474078
8,90.9,532.6450612486768
8,91.0,663.8919747808243
8,91.10000000000001,651.6521099353882
8,91.2,681.7221997919426
8,91.30000000000001,687.2874159144628
8,91.4,673.5421714522129
8,91.5,670.8256966441611
8,91.60000000000001,666.2338200575153
8,91.7,668.4343702021241
8,91.80000000000001,682.925551097775
8,91.9,682.7036999569397
8,92.0,660.2747624909227
8,92.10000000000001,665.6803846600907
8,92.2,690.2144775532003
8,92.30000000000001,678.9499699726507
8,92.4,694.7461880269943
8,92.5,691.5783738049009
8,92.60000000000001,721.1739170962452
8,92.7,670.3679049397318
8,92.80000000000001,711.5147291110112
8,92.9,700.4974148370062
8,93.0,710.6482125744943
8,93.10000000000001,708.2953416361478
8,93.2,657.534199736954
8,93.30000000000001,574.5298292805762
8,93.4,710.4434500111755
8,93.5,680.723913933304
8,93.60000000000001,488.09378288695933
8,93.7,668.1462748504573
8,93.80000000000001,598.9245537904675
8,93.9,663.1039858491437
8,94.0,659.8933329841286
8,94.10000000000001,655.7630609413425
8,94.2,658.1340131789187
8,94.30000000000001,694.9751210650347
8,94.4,662.7036491669783
8,94.5,675.4367593804632
8,94.60000000000001,673.0745163981989
8,94.7,686.1800226212033
8,94.80000000000001,667.966185583974
8,94.9,669.43049963363
8,95.0,665.1761414964044
8,95.10000000000001,660.5188806176427
8,95.2,663.3840787420356
8,95.30000000000001,668.5829029649063
8,95.4,606.6123459391126
8,95.5,665.0856990415867
8,95.60000000000001,649.7121802488999
8,95.7,661.8961485705852
8,95.80000000000001,665.3864885085624
8,95.9,649.186403713726
8,96.0,640.3329632370284
8,96.10000000000001,701.6703870709819
8,96.2,533.8192809500988
8,96.30000000000001,663.8464486694232
8,96.4,676.0607178734134
8,96.5,696.5312335023448
8,96.60000000000001,662.3979973799279
8,96.7,574.6171954433585
8,96.80000000000001,638.3484210732781
8,96.9,676.1375263626551
8,97.0,674.2362724192052
8,97.10000000000001,583.80362249537
8,97.2,622.1961083072116
8,97.30000000000001,652.5569652867433
8,97.4,676.3149377242897
8,97.5,518.6957194277803
8,97.60000000000001,629.886112675465
8,97.7,679.4770886273636
8,97.80000000000001,659.3051383239563
8,97.9,681.6633724838626
8,98.0,608.2355185849226
8,98.10000000000001,651.5072020535196
8,98.2,477.25403369661626
8,98.30000000000001,650.4956313062512
8,98.4,524.7045217005923
8,98.5,668.5949379820992
8,98.60000000000001,713.6210690361185
8,98.7,682.5109732475975
8,98.80000000000001,598.9910211938285
8,98.9,674.7696930132751
8,99.0,668.8278083796583
8,99.10000000000001,673.1666043156712
8,99.2,677.705132687524
8,99.30000000000001,681.0232572153908
8,99.4,678.8267617616252
8,99.5,679.3469489137879
8,99.60000000000001,676.8379786602738
8,99.7,557.645986106932
8,99.80000000000001,658.3154139109149
8,99.9,681.2166064959933
8,100.0,509.918870734495
8,100.10000000000001,650.9375440390675
8,100.2,671.8897182730993
8,100.30000000000001,651.8633782679523
8,100.4,666.1301900205357
8,100.5,676.7337004809514
8,100.60000000000001,673.9079753450042
8,100.7,659.9393909801619
8,100.80000000000001,617.5165461533092
8,100.9,576.4893674811985
8,101.0,392.61819501104605
8,101.10000000000001,516.1060707254036
8,101.2,487.60096034131766
8,101.30000000000001,591.8627441697428
8,101.4,579.0525565547752
8,101.5,641.8201961527376
8,101.60000000000001,623.1846780311744
8,101.7,608.8715658893161
8,101.80000000000001,669.544539118388
8,101.9,964.5141618234251
8,102.0,873.796634651206
8,102.10000000000001,479.83875747510535
8,102.2,590.9422230675672
8,102.30000000000001,644.8995371982775
8,102.4,637.6279421115438
8,102.5,666.7317043550532
8,102.60000000000001,662.318736116467
8,102.7,664.6792165732434
8,102.80000000000001,655.2139091194894
8,102.9,649.6409997313082
8,103.0,639.4958218868428
8,103.10000000000001,648.3972615099126
8,103.2,653.1681821194184
8,103.30000000000001,650.9841077383004
8,103.4,686.712576444248
8,103.5,655.9140449685826
8,103.60000000000001,657.7105287441982
8,103.7,645.0146640977325
8,103.80000000000001,653.1672426052852
8,103.9,653.797395328926
8,104.0,647.756110551975
8,104.10000000000001,644.212015593597
8,104.2,654.318980857734
8,104.30000000000001,660.1311891194017
8,104.4,648.7241173325713
8,104.5,574.4166672328643
8,104.60000000000001,634.2146171150297
8,104.7,666.8432019290922
8,104.80000000000001,686.0969322021815
8,104.9,662.872923111002
8,105.0,939.2269561425835
8,105.10000000000001,711.9264053125819
8,105.2,678.8001080359041
8,105.30000000000001,691.9314068137496
8,105.4,677.7902050246826
8,105.5,698.5795425008635
8,105.60000000000001,669.7122476727609
8,105.7,689.0496708334933
8,105.80000000000001,596.4834859617914
8,105.9,640.967084294271
8,106.0,655.3618025326276
8,106.10000000000001,657.0913731109689
8,106.2,654.7378813208717
8,106.30000000000001,645.1440982427144
8,106.4,647.1013624497083
8,106.5,666.8252409977972
8,106.60000000000001,672.1466142582602
8,106.7,681.2225717895482
8,106.80000000000001,679.6198652930059
8,106.9,553.1598672223274
8,107.0,631.2644694895512
8,107.10000000000001,679.6878168974024
8,107.2,672.2874202848063
8,107.30000000000001,680.9802312952443
8,107.4,674.2178460878794
8,107.5,667.2225056441408
8,107.60000000000001,663.4040498266233
8,107.7,651.4181494770638
8,107.80000000000001,674.1246821903692
8,107.9,675.2860029086778
8,108.0,672.3265245328271
8,108.10000000000001,666.3978020598217
8,108.2,898.9395656336756
8,108.30000000000001,756.0060407879764
8,108.4,652.8365370623114
8,108.5,679.1963723043402
8,108.60000000000001,679.1818729968675
8,108.7,673.7966280843295
8,108.80000000000001,671.2859838789273
8,108.9,678.4491111239695
8,109.0,1087.7775807849987
8,109.10000000000001,746.9730037972396
8,109.2,606.0503395057781
8,109.30000000000001,661.4278688436976
8,109.4,667.6558883116144
8,109.5,666.4552375239535
8,109.60000000000001,682.3430308574168
8,109.7,684.6783755262304
8,109.80000000000001,674.9350701272496
8,109.9,683.0914816778227
8,110.0,684.0778239416717
8,110.10000000000001,685.9343957838666
8,110.2,678.6552862257472
8,110.30000000000001,670.1006093663357
8,110.4,681.2269621246695
8,110.5,681.7515574581503
8,110.60000000000001,681.2713842304373
8,110.7,672.5659242961095
8,110.80000000000001,661.3261903965195
8,110.9,660.8168703030507
8,111.0,746.6714846664258
8,111.10000000000001,737.3268396442128
8,111.2,675.7016827700035
8,111.30000000000001,659.766350037625
8,111.4,665.7559649370386
8,111.5,646.6379175765127
8,111.60000000000001,661.154433029429
8,111.7,678.3979478227735
8,111.80000000000001,664.7765552874354
8,111.9,658.3223089559315
8,112.0,664.5458872865067
8,112.10000000000001,664.2595346801102
8,112.2,670.8978738337462
8,112.30000000000001,674.9815670534995
8,112.4,672.9811279192592
8,112.5,668.1345158874009
8,112.60000000000001,622.902239622047
8,112.7,639.6486714962817
8,112.80000000000001,668.159282184323
8,112.9,668.0931867684453
8,113.0,675.7018723603942
8,113.10000000000001,674.4278607484083
8,113.2,958.1175370008353
8,113.30000000000001,844.9892955614381
8,113.4,630.0077041508159
8,113.5,666.053946586265
8,113.60000000000001,649.1461495071645
8,113.7,658.4173048963696
8,113.80000000000001,689.3079452912712
8,113.9,696.0895022797599
8,114.0,683.3917893904328
8,114.10000000000001,680.0747608775071
8,114.2,680.8571186387063
8,114.30000000000001,682.9429453447108
8,114.4,677.4671058885731
8,114.5,678.9364793546623
8,114.60000000000001,698.3436432766943
8,114.7,686.97184598356
8,114.80000000000001,674.6929458392393
8,114.9,666.3806356877417
8,115.0,678.6800989909178
8,115.10000000000001,716.8363954275294
8,115.2,636.5146663160552
8,115.30000000000001,633.1393602010302
8,115.4,688.7121770600169
8,115.5,685.3831463588648
8,115.60000000000001,681.0911069777401
8,115.7,677.3296091490213
8,115.80000000000001,676.4351599002837
8,115.9,677.7745995351869
8,116.0,684.1417635329328
8,116.10000000000001,692.5174621682852
8,116.2,699.3570005007415
8,116.30000000000001,694.1103020378025
8,116.4,689.6795560180159
8,116.5,699.9740242872656
8,116.60000000000001,696.020959262048
8,116.7,714.0617329428169
8,116.80000000000001,718.7011658214807
8,116.9,699.9306050606685
8,117.0,692.2545103783359
8,117.10000000000001,687.0208529184812
8,117.2,698.1849061335727
8,117.30000000000001,703.469829282689
8,117.4,702.2918932012338
8,117.5,702.229413040323
8,117.60000000000001,693.4279613353777
8,117.7,686.908446486278
8,117.80000000000001,703.4188397354872
8,117.9,710.2061291068139
8,118.0,695.867273277175
8,118.10000000000001,691.5673118906643
8,118.2,695.2047731331076
8,118.30000000000001,702.4620080838762
8,118.4,701.3487956883383
8,118.5,687.1041007818397
8,118.60000000000001,679.8782844359202
8,118.7,679.6087034827667
8,118.80000000000001,674.3875424179831
8,118.9,677.3104127632264
8,119.0,672.1494670538722
8,119.10000000000001,675.7193707247271
8,119.2,615.9960011433506
8,119.30000000000001,602.9139258872049
8,119.4,675.7885379383816
8,119.5,668.097894939883
8,119.60000000000001,679.0459365095556
8,119.7,678.5863272150358
8,119.80000000000001,680.8913438102179
8,119.9,690.7192465127462
8,120.0,691.3264925374199
8,120.10000000000001,698.0246930832554
8,120.2,651.6252252419627
8,120.30000000000001,636.0654563533324
8,120.4,674.3081121175709
8,120.5,668.5466150544191
8,120.60000000000001,667.4444400365813
8,120.7,654.1523430117691
8,120.80000000000001,641.3581786698861
8,120.9,647.8127114653846
8,121.0,672.9907196076286
8,121.10000000000001,696.878005421667
8,121.2,690.1058466775505
8,121.30000000000001,826.4102302616312
8,121.4,886.1830337048132
8,121.5,685.5654809879552
8,121.60000000000001,683.1495697368849
8,121.7,676.8146199905718
8,121.80000000000001,682.078620466989
8,121.9,684.6244328922166
8,122.0,679.0327713527472
8,122.10000000000001,684.0767768363302
8,122.2,690.8690683989869
8,122.30000000000001,683.1459999723658
8,122.4,680.136511504556
8,122.5,683.2099006489562
8,122.60000000000001,677.4605212965787
8,122.7,687.7383826326376
8,122.80000000000001,702.0974495304495
8,122.9,694.5477586164852
8,123.0,687.636136496764
8,123.10000000000001,690.5136824886371
8,123.2,685.0503572709068
8,123.30000000000001,689.8364342257387
8,123.4,689.6373650193494
8,123.5,683.7537412352372
8,123.60000000000001,652.3029298343674
8,123.7,644.3189806379985
8,123.80000000000001,696.0871256135704
8,123.9,694.9776908576048
8,124.0,668.0106924842704
8,124.10000000000001,629.0939461681008
8,124.2,678.2493283391102
8,124.30000000000001,685.637474933686
8,124.4,687.632115737485
8,124.5,692.84621866067
8,124.60000000000001,694.905435088603
8,124.7,687.4026021178369
8,124.80000000000001,687.0364450194378
8,124.9,682.5155951238881
8,125.0,676.5728942720679
8,125.10000000000001,670.7143440045153
8,125.2,672.9898248739023
8,125.30000000000001,679.1528848543293
8,125.4,669.3002422969653
8,125.5,677.2643763444445
8,125.60000000000001,656.9494718996352
8,125.7,520.1248154495894
8,125.80000000000001,397.28293097944487
8,125.9,454.412680904348
8,126.0,483.9937339024919
8,126.10000000000001,644.4760252525605
8,126.2,662.0018914507605
8,126.30000000000001,667.3948584493506
8,126.4,653.942844208116
8,126.5,652.5220902732782
8,126.60000000000001,648.9821722649996
8,126.7,648.0265746515995
8,126.80000000000001,687.1043627853679
8,126.9,672.9022473144805
8,127.0,662.6970688945355
8,127.10000000000001,658.898194119483
8,127.2,666.6323074581929
8,127.30000000000001,676.9485247645191
8,127.4,673.5509160332842
8,127.5,667.3282009576673
8,127.60000000000001,657.9069345161939
8,127.7,680.952145657721
8,127.80000000000001,663.0735222785894
8,127.9,651.4037544996003
8,128.0,692.5785160558422
8,128.1,681.5611039595611
8,128.20000000000002,680.9760566404149
8,128.3,676.545687000982
8,128.4,673.8525941040333
8,128.5,685.2022802342808
8,128.6,690.741252937533
8,128.70000000000002,689.7113285449877
8,128.8,674.5861107980494
8,128.9,675.7032628673937
8,129.0,686.0405483273146
8,129.1,666.68484309592
8,129.20000000000002,668.3420266751135
8,129.3,670.6413341792762
8,129.4,693.8410094698239
8,129.5,678.3462915357514
8,129.6,598.0890847148142
8,129.70000000000002,571.2070380089904
8,129.8,663.4899924515479
8,129.9,678.6710383144001
8,130.0,669.8544123357374
8,130.1,671.6193289862172
8,130.20000000000002,687.4828222339743
8,130.3,686.4799757211849
8,130.4,683.2490013571294
8,130.5,693.1282137685301
8,130.6,692.7740367970289
8,130.70000000000002,677.8249209988217
8,130.8,678.9804561177701
8,130.9,684.2012024094624
8,131.0,697.184885315758
8,131.1,672.3010268935423
8,131.20000000000002,670.4588387154528
8,131.3,663.1341334197101
8,131.4,681.8959502226903
8,131.5,702.2601731065945
8,131.6,679.6498451609287
8,131.70000000000002,689.959393621638
8,131.8,690.829596542171
8,131.9,679.8029336039001
8,132.0,692.8245487823757
8,132.1,669.8977481877527
8,132.20000000000002,596.1290249961412
8,132.3,472.3058214951072
8,132.4,696.6576968146652
8,132.5,676.7499565823864
8,132.6,703.9942618183388
8,132.70000000000002,681.0766475473619
8,132.8,663.0066261098875
8,132.9,694.3462025039089
8,133.0,711.7319456479303
8,133.1,670.6024582870351
8,133.20000000000002,691.4265359027946
8,133.3,686.2432182074978
8,133.4,682.2027608439455
8,133.5,662.9436326397424
8,133.6,673.5935832700105
8,133.70000000000002,657.660909008277
8,133.8,671.5521476572592
8,133.9,686.3366857496067
8,134.0,683.4322620401151
8,134.1,690.74693065995
8,134.20000000000002,678.7731246576366
8,134.3,672.400567298882
8,134.4,682.1759044110573
8,134.5,682.2282656571019
8,134.6,677.8756517200723
8,134.70000000000002,686.6574333870668
8,134.8,683.8809830718089
8,134.9,668.0765798209384
8,135.0,684.083463547163
8,135.1,671.7927476297092
8,135.20000000000002,682.5023604891105
8,135.3,693.0702239032153
8,135.4,689.9003042440756
8,135.5,677.7785481905803
8,135.6,679.834867264294
8,135.70000000000002,669.6828246033575
8,135.8,681.7609365325698
8,135.9,671.1813219320366
8,136.0,686.9194096532655
8,136.1,679.3581161955165
8,136.20000000000002,673.9089338837103
8,136.3,694.751545301901
8,136.4,710.4891832969633
8,136.5,675.6976717340143
8,136.6,679.5698014149458
8,136.70000000000002,678.6284026629472
8,136.8,666.8843271606844
8,136.9,683.0473841096485
8,137.0,677.4296799251131
8,137.1,674.5324193034583
8,137.20000000000002,663.7096503317211
8,137.3,665.1879895158685
8,137.4,670.9895229661095
8,137.5,679.5227923764451
8,137.6,686.9352944058794
8,137.70000000000002,674.3562897447412
8,137.8,701.0896712276206
8,137.9,852.5505736506975
8,138.0,608.808982738887
8,138.1,679.2804656976267
8,138.20000000000002,687.5063747553836
8,138.3,678.7416507044563
8,138.4,658.1635297747533
8,138.5,689.4065236708356
8,138.6,676.3951285250213
8,138.70000000000002,654.0968998233816
8,138.8,672.1710013108293
8,138.9,672.556700415205
8,139.0,679.7968094503044
8,139.1,689.0054151612741
8,139.20000000000002,686.7308551446723
8,139.3,668.9444826529951
8,139.4,665.3769064826766
8,139.5,668.6011508421063
8,139.6,670.8139244208531
8,139.70000000000002,671.5988109560802
8,139.8,678.5472495929097
8,139.9,669.5811013895681
8,140.0,673.0149235458779
8,140.1,639.7291233597836
8,140.20000000000002,830.3953043779987
8,140.3,671.7730097218657
8,140.4,676.2717755201551
8,140.5,668.0677305460097
8,140.6,691.2487910453145
8,140.70000000000002,811.8128366568815
8,140.8,681.8569053178268
8,140.9,687.4697231260294
8,141.0,680.3090127745166
8,141.1,709.8019210118445
8,141.20000000000002,680.9252435547444
8,141.3,573.9879178042436
8,141.4,667.7045439510936
8,141.5,684.6227414775434
8,141.6,675.4274954109081
8,141.70000000000002,670.6482873009019
8,141.8,690.1567308317158
8,141.9,661.3461263852931
8,142.0,533.2460231987498
8,142.1,686.3442557366197
8,142.20000000000002,680.7692565215835
8,142.3,681.6047864898812
8,142.4,699.0866551506132
8,142.5,672.2381851035698
8,142.6,595.492393569837
8,142.70000000000002,685.6112554695583
8,142.8,661.3125386445333
8,142.9,685.9767447813215
8,143.0,689.4582558832426
8,143.1,679.7200854418431
8,143.20000000000002,665.6365325836355
8,143.3,655.3309485243366
8,143.4,688.1197881684956
8,143.5,678.9667020159737
8,143.6,677.8157113689373
8,143.70000000000002,659.4473788587337
8,143.8,687.7222723546065
8,143.9,753.8627148575094
8,144.0,668.8599451668081
8,144.1,649.7142825997531
8,144.20000000000002,617.1436518958839
8,144.3,598.4635489208082
8,144.4,654.84279455259
8,144.5,676.4622014846261
8,144.6,629.1107635395103
8,144.70000000000002,667.3703222291831
8,144.8,664.6877906210691
8,144.9,661.3995694499697
8,145.0,661.4148215375527
8,145.1,695.3901917966562
8,145.20000000000002,678.7314657774131
8,145.3,621.7805917360159
8,145.4,674.502545583009
8,145.5,680.8924556523851
8,145.6,680.5407656742971
8,145.70000000000002,667.2548128399087
8,145.8,584.1194068730526
8,145.9,660.0788891058035
8,146.0,675.2173552461378
8,146.1,684.878354260314
8,146.20000000000002,681.7867417090167
8,146.3,601.5965658824226
8,146.4,670.4672676272435
8,146.5,677.6711468342753
8,146.6,681.8041136223636
8,146.70000000000002,664.8521453922632
8,146.8,688.329745400098
8,146.9,634.3501361811109
8,147.0,667.492929599173
8,147.1,659.9561319148453
8,147.20000000000002,618.4496786607851
8,147.3,642.9423468367889
8,147.4,652.3578564048815
8,147.5,679.7078049022499
8,147.6,554.0231691805161
8,147.70000000000002,486.3780077745877
8,147.8,681.6830570046442
8,147.9,686.2343160308639
8,148.0,656.9155240078236
8,148.1,635.0398262635784
8,148.20000000000002,679.2338528299449
8,148.3,662.2800455947765
8,148.4,691.0872077260108
8,148.5,683.9604393309626
8,148.6,667.1413096617617
8,148.70000000000002,657.3993856591279
8,148.8,644.9526831059546
8,148.9,674.4729006217472
8,149.0,654.9378639730352
8,149.1,690.5753674606839
8,149.20000000000002,660.365798623594
8,149.3,578.6637706709847
8,149.4,669.0926812070795
8,149.5,659.5421819364797
8,149.6,670.595956545996
8,149.70000000000002,624.6953603913374
8,149.8,619.0963897496495
8,149.9,669.4365686447189
8,150.0,663.1335319730638
8,150.1,679.3752103659658
8,150.20000000000002,660.7325719802375
8,150.3,671.7412021047044
8,150.4,660.7698006829676
8,150.5,664.4492091296507
8,150.6,683.7237463668987
8,150.70000000000002,686.8387214377752
8,150.8,683.932992729109
8,150.9,603.7777853441407
8,151.0,530.3238904262314
8,151.1,664.153488323955
8,151.20000000000002,668.0623395005517
8,151.3,636.1768862711616
8,151.4,677.4268003211571
8,151.5,646.8249635622524
8,151.6,668.6895945977994
8,151.70000000000002,684.766283736585
8,151.8,689.8526900755634
8,151.9,628.4403671739572
8,152.0,649.375821598056
8,152.1,697.3800759486043
8,152.20000000000002,650.8246361417226
8,152.3,676.7464676830456
8,152.4,661.466668391974
8,152.5,666.5441793938443
8,152.6,676.9759219128701
8,152.70000000000002,640.6413920057101
8,152.8,641.4263918708282
8,152.9,653.3820919338972
8,153.0,668.3821132635902
8,153.1,659.1342597607177
8,153.20000000000002,666.886958294344
8,153.3,657.8081539135807
8,153.4,613.3511407274848
8,153.5,698.698276117641
8,153.60000000000002,693.5755287687429
8,153.70000000000002,665.6511564104958
8,153.8,670.7114153925324
8,153.9,663.1009547174659
8,154.0,696.3117803697947
8,154.10000000000002,688.0816749789054
8,154.20000000000002,686.1630736767629
8,154.3,672.1206935856122
8,154.4,636.7825138138267
8,154.5,668.5923924703651
8,154.60000000000002,695.2085542219576
8,154.70000000000002,683.243359337484
8,154.8,698.7319001815374
8,154.9,664.7644261839902
8,155.0,645.8603850050392
8,155.10000000000002,648.6123986870662
8,155.20000000000002,536.5340573283651
8,155.3,637.1384355968829
8,155.4,575.4847164118053
8,155.5,615.3542683183648
8,155.60000000000002,654.6335410795454
8,155.70000000000002,647.5689389358685
8,155.8,658.6875366831604
8,155.9,665.4181816915236
8,156.0,660.2138934224914
8,156.10000000000002,615.4939542348172
8,156.20000000000002,674.2876006107389
8,156.3,683.9766669906791
8,156.4,690.5495069115361
8,156.5,705.3541580327027
8,156.60000000000002,696.8186422390044
8,156.70000000000002,698.6439852856267
8,156.8,681.588109495663
8,156.9,663.464949035205
8,157.0,665.6596863533503
8,157.10000000000002,677.7126354730806
8,157.20000000000002,705.5632871986445
8,157.3,670.287875106579
8,157.4,675.7980162563113
8,157.5,517.5214556326472
8,157.60000000000002,663.4554835550409
8,157.70000000000002,670.1182358664036
8,157.8,510.9068618933648
8,157.9,638.9718211728341
8,158.0,669.7691630750286
8,158.10000000000002,677.4706461242976
8,158.20000000000002,665.458616432076
8,158.3,672.6462695242442
8,158.4,669.7881216687863
8,158.5,671.9081274720673
8,158.60000000000002,662.9585303982182
8,158.70000000000002,570.2560261994684
8,158.8,505.34224230076705
8,158.9,640.6781864031339
8,159.0,603.5268954512866
8,159.10000000000002,664.7718368938941
8,159.20000000000002,663.321513969187
8,159.3,664.5418052001831
8,159.4,665.3597318082315
8,159.5,672.694844802081
8,159.60000000000002,674.9131899152937
8,159.70000000000002,676.4553229139894
8,159.8,675.8730064647415
8,159.9,676.0942455636223
8,160.0,671.1488289615352
8,160.10000000000002,670.1091035667461
8,160.20000000000002,663.6055431365203
8,160.3,674.8326249880993
8,160.4,674.3404188805141
8,160.5,671.902000237815
8,160.60000000000002,671.5640077687843
8,160.70000000000002,662.5220142740983
8,160.8,672.6194684687404
8,160.9,670.9226600900549
8,161.0,670.9221192898469
8,161.10000000000002,672.0767289078722
8,161.20000000000002,671.2587719821047
8,161.3,677.3580588827045
8,161.4,674.6476815315023
8,161.5,673.4279844685184
8,161.60000000000002,582.8030287218925
8,161.70000000000002,638.7152527537305
8,161.8,664.5647863053629
8,161.9,669.4866956745773
8,162.0,669.3726115329
8,162.10000000000002,659.238027762789
8,162.20000000000002,587.6298612399539
8,162.3,649.5368192545308
8,162.4,670.4545992071722
8,162.5,652.7621593397824
8,162.60000000000002,658.0863533375275
8,162.70000000000002,1052.9134627033022
8,162.8,644.4777676220584
8,162.9,588.6250624319753
8,163.0,684.2316124529075
8,163.10000000000002,673.2304037739567
8,163.20000000000002,656.7800361765974
8,163.3,666.3349022126789
8,163.4,666.6914133583591
8,163.5,638.3895955927721
8,163.60000000000002,616.7423330526914
8,163.70000000000002,648.6427742923528
8,163.8,676.882352113094
8,163.9,643.6255838796636
8,164.0,663.4358693309963
8,164.10000000000002,665.6019783461658
8,164.20000000000002,668.075852432839
8,164.3,648.6476681600836
8,164.4,620.2129432435122
8,164.5,630.8155715837621
8,164.60000000000002,636.197798017046
8,164.70000000000002,660.1329704625188
8,164.8,680.1952712128439
8,164.9,677.9208316372494
8,165.0,621.1052438597369
8,165.10000000000002,640.1098563916726
8,165.20000000000002,636.839445643931
8,165.3,655.2410831341638
8,165.4,638.7892565490886
8,165.5,582.8307702596793
8,165.60000000000002,636.2487553021149
8,165.70000000000002,679.8934920227157
8,165.8,678.2189356938673
8,165.9,690.3246468900536
8,166.0,655.9611740340046
8,166.10000000000002,558.3902770472215
8,166.20000000000002,607.6202314360247
8,166.3,672.4598511663817
8,166.4,671.9411357031793
8,166.5,675.6516951324672
8,166.60000000000002,674.3524195944912
8,166.70000000000002,672.5338960455858
8,166.8,668.7688343173467
8,166.9,671.2216448161034
8,167.0,663.7086854965319
8,167.10000000000002,659.8300095741907
8,167.20000000000002,582.1052386092875
8,167.3,427.9720905822886
8,167.4,549.9718190873884
8,167.5,680.6619265064977
8,167.60000000000002,687.2421654878538
8,167.70000000000002,677.8150063750456
8,167.8,668.6382201152028
8,167.9,659.5033415893696
8,168.0,670.9196073641407
8,168.10000000000002,669.5535574139703
8,168.20000000000002,676.3502265646562
8,168.3,671.1249143717449
8,168.4,659.3253369104979
8,168.5,628.5248378115047
8,168.60000000000002,647.335523345578
8,168.70000000000002,671.5157647005418
8,168.8,616.4128880328385
8,168.9,625.0006424596887
8,169.0,660.0767642488281
8,169.10000000000002,664.3587502034316
8,169.20000000000002,659.279898116855
8,169.3,676.8833496688599
8,169.4,699.5826701243288
8,169.5,690.3153938026009
8,169.60000000000002,656.0078828324407
8,169.70000000000002,659.4627388581002
8,169.8,639.430725525561
8,169.9,589.9681342097485
8,170.0,627.5912505614579
8,170.10000000000002,638.7507285030864
8,170.20000000000002,631.3031313050739
8,170.3,668.0648738486359
8,170.4,692.1450144927543
8,170.5,697.2886741048077
8,170.60000000000002,672.7260260859726
8,170.70000000000002,693.026970133722
8,170.8,694.7992952672424
8,170.9,668.2488467383632
8,171.0,650.8851586161227
8,171.10000000000002,656.8277735062225
8,171.20000000000002,678.5243018442115
8,171.3,667.1197634379789
8,171.4,673.609124034587
8,171.5,701.749352574103
8,171.60000000000002,687.1846046344544
8,171.70000000000002,672.9237244790884
8,171.8,684.465155619927
8,171.9,661.5278054350895
8,172.0,657.9799720823428
8,172.10000000000002,642.4919639479231
8,172.20000000000002,637.6749201680567
8,172.3,662.1922792515023
8,172.4,669.135641362047
8,172.5,668.0169243165215
8,172.60000000000002,670.8173556226831
8,172.70000000000002,665.9703728779442
8,172.8,659.7304197526837
8,172.9,639.9777741067588
8,173.0,651.8777023644215
8,173.10000000000002,689.5323009151608
8,173.20000000000002,674.8942132442521
8,173.3,674.482744740288
8,173.4,680.9755103425603
8,173.5,677.5570562523375
8,173.60000000000002,634.3740750160339
8,173.70000000000002,625.7018543800373
8,173.8,672.1961174164169
8,173.9,670.4402175670265
8,174.0,673.1129220940094
8,174.10000000000002,677.7624203455388
8,174.20000000000002,665.8133705300421
8,174.3,659.4463569309617
8,174.4,670.1441871442919
8,174.5,662.2903208491946
8,174.60000000000002,657.3843150874062
8,174.70000000000002,663.4415408508604
8,174.8,658.134750839081
8,174.9,577.8615284287345
8,175.0,560.7801811165424
8,175.10000000000002,664.6164066691097
8,175.20000000000002,652.8432746257355
8,175.3,656.9349151389447
8,175.4,671.6782682656698
8,175.5,671.0618621238008
8,175.60000000000002,641.5273817417624
8,175.70000000000002,607.8802547213764
8,175.8,633.7438236224853
8,175.9,580.3406167583356
8,176.0,504.4800853565295
8,176.10000000000002,651.3787111652714
8,176.20000000000002,627.8433541507908
8,176.3,607.7018806673036
8,176.4,670.2094639164455
8,176.5,655.62883672857
8,176.60000000000002,562.0811502392222
8,176.70000000000002,520.1766374899757
8,176.8,665.0546891636858
8,176.9,666.4839478410631
8,177.0,666.0590859591823
8,177.10000000000002,652.4213358124148
8,177.20000000000002,653.0829951205117
8,177.3,656.60631598293
8,177.4,656.8783049686666
8,177.5,663.1567213180741
8,177.60000000000002,659.6474970306712
8,177.70000000000002,650.8475237312305
8,177.8,644.3250905027309
8,177.9,564.3359648581572
8,178.0,504.2385320874723
8,178.10000000000002,657.5864557736659
8,178.20000000000002,657.5510880705133
8,178.3,662.3743911085357
8,178.4,677.8177075521909
8,178.5,679.8293750190578
8,178.60000000000002,670.8942534148881
8,178.70000000000002,657.1348873181493
8,178.8,667.1235848263377
8,178.9,663.8083535814445
8,179.0,640.1152653551571
8,179.10000000000002,591.1889395987531
8,179.20000000000002,552.9752772069473
8,179.3,579.7501038216193
8,179.4,669.7853258597795
8,179.5,684.229382370104
8,179.60000000000002,621.5034120103812
8,179.70000000000002,575.4063795899381
8,179.8,668.3075264656926
8,179.9,689.6450298268197
8,180.0,755.074148519228
8,180.10000000000002,644.0731897227774
8,180.20000000000002,666.1932930453623
8,180.3,678.6934777171725
8,180.4,675.706130007014
8,180.5,674.6033310510932
8,180.60000000000002,679.9031737048173
8,180.70000000000002,682.5509163184238
8,180.8,674.3805947031354
8,180.9,637.236994991464
8,181.0,526.4093292642833
8,181.10000000000002,552.0778932365998
8,181.20000000000002,608.2626816872299
8,181.3,670.8006981800496
8,181.4,665.5089355076132
8,181.5,664.8497046356606
8,181.60000000000002,649.2717383227953
8,181.70000000000002,640.73930986704
8,181.8,578.306859168692
8,181.9,667.1822075983091
8,182.0,685.9108669064748
8,182.10000000000002,669.6123432340945
8,182.20000000000002,671.2715284087338
8,182.3,670.1004226616194
8,182.4,672.0381249664681
8,182.5,680.6959713056842
8,182.60000000000002,678.7890489883956
8,182.70000000000002,663.4359880209076
8,182.8,603.4064536714064
8,182.9,370.7793816825202
8,183.0,454.8929956589066
8,183.10000000000002,627.0473021436168
8,183.20000000000002,634.2969599648993
8,183.3,507.26040787041256
8,183.4,685.6339017280175
8,183.5,709.1307578449082
8,183.60000000000002,675.9878961313782
8,183.70000000000002,665.1752344769081
8,183.8,668.4192199622988
8,183.9,705.0971958317531
8,184.0,672.1866741927953
8,184.10000000000002,679.9901217344554
8,184.20000000000002,681.4464158635295
8,184.3,677.5575400861146
8,184.4,663.9974994864635
8,184.5,663.962382649678
8,184.60000000000002,669.1667052763586
8,184.70000000000002,673.9269898160001
8,184.8,680.6703406973323
8,184.9,690.419876679983
8,185.0,686.0991550377815
8,185.10000000000002,682.7747125288213
8,185.20000000000002,700.4628642629626
8,185.3,665.7670208352185
8,185.4,665.311703857823
8,185.5,673.9955242327851
8,185.60000000000002,679.8941176747186
8,185.70000000000002,684.8279340263739
8,185.8,688.1462598804593
8,185.9,685.4844703725361
8,186.0,661.4220278557896
8,186.10000000000002,670.7085398120993
8,186.20000000000002,672.4617815285937
8,186.3,670.5381982313252
8,186.4,672.1998671808543
8,186.5,676.6054270317992
8,186.60000000000002,688.5867895428765
8,186.70000000000002,673.366546563836
8,186.8,695.5934126261163
8,186.9,699.2155278973769
8,187.0,664.0915636524666
8,187.10000000000002,682.1975297498703
8,187.20000000000002,663.6931994426005
8,187.3,669.5153752795417
8,187.4,678.0826320407842
8,187.5,682.7236559841605
8,187.60000000000002,669.7649492279535
8,187.70000000000002,671.8264589173257
8,187.8,678.5483440567407
8,187.9,673.4667414105514
8,188.0,610.9443024711038
8,188.10000000000002,685.4155291665373
8,188.20000000000002,686.5246588847667
8,188.3,716.3037330338509
8,188.4,794.6057373603126
8,188.5,647.2595721750428
8,188.60000000000002,511.8626174443483
8,188.70000000000002,568.4843791269628
8,188.8,576.8031433806716
8,188.9,551.6909877054393
8,189.0,567.4719908541588
8,189.10000000000002,674.751867145914
8,189.20000000000002,655.5411612141355
8,189.3,677.2224916873731
8,189.4,684.2826080200283
8,189.5,676.5716994566302
8,189.60000000000002,657.8056254024084
8,189.70000000000002,669.1730047474614
8,189.8,697.0546777473518
8,189.9,670.4032423320577
8,190.0,686.1738820955293
8,190.10000000000002,707.946893351296
8,190.20000000000002,687.6203391217277
8,190.3,646.1773373646064
8,190.4,667.3660224256565
8,190.5,636.3403863572487
8,190.60000000000002,669.8962073011166
8,190.70000000000002,666.9107948797612
8,190.8,672.433409762439
8,190.9,664.3275641447896
8,191.0,703.4188532686636
8,191.10000000000002,667.3149478808476
8,191.20000000000002,669.9874723620576
8,191.3,569.7868734571733
8,191.4,637.2105236372654
8,191.5,643.5251256441472
8,191.60000000000002,576.5065770086875
8,191.70000000000002,564.6275383284969
8,191.8,562.2894091422361
8,191.9,558.621284591905
8,192.0,540.6636682644203
8,192.10000000000002,561.8240176955644
8,192.20000000000002,631.6082174987602
8,192.3,656.8741725231638
8,192.4,619.4370445913052
8,192.5,678.7768499242678
8,192.60000000000002,553.2831119446532
8,192.70000000000002,633.8561149416684
8,192.8,531.8801761831841
8,192.9,456.90435764969664
8,193.0,514.8104748291411
8,193.10000000000002,543.7166568332716
8,193.20000000000002,607.9009826475173
8,193.3,672.7101772930034
8,193.4,632.681223672868
8,193.5,489.94050321165633
8,193.60000000000002,555.3334692629455
8,193.70000000000002,625.3937153220105
8,193.8,618.9468359957972
8,193.9,638.8419224196841
8,194.0,650.8574969589984
8,194.10000000000002,685.437036960704
8,194.20000000000002,669.0602790419133
8,194.3,575.7703071285101
8,194.4,652.7619900598256
8,194.5,615.9486079855155
8,194.60000000000002,431.684939256849
8,194.70000000000002,630.3210724512628
8,194.8,588.9147737946763
8,194.9,647.141770286777
8,195.0,603.8254906115116
8,195.10000000000002,696.1591603004038
8,195.20000000000002,666.3349075235973
8,195.3,627.2150352775445
8,195.4,669.4920322471728
8,195.5,642.3773045974824
8,195.60000000000002,593.3381686067804
8,195.70000000000002,659.3107103630769
8,195.8,529.3934980811922
8,195.9,621.4922857751653
8,196.0,659.1066892161275
8,196.10000000000002,659.6574224614062
8,196.20000000000002,654.0250431305526
8,196.3,656.6447189128359
8,196.4,684.6085608687902
8,196.5,666.9052370475148
8,196.60000000000002,666.703524570694
8,196.70000000000002,503.05652730288364
8,196.8,654.6657396987721
8,196.9,1064.2204171623478
8,197.0,641.0536007540537
8,197.10000000000002,659.5841459105915
8,197.20000000000002,609.7945177692023
8,197.3,660.0230086501957
8,197.4,600.1986388494342
8,197.5,663.6565272608157
8,197.60000000000002,668.6056930180677
8,197.70000000000002,668.8757735725721
8,197.8,650.4433348869761
8,197.9,678.6477240222206
8,198.0,649.4983722485849
8,198.10000000000002,668.1896769330494
8,198.20000000000002,657.2508680163962
8,198.3,635.3538322178548
8,198.4,630.0063999999998
8,198.5,591.3836322424797
8,198.60000000000002,561.1713756135614
8,198.70000000000002,643.0000237092229
8,198.8,659.1498017913295
8,198.9,626.1478540549018
8,199.0,646.8089091002196
8,199.10000000000002,657.2188570799038
8,199.20000000000002,690.9549361482012
8,199.3,680.7551133040156
8,199.4,669.6393472682621
8,199.5,677.4362096850269
8,199.60000000000002,501.06250633402476
8,199.70000000000002,653.389923796174
8,199.8,680.182396520968
8,199.9,654.4866028106923
8,200.0,600.6271278134589
8,200.10000000000002,677.0995783526992
8,200.20000000000002,600.5079849055883
8,200.3,662.0587711247989
8,200.4,679.9098855731137
8,200.5,689.0033282178866
8,200.60000000000002,669.1200815158011
8,200.70000000000002,673.4961854004656
8,200.8,661.4864377364124
8,200.9,641.4943713487555
8,201.0,657.2834134518831
8,201.10000000000002,669.6707101424067
8,201.20000000000002,670.0128579092402
8,201.3,522.1690803223544
8,201.4,632.3107672866981
8,201.5,582.0749150353573
8,201.60000000000002,644.202070572448
8,201.70000000000002,668.648417653928
8,201.8,637.6493459622891
8,201.9,527.9325629639959
8,202.0,651.2128664793696
8,202.10000000000002,675.0746351619609
8,202.20000000000002,616.257892415621
8,202.3,649.0035056530786
8,202.4,616.399886832369
8,202.5,494.0364847056134
8,202.60000000000002,614.6235285614711
8,202.70000000000002,665.2380946315915
8,202.8,670.9912940816808
8,202.9,674.2814852442075
8,203.0,598.2248767868326
8,203.10000000000002,621.343795931833
8,203.20000000000002,662.530859251111
8,203.3,687.6668979781696
8,203.4,463.04645351021264
8,203.5,594.6133462525045
8,203.60000000000002,669.3136010689636
8,203.70000000000002,672.7411613949305
8,203.8,678.9492678424031
8,203.9,666.3727055603792
8,204.0,670.0878710973695
8,204.10000000000002,671.9018595744274
8,204.20000000000002,684.0165045697205
8,204.3,672.3244247826839
8,204.4,661.9564622108945
8,204.5,668.1802238899803
8,204.60000000000002,671.4138807389598
8,204.70000000000002,664.662341979506
8,204.8,684.8682825827951
8,204.9,672.3143245859771
8,205.0,678.6480405353028
8,205.10000000000002,686.038586261939
8,205.20000000000002,604.1712103097689
8,205.3,639.5177479733109
8,205.4,667.6621177608009
8,205.5,675.6677508021746
8,205.60000000000002,550.4644679589139
8,205.70000000000002,611.5218062244281
8,205.8,666.8273771056085
8,205.9,653.9654013736172
8,206.0,658.2752805569293
8,206.10000000000002,667.6560684182842
8,206.20000000000002,529.069840592246
8,206.3,563.0020279759998
8,206.4,641.888366286848
8,206.5,667.8097893700459
8,206.60000000000002,676.7410637189106
8,206.70000000000002,686.8646961007064
8,206.8,686.9852075849763
8,206.9,673.9863447245338
8,207.0,658.7479011590448
8,207.10000000000002,661.6241388380041
8,207.20000000000002,663.0701503702113
8,207.3,670.0308911027498
8,207.4,631.5996166287198
8,207.5,666.8716917637984
8,207.60000000000002,685.4341461144858
8,207.70000000000002,670.4655504126022
8,207.8,646.3368582672783
8,207.9,652.0578726229849
8,208.0,641.2877743244788
8,208.10000000000002,620.7028420287397
8,208.20000000000002,573.4805104129262
8,208.3,629.9502741204507
8,208.4,653.887088343753
8,208.5,630.5340139013592
8,208.60000000000002,602.5345918359311
8,208.70000000000002,641.1133373629767
8,208.8,659.5782942571951
8,208.9,659.5889407284794
8,209.0,645.4013782289142
8,209.10000000000002,651.2662120487483
8,209.20000000000002,673.6610188367337
8,209.3,671.9204067712495
8,209.4,663.8345276527772
8,209.5,657.8789683243585
8,209.60000000000002,639.4897588342645
8,209.70000000000002,417.89468110444545
8,209.8,538.9466975054597
8,209.9,659.8186849492461
8,210.0,622.4788355842715
8,210.10000000000002,632.512404815694
8,210.20000000000002,648.6792088307368
8,210.3,665.5281316529896
8,210.4,656.6868606627482
8,210.5,644.1504020407629
8,210.60000000000002,594.280091090016
8,210.70000000000002,569.4958686988945
8,210.8,577.3799825865258
8,210.9,597.9444113828938
8,211.0,623.0362577140917
8,211.10000000000002,644.9040534895511
8,211.20000000000002,625.1010898537252
8,211.3,616.3889370186887
8,211.4,648.5493173365692
8,211.5,596.5560736111408
8,211.60000000000002,562.5677745508397
8,211.70000000000002,622.7185289634242
8,211.8,657.5722728564418
8,211.9,474.81585802608305
8,212.0,522.324960257424
8,212.10000000000002,536.4333314985482
8,212.20000000000002,580.0732918685411
8,212.3,625.1109852232493
8,212.4,651.4275512497903
8,212.5,549.5006751526744
8,212.60000000000002,429.6027789578287
8,212.70000000000002,556.4061166931087
8,212.8,674.1322253751251
8,212.9,628.950247004708
8,213.0,613.6218624754421
8,213.10000000000002,653.8790146090129
8,213.20000000000002,689.2223413199215
8,213.3,690.0054958884509
8,213.4,648.4677576608332
8,213.5,638.4078893829654
8,213.60000000000002,659.8906143638944
8,213.70000000000002,603.654105005591
8,213.8,619.2227810068928
8,213.9,683.1317396156041
8,214.0,634.6225427584206
8,214.10000000000002,641.9913561893256
8,214.20000000000002,619.8522002662586
8,214.3,612.339778961613
8,214.4,666.9129884154705
8,214.5,673.3431426728887
8,214.60000000000002,677.9059959451215
8,214.70000000000002,653.6358645973928
8,214.8,652.4324127849413
8,214.9,675.2703638258602
8,215.0,669.2389559457325
8,215.10000000000002,659.5788534528093
8,215.20000000000002,641.6980666666612
8,215.3,621.2832881405637
8,215.4,643.1815045789522
8,215.5,672.5566541291186
8,215.60000000000002,657.671025688332
8,215.70000000000002,653.5708748939625
8,215.8,665.9941617029976
8,215.9,659.0829119090286
8,216.0,609.0727028947036
8,216.10000000000002,607.6077056925004
8,216.20000000000002,640.1029004382659
8,216.3,566.0492181652621
8,216.4,572.697179831388
8,216.5,627.7512147657242
8,216.60000000000002,605.1339843176183
8,216.70000000000002,629.6249162648097
8,216.8,539.186458065593
8,216.9,523.418718172261
8,217.0,649.8436514386985
8,217.10000000000002,606.8179226408415
8,217.20000000000002,562.3930682528882
8,217.3,592.4033765205616
8,217.4,651.9914214522211
8,217.5,668.6748351639978
8,217.60000000000002,663.8295941210501
8,217.70000000000002,681.6997606384625
8,217.8,684.9959998285545
8,217.9,651.3223683724665
8,218.0,652.8548721591653
8,218.10000000000002,656.5200924023304
8,218.20000000000002,655.8281327281371
8,218.3,668.570772303471
8,218.4,663.2451063105957
8,218.5,657.1477359780862
8,218.60000000000002,661.8222020065617
8,218.70000000000002,672.4706873420911
8,218.8,676.9904301394354
8,218.9,662.0256672509996
8,219.0,660.6091366344698
8,219.10000000000002,678.310926813492
8,219.20000000000002,695.82753680196
8,219.3,671.7339348030498
8,219.4,610.1252350467771
8,219.5,848.6626099858747
8,219.60000000000002,950.5417189298776
8,219.70000000000002,668.4392424773455
8,219.8,651.7210772391932
8,219.9,651.4831841667212
8,220.0,679.36522863869
8,220.10000000000002,676.9949328431345
8,220.20000000000002,666.6850947839005
8,220.3,558.8286041643597
8,220.4,524.7108331279549
8,220.5,596.9749954981993
8,220.60000000000002,573.5464435940643
8,220.70000000000002,640.8430750096512
8,220.8,656.8965788127346
8,220.9,576.8337143289591
8,221.0,532.4058572000305
8,221.10000000000002,674.8928262735875
8,221.20000000000002,671.5679098820576
8,221.3,671.8329854299272
8,221.4,645.7685856396827
8,221.5,622.4662089876299
8,221.60000000000002,665.5027494908302
8,221.70000000000002,676.1926158171684
8,221.8,666.6562646841904
8,221.9,658.509462967418
8,222.0,666.5243127421111
8,222.10000000000002,615.3441113972921
8,222.20000000000002,548.2172120535637
8,222.3,633.2721867373699
8,222.4,651.7127229553868
8,222.5,664.0224419488475
8,222.60000000000002,651.3943366907332
8,222.70000000000002,639.9012855366507
8,222.8,678.0581806033576
8,222.9,672.5544958708011
8,223.0,657.8436283160969
8,223.10000000000002,653.8501904229374
8,223.20000000000002,675.3993695706735
8,223.3,670.9653580390259
8,223.4,666.9733823409481
8,223.5,667.5937744095876
8,223.60000000000002,658.8607567180518
8,223.70000000000002,636.6664002838221
8,223.8,671.3625136134267
8,223.9,661.3710885117204
8,224.0,629.9235934489083
8,224.10000000000002,676.2985686791129
8,224.20000000000002,685.5499930850583
8,224.3,687.1528861166108
8,224.4,673.4195531023958
8,224.5,686.2946342532475
8,224.60000000000002,662.736492335015
8,224.70000000000002,643.8372333934369
8,224.8,643.0737475935076
8,224.9,591.8318252144416
8,225.0,669.169919151794
8,225.10000000000002,650.6754424633292
8,225.20000000000002,682.6379932313939
8,225.3,687.3864866346854
8,225.4,674.4118280139435
8,225.5,665.3946691004172
8,225.60000000000002,681.3932902306937
8,225.70000000000002,689.8393663884794
8,225.8,692.2109829910801
8,225.9,666.6279245024357
8,226.0,647.6723998628144
8,226.10000000000002,588.3263657753548
8,226.20000000000002,667.1812638213667
8,226.3,667.6621944748738
8,226.4,674.9302354255665
8,226.5,668.155064535249
8,226.60000000000002,649.7852094424619
8,226.70000000000002,636.2658268441206
8,226.8,685.8427618917088
8,226.9,625.3895511827831
8,227.0,657.4704337726182
8,227.10000000000002,653.7082728048856
8,227.20000000000002,682.0953520552224
8,227.3,705.0831335444223
8,227.4,682.5792406152802
8,227.5,680.0636787583271
8,227.60000000000002,670.5122515697259
8,227.70000000000002,674.9654037547657
8,227.8,654.4339359153985
8,227.9,607.9997690152001
8,228.0,648.934082557182
8,228.10000000000002,640.5561878216292
8,228.20000000000002,662.7881238635728
8,228.3,672.4402443171621
8,228.4,583.6143124271512
8,228.5,439.03292787927154
8,228.60000000000002,668.4323856414112
8,228.70000000000002,637.4948348194883
8,228.8,670.0719600454356
8,228.9,624.4746238946996
8,229.0,658.299840549779
8,229.10000000000002,645.8572301829684
8,229.20000000000002,664.3946933482923
8,229.3,658.6999989354204
8,229.4,635.9891839645577
8,229.5,651.0701684941182
8,229.60000000000002,611.6097660378734
8,229.70000000000002,544.9588766198079
8,229.8,642.2751727891623
8,229.9,650.5091379451297
8,230.0,644.638951289289
8,230.10000000000002,643.181100589786
8,230.20000000000002,664.6258139207409
8,230.3,660.3970562274588
8,230.4,464.3983184763454
8,230.5,500.407563324686
8,230.60000000000002,652.127670903014
8,230.70000000000002,675.2576998661358
8,230.8,719.5745140530087
8,230.9,686.9987604061089
8,231.0,655.2199692130313
8,231.10000000000002,635.5533537719864
8,231.20000000000002,673.4357739015084
8,231.3,646.841709823438
8,231.4,575.9177355015788
8,231.5,658.1698263697994
8,231.60000000000002,617.951414416153
8,231.70000000000002,478.1251437888092
8,231.8,542.4238105626902
8,231.9,674.7811507506619
8,232.0,650.1169451535776
8,232.10000000000002,637.1005403297252
8,232.20000000000002,625.8541809128149
8,232.3,690.9873066844453
8,232.4,632.2948344837595
8,232.5,651.229974245308
8,232.60000000000002,661.6770544870349
8,232.70000000000002,626.5408693503595
8,232.8,631.4918845248313
8,232.9,630.4828363445363
8,233.0,664.8377511189976
8,233.10000000000002,651.0805423992402
8,233.20000000000002,642.9889168695639
8,233.3,671.1747393813523
8,233.4,676.8689166306544
8,233.5,631.5938969711697
8,233.60000000000002,678.1933726344386
8,233.70000000000002,665.1600215669154
8,233.8,617.7167417628464
8,233.9,658.1784124020579
8,234.0,685.7491617530393
8,234.10000000000002,663.3575442940879
8,234.20000000000002,679.9183884980281
8,234.3,580.2800396374903
8,234.4,663.6783710448877
8,234.5,666.2369601125373
8,234.60000000000002,583.6778366596276
8,234.70000000000002,651.7371055609544
8,234.8,665.2729877929745
8,234.9,539.7675745018556
8,235.0,590.5548238227174
8,235.10000000000002,641.4571077109003
8,235.20000000000002,675.8901327334769
8,235.3,619.510687986436
8,235.4,584.7324212937665
8,235.5,653.0809889580023
8,235.60000000000002,609.2515577865921
8,235.70000000000002,679.5315115102899
8,235.8,610.3199127668005
8,235.9,649.2731049872568
8,236.0,675.9052333134812
8,236.10000000000002,616.6939361295467
8,236.20000000000002,619.9730373299421
8,236.3,686.0754694773627
8,236.4,690.9367975653682
8,236.5,625.2733276930128
8,236.60000000000002,567.59894724332
8,236.70000000000002,644.511346059502
8,236.8,678.1245313861551
8,236.9,623.5169795370697
8,237.0,589.301094643358
8,237.10000000000002,562.9111961749786
8,237.20000000000002,654.3042063048481
8,237.3,560.6915887891575
8,237.4,633.0472037678546
8,237.5,1193.9250642979496
8,237.60000000000002,623.9290833571577
8,237.70000000000002,617.2704207725806
8,237.8,615.7363555146848
8,237.9,649.602401011118
8,238.0,678.8206059814135
8,238.10000000000002,644.9225522578615
8,238.20000000000002,589.5012415043808
8,238.3,672.3227189658201
8,238.4,679.1891152571441
8,238.5,670.1692164909217
8,238.60000000000002,670.658298491656
8,238.70000000000002,661.683278364675
8,238.8,698.3839737853534
8,238.9,689.7962757563764
8,239.0,676.6483282129958
8,239.10000000000002,461.9383760025732
8,239.20000000000002,645.2052534521694
8,239.3,703.7603339358485
8,239.4,677.8695173042516
8,239.5,614.1138231325576
8,239.60000000000002,657.7786896192424
8,239.70000000000002,680.5499356789109
8,239.8,570.210061447684
8,239.9,615.640539662263
8,240.0,674.3099163089362
8,240.10000000000002,576.7673237796068
8,240.20000000000002,514.799876014539
8,240.3,637.3141173793923
8,240.4,657.207436824592
8,240.5,687.4868204380778
8,240.60000000000002,546.8345686901686
8,240.70000000000002,650.0982419447512
8,240.8,667.3492667759072
8,240.9,454.4064969738318
8,241.0,525.4909236383385
8,241.10000000000002,525.6828227842799
8,241.20000000000002,398.5170573948659
8,241.3,578.8115005568607
8,241.4,665.1410009810651
8,241.5,626.0555546922823
8,241.60000000000002,475.62641065191104
8,241.70000000000002,419.01857401951855
8,241.8,440.6387572940993
8,241.9,627.1715807991092
8,242.0,667.8294689470662
8,242.10000000000002,676.7479152887585
8,242.20000000000002,573.127802426859
8,242.3,643.3066484322928
8,242.4,656.77785781142
8,242.5,659.5863908652655
8,242.60000000000002,656.126236326676
8,242.70000000000002,662.8817512914743
8,242.8,670.1919580676207
8,242.9,665.7789734345112
8,243.0,671.1041181587894
8,243.10000000000002,680.822235354497
8,243.20000000000002,669.2547555506907
8,243.3,664.0339881809988
8,243.4,695.4003677573285
8,243.5,687.0909860252875
8,243.60000000000002,601.0005433297235
8,243.70000000000002,642.0964293279485
8,243.8,637.7498584592158
8,243.9,665.3308178656908
8,244.0,681.7717964969618
8,244.10000000000002,669.1722987316205
8,244.20000000000002,663.2547129935266
8,244.3,566.1662956776358
8,244.4,632.8464004845202
8,244.5,673.01604975581
8,244.60000000000002,663.5699156711585
8,244.70000000000002,663.4730870394324
8,244.8,657.1793295966447
8,244.9,682.221020836477
8,245.0,661.2298715286445
8,245.10000000000002,657.5510974632738
8,245.20000000000002,670.9487707715242
8,245.3,678.2699737903903
8,245.4,673.397806590862
8,245.5,670.4310925687746
8,245.60000000000002,677.3470768954336
8,245.70000000000002,696.8424141792453
8,245.8,671.9475611587717
8,245.9,684.8561002463122
8,246.0,697.9612750150061
8,246.10000000000002,693.2621366274592
8,246.20000000000002,676.8130146884387
8,246.3,684.0421426942715
8,246.4,816.2731215124693
8,246.5,654.0710438423505
8,246.60000000000002,632.9443610244085
8,246.70000000000002,674.7811920715701
8,246.8,636.3940836241377
8,246.9,625.9642119414082
8,247.0,654.6137303772148
8,247.10000000000002,632.6895085659593
8,247.20000000000002,650.5765397174147
8,247.3,674.6087590620693
8,247.4,660.0859739665675
8,247.5,657.5313404381911
8,247.60000000000002,536.9191254967062
8,247.70000000000002,613.051745256822
8,247.8,633.726524252105
8,247.9,640.3783788711289
8,248.0,654.5127385364901
8,248.10000000000002,669.6334117993347
8,248.20000000000002,657.7412573703314
8,248.3,628.6504976623763
8,248.4,660.2990606078243
8,248.5,673.96201020379
8,248.60000000000002,674.0571391471503
8,248.70000000000002,676.9032987943373
8,248.8,665.0919312499979
8,248.9,663.7984015585162
8,249.0,482.27996030888585
8,249.10000000000002,567.2716544141509
8,249.20000000000002,662.4249039217842
8,249.3,636.4132136488844
8,249.4,649.498371968053
8,249.5,652.940316739193
8,249.60000000000002,680.7945043125884
8,249.70000000000002,678.5482655736948
8,249.8,673.6187169204027
8,249.9,669.1314398228521
8,250.0,673.5325434973356
8,250.10000000000002,689.4754379870634
8,250.20000000000002,677.1561097211398
8,250.3,666.4735842517514
8,250.4,667.5102138529254
8,250.5,665.2893411268202
8,250.60000000000002,657.2723024840907
8,250.70000000000002,660.7504758148201
8,250.8,659.8751065769846
8,250.9,677.8313208110818
8,251.0,688.568488455467
8,251.10000000000002,680.0873296029351
8,251.20000000000002,671.4384178430005
8,251.3,672.2194863605855
8,251.4,666.01800769758
8,251.5,669.5375287797884
8,251.60000000000002,635.9540206170199
8,251.70000000000002,656.2081166604863
8,251.8,664.614307198876
8,251.9,663.6606261973733
8,252.0,672.1237239485199
8,252.10000000000002,659.0787682604357
8,252.20000000000002,631.9659670328153
8,252.3,619.4472929540988
8,252.4,630.8743949398153
8,252.5,664.3153467137238
8,252.60000000000002,667.7345478328305
8,252.70000000000002,661.0120776434284
8,252.8,668.4011219092234
8,252.9,674.1795803648109
8,253.0,679.8551977713831
8,253.10000000000002,665.6629296658363
8,253.20000000000002,657.3308996610863
8,253.3,669.9261704728557
8,253.4,669.3291751955969
8,253.5,663.6445663673911
8,253.60000000000002,678.2141085227062
8,253.70000000000002,613.3225679021566
8,253.8,603.5174600645249
8,253.9,656.4690530319695
8,254.0,669.0664047634319
8,254.10000000000002,669.9164045834458
8,254.20000000000002,660.15122479112
8,254.3,639.2363860220335
8,254.4,643.6269291215009
8,254.5,667.7142315648039
8,254.60000000000002,535.6232624070473
8,254.70000000000002,546.280799983402
8,254.8,671.4297285902434
8,254.9,666.6274538042576
8,255.0,611.7287151769428
8,255.10000000000002,566.7024688973984
8,255.20000000000002,616.7195544575021
8,255.3,668.5421862104645
8,255.4,677.6232580277699
8,255.5,679.197756384451
8,255.60000000000002,679.3134688099373
8,255.70000000000002,668.9726686098268
8,255.8,631.5154818915134
8,255.9,632.2740063486964
8,256.0,664.5830858656597
8,256.1,659.1088647603635
8,256.2,664.7199159908643
8,256.3,592.3375920773988
8,256.40000000000003,584.419343326379
8,256.5,669.9845042667187
8,256.6,672.3566920300468
8,256.7,666.3195642229043
8,256.8,544.6207890170552
8,256.90000000000003,535.2421790316687
8,257.0,686.3526036545728
8,257.1,678.3898446471521
8,257.2,666.3699119815592
8,257.3,669.2759767448011
8,257.40000000000003,660.0844549208177
8,257.5,653.1278147466359
8,257.6,642.0242343836304
8,257.7,661.3880375526116
8,257.8,652.6043665322466
8,257.90000000000003,652.5163469022242
8,258.0,666.972542291302
8,258.1,676.4072130594847
8,258.2,652.763982621591
8,258.3,625.48892643565
8,258.40000000000003,662.637606231642
8,258.5,663.8752914032042
8,258.6,667.1587763714289
8,258.7,668.6077982451319
8,258.8,653.6025697324071
8,258.90000000000003,604.6766038601103
8,259.0,588.7213246797169
8,259.1,659.7582794605364
8,259.2,662.4242891788081
8,259.3,650.6638727618757
8,259.40000000000003,657.1401870767919
8,259.5,666.7353204443144
8,259.6,661.8129192013149
8,259.7,717.2836347410288
8,259.8,751.5766272021492
8,259.90000000000003,678.3093879757098
8,260.0,654.3633976210604
8,260.1,666.3427166376928
8,260.2,668.5517932425591
8,260.3,655.1113231554913
8,260.40000000000003,602.378814721457
8,260.5,590.8565625205464
8,260.6,668.5343822993705
8,260.7,560.8575783763833
8,260.8,512.6852398324021
8,260.90000000000003,661.7878217745205
8,261.0,650.1473848002726
8,261.1,644.8355251043696
8,261.2,653.0674823881155
8,261.3,652.468330460911
8,261.40000000000003,673.3273281972644
8,261.5,662.4451225834421
8,261.6,635.1072862847699
8,261.7,646.7350400870972
8,261.8,630.4689465720037
8,261.90000000000003,601.5836690010785
8,262.0,620.6584708284297
8,262.1,634.0312353857132
8,262.2,640.1933394005813
8,262.3,631.0504023307697
8,262.40000000000003,627.3991660221762
8,262.5,596.9962472568311
8,262.6,620.0085834380401
8,262.7,616.9150497091747
8,262.8,596.005224229683
8,262.90000000000003,635.6510141679001
8,263.0,627.8488670244229
8,263.1,672.7400665362306
8,263.2,596.2137922308056
8,263.3,509.0875226754323
8,263.40000000000003,600.699951770456
8,263.5,650.2755102849684
8,263.6,679.198559080392
8,263.7,676.6638311681422
8,263.8,644.9398231757261
8,263.90000000000003,591.492982179334
8,264.0,560.8290901699081
8,264.1,631.3774456813762
8,264.2,646.4266875327226
8,264.3,613.3503326610692
8,264.40000000000003,552.9202120959264
8,264.5,643.636938914624
8,264.6,617.9251435267116
8,264.7,654.7344241257995
8,264.8,640.9747937790479
8,264.90000000000003,633.6098777565073
8,265.0,645.5301331052735
8,265.1,619.7737558680705
8,265.2,657.0440720844183
8,265.3,672.5317441185475
8,265.40000000000003,621.6082461840045
8,265.5,568.2294002425398
8,265.6,655.0920414935111
8,265.7,658.5276111613755
8,265.8,664.3397951666814
8,265.90000000000003,661.2517379362683
8,266.0,681.2463106159864
8,266.1,671.8570583449045
8,266.2,660.9532489281762
8,266.3,645.4294288734868
8,266.40000000000003,656.9023183889781
8,266.5,674.4761177765075
8,266.6,670.1957253625716
8,266.7,661.3726501879617
8,266.8,659.4981813138432
8,266.90000000000003,645.214607891134
8,267.0,643.293167553673
8,267.1,664.7896727004182
8,267.2,662.9138243011652
8,267.3,665.4260254627175
8,267.40000000000003,637.748926494225
8,267.5,665.6178570077585
8,267.6,669.4053287465458
8,267.7,648.8485201741761
8,267.8,655.038680448646
8,267.90000000000003,670.1141024894902
8,268.0,662.0746290960715
8,268.1,637.783726764521
8,268.2,677.4490465166607
8,268.3,659.1863540240599
8,268.40000000000003,642.9398933975058
8,268.5,629.3583510523996
8,268.6,685.3090959446957
8,268.7,685.424219342225
8,268.8,661.811586185736
8,268.90000000000003,669.8729671319742
8,269.0,651.6516663014377
8,269.1,665.2628244234189
8,269.2,679.255841066051
8,269.3,683.179237764049
8,269.40000000000003,671.0846069722013
8,269.5,658.4154060448408
8,269.6,669.6040667354453
8,269.7,657.9507685883231
8,269.8,527.8100853969452
8,269.90000000000003,664.1773305756348
8,270.0,658.4944616625216
8,270.1,673.9236581030436
8,270.2,661.6445575404529
8,270.3,672.5276004343929
8,270.40000000000003,663.4956928086596
8,270.5,671.695730115017
8,270.6,649.6881142077083
8,270.7,668.549069222255
8,270.8,674.5259986670252
8,270.90000000000003,669.8485677857292
8,271.0,657.7993922119612
8,271.1,657.0618540609979
8,271.2,673.5514749186566
8,271.3,685.2433813558379
8,271.40000000000003,672.0253202683343
8,271.5,660.0100914824845
8,271.6,651.6286795144346
8,271.7,607.2261112168468
8,271.8,424.850283666817
8,271.90000000000003,671.9278065228931
8,272.0,672.0362357510917
8,272.1,684.8812993342119
8,272.2,652.281576234063
8,272.3,671.9332738919579
8,272.40000000000003,669.1487441093606
8,272.5,667.3756518728158
8,272.6,681.8138129679791
8,272.7,670.9457708998614
8,272.8,650.1962836291714
8,272.90000000000003,491.62164826260425
8,273.0,676.5430082549964
8,273.1,669.4299569161047
8,273.2,695.4967859405477
8,273.3,691.3606512351233
8,273.40000000000003,636.6757478603009
8,273.5,622.5130304117042
8,273.6,684.235656346765
8,273.7,682.2680426256602
8,273.8,698.2137951239351
8,273.90000000000003,665.6845586059575
8,274.0,637.0471279752845
8,274.1,637.5520582075474
8,274.2,670.0374382438728
8,274.3,555.1195825196701
8,274.40000000000003,683.8327883377536
8,274.5,463.45578529316015
8,274.6,707.0878533532054
8,274.7,683.595420074461
8,274.8,655.0261524649414
8,274.90000000000003,689.9430534912653
8,275.0,662.3933794992735
8,275.1,697.8852715850737
8,275.2,700.8620386563334
8,275.3,694.6292473527812
8,275.40000000000003,658.5586876070132
8,275.5,636.8671500731402
8,275.6,648.7046002829796
8,275.7,622.4085590986865
8,275.8,682.7760006983297
8,275.90000000000003,614.1089754515095
8,276.0,660.8237948039945
8,276.1,678.4388721250214
8,276.2,666.7741190107191
8,276.3,693.7031470489909
8,276.40000000000003,674.3116175912631
8,276.5,658.84105533562
8,276.6,603.4530233343363
8,276.7,629.8101646711896
8,276.8,663.8576046548222
8,276.90000000000003,674.6914167443417
8,277.0,687.5123147870294
8,277.1,682.4749209028765
8,277.2,666.9742757029867
8,277.3,686.5618016779007
8,277.40000000000003,687.2180990221688
8,277.5,674.6785623548578
8,277.6,692.6285127664071
8,277.7,692.6861767407966
8,277.8,683.5741641844339
8,277.90000000000003,694.340409415648
8,278.0,686.6343248621953
8,278.1,710.877110178963
8,278.2,670.4085107587111
8,278.3,670.6984471130661
8,278.40000000000003,673.3801836503885
8,278.5,666.3014565416743
8,278.6,677.8259168306962
8,278.7,683.6345558394347
8,278.8,698.7798390109975
8,278.90000000000003,690.4260698649829
8,279.0,679.3051202160019
8,279.1,676.4674886962484
8,279.2,688.4515892877031
8,279.3,685.9872941739362
8,279.40000000000003,677.2990897582092
8,279.5,676.6363593817589
8,279.6,478.644495015701
8,279.7,635.9237562538436
8,279.8,694.0437281023815
8,279.90000000000003,675.8950088804952
8,280.0,675.2019683873549
8,280.1,684.2799687078839
8,280.2,689.4364599703196
8,280.3,680.0797020537833
8,280.40000000000003,677.5709694331882
8,280.5,589.8570826128722
8,280.6,602.766803667803
8,280.7,654.1806511933077
8,280.8,679.11089065473
8,280.90000000000003,669.9427419302408
8,281.0,681.7281057281609
8,281.1,685.7120892665324
8,281.2,694.2776154369437
8,281.3,689.6958793290017
8,281.40000000000003,691.6585422454745
8,281.5,696.4919892945603
8,281.6,687.4026992675887
8,281.7,685.7476043909987
8,281.8,687.7632386503376
8,281.90000000000003,677.6592999152822
8,282.0,541.3084902100867
8,282.1,636.9632304330019
8,282.2,688.7110873043576
8,282.3,610.864576652075
8,282.40000000000003,558.761249807089
8,282.5,642.034539960591
8,282.6,654.9899786349754
8,282.7,672.2995334898997
8,282.8,652.9845173055722
8,282.90000000000003,665.3361557550635
8,283.0,661.0567803095258
8,283.1,667.7448227168056
8,283.2,652.9291446236498
8,283.3,659.4863601221534
8,283.40000000000003,631.6846917478157
8,283.5,657.7828039998951
8,283.6,549.9431896468858
8,283.7,609.6640771419264
8,283.8,663.7495609797231
8,283.90000000000003,679.0097683986907
8,284.0,661.8200193300811
8,284.1,627.2155065853382
8,284.2,640.5118641285667
8,284.3,662.5282374364205
8,284.40000000000003,662.5513915637836
8,284.5,650.2266033364137
8,284.6,570.1002961465061
8,284.7,598.4528046616554
8,284.8,650.0195759880366
8,284.90000000000003,649.408056696084
8,285.0,618.0685878065165
8,285.1,645.5586776484446
8,285.2,662.6795419824493
8,285.3,571.6336185838384
8,285.40000000000003,617.0172163071403
8,285.5,649.571964917917
8,285.6,655.8952524392064
8,285.7,658.1762944256401
8,285.8,683.524925613279
8,285.90000000000003,667.8735702524349
8,286.0,604.7043875702634
8,286.1,600.4642090104243
8,286.2,634.360641562762
8,286.3,629.283299070921
8,286.40000000000003,576.199859329575
8,286.5,595.5330379310756
8,286.6,634.2454163849189
8,286.7,616.7926438673583
8,286.8,633.388052248575
8,286.90000000000003,645.8521681050288
8,287.0,647.4236783535206
8,287.1,668.1970361092247
8,287.2,671.3727024700283
8,287.3,650.3676136725513
8,287.40000000000003,620.1296001267225
8,287.5,605.2879088663261
8,287.6,626.3719536715524
8,287.7,628.1304038285836
8,287.8,647.6179605593563
8,287.90000000000003,653.4672151746533
8,288.0,576.7427375161552
8,288.1,600.1333917218175
8,288.2,659.975918483935
8,288.3,604.6550451280808
8,288.40000000000003,596.2270307041604
8,288.5,613.6934038741463
8,288.6,628.2669494801494
8,288.7,652.1364699492825
8,288.8,685.1997967503314
8,288.90000000000003,675.0287455606943
8,289.0,619.5879506878684
8,289.1,588.1436222536714
8,289.2,590.8952454299834
8,289.3,638.0900603174609
8,289.40000000000003,668.0899521101161
8,289.5,660.1413313019509
8,289.6,636.6540226593995
8,289.7,644.6258795278006
8,289.8,656.5914368441333
8,289.90000000000003,663.7261224124142
8,290.0,665.878776961193
8,290.1,659.4651157188529
8,290.2,664.1882487065824
8,290.3,661.6421423561397
8,290.40000000000003,546.6151107113076
8,290.5,487.2592157941754
8,290.6,601.5076649037786
8,290.7,668.2192481592025
8,290.8,648.3806750787861
8,290.90000000000003,620.2640227747321
8,291.0,615.9867252412682
8,291.1,639.2549042280614
8,291.2,662.7706657499132
8,291.3,645.0285537880652
8,291.40000000000003,658.1538156787286
8,291.5,693.0008299090891
8,291.6,681.3638210976899
8,291.7,648.5759990219024
8,291.8,527.822401287173
8,291.90000000000003,515.9539499948409
8,292.0,616.3249804123367
8,292.1,605.8544414578741
8,292.2,620.6987730456074
8,292.3,626.0679772721887
8,292.40000000000003,628.1552569638249
8,292.5,609.7961022909935
8,292.6,634.9694319578429
8,292.7,577.7589985244757
8,292.8,554.8573420252263
8,292.90000000000003,645.5385204512919
8,293.0,638.4109305427028
8,293.1,590.3035463418395
8,293.2,536.368440251017
8,293.3,583.9925166064743
8,293.40000000000003,594.3318822429563
8,293.5,641.2984943980027
8,293.6,659.0762793750539
8,293.7,635.8683649127626
8,293.8,581.3548399680728
8,293.90000000000003,587.9510841994024
8,294.0,654.1787321791412
8,294.1,635.2343830713587
8,294.2,659.7240418548995
8,294.3,696.5250059148968
8,294.40000000000003,710.3068147578817
8,294.5,667.6745206599364
8,294.6,677.0144283562207
8,294.7,560.8078515774686
8,294.8,433.178905807149
8,294.90000000000003,675.6548938706958
8,295.0,675.6885583889939
8,295.1,663.9989239280641
8,295.2,637.2619581895893
8,295.3,655.5199435056453
8,295.40000000000003,656.5800863065529
8,295.5,596.4264493917385
8,295.6,496.8183040776861
8,295.7,653.3370417348175
8,295.8,629.7732654401203
8,295.90000000000003,615.1069232719772
8,296.0,584.7832471645389
8,296.1,624.4379469880824
8,296.2,672.5797598275211
8,296.3,638.4969893301133
8,296.40000000000003,578.9740248291478
8,296.5,629.2361422028657
8,296.6,627.5363567065954
8,296.7,598.2803964979715
8,296.8,648.1947062166341
8,296.90000000000003,563.085895198849
8,297.0,618.2325174308081
8,297.1,634.4989074523716
8,297.2,612.6540943508505
8,297.3,601.2269874311221
8,297.40000000000003,468.84327481502805
8,297.5,661.168752929713
8,297.6,662.0122344485821
8,297.7,656.0522836418119
8,297.8,660.141060271465
8,297.90000000000003,658.2584315325745
8,298.0,672.9055225485993
8,298.1,651.668272314242
8,298.2,633.4568910919832
8,298.3,656.1353627648789
8,298.40000000000003,650.351125116322
8,298.5,661.857263921151
8,298.6,645.9672497305774
8,298.7,625.2310527437886
8,298.8,617.5774734233879
8,298.90000000000003,630.8498209153648
8,299.0,631.5840746820545
8,299.1,585.9562589674168
8,299.2,511.9006557854077
8,299.3,666.4103077889511
8,299.40000000000003,621.9167106745961
8,299.5,598.1349874140868
8,299.6,647.5004605391351
8,299.7,665.9497407335065
8,299.8,640.5578213055969
8,299.90000000000003,591.4381945796578
8,300.0,654.6683116583047
8,300.1,650.2180916244756
8,300.2,643.8259595219837
8,300.3,649.9719602801721
8,300.40000000000003,545.2836288020802
8,300.5,653.9599464808598
8,300.6,662.0546510277405
8,300.7,653.1293121542128
8,300.8,612.5785647485756
8,300.90000000000003,653.52095440523
8,301.0,657.3272026119812
8,301.1,658.6812945737393
8,301.2,632.9391622171581
8,301.3,651.6644657229314
8,301.40000000000003,668.8827016737861
8,301.5,659.3475720244597
8,301.6,652.2137731583684
8,301.7,619.4475495104812
8,301.8,664.1220128353287
8,301.90000000000003,598.9561235587125
8,302.0,647.5252590736239
8,302.1,630.5044130431492
8,302.2,681.6070611983819
8,302.3,680.4858439112559
8,302.40000000000003,653.6171572732062
8,302.5,566.010246936439
8,302.6,616.4444443860021
8,302.7,635.0631289197221
8,302.8,630.0191814285266
8,302.90000000000003,655.2825780193087
8,303.0,682.5639634546112
8,303.1,628.1710991600189
8,303.2,670.1295732608177
8,303.3,643.9863963536782
8,303.40000000000003,674.7171785882566
8,303.5,638.1132481530981
8,303.6,684.0103573928982
8,303.7,669.0791004895805
8,303.8,651.1000720755884
8,303.90000000000003,657.4460825946796
8,304.0,652.467529365102
8,304.1,594.4071441456518
8,304.2,617.847549845628
8,304.3,651.7411240343025
8,304.40000000000003,681.9777758580564
8,304.5,628.1905511796622
8,304.6,637.4308442378045
8,304.7,667.172552778595
8,304.8,658.3552076983908
8,304.90000000000003,662.176061836809
8,305.0,662.9005067714525
8,305.1,630.1235570658598
8,305.2,655.1438610143297
8,305.3,641.1678319235701
8,305.40000000000003,637.6176729282705
8,305.5,653.3047954371644
8,305.6,641.1611811427794
8,305.7,682.741443315214
8,305.8,679.0476122954778
8,305.90000000000003,651.5252873210743
8,306.0,632.6436588541915
8,306.1,595.1197824805328
8,306.2,682.7708888416506
8,306.3,673.8935879090234
8,306.40000000000003,683.3555631123322
8,306.5,679.0693790515492
8,306.6,601.7018568812667
8,306.7,647.5677844510672
8,306.8,643.0629113383787
8,306.90000000000003,680.4506624914663
8,307.0,666.2669539405043
8,307.1,683.4621222985071
8,307.20000000000005,670.8902874284045
8,307.3,643.507367559902
8,307.40000000000003,658.1646915433017
8,307.5,676.067191743716
8,307.6,650.2246730667188
8,307.70000000000005,669.8503700806073
8,307.8,469.9292977386622
8,307.90000000000003,655.2667844018561
8,308.0,659.2753385756797
8,308.1,625.4262544201762
8,308.20000000000005,663.9829169047632
8,308.3,672.545283822784
8,308.40000000000003,657.775871252642
8,308.5,656.2748655143661
8,308.6,639.8908549020783
8,308.70000000000005,629.4886917243601
8,308.8,660.9674647393209
8,308.90000000000003,646.5862910811351
8,309.0,675.2782602978111
8,309.1,647.2928417831153
8,309.20000000000005,683.8433750473708
8,309.3,673.9401408925212
8,309.40000000000003,662.4240998444247
8,309.5,651.107534041068
8,309.6,642.8430931162881
8,309.70000000000005,634.2743933551042
8,309.8,652.6548017005748
8,309.90000000000003,672.708776805911
8,310.0,671.1861512950998
8,310.1,577.6673294412542
8,310.20000000000005,666.3981488635407
8,310.3,498.5798479740856
8,310.40000000000003,646.8132861605997
8,310.5,557.5378553282321
8,310.6,611.0945811774727
8,310.70000000000005,413.0663639408549
8,310.8,617.9595157612625
8,310.90000000000003,663.2715790514584
8,311.0,686.3048058677352
8,311.1,637.7399503474768
8,311.20000000000005,498.37871072515355
8,311.3,406.51686579019116
8,311.40000000000003,607.6843017984543
8,311.5,662.8195640215574
8,311.6,653.5111969635215
8,311.70000000000005,646.7886112868415
8,311.8,602.03242842588
8,311.90000000000003,651.3859714340375
8,312.0,649.0369846183536
8,312.1,665.742869721754
8,312.20000000000005,623.5537943361666
8,312.3,633.9770618907535
8,312.40000000000003,439.2244980635784
8,312.5,617.3707286910906
8,312.6,651.5641687439432
8,312.70000000000005,658.3424272617495
8,312.8,611.4909715801501
8,312.90000000000003,660.1873950433474
8,313.0,452.64011062848937
8,313.1,646.310139358303
8,313.20000000000005,626.5163135801657
8,313.3,627.4378414209115
8,313.40000000000003,648.934596072974
8,313.5,670.4700013174697
8,313.6,672.9240777212909
8,313.70000000000005,659.3786014827592
8,313.8,631.1179794299511
8,313.90000000000003,635.7813894722079
8,314.0,545.9822596826834
8,314.1,621.1273814849875
8,314.20000000000005,653.5665037340614
8,314.3,602.6245774185713
8,314.40000000000003,659.0933934137565
8,314.5,627.5050875780015
8,314.6,621.2550420270491
8,314.70000000000005,665.480819449537
8,314.8,568.477392210148
8,314.90000000000003,605.919494854032
8,315.0,566.2337085199443
8,315.1,623.8875138171092
8,315.20000000000005,648.6999543233198
8,315.3,658.6251769804131
8,315.40000000000003,648.703130377022
8,315.5,654.4755292098675
8,315.6,648.5583607428968
8,315.70000000000005,670.4248151814729
8,315.8,654.7770315280578
8,315.90000000000003,617.9953878512822
8,316.0,650.8057958471409
8,316.1,664.5060342557666
8,316.20000000000005,641.0321685627679
8,316.3,678.0495750640883
8,316.40000000000003,679.3747575140461
8,316.5,664.5013956899488
8,316.6,590.9183966352005
8,316.70000000000005,630.8329043634744
8,316.8,547.6874649375013
8,316.90000000000003,644.9848069257129
8,317.0,654.2270717976572
8,317.1,589.0175453908547
8,317.20000000000005,620.8769949198738
8,317.3,635.4289281962098
8,317.40000000000003,662.9494061058821
8,317.5,648.2091632703624
8,317.6,660.1195554569895
8,317.70000000000005,685.1154406352905
8,317.8,584.9964327935713
8,317.90000000000003,620.5505099944502
8,318.0,673.9264518751103
8,318.1,659.4187208088466
8,318.20000000000005,664.748581831488
8,318.3,622.2795144283677
8,318.40000000000003,602.6428826318484
8,318.5,564.1727784716481
8,318.6,640.8061006000854
8,318.70000000000005,641.513593305091
8,318.8,642.6454369278761
8,318.90000000000003,639.0900559874179
8,319.0,601.6230997805947
8,319.1,561.8333379123976
8,319.20000000000005,632.6525223499112
8,319.3,620.9941724505925
8,319.40000000000003,658.0540332815862
8,319.5,665.5747054320907
8,319.6,644.9356783621231
8,319.70000000000005,633.5074259923443
8,319.8,639.4938912435691
8,319.90000000000003,662.9243657371527
8,320.0,631.3190201783412
8,320.1,499.2297958122413
8,320.20000000000005,579.9295056396753
8,320.3,621.8237987502074
8,320.40000000000003,646.0716711529482
8,320.5,651.5224300859066
8,320.6,633.8061438672735
8,320.70000000000005,643.9903606216941
8,320.8,645.5709067347378
8,320.90000000000003,613.1180782680223
8,321.0,655.6209208191582
8,321.1,666.0894545407687
8,321.20000000000005,672.2640157741264
8,321.3,669.8104792823631
8,321.40000000000003,638.9779322595502
8,321.5,651.412099121756
8,321.6,647.6298906440883
8,321.70000000000005,638.8522520790127
8,321.8,660.1227831246463
8,321.90000000000003,673.884108875766
8,322.0,640.2391806410883
8,322.1,638.623225900337
8,322.20000000000005,645.8670029706914
8,322.3,664.1752750512204
8,322.40000000000003,690.8139358062174
8,322.5,690.7866328020189
8,322.6,683.5469593348494
8,322.70000000000005,680.2226524701842
8,322.8,662.3427878812971
8,322.90000000000003,662.0750733213802
8,323.0,666.1098881080231
8,323.1,640.5092968593345
8,323.20000000000005,632.9702323916947
8,323.3,640.2564670873927
8,323.40000000000003,652.4156877356237
8,323.5,668.4210953656078
8,323.6,685.461646816281
8,323.70000000000005,646.5517047535644
8,323.8,663.4730349864108
8,323.90000000000003,680.0666754906964
8,324.0,668.3888582126893
8,324.1,643.7073833690996
8,324.20000000000005,600.2687149015102
8,324.3,527.586465746312
8,324.40000000000003,542.1855718243303
8,324.5,630.282041883118
8,324.6,667.2848278270319
8,324.70000000000005,630.2451653368242
8,324.8,611.7631059002941
8,324.90000000000003,640.0965084014704
8,325.0,670.6135661641541
8,325.1,668.1775873770629
8,325.20000000000005,618.2954610919654
8,325.3,600.8496389242965
8,325.40000000000003,636.956825606936
8,325.5,589.0923387468731
8,325.6,592.6423522669545
8,325.70000000000005,654.6110664905319
8,325.8,645.4621997398307
8,325.90000000000003,575.6899406312612
8,326.0,606.0396177890228
8,326.1,658.1697794032525
8,326.20000000000005,671.439467161422
8,326.3,661.9417773795788
8,326.40000000000003,658.146600411705
8,326.5,720.3201919773368
8,326.6,826.4509522167547
8,326.70000000000005,719.904751180603
8,326.8,620.4180319559639
8,326.90000000000003,652.4180475704878
8,327.0,631.8233200079104
8,327.1,552.9343281036165
8,327.20000000000005,601.5063116217502
8,327.3,659.4085332907681
8,327.40000000000003,664.388114062329
8,327.5,638.9165738833743
8,327.6,636.7192556166398
8,327.70000000000005,672.0143395637881
8,327.8,659.5433278793778
8,327.90000000000003,636.8878791954061
8,328.0,645.1074847713741
8,328.1,636.4062498434713
8,328.20000000000005,598.2897892196794
8,328.3,629.5565850950989
8,328.40000000000003,660.2820848806512
8,328.5,654.7556952826615
8,328.6,652.9126554848579
8,328.70000000000005,656.7260820702894
8,328.8,654.8395930644085
8,328.90000000000003,651.7565462129645
8,329.0,663.0111420485001
8,329.1,643.9915330720628
8,329.20000000000005,633.5364620174212
8,329.3,658.8563883684282
8,329.40000000000003,666.0328262177338
8,329.5,682.1475915244979
8,329.6,694.8459486216994
8,329.70000000000005,655.9733907248516
8,329.8,641.3751159239986
8,329.90000000000003,665.1553649127618
8,330.0,650.2882591622039
8,330.1,646.1223952289217
8,330.20000000000005,655.1418673680337
8,330.3,657.4531485222549
8,330.40000000000003,672.0485219867805
8,330.5,663.2831196080253
8,330.6,657.8303961411826
8,330.70000000000005,648.5861416145825
8,330.8,626.5113250338852
8,330.90000000000003,635.3077755548022
8,331.0,637.8615013579576
8,331.1,644.3144493899761
8,331.20000000000005,680.9604581132114
8,331.3,675.639702339608
8,331.40000000000003,658.8257798260829
8,331.5,647.1546730434782
8,331.6,608.7074781379544
8,331.70000000000005,615.5314892477033
8,331.8,670.5824718321145
8,331.90000000000003,665.7289971135402
8,332.0,593.8877898759267
8,332.1,585.0348838016679
8,332.20000000000005,660.5869836367917
8,332.3,533.6000082982621
8,332.40000000000003,502.556792685579
8,332.5,661.9898896483212
8,332.6,631.7694254278973
8,332.70000000000005,612.3693758083833
8,332.8,659.4321376655776
8,332.90000000000003,621.7983162797095
8,333.0,615.1343939468649
8,333.1,670.0737486363665
8,333.20000000000005,672.1410985427096
8,333.3,648.8214288430067
8,333.40000000000003,644.0486078962379
8,333.5,670.6651391608891
8,333.6,656.8319523792201
8,333.70000000000005,637.6361964122102
8,333.8,645.2771481621785
8,333.90000000000003,643.7739273658907
8,334.0,592.3209285169744
8,334.1,572.1863452063
8,334.20000000000005,644.7097317533801
8,334.3,662.1048019483229
8,334.40000000000003,658.1089696810177
8,334.5,536.1355160242741
8,334.6,448.52442329886975
8,334.70000000000005,601.861292080329
8,334.8,634.2030179531196
8,334.90000000000003,568.3505316372309
8,335.0,547.4600579502563
8,335.1,640.8934229315415
8,335.20000000000005,669.7102257961051
8,335.3,641.1989299318584
8,335.40000000000003,620.3564967838468
8,335.5,616.1737223005701
8,335.6,646.0251921945141
8,335.70000000000005,617.1543955290966
8,335.8,631.9400074621665
8,335.90000000000003,661.0843278299338
8,336.0,627.8276731462907
8,336.1,566.3305957703649
8,336.20000000000005,647.1075374947053
8,336.3,633.3472374949888
8,336.40000000000003,599.9263137525638
8,336.5,642.4763171105923
8,336.6,655.8880435489277
8,336.70000000000005,650.1571038572838
8,336.8,646.1972430546094
8,336.90000000000003,646.1251987030453
8,337.0,621.2690869012112
8,337.1,600.5658682999085
8,337.20000000000005,657.7096246363863
8,337.3,632.6048791462702
8,337.40000000000003,601.1469539088675
8,337.5,618.8400851242113
8,337.6,653.0502799689378
8,337.70000000000005,651.8364849710625
8,337.8,608.0382844666372
8,337.90000000000003,598.103298897702
8,338.0,644.071419707464
8,338.1,647.5905478556535
8,338.20000000000005,664.2199905179093
8,338.3,696.4680203475497
8,338.40000000000003,697.496105781747
8,338.5,616.4358023888321
8,338.6,656.5190251181115
8,338.70000000000005,660.3679762806674
8,338.8,652.0739765524851
8,338.90000000000003,639.0612589618132
8,339.0,576.9573375368692
8,339.1,498.8891421357426
8,339.20000000000005,657.6313043986959
8,339.3,614.3293234693243
8,339.40000000000003,508.73857786880336
8,339.5,650.855823145993
8,339.6,661.1202650992992
8,339.70000000000005,654.3602808004956
8,339.8,660.892833684385
8,339.90000000000003,658.7856285429802
8,340.0,675.0817711945177
8,340.1,671.9654836618454
8,340.20000000000005,646.1579724221407
8,340.3,646.1972293491306
8,340.40000000000003,634.4786318627428
8,340.5,574.8589719845914
8,340.6,623.7466550800692
8,340.70000000000005,650.1911146833799
8,340.8,636.4049659729571
8,340.90000000000003,632.2556957234688
8,341.0,627.3875671036926
8,341.1,676.5935860585466
8,341.20000000000005,675.1179758201848
8,341.3,670.401836329499
8,341.40000000000003,664.0979270481449
8,341.5,672.3516569585408
8,341.6,659.3025959080792
8,341.70000000000005,660.2545815157564
8,341.8,646.3524780207155
8,341.90000000000003,585.3761602026141
8,342.0,630.1435163515165
8,342.1,598.7165370116943
8,342.20000000000005,655.4079307823359
8,342.3,656.4827987979086
8,342.40000000000003,638.2895026929054
8,342.5,614.0081819321025
8,342.6,618.2408567763144
8,342.70000000000005,634.4043816631264
8,342.8,654.6523641386426
8,342.90000000000003,630.5565041910647
8,343.0,598.0295625839806
8,343.1,660.9897577022649
8,343.20000000000005,650.0849938940263
8,343.3,648.2757363769998
8,343.40000000000003,651.0176417344685
8,343.5,645.1151101462534
8,343.6,656.4391341001241
8,343.70000000000005,640.9562208133325
8,343.8,659.9874616308299
8,343.90000000000003,653.9601637347638
8,344.0,626.7881652725596
8,344.1,640.9149210167859
8,344.20000000000005,642.8331069576536
8,344.3,636.2165302105561
8,344.40000000000003,663.4724783672397
8,344.5,650.4492854215952
8,344.6,654.0012299840589
8,344.70000000000005,644.4714484392191
8,344.8,662.2963819944548
8,344.90000000000003,690.9304147146261
8,345.0,705.2795064343534
8,345.1,642.2141541283717
8,345.20000000000005,560.4252525038222
8,345.3,659.1512270904018
8,345.40000000000003,633.4063027250701
8,345.5,635.9180057604895
8,345.6,647.1693102675733
8,345.70000000000005,643.5877666380966
8,345.8,670.5359527969982
8,345.90000000000003,646.6636478699246
8,346.0,671.6239440928985
8,346.1,671.9009652067565
8,346.20000000000005,642.2023325160585
8,346.3,664.8408082372302
8,346.40000000000003,656.867170210219
8,346.5,667.2273065085994
8,346.6,474.54376629583163
8,346.70000000000005,647.8141753190628
8,346.8,653.8787217805225
8,346.90000000000003,638.3488005097934
8,347.0,544.7860264194813
8,347.1,657.6562990516757
8,347.20000000000005,659.210200463112
8,347.3,664.2815077937196
8,347.40000000000003,657.9366715258103
8,347.5,672.0516714707088
8,347.6,654.2572424025884
8,347.70000000000005,609.2057594820159
8,347.8,642.4619872556088
8,347.90000000000003,662.6485916622552
8,348.0,612.1131404989931
8,348.1,688.2191341137645
8,348.20000000000005,651.8372495324733
8,348.3,653.1080590349663
8,348.40000000000003,641.7219600653718
8,348.5,630.0703240422434
8,348.6,571.7409436467884
8,348.70000000000005,635.5463389316067
8,348.8,618.8882430853994
8,348.90000000000003,587.7103145276536
8,349.0,681.2123021359927
8,349.1,637.4516852365322
8,349.20000000000005,646.7396085776436
8,349.3,584.0073239555343
8,349.40000000000003,646.0660094782897
8,349.5,633.3631351001139
8,349.6,610.2021985234339
8,349.70000000000005,676.5968208438517
8,349.8,655.3578840231564
8,349.90000000000003,658.8815540625918
8,350.0,607.320426308668
8,350.1,624.4109698337656
8,350.20000000000005,619.4346618053875
8,350.3,671.2316075271384
8,350.40000000000003,654.9340847208005
8,350.5,667.8334686413765
8,350.6,690.7448220223384
8,350.70000000000005,607.2489579428831
8,350.8,653.00999716562
8,350.90000000000003,639.9386845858546
8,351.0,622.2632225671275
8,351.1,663.0347793850768
8,351.20000000000005,637.2541884108624
8,351.3,645.5350520463896
8,351.40000000000003,658.3272130892552
8,351.5,643.3418893701369
8,351.6,593.0072388166418
8,351.70000000000005,606.5855724139017
8,351.8,494.9629677063862
8,351.90000000000003,640.5085045089726
8,352.0,579.7685802942923
8,352.1,603.882569604983
8,352.20000000000005,639.840480999846
8,352.3,669.6978374458205
8,352.40000000000003,577.8937087840301
8,352.5,593.8803947841127
8,352.6,682.4976424816316
8,352.70000000000005,585.6814029474405
8,352.8,646.2220252038692
8,352.90000000000003,673.0340798671557
8,353.0,648.8450776165415
8,353.1,677.5509285694883
8,353.20000000000005,676.2669618982725
8,353.3,676.4297095232281
8,353.40000000000003,652.0252249205564
8,353.5,676.3472452169439
8,353.6,680.3412700480113
8,353.70000000000005,608.043911135179
8,353.8,679.3939087796028
8,353.90000000000003,665.8945329494821
8,354.0,685.8523814447727
8,354.1,656.0608762322704
8,354.20000000000005,642.5667092978061
8,354.3,670.2734402553244
8,354.40000000000003,667.8652424933971
8,354.5,569.679745835914
8,354.6,526.2244122547914
8,354.70000000000005,670.9926394285534
8,354.8,676.0645276991186
8,354.90000000000003,652.7592356498976
8,355.0,635.1010302263643
8,355.1,663.627706922843
8,355.20000000000005,666.2454842656239
8,355.3,680.2208079512308
8,355.40000000000003,646.6591820138315
8,355.5,665.5551995459343
8,355.6,605.7014103708924
8,355.70000000000005,617.0610683126772
8,355.8,651.7733001418121
8,355.90000000000003,649.8123351687849
8,356.0,454.01414220166004
8,356.1,639.9972948159117
8,356.20000000000005,636.0286921699396
8,356.3,653.0558302614643
8,356.40000000000003,599.8830673106734
8,356.5,676.6780656765629
8,356.6,638.6284624615132
8,356.70000000000005,667.1760259821948
8,356.8,580.4144135397995
8,356.90000000000003,635.3627968648815
8,357.0,545.7579761773724
8,357.1,643.130768990124
8,357.20000000000005,670.0807850386419
8,357.3,647.5589422473572
8,357.40000000000003,606.2400734884485
8,357.5,666.2822675739554
8,357.6,624.8688079512746
8,357.70000000000005,638.1145978290477
8,357.8,638.9800890433638
8,357.90000000000003,675.0671340475694
8,358.0,643.9381261606421
8,358.1,603.5538579786381
8,358.20000000000005,621.6680255649487
8,358.3,608.876559054606
8,358.40000000000003,597.7694512208916
8,358.5,609.1116239495449
8,358.6,617.5012877776843
8,358.70000000000005,660.3238974059819
8,358.8,596.0210718901345
8,358.90000000000003,634.6401151661736
8,359.0,487.87616350731224
8,359.1,654.6550020380463
8,359.20000000000005,640.6460338184261
8,359.3,624.195961957859
8,359.40000000000003,665.9778044914857
8,359.5,618.10308265089
8,359.6,621.3644479273564
8,359.70000000000005,408.8718002229054
8,359.8,526.5709502254123
8,359.90000000000003,670.8393775378933
8,360.0,639.5778569127696
8,360.1,636.0997734482113
8,360.20000000000005,596.9692134948517
8,360.3,579.0045990345421
8,360.40000000000003,640.7638717911934
8,360.5,625.290553586532
8,360.6,651.7755835124769
8,360.70000000000005,642.8869127476263
8,360.8,660.7727006373669
8,360.90000000000003,657.5101469606841
8,361.0,650.9250776709437
8,361.1,621.5131031892591
8,361.20000000000005,625.3971021987824
8,361.3,563.4209046112348
8,361.40000000000003,619.5492266647847
8,361.5,601.836902287472
8,361.6,638.9022132575119
8,361.70000000000005,660.2634139813905
8,361.8,571.6700932516187
8,361.90000000000003,641.2586514551895
8,362.0,573.4653550955264
8,362.1,706.2254096644302
8,362.20000000000005,671.316953595062
8,362.3,543.2100506722669
8,362.40000000000003,637.100664312696
8,362.5,601.3397320627855
8,362.6,612.0839082909466
8,362.70000000000005,625.8727883601193
8,362.8,692.273736781393
8,362.90000000000003,672.2115145583482
8,363.0,668.7588264183582
8,363.1,681.0172005122213
8,363.20000000000005,567.1610683759749
8,363.3,650.1767753785584
8,363.40000000000003,626.5763109200257
8,363.5,680.0481414760585
8,363.6,596.0303823696489
8,363.70000000000005,637.6633273366529
8,363.8,674.4423112500483
8,363.90000000000003,639.3916674771315
8,364.0,647.7906757813896
8,364.1,652.5151988155254
8,364.20000000000005,628.8947047874418
8,364.3,656.8654057697711
8,364.40000000000003,578.6865477076266
8,364.5,638.2936284256122
8,364.6,675.2821798181853
8,364.70000000000005,667.3381183623518
8,364.8,669.9343599760822
8,364.90000000000003,680.9289954225502
8,365.0,624.4740147299509
8,365.1,662.3320867328453
8,365.20000000000005,659.4787545022814
8,365.3,633.0861589719609
8,365.40000000000003,653.7536617875941
8,365.5,681.6266411159373
8,365.6,684.5846714692431
8,365.70000000000005,613.5531461783144
8,365.8,448.20108108641745
8,365.90000000000003,589.8852833198691
8,366.0,574.4839294828728
8,366.1,640.0029832908751
8,366.20000000000005,628.0639301787992
8,366.3,624.8080917500705
8,366.40000000000003,479.7945822802993
8,366.5,608.765308237144
8,366.6,618.8009495186924
8,366.70000000000005,542.0046478195846
8,366.8,610.2209269766072
8,366.90000000000003,662.9310706227493
8,367.0,647.9863396176972
8,367.1,634.2738712777341
8,367.20000000000005,683.1465117748115
8,367.3,637.8382736344491
8,367.40000000000003,681.0989951829312
8,367.5,632.4181307438678
8,367.6,675.7205677344841
8,367.70000000000005,657.3515721960746
8,367.8,670.6814921333466
8,367.90000000000003,671.8906250790993
8,368.0,681.613461170114
8,368.1,644.6977257915696
8,368.20000000000005,601.9819142345791
8,368.3,604.729602650837
8,368.40000000000003,638.0028147099875
8,368.5,656.1556092280133
8,368.6,659.9410818992487
8,368.70000000000005,663.8222198548998
8,368.8,616.7358726389683
8,368.90000000000003,653.230389147052
8,369.0,644.026098314493
8,369.1,639.8775572192961
8,369.20000000000005,622.1929117684218
8,369.3,511.28651588312323
8,369.40000000000003,586.6460490434123
8,369.5,624.9198831549381
8,369.6,615.486891660589
8,369.70000000000005,636.1558376384188
8,369.8,634.7249981255851
8,369.90000000000003,647.4030551434387
8,370.0,661.8262852875173
8,370.1,638.336559848852
8,370.20000000000005,662.1277588668568
8,370.3,671.1540041252798
8,370.40000000000003,654.8030436426305
8,370.5,640.5569313200822
8,370.6,635.567809807504
8,370.70000000000005,629.5734913131276
8,370.8,626.0196617815365
8,370.90000000000003,617.1727342316436
8,371.0,625.7783909890508
8,371.1,584.8588976924638
8,371.20000000000005,567.5403082770545
8,371.3,631.014916657386
8,371.40000000000003,643.0559267891889
8,371.5,642.8365798389594
8,371.6,648.0303834425619
8,371.70000000000005,930.9659372643456
8,371.8,865.3523441329423
8,371.90000000000003,544.9932600609767
8,372.0,576.2388534816156
8,372.1,615.890849545561
8,372.20000000000005,621.4311917153213
8,372.3,653.6863597745488
8,372.40000000000003,539.0737525297258
8,372.5,585.6988131018119
8,372.6,646.0126119092597
8,372.70000000000005,638.4396257433708
8,372.8,602.6363233708735
8,372.90000000000003,668.9364552181964
8,373.0,672.4358138498743
8,373.1,524.8913876468245
8,373.20000000000005,538.5553602151217
8,373.3,653.2042090651275
8,373.40000000000003,675.2108233114853
8,373.5,622.8021108764519
8,373.6,619.9588936259197
8,373.70000000000005,656.1281233653151
8,373.8,713.0079062989846
8,373.90000000000003,672.1901160773712
8,374.0,625.9871412396418
8,374.1,589.1376360048553
8,374.20000000000005,593.6398821183764
8,374.3,641.409810463227
8,374.40000000000003,674.8776912751694
8,374.5,666.4862916676499
8,374.6,658.9509241588308
8,374.70000000000005,670.8485536890419
8,374.8,665.1807514415015
8,374.90000000000003,674.853229048714
8,375.0,665.7631013566792
8,375.1,651.0195537448809
8,375.20000000000005,662.8484951529533
8,375.3,617.7365323270624
8,375.40000000000003,599.3610402654044
8,375.5,628.6990553613928
8,375.6,634.5564549634413
8,375.70000000000005,576.5832337656357
8,375.8,564.133028554281
8,375.90000000000003,635.6027438412698
8,376.0,613.4006807620564
8,376.1,590.2533110457082
8,376.20000000000005,647.5795776730853
8,376.3,539.8961657438108
8,376.40000000000003,401.8323797180855
8,376.5,496.4698489923692
8,376.6,640.4890578485897
8,376.70000000000005,550.4010991503523
8,376.8,531.084939459742
8,376.90000000000003,620.4339945360866
8,377.0,653.1872883464961
8,377.1,667.7460144396076
8,377.20000000000005,677.5927271729432
8,377.3,658.5894596824265
8,377.40000000000003,629.6278453722415
8,377.5,665.5921651932373
8,377.6,660.5922679245127
8,377.70000000000005,619.7896204128815
8,377.8,631.0436757643977
8,377.90000000000003,578.8222976473803
8,378.0,593.5023424394823
8,378.1,679.6304008123975
8,378.20000000000005,663.1414951508003
8,378.3,649.5640299140445
8,378.40000000000003,651.247203201912
8,378.5,656.6965669633498
8,378.6,673.3591662540625
8,378.70000000000005,678.2622277372344
8,378.8,657.1566857560043
8,378.90000000000003,638.239697626871
8,379.0,666.1123878606534
8,379.1,675.6670244527351
8,379.20000000000005,668.7061870921308
8,379.3,682.9168611170576
8,379.40000000000003,682.6199373627713
8,379.5,657.4363617098832
8,379.6,669.6841714680206
8,379.70000000000005,679.086432645589
8,379.8,668.4008646641928
8,379.90000000000003,658.3037067890033
8,380.0,648.7174201798188
8,380.1,649.5743060142836
8,380.20000000000005,650.3208782190554
8,380.3,657.8631250344894
8,380.40000000000003,669.0028653667069
8,380.5,643.9228682833162
8,380.6,647.89147211367
8,380.70000000000005,660.2039762249327
8,380.8,640.7938159642958
8,380.90000000000003,601.8464307852798
8,381.0,607.0403326488022
8,381.1,587.9176383122764
8,381.20000000000005,587.1271338849803
8,381.3,652.2376995071028
8,381.40000000000003,655.2919483944261
8,381.5,640.9795167225132
8,381.6,614.5264193128074
8,381.70000000000005,661.8327418524365
8,381.8,661.5884020512377
8,381.90000000000003,668.5632093664362
8,382.0,675.4279871929566
8,382.1,664.1242815660995
8,382.20000000000005,658.6439475105047
8,382.3,685.2561965281626
8,382.40000000000003,643.2520219953218
8,382.5,630.4674631017494
8,382.6,749.7123623288048
8,382.70000000000005,761.278294261125
8,382.8,633.6393282422747
8,382.90000000000003,673.1529617834298
8,383.0,667.169425370575
8,383.1,675.8865180913573
8,383.20000000000005,670.6060757866987
8,383.3,637.4003602731049
8,383.40000000000003,654.5533698783732
8,383.5,682.6745777490643
8,383.6,678.5104910156904
8,383.70000000000005,674.6255232873108
8,383.8,684.4367900458834
8,383.90000000000003,681.7790624934709
8,384.0,676.7527951083146
8,384.1,670.6095705386067
8,384.20000000000005,631.3164215988331
8,384.3,676.4815139270972
8,384.40000000000003,665.4170360110278
8,384.5,650.1147013805852
8,384.6,679.1595315305685
8,384.70000000000005,686.552509279347
8,384.8,639.682798793493
8,384.90000000000003,624.9791257441399
8,385.0,675.7878032857184
8,385.1,582.3668028195959
8,385.20000000000005,437.023457257108
8,385.3,672.4313321341508
8,385.40000000000003,611.8987359453432
8,385.5,639.3137637740506
8,385.6,672.4238922405108
8,385.70000000000005,664.5726854835891
8,385.8,635.2622720661363
8,385.90000000000003,583.3837353208875
8,386.0,546.4322878626158
8,386.1,683.6225905615082
8,386.20000000000005,618.1575260696077
8,386.3,540.6500292718073
8,386.40000000000003,631.7800062565409
8,386.5,600.5193282114394
8,386.6,665.527836530334
8,386.70000000000005,647.5587660694773
8,386.8,652.0347979674934
8,386.90000000000003,652.1754580630948
8,387.0,634.0396778396869
8,387.1,649.767352446716
8,387.20000000000005,651.084001415884
8,387.3,657.4106866709055
8,387.40000000000003,650.2704336288439
8,387.5,659.5442603376316
8,387.6,651.8833392919087
8,387.70000000000005,609.1783125683035
8,387.8,654.1987503461945
8,387.90000000000003,661.8216607630715
8,388.0,647.3435588303148
8,388.1,552.4558373649669
8,388.20000000000005,641.9574977950175
8,388.3,606.8009091590085
8,388.40000000000003,657.5231938824697
8,388.5,619.0378420704615
8,388.6,663.7207188737843
8,388.70000000000005,654.432961235456
8,388.8,664.5979444681028
8,388.90000000000003,633.9508019127926
8,389.0,638.4936731385578
8,389.1,619.5190217495597
8,389.20000000000005,646.9369851991074
8,389.3,626.9837270514777
8,389.40000000000003,642.678306067878
8,389.5,653.3866816609985
8,389.6,673.0616222474946
8,389.70000000000005,659.5977940435398
8,389.8,654.836566550579
8,389.90000000000003,653.0637907989894
8,390.0,640.2932955162024
8,390.1,613.4706634739565
8,390.20000000000005,634.566910203202
8,390.3,424.1347071896973
8,390.40000000000003,661.8185584365733
8,390.5,646.4696495336788
8,390.6,529.2143248486457
8,390.70000000000005,461.60635896323447
8,390.8,619.3007710478126
8,390.90000000000003,680.5883582209889
8,391.0,676.317072815167
8,391.1,605.5787918873353
8,391.20000000000005,617.1019886925454
8,391.3,664.0274255145431
8,391.40000000000003,666.7217275470325
8,391.5,641.5523682077422
8,391.6,679.486302684542
8,391.70000000000005,640.1743260647887
8,391.8,603.133754271288
8,391.90000000000003,628.5875567114587
8,392.0,619.1851189245974
8,392.1,626.5076440235729
8,392.20000000000005,605.1670240143966
8,392.3,307.50023561473506
8,392.40000000000003,647.2551274687847
8,392.5,633.873846209916
8,392.6,643.5455773200579
8,392.70000000000005,513.3536348483641
8,392.8,640.4986184399352
8,392.90000000000003,547.6149641530492
8,393.0,629.5016655025204
8,393.1,619.8500097274123
8,393.20000000000005,652.7538630739775
8,393.3,606.4085811544497
8,393.40000000000003,676.9007076406007
8,393.5,667.5698195033026
8,393.6,557.4063384969775
8,393.70000000000005,671.6721243965249
8,393.8,559.6802755238565
8,393.90000000000003,656.8001452222858
8,394.0,592.6238233524305
8,394.1,651.2411384456477
8,394.20000000000005,607.6585811123318
8,394.3,631.1242544388199
8,394.40000000000003,642.031377953127
8,394.5,668.3942715231789
8,394.6,605.6839573267105
8,394.70000000000005,655.6904036131558
8,394.8,632.8316379660166
8,394.90000000000003,659.4755712883735
8,395.0,577.312329707711
8,395.1,623.4438144857511
8,395.20000000000005,600.3825717166549
8,395.3,660.2738830560913
8,395.40000000000003,588.0120055221828
8,395.5,611.976273102778
8,395.6,621.9045060874889
8,395.70000000000005,626.7372319048353
8,395.8,658.2676712335253
8,395.90000000000003,558.4823357652434
8,396.0,577.3874429754305
8,396.1,597.611081352294
8,396.20000000000005,646.2462231235861
8,396.3,669.2787544630952
8,396.40000000000003,645.7529927785822
8,396.5,670.5278915182784
8,396.6,690.0258511564551
8,396.70000000000005,675.147078410179
8,396.8,679.6987242407359
8,396.90000000000003,712.4055438666
8,397.0,545.0141724676288
8,397.1,607.9686504177499
8,397.20000000000005,637.393477574873
8,397.3,635.4382219218379
8,397.40000000000003,666.1965103770424
8,397.5,661.4138675522707
8,397.6,654.9581927020466
8,397.70000000000005,661.289088592549
8,397.8,660.4971027842888
8,397.90000000000003,644.4015656803939
8,398.0,662.1805406480047
8,398.1,624.0333073926561
8,398.20000000000005,635.1660267276627
8,398.3,673.7474333612101
8,398.40000000000003,673.0563495055262
8,398.5,665.871198869316
8,398.6,643.4736257777997
8,398.70000000000005,684.2486595617039
8,398.8,624.9971480646734
8,398.90000000000003,657.6705794049443
8,399.0,644.0812306127838
8,399.1,596.0321837036213
8,399.20000000000005,586.5814252665873
8,399.3,517.2807208094845
8,399.40000000000003,653.638666669266
8,399.5,647.2635682116938
8,399.6,668.5189155555308
8,399.70000000000005,642.6721749859915
8,399.8,607.91590107006
8,399.90000000000003,576.6873162453325
8,400.0,570.5118333012347
8,400.1,652.9715304637228
8,400.20000000000005,619.4128694721038
8,400.3,478.9021465157261
8,400.40000000000003,626.1558287885575
8,400.5,648.4344149503631
8,400.6,668.3389280553899
8,400.70000000000005,671.6919482768731
8,400.8,659.3008050763412
8,400.90000000000003,662.3471228619064
8,401.0,439.8097813537073
8,401.1,623.5353564353801
8,401.20000000000005,667.9257243292794
8,401.3,659.5431903524748
8,401.40000000000003,657.6983508037652
8,401.5,652.8835346252706
8,401.6,651.0651883975728
8,401.70000000000005,625.6999770467668
8,401.8,636.7621369859972
8,401.90000000000003,658.1596584147094
8,402.0,659.3011227034933
8,402.1,652.599618233664
8,402.20000000000005,463.76873297632653
8,402.3,491.8087922755287
8,402.40000000000003,606.3180901110997
8,402.5,605.6230402437398
8,402.6,633.0363058685891
8,402.70000000000005,634.1870391032672
8,402.8,639.9220955432967
8,402.90000000000003,656.6412681920949
8,403.0,673.4617758417841
8,403.1,629.31438842876
8,403.20000000000005,602.9346241592725
8,403.3,618.6649102094514
8,403.40000000000003,653.1642912494771
8,403.5,624.1314159450774
8,403.6,592.4478002363921
8,403.70000000000005,562.1845590430394
8,403.8,590.4340385833818
8,403.90000000000003,623.167549700213
8,404.0,567.0495104619255
8,404.1,591.0699333201685
8,404.20000000000005,640.6780829452505
8,404.3,636.9066597419647
8,404.40000000000003,569.6403834843028
8,404.5,572.3136942227113
8,404.6,647.648222696617
8,404.70000000000005,639.1390575272799
8,404.8,618.3771924709789
8,404.90000000000003,653.8760318495255
8,405.0,660.7769900142688
8,405.1,665.042772027319
8,405.20000000000005,665.5691712203529
8,405.3,652.3728757286299
8,405.40000000000003,641.0661458996917
8,405.5,643.1575356851049
8,405.6,637.0958200351131
8,405.70000000000005,659.0732745659365
8,405.8,655.0102570338235
8,405.90000000000003,618.0310439869028
8,406.0,620.753197911828
8,406.1,638.3401881472145
8,406.20000000000005,642.4580891723868
8,406.3,561.8022131844798
8,406.40000000000003,616.8822737424846
8,406.5,664.3121259745365
8,406.6,649.6035221900285
8,406.70000000000005,627.6726031325603
8,406.8,649.1080001372183
8,406.90000000000003,659.2794409618493
8,407.0,634.5730137726677
8,407.1,634.1465411134305
8,407.20000000000005,636.3721232959891
8,407.3,645.880399410248
8,407.40000000000003,675.0015482553699
8,407.5,608.3257152746677
8,407.6,533.1308575486055
8,407.70000000000005,602.017331151774
8,407.8,650.7355493060286
8,407.90000000000003,610.2669721034431
8,408.0,630.5188066807069
8,408.1,659.1990955384452
8,408.20000000000005,661.3371267339722
8,408.3,643.9484808050983
8,408.40000000000003,598.0421020658471
8,408.5,595.7261232683818
8,408.6,572.0708955926726
8,408.70000000000005,598.8700545842161
8,408.8,641.4710116252978
8,408.90000000000003,650.8594850854523
8,409.0,665.614851434602
8,409.1,614.7745880410392
8,409.20000000000005,629.6940459877317
8,409.3,658.4344686831284
8,409.40000000000003,664.2894694163373
8,409.5,676.6203539284371
8,409.6,668.6295939020682
8,409.70000000000005,614.3025857636719
8,409.8,622.5602441158017
8,409.90000000000003,596.1189322032773
8,410.0,594.7426193309719
8,410.1,667.4353643623945
8,410.20000000000005,683.083794718842
8,410.3,675.4836636782685
8,410.40000000000003,673.854585035924
8,410.5,679.5202469976391
8,410.6,683.2565060880057
8,410.70000000000005,679.1865197621922
8,410.8,640.0443117149193
8,410.90000000000003,646.1079033995384
8,411.0,559.3369497956189
8,411.1,529.5357153994104
8,411.20000000000005,654.6917424712358
8,411.3,649.1323786366662
8,411.40000000000003,650.1849983636253
8,411.5,673.0490855280556
8,411.6,673.7504551234425
8,411.70000000000005,663.9497380450833
8,411.8,659.0296549226882
8,411.90000000000003,670.5721912177904
8,412.0,579.4383008194768
8,412.1,544.3058528065818
8,412.20000000000005,649.2861989525002
8,412.3,682.1648974001289
8,412.40000000000003,681.1173807957603
8,412.5,674.5398987454366
8,412.6,638.2037110634045
8,412.70000000000005,639.9050110882285
8,412.8,656.9550072133574
8,412.90000000000003,637.956978658978
8,413.0,629.4665134371726
8,413.1,603.1868725345702
8,413.20000000000005,635.7622506427409
8,413.3,658.1676483768396
8,413.40000000000003,618.0264747801137
8,413.5,566.275391214964
8,413.6,568.571098457173
8,413.70000000000005,602.8774120537563
8,413.8,626.2553033680254
8,413.90000000000003,636.7129121174647
8,414.0,771.7674898400276
8,414.1,880.6804946408755
8,414.20000000000005,672.2504217132733
8,414.3,509.20502891929
8,414.40000000000003,452.2120739349117
8,414.5,628.0651364495845
8,414.6,599.5903774656409
8,414.70000000000005,565.5162736981474
8,414.8,480.3168433908818
8,414.90000000000003,590.0353737816724
8,415.0,598.5112929602625
8,415.1,592.6346700780563
8,415.20000000000005,633.9170273832824
8,415.3,660.7186836376384
8,415.40000000000003,664.4347881893533
8,415.5,655.1263203689675
8,415.6,662.2807323864414
8,415.70000000000005,672.7245088398471
8,415.8,655.1383319802483
8,415.90000000000003,660.5216090248695
8,416.0,648.7802171994855
8,416.1,658.1169342329285
8,416.20000000000005,673.2298885733758
8,416.3,614.1426577384416
8,416.40000000000003,621.7898425418314
8,416.5,650.7058666298205
8,416.6,658.0448631276068
8,416.70000000000005,634.6076587362032
8,416.8,577.3769718961615
8,416.90000000000003,649.3784652180618
8,417.0,664.0949454729545
8,417.1,679.1100256283991
8,417.20000000000005,674.7986339237899
8,417.3,618.0688048404871
8,417.40000000000003,624.4983805836764
8,417.5,666.939085309818
8,417.6,673.9564384569929
8,417.70000000000005,652.88160251576
8,417.8,624.4540529233298
8,417.90000000000003,658.8080900751277
8,418.0,655.5600156671027
8,418.1,667.4281143196506
8,418.20000000000005,627.919187289943
8,418.3,668.0239198445701
8,418.40000000000003,661.0166108293103
8,418.5,581.5049860204832
8,418.6,620.2739299657587
8,418.70000000000005,609.0590400497331
8,418.8,496.8529824299404
8,418.90000000000003,594.1677154327864
8,419.0,521.2313029768073
8,419.1,635.1113780069069
8,419.20000000000005,673.0133223243937
8,419.3,667.8787192497409
8,419.40000000000003,669.0595094293644
8,419.5,658.148476112097
8,419.6,656.4295457875162
8,419.70000000000005,594.5965214179885
8,419.8,441.335503808118
8,419.90000000000003,624.718317565445
8,420.0,665.6222495858901
8,420.1,629.6207648677259
8,420.20000000000005,584.3663287778809
8,420.3,577.4065494990758
8,420.40000000000003,453.28320939666395
8,420.5,568.8122255736002
8,420.6,659.7090041536568
8,420.70000000000005,657.9171722946783
8,420.8,669.0301743581816
8,420.90000000000003,676.7603771370678
8,421.0,658.6255068373055
8,421.1,630.514875723178
8,421.20000000000005,642.8821913374525
8,421.3,590.8097617553206
8,421.40000000000003,665.6872657670527
8,421.5,653.2235465398838
8,421.6,607.2360537929674
8,421.70000000000005,596.438614097043
8,421.8,664.5951230339948
8,421.90000000000003,639.5762722716895
8,422.0,609.7396688376348
8,422.1,661.363670925637
8,422.20000000000005,597.2835395367998
8,422.3,438.9116212112733
8,422.40000000000003,622.0282580372634
8,422.5,619.478457136527
8,422.6,633.410841028405
8,422.70000000000005,667.2870489292682
8,422.8,650.6994867737553
8,422.90000000000003,651.7800622724592
8,423.0,591.4022326325057
8,423.1,672.4465604647277
8,423.20000000000005,667.1257268075049
8,423.3,654.3114640500881
8,423.40000000000003,662.4228107082895
8,423.5,615.563312549581
8,423.6,677.2043728685936
8,423.70000000000005,608.5084889522623
8,423.8,600.3771589965257
8,423.90000000000003,476.9345736517828
8,424.0,656.7658069736196
8,424.1,631.9811349407759
8,424.20000000000005,672.1967972555901
8,424.3,633.2517771972639
8,424.40000000000003,671.6402547098583
8,424.5,627.7525431283956
8,424.6,559.3641831274805
8,424.70000000000005,676.4348601047114
8,424.8,656.1234051783512
8,424.90000000000003,639.217450807997
8,425.0,675.6299778411433
8,425.1,663.1599350537249
8,425.20000000000005,663.7123755226309
8,425.3,573.2854447408212
8,425.40000000000003,658.6912850110111
8,425.5,669.360988039913
8,425.6,651.3526773980035
8,425.70000000000005,642.8697719582659
8,425.8,653.5040642082482
8,425.90000000000003,605.0620706351843
8,426.0,620.8188439100625
8,426.1,659.0119731572822
8,426.20000000000005,597.8356149427693
8,426.3,659.1612112700676
8,426.40000000000003,647.9175908540437
8,426.5,583.7101200541282
8,426.6,565.4150396916714
8,426.70000000000005,384.90974727116213
8,426.8,411.57828010978204
8,426.90000000000003,555.0011549545903
8,427.0,651.6056326858799
8,427.1,651.4394697200893
8,427.20000000000005,632.0785081137459
8,427.3,580.3486669108589
8,427.40000000000003,754.0159512844409
8,427.5,654.764466693987
8,427.6,618.4961212973122
8,427.70000000000005,642.6460522396906
8,427.8,636.8151861609487
8,427.90000000000003,653.5583709502276
8,428.0,670.428971216249
8,428.1,615.331038703083
8,428.20000000000005,675.3830257333789
8,428.3,665.7689564889135
8,428.40000000000003,545.8509086956211
8,428.5,664.1073341627952
8,428.6,656.9655493413727
8,428.70000000000005,659.49760362784
8,428.8,654.3946354498546
8,428.90000000000003,661.2878022526668
8,429.0,643.6523330737409
8,429.1,647.0470362694226
8,429.20000000000005,657.6170871336852
8,429.3,663.2014446245812
8,429.40000000000003,686.6900222828059
8,429.5,594.7875463997029
8,429.6,668.8899415211862
8,429.70000000000005,658.9471958753136
8,429.8,664.2170717921816
8,429.90000000000003,643.6313267705376
8,430.0,659.6081637243518
8,430.1,666.8760260411528
8,430.20000000000005,684.217441791571
8,430.3,664.3456003982125
8,430.40000000000003,661.5943642318558
8,430.5,672.121624499573
8,430.6,668.9544540135134
8,430.70000000000005,676.136383439057
8,430.8,672.267787146233
8,430.90000000000003,640.7302280511991
8,431.0,688.1304597076488
8,431.1,665.3355927995432
8,431.20000000000005,713.3162443058131
8,431.3,671.7966384229785
8,431.40000000000003,644.8688222860901
8,431.5,685.836678076503
8,431.6,664.868120522123
8,431.70000000000005,651.9430869033374
8,431.8,711.5303989138927
8,431.90000000000003,669.8617891097385
8,432.0,677.8897878077821
8,432.1,657.1389250739459
8,432.20000000000005,658.8157502269092
8,432.3,664.6517999400289
8,432.40000000000003,697.3049078738009
8,432.5,666.605772097303
8,432.6,675.6290931136854
8,432.70000000000005,678.126978606007
8,432.8,673.2305722255489
8,432.90000000000003,673.5520940869357
8,433.0,644.1448007156094
8,433.1,619.7392875737843
8,433.20000000000005,645.0645980674666
8,433.3,664.9861590821783
8,433.40000000000003,663.1577894314427
16,0.0,487.481
16,0.1,479.7559053558673
16,0.2,415.2188880302865
16,0.30000000000000004,326.24731968706726
16,0.4,545.885832741731
16,0.5,547.365616339218
16,0.6000000000000001,592.5242985294364
16,0.7000000000000001,626.6175151238655
16,0.8,600.9743856169749
16,0.9,607.3343352173033
16,1.0,628.53049661986
16,1.1,608.7071959666915
16,1.2000000000000002,592.3284292280913
16,1.3,598.2029166919106
16,1.4000000000000001,616.7834979023211
16,1.5,575.4661966324513
16,1.6,480.4577165235741
16,1.7000000000000002,605.4357518369485
16,1.8,623.4203052936119
16,1.9000000000000001,612.2047675039149
16,2.0,602.9737836807806
16,2.1,604.4957292346909
16,2.2,603.7413706061154
16,2.3000000000000003,578.3442001886424
16,2.4000000000000004,459.7416745301318
16,2.5,607.3959116991438
16,2.6,597.4886434253589
16,2.7,585.336615386739
16,2.8000000000000003,607.3307231036329
16,2.9000000000000004,617.2613896010334
16,3.0,599.9558862131418
16,3.1,619.7197692820995
16,3.2,610.0835303671741
16,3.3000000000000003,639.7684146487608
16,3.4000000000000004,648.0746636097422
16,3.5,643.7169014492547
16,3.6,678.5285222554642
16,3.7,620.5415032921449
16,3.8000000000000003,619.7038351974334
16,3.9000000000000004,609.1730280284696
16,4.0,621.5799107658031
16,4.1000000000000005,705.0520595659788
16,4.2,583.1159390325662
16,4.3,517.7618426366039
16,4.4,694.4399744874718
16,4.5,1015.9569800925694
16,4.6000000000000005,696.5810555954612
16,4.7,649.1385244959856
16,4.800000000000001,635.2812941369684
16,4.9,648.6713471539821
16,5.0,639.9839686726043
16,5.1000000000000005,619.3286458199458
16,5.2,468.0708139289359
16,5.300000000000001,642.7056578600778
16,5.4,633.5267431359681
16,5.5,629.5873588622748
16,5.6000000000000005,609.7797985262614
16,5.7,630.0102270157727
16,5.800000000000001,633.1630603298175
16,5.9,635.2851542276991
16,6.0,644.581603205979
16,6.1000000000000005,632.426704692103
16,6.2,625.9097732220258
16,6.300000000000001,636.7376142620778
16,6.4,642.3618749757292
16,6.5,547.5492781161553
16,6.6000000000000005,631.8822768526977
16,6.7,642.455237714302
16,6.800000000000001,627.1840276146252
16,6.9,646.8012972040214
16,7.0,624.1759674061093
16,7.1000000000000005,621.7065717934962
16,7.2,642.9414939744005
16,7.300000000000001,484.11216473114916
16,7.4,530.2050016677672
16,7.5,942.9788580541467
16,7.6000000000000005,611.7977971898955
16,7.7,500.92523614135894
16,7.800000000000001,627.8944460766992
16,7.9,735.2495367766583
16,8.0,632.4099253117661
16,8.1,619.7672811757841
16,8.200000000000001,646.9388017817645
16,8.3,617.1206937422859
16,8.4,632.9158596335168
16,8.5,629.2811898336994
16,8.6,634.8074142285653
16,8.700000000000001,628.7500546055293
16,8.8,638.9193364154446
16,8.9,636.430904876496
16,9.0,640.5407394170004
16,9.1,649.7845699807415
16,9.200000000000001,631.2358048230847
16,9.3,638.2560487049928
16,9.4,490.0897722924948
16,9.5,644.0334109048033
16,9.600000000000001,625.2036721705257
16,9.700000000000001,633.0139639876522
16,9.8,634.5224522678403
16,9.9,652.8412767679264
16,10.0,651.7385987675453
16,10.100000000000001,535.8698743191854
16,10.200000000000001,517.252048218108
16,10.3,630.853142995906
16,10.4,640.2813173365656
16,10.5,636.3470844154918
16,10.600000000000001,592.3317774345832
16,10.700000000000001,644.4923303681901
16,10.8,646.224868239733
16,10.9,540.3278673246591
16,11.0,631.2135137896615
16,11.100000000000001,645.4077597826657
16,11.200000000000001,638.4087902341126
16,11.3,619.4969404965327
16,11.4,627.551966201241
16,11.5,617.3615388537969
16,11.600000000000001,606.1553783459118
16,11.700000000000001,585.9497801842746
16,11.8,620.8175688774553
16,11.9,627.5451238668882
16,12.0,644.4453463535958
16,12.100000000000001,1010.3378461013372
16,12.200000000000001,634.6945258056954
16,12.3,658.8603013961508
16,12.4,537.9765273088443
16,12.5,623.9630074384626
16,12.600000000000001,652.458749126395
16,12.700000000000001,642.1336591299256
16,12.8,635.9362884547221
16,12.9,647.6360354057092
16,13.0,635.7019887691823
16,13.100000000000001,459.34933328389866
16,13.200000000000001,610.19671001843
16,13.3,649.083938510908
16,13.4,624.1852409806804
16,13.5,642.9313188016341
16,13.600000000000001,651.0807742891095
16,13.700000000000001,618.1560120242415
16,13.8,634.9782612198237
16,13.9,627.6730347512898
16,14.0,673.2626713897598
16,14.100000000000001,620.058609212986
16,14.200000000000001,642.2804743342007
16,14.3,614.7654445022522
16,14.4,638.3072302652926
16,14.5,655.0334987088598
16,14.600000000000001,651.8854445335741
16,14.700000000000001,653.4015950164784
16,14.8,624.209060924988
16,14.9,646.8290582499203
16,15.0,570.1371219251337
16,15.100000000000001,638.5162528659306
16,15.200000000000001,626.6821179842196
16,15.3,646.4049119545642
16,15.4,640.9767418146458
16,15.5,639.1098802538196
16,15.600000000000001,626.9078906274528
16,15.700000000000001,849.1164400026707
16,15.8,659.2277095495564
16,15.9,643.6893986275362
16,16.0,634.1302331769134
16,16.1,651.4601981886486
16,16.2,635.735962716306
16,16.3,647.9175889163946
16,16.400000000000002,509.92331867841494
16,16.5,613.482942937013
16,16.6,637.7739302140412
16,16.7,646.0033202596798
16,16.8,633.4527796276761
16,16.900000000000002,618.0263127476642
16,17.0,639.6602575032157
16,17.1,669.0779504508472
16,17.2,676.786203379204
16,17.3,632.7742397567657
16,17.400000000000002,458.6720671187029
16,17.5,590.8058774407938
16,17.6,501.1909051338203
16,17.7,608.1223676636314
16,17.8,642.7892245177676
16,17.900000000000002,676.1988830903798
16,18.0,917.7244976288304
16,18.1,671.9113506518391
16,18.2,636.7137366422704
16,18.3,648.0675161834778
16,18.400000000000002,661.7602671312027
16,18.5,634.826764882944
16,18.6,624.6587674002576
16,18.7,630.918969387755
16,18.8,633.4775580365223
16,18.900000000000002,647.973555595768
16,19.0,636.1017162620452
16,19.1,629.1701408650245
16,19.200000000000003,639.8273273067496
16,19.3,578.6612576851479
16,19.400000000000002,545.2569122647506
16,19.5,541.0613108450956
16,19.6,549.207688424282
16,19.700000000000003,600.2612865974487
16,19.8,620.9484464397847
16,19.900000000000002,595.6609403278478
16,20.0,563.0521659436008
16,20.1,430.49142998744594
16,20.200000000000003,404.0161352629386
16,20.3,432.007322712656
16,20.400000000000002,550.4685069707531
16,20.5,610.9579940070917
16,20.6,510.2229536111641
16,20.700000000000003,614.5528755096462
16,20.8,574.7635491907258
16,20.900000000000002,602.0994104474146
16,21.0,631.1758595995906
16,21.1,397.4505550413991
16,21.200000000000003,572.4811801686295
16,21.3,556.4861594132675
16,21.400000000000002,586.6869607927955
16,21.5,559.0327659186809
16,21.6,622.2904291979224
16,21.700000000000003,637.7613200800284
16,21.8,588.8792520940312
16,21.900000000000002,592.4562260928604
16,22.0,568.0951165420763
16,22.1,558.6055748392517
16,22.200000000000003,624.637985295969
16,22.3,544.5303664761877
16,22.400000000000002,596.42912460823
16,22.5,530.1378099421822
16,22.6,487.3297654749314
16,22.700000000000003,554.1837076379474
16,22.8,613.0329524563855
16,22.900000000000002,625.942260873666
16,23.0,590.1746004712434
16,23.1,596.9407032161259
16,23.200000000000003,545.8558845866521
16,23.3,598.9448476559031
16,23.400000000000002,626.2540342848167
16,23.5,634.1916005424898
16,23.6,618.4316874131366
16,23.700000000000003,842.0317497264097
16,23.8,700.2884508388127
16,23.900000000000002,620.6067360607645
16,24.0,617.4655602430547
16,24.1,628.930336867004
16,24.200000000000003,616.3440323587129
16,24.3,640.8753978671241
16,24.400000000000002,658.3385490025939
16,24.5,584.7873369893153
16,24.6,549.6225338108246
16,24.700000000000003,553.7524841506325
16,24.8,625.0550170067937
16,24.900000000000002,578.5758585080864
16,25.0,602.6512546351141
16,25.1,562.2018917205846
16,25.200000000000003,576.3469120931178
16,25.3,584.6646763947045
16,25.400000000000002,511.124978241928
16,25.5,582.180610038748
16,25.6,624.7903221565615
16,25.700000000000003,593.7695764192459
16,25.8,600.9172620838327
16,25.900000000000002,628.3727446745097
16,26.0,573.8003034530403
16,26.1,583.5635707419513
16,26.200000000000003,612.5515645552258
16,26.3,605.9035725370518
16,26.400000000000002,579.2845390473739
16,26.5,467.5420170087068
16,26.6,481.3258976428746
16,26.700000000000003,519.5652999402914
16,26.8,578.0663326140044
16,26.900000000000002,623.7171006924683
16,27.0,576.8656438328755
16,27.1,613.0753436758818
16,27.200000000000003,623.5727014903448
16,27.3,524.0763761584947
16,27.400000000000002,562.8507232920515
16,27.5,577.8927715353934
16,27.6,621.4136124444796
16,27.700000000000003,624.8581355733519
16,27.8,649.435318124649
16,27.900000000000002,612.9563649203269
16,28.0,519.1255270838893
16,28.1,546.8227385906716
16,28.200000000000003,616.6224121175179
16,28.3,562.0494834191552
16,28.400000000000002,589.9964249377422
16,28.5,574.5401313246649
16,28.6,589.2496399507885
16,28.700000000000003,644.0593600293469
16,28.8,638.1793369460894
16,28.900000000000002,637.9094338555134
16,29.0,641.6822672844211
16,29.1,634.2575474281552
16,29.200000000000003,639.6701990754417
16,29.3,648.5763175906472
16,29.400000000000002,581.7986710616257
16,29.5,616.7444815275188
16,29.6,644.6896908060218
16,29.700000000000003,651.0737838839685
16,29.8,656.4791292467617
16,29.900000000000002,651.7211243520157
16,30.0,648.2889147393067
16,30.1,623.327339155392
16,30.200000000000003,626.2559530243411
16,30.3,635.0997885232849
16,30.400000000000002,923.1587255105638
16,30.5,825.2479221253604
16,30.6,649.9058855174543
16,30.700000000000003,662.4386845096172
16,30.8,518.7765468130334
16,30.900000000000002,571.9801403631982
16,31.0,596.3737738265764
16,31.1,599.9702222313673
16,31.200000000000003,629.9833526566504
16,31.3,625.3390316635932
16,31.400000000000002,641.6346195620708
16,31.5,651.4268848257819
16,31.6,640.0313486685229
16,31.700000000000003,632.8700397570416
16,31.8,641.4238106749341
16,31.900000000000002,663.2965062978548
16,32.0,671.335255936035
16,32.1,653.4119180243852
16,32.2,572.9198179690667
16,32.300000000000004,597.9489388311239
16,32.4,648.4279556596
16,32.5,652.5908029788235
16,32.6,654.2625799839925
16,32.7,651.3364654660653
16,32.800000000000004,640.7103781995969
16,32.9,636.742221764032
16,33.0,640.4903915851132
16,33.1,646.5334256393278
16,33.2,632.5081660659371
16,33.300000000000004,639.8689594758555
16,33.4,614.6181018295694
16,33.5,612.2067942126469
16,33.6,917.6656541749892
16,33.7,813.6395464569014
16,33.800000000000004,603.4724796205585
16,33.9,628.5110393303771
16,34.0,636.1035533460694
16,34.1,635.4691653883885
16,34.2,633.4448818182905
16,34.300000000000004,649.1251730248975
16,34.4,649.9341065975887
16,34.5,643.9236436666937
16,34.6,650.818824431158
16,34.7,649.2469278842142
16,34.800000000000004,640.4430753574615
16,34.9,640.4614399642911
16,35.0,631.2491582391674
16,35.1,622.8543765638805
16,35.2,629.4499071384364
16,35.300000000000004,629.7715761774589
16,35.4,625.0529415924946
16,35.5,630.3920253449425
16,35.6,645.1198469460224
16,35.7,660.5111083209312
16,35.800000000000004,810.5259068781875
16,35.9,743.9494409014336
16,36.0,603.4899202055894
16,36.1,636.6377627337239
16,36.2,638.4141236151494
16,36.300000000000004,644.7407402870939
16,36.4,650.2934978117854
16,36.5,638.6200938486011
16,36.6,625.4138383660971
16,36.7,581.720702779277
16,36.800000000000004,581.7029281161002
16,36.9,621.4382973248663
16,37.0,632.8325783232409
16,37.1,640.9316585146296
16,37.2,644.6102864057669
16,37.300000000000004,658.8202622918358
16,37.4,651.2386774242872
16,37.5,640.2911984643223
16,37.6,651.185445033586
16,37.7,662.1261380053718
16,37.800000000000004,655.6484232276806
16,37.9,630.9439359915226
16,38.0,623.5974552558085
16,38.1,645.2687587116262
16,38.2,645.9264741960833
16,38.300000000000004,635.8794992789947
16,38.400000000000006,640.3113915112476
16,38.5,641.2565631937742
16,38.6,633.0806503494238
16,38.7,629.4398148095269
16,38.800000000000004,730.0974793273497
16,38.900000000000006,746.0993010896618
16,39.0,637.0567994697437
16,39.1,601.6559212822988
16,39.2,610.3188947260664
16,39.300000000000004,651.0437923728937
16,39.400000000000006,703.3808701676793
16,39.5,703.1617587721801
16,39.6,646.1004034173388
16,39.7,648.0391280844715
16,39.800000000000004,640.398272853197
16,39.900000000000006,677.529534818643
16,40.0,694.3301072269929
16,40.1,567.4306359519595
16,40.2,534.0044258254529
16,40.300000000000004,629.977003431942
16,40.400000000000006,627.2479792868934
16,40.5,641.7110231434016
16,40.6,634.4505936815854
16,40.7,636.2873174224152
16,40.800000000000004,635.0949910882539
16,40.900000000000006,625.1057672383234
16,41.0,625.1867009466457
16,41.1,627.8332085462675
16,41.2,618.966949194276
16,41.300000000000004,623.6073740700606
16,41.400000000000006,631.0922781896439
16,41.5,626.871035883812
16,41.6,626.7588858151728
16,41.7,632.9703949664874
16,41.800000000000004,635.3203237465481
16,41.900000000000006,632.1768582861295
16,42.0,644.7174529397613
16,42.1,636.4436342056683
16,42.2,629.8835143528147
16,42.300000000000004,635.0960164676787
16,42.400000000000006,633.682785117319
16,42.5,631.6528119032221
16,42.6,633.9040288336462
16,42.7,620.0701335736773
16,42.800000000000004,629.0377282051777
16,42.900000000000006,638.996602646474
16,43.0,634.5583769692762
16,43.1,624.125765903744
16,43.2,634.0427870809878
16,43.300000000000004,657.6324527303777
16,43.400000000000006,646.0701310162698
16,43.5,624.2503557944747
16,43.6,622.5716889036006
16,43.7,632.0978477728977
16,43.800000000000004,625.4190053612886
16,43.900000000000006,615.674642596037
16,44.0,622.7158541942414
16,44.1,637.7147273248296
16,44.2,649.78250543725
16,44.300000000000004,652.8782440077599
16,44.400000000000006,611.9212160090467
16,44.5,589.8119802904713
16,44.6,636.7257667190643
16,44.7,618.2153738582974
16,44.800000000000004,624.6062420988526
16,44.900000000000006,620.0303947535431
16,45.0,619.4629007224256
16,45.1,602.7254502639423
16,45.2,571.8225323831371
16,45.300000000000004,557.7594056460641
16,45.400000000000006,651.7735611930503
16,45.5,653.0914900343381
16,45.6,648.8764418688886
16,45.7,650.5678157381003
16,45.800000000000004,652.6559956368551
16,45.900000000000006,632.9983522981325
16,46.0,648.4019401827504
16,46.1,641.0038479153121
16,46.2,607.7575765620197
16,46.300000000000004,553.4603825161959
16,46.400000000000006,644.627421574443
16,46.5,646.5743083861931
16,46.6,646.9109170272106
16,46.7,657.5958808820837
16,46.800000000000004,664.1988240570738
16,46.900000000000006,668.7787417420449
16,47.0,646.2861330245225
16,47.1,573.9240885728886
16,47.2,555.5450035150168
16,47.300000000000004,563.2461351643215
16,47.400000000000006,484.48058416673695
16,47.5,641.708206127135
16,47.6,640.8883761277506
16,47.7,644.0246473279137
16,47.800000000000004,642.9879969796397
16,47.900000000000006,634.2608170567813
16,48.0,632.6783948800137
16,48.1,626.1057576917133
16,48.2,666.3337860312281
16,48.300000000000004,581.4865548052625
16,48.400000000000006,491.5259787864925
16,48.5,651.1160047620182
16,48.6,652.7020056100978
16,48.7,637.3614575235024
16,48.800000000000004,646.171050699671
16,48.900000000000006,638.9567684650018
16,49.0,633.4824412703856
16,49.1,656.0412489164042
16,49.2,648.9783424714104
16,49.300000000000004,626.0481559347198
16,49.400000000000006,636.520734226323
16,49.5,615.6812785193814
16,49.6,515.9016871616849
16,49.7,632.224816134783
16,49.800000000000004,637.5072691827621
16,49.900000000000006,651.7013638606911
16,50.0,659.9210396526877
16,50.1,621.0153984643907
16,50.2,510.61921906696097
16,50.300000000000004,486.0585808290391
16,50.400000000000006,509.9749826973428
16,50.5,482.89266822850664
16,50.6,449.1707370196404
16,50.7,627.6056685619563
16,50.800000000000004,602.2460275081638
16,50.900000000000006,513.6366327661574
16,51.0,629.0707235164647
16,51.1,576.0431455789341
16,51.2,436.30580698241346
16,51.300000000000004,588.3085600166268
16,51.400000000000006,461.09968891007367
16,51.5,606.1011855087579
16,51.6,613.9286596234502
16,51.7,556.0378488783375
16,51.800000000000004,635.4458343053974
16,51.900000000000006,543.689800054235
16,52.0,452.45233097345135
16,52.1,552.8942399159802
16,52.2,411.5056099653203
16,52.300000000000004,543.987539497916
16,52.400000000000006,491.9696011586804
16,52.5,592.1393021921874
16,52.6,528.8150194735942
16,52.7,616.9788031470895
16,52.800000000000004,623.571217610698
16,52.900000000000006,630.6621230738494
16,53.0,629.6971077808075
16,53.1,622.8909378657918
16,53.2,596.1082718841334
16,53.300000000000004,660.6885276640335
16,53.400000000000006,657.3856408435507
16,53.5,645.2930963277402
16,53.6,615.6612994821659
16,53.7,501.9090547607024
16,53.800000000000004,635.9083409899165
16,53.900000000000006,631.6856346113464
16,54.0,653.7611857330227
16,54.1,673.7969852189101
16,54.2,681.7263464175333
16,54.300000000000004,651.2745630977935
16,54.400000000000006,666.3153143266148
16,54.5,660.8510969571981
16,54.6,633.3780450421461
16,54.7,657.4057602338171
16,54.800000000000004,614.6454636980546
16,54.900000000000006,541.4227245286878
16,55.0,665.5186181884012
16,55.1,661.5041432618609
16,55.2,637.6342360365041
16,55.300000000000004,654.6432393534224
16,55.400000000000006,697.6684997992609
16,55.5,638.210560755364
16,55.6,662.164980037766
16,55.7,655.9338523562338
16,55.800000000000004,681.4228763459439
16,55.900000000000006,658.2441720345582
16,56.0,654.1989522172028
16,56.1,651.7401354549934
16,56.2,660.9239460639699
16,56.300000000000004,658.6922467033115
16,56.400000000000006,644.3447448189596
16,56.5,664.6647412510531
16,56.6,712.9085016680907
16,56.7,858.2182729368589
16,56.800000000000004,641.0872834001736
16,56.900000000000006,644.6976289441603
16,57.0,633.9428675184809
16,57.1,634.5216769858913
16,57.2,651.771468644926
16,57.300000000000004,610.3228880995875
16,57.400000000000006,668.8664974421948
16,57.5,650.0566536637059
16,57.6,585.870538056819
16,57.7,658.5848399631373
16,57.800000000000004,654.3942997422843
16,57.900000000000006,638.4550556311625
16,58.0,660.6742474725588
16,58.1,663.353702212718
16,58.2,654.6752045403584
16,58.300000000000004,673.7767798815635
16,58.400000000000006,664.8958592473878
16,58.5,655.842978035062
16,58.6,665.0726333452302
16,58.7,673.3956966094194
16,58.800000000000004,674.2230198742142
16,58.900000000000006,680.9064249467984
16,59.0,671.5072377133804
16,59.1,670.6254169403018
16,59.2,652.6195126016555
16,59.300000000000004,664.2783573625659
16,59.400000000000006,619.5818947836636
16,59.5,670.924367101686
16,59.6,681.0349742179211
16,59.7,634.7898933096784
16,59.800000000000004,672.1830410798211
16,59.900000000000006,659.0205213984839
16,60.0,655.5656653028174
16,60.1,670.5754242625358
16,60.2,673.2593440111285
16,60.300000000000004,644.2932778241549
16,60.400000000000006,658.6308656941673
16,60.5,650.9515013411403
16,60.6,674.229728362085
16,60.7,676.978560042022
16,60.800000000000004,680.9135643752606
16,60.900000000000006,682.4222419951008
16,61.0,664.6594811517838
16,61.1,686.7793446835371
16,61.2,670.5415587616731
16,61.300000000000004,652.7833488649197
16,61.400000000000006,668.1115563808547
16,61.5,660.354181545322
16,61.6,670.3510245264318
16,61.7,641.3349429183992
16,61.800000000000004,563.6410506789188
16,61.900000000000006,664.2726315302771
16,62.0,640.6242887193024
16,62.1,537.260731356985
16,62.2,660.3550903617445
16,62.300000000000004,659.2410653097487
16,62.400000000000006,580.4665908180034
16,62.5,578.4897209197615
16,62.6,676.5981097206998
16,62.7,643.7532574715846
16,62.800000000000004,555.791756788693
16,62.900000000000006,656.4804767835938
16,63.0,620.2829908647193
16,63.1,645.6802800607827
16,63.2,648.1792988017903
16,63.300000000000004,662.5180533301567
16,63.400000000000006,656.9740411415108
16,63.5,673.3557478277025
16,63.6,572.9201670068427
16,63.7,647.4379767296824
16,63.800000000000004,643.313866991425
16,63.900000000000006,654.0366673384117
16,64.0,649.977775834181
16,64.10000000000001,670.6427609650948
16,64.2,940.6867108151281
16,64.3,623.3047629716085
16,64.4,651.7350611572182
16,64.5,652.2978219689119
16,64.60000000000001,459.57048811852513
16,64.7,731.5797711757955
16,64.8,607.3220486099653
16,64.9,638.9868970305928
16,65.0,578.5709666696738
16,65.10000000000001,528.4754068419066
16,65.2,616.74997363578
16,65.3,934.6704091675588
16,65.4,668.4324775433819
16,65.5,666.6885669979324
16,65.60000000000001,653.7285055996638
16,65.7,669.7951798220212
16,65.8,646.0382046515401
16,65.9,648.2166166718985
16,66.0,663.1566447627011
16,66.10000000000001,649.2448590647149
16,66.2,665.057551550665
16,66.3,663.5271319763925
16,66.4,485.627630653342
16,66.5,570.190313394046
16,66.60000000000001,591.4016356178037
16,66.7,478.6636127235405
16,66.8,635.936161130813
16,66.9,572.7802256707066
16,67.0,624.8481269288794
16,67.10000000000001,524.1845829521787
16,67.2,482.3217875227782
16,67.3,597.3410810195193
16,67.4,582.3489256658405
16,67.5,615.5206537430767
16,67.60000000000001,624.7272331389089
16,67.7,570.8743670291746
16,67.8,456.58063652831316
16,67.9,577.5762201179955
16,68.0,546.3808012186813
16,68.10000000000001,507.34136806597047
16,68.2,742.9160663780955
16,68.3,625.8646383136869
16,68.4,624.0410190543352
16,68.5,564.1534092312384
16,68.60000000000001,637.1411527378702
16,68.7,624.3666661977995
16,68.8,369.22143810971875
16,68.9,571.9073141052254
16,69.0,649.1493705470086
16,69.10000000000001,594.2729719232493
16,69.2,631.9453011003475
16,69.3,631.3114779859346
16,69.4,468.8893158340242
16,69.5,566.257468679799
16,69.60000000000001,536.8339758607186
16,69.7,561.9400017585582
16,69.8,620.4174758567771
16,69.9,595.8664045768304
16,70.0,535.510985261222
16,70.10000000000001,590.1027109537863
16,70.2,615.9615623074822
16,70.3,614.866788522959
16,70.4,589.7698768063103
16,70.5,440.26776052942523
16,70.60000000000001,636.4774466512027
16,70.7,637.060454830504
16,70.8,467.20625467277245
16,70.9,512.9465659677888
16,71.0,410.8787899082197
16,71.10000000000001,552.0452072098149
16,71.2,495.3076401123945
16,71.3,622.2378980011671
16,71.4,621.2131440813893
16,71.5,541.8993916840114
16,71.60000000000001,543.3322124103114
16,71.7,489.5657251178933
16,71.8,526.9312676548467
16,71.9,535.5131942084153
16,72.0,590.0225243116441
16,72.10000000000001,612.7877298086436
16,72.2,597.272341260784
16,72.3,604.916955042764
16,72.4,475.410241815293
16,72.5,608.7163730405887
16,72.60000000000001,745.954341587128
16,72.7,627.2325457490002
16,72.8,584.4089341732109
16,72.9,412.1396582182766
16,73.0,508.6615830506375
16,73.10000000000001,639.2957615572734
16,73.2,407.0165044416792
16,73.3,441.6013774287247
16,73.4,591.284915344156
16,73.5,414.4234094995784
16,73.60000000000001,557.6359764818477
16,73.7,618.6866178835526
16,73.8,1055.1461810568674
16,73.9,704.1876632360987
16,74.0,559.4039771683406
16,74.10000000000001,533.7280535838889
16,74.2,544.108143954016
16,74.3,517.2951895930222
16,74.4,532.9878066855715
16,74.5,386.2072952373925
16,74.60000000000001,418.62061046621693
16,74.7,565.1476510792527
16,74.8,620.414021099647
16,74.9,544.8683096092178
16,75.0,485.8891318366656
16,75.10000000000001,519.3878446271947
16,75.2,517.9144357962986
16,75.3,560.6337993616323
16,75.4,494.43085889773323
16,75.5,542.8628653309324
16,75.60000000000001,510.463203897099
16,75.7,482.2355734457542
16,75.8,525.1739014277905
16,75.9,521.8242456503629
16,76.0,543.7737109103643
16,76.10000000000001,646.2060549910807
16,76.2,530.4592074963972
16,76.3,573.2382893891215
16,76.4,624.3761348185707
16,76.5,578.9374521314217
16,76.60000000000001,607.7708370542823
16,76.7,554.527086517049
16,76.80000000000001,503.9288995500216
16,76.9,442.8483063471905
16,77.0,559.8433863610971
16,77.10000000000001,618.7350012710998
16,77.2,625.9056697188516
16,77.30000000000001,575.4745882690364
16,77.4,537.9600702176157
16,77.5,628.662592312899
16,77.60000000000001,500.1519041632958
16,77.7,526.0325677745855
16,77.80000000000001,541.5218777856225
16,77.9,575.9067600901523
16,78.0,538.3026394021402
16,78.10000000000001,530.5174672641306
16,78.2,535.5484120557498
16,78.30000000000001,523.7970849530243
16,78.4,581.2368830413839
16,78.5,606.8782086645025
16,78.60000000000001,590.3281146616627
16,78.7,539.4716864307509
16,78.80000000000001,489.6648855840759
16,78.9,559.6794961647238
16,79.0,640.6872256531457
16,79.10000000000001,620.0680020396876
16,79.2,488.7166870675395
16,79.30000000000001,459.0494467119017
16,79.4,594.0051968603691
16,79.5,558.0148434781987
16,79.60000000000001,606.6867858467092
16,79.7,593.6485864678641
16,79.80000000000001,544.8430880722908
16,79.9,516.1590253587697
16,80.0,504.5675193994463
16,80.10000000000001,523.306175192193
16,80.2,464.80239843023276
16,80.30000000000001,528.3673603958553
16,80.4,608.8204117440803
16,80.5,576.2190009695855
16,80.60000000000001,505.7847765489796
16,80.7,491.79903749538653
16,80.80000000000001,572.1808203838345
16,80.9,614.1682977780208
16,81.0,625.4079557706372
16,81.10000000000001,628.7693518273032
16,81.2,636.2562594564732
16,81.30000000000001,659.3946284895586
16,81.4,665.4922891189854
16,81.5,933.163334379846
16,81.60000000000001,864.0767253980242
16,81.7,501.0596151563863
16,81.80000000000001,569.654178788926
16,81.9,638.494688859034
16,82.0,630.0825820956605
16,82.10000000000001,624.2767587133833
16,82.2,618.8448109674929
16,82.30000000000001,633.7649328297681
16,82.4,636.852590525058
16,82.5,623.3892486391195
16,82.60000000000001,625.384358434975
16,82.7,627.6777946560417
16,82.80000000000001,628.4589098712404
16,82.9,631.2193093350171
16,83.0,619.3118913076622
16,83.10000000000001,611.318078213893
16,83.2,613.0576982674789
16,83.30000000000001,626.6263688543877
16,83.4,579.9702354333564
16,83.5,561.75825941604
16,83.60000000000001,627.9191117123413
16,83.7,621.661822744446
16,83.80000000000001,601.9320903629012
16,83.9,599.5171179486719
16,84.0,646.5626892763014
16,84.10000000000001,654.2808673617955
16,84.2,642.1014916420718
16,84.30000000000001,583.3394080880336
16,84.4,545.0681575938985
16,84.5,626.7503180514393
16,84.60000000000001,635.9719640082599
16,84.7,628.495413781899
16,84.80000000000001,617.3509516712476
16,84.9,604.5594638724663
16,85.0,639.2770675201012
16,85.10000000000001,688.7523626059949
16,85.2,691.7879793408632
16,85.30000000000001,638.6706474007714
16,85.4,629.0149807916798
16,85.5,624.1418561997014
16,85.60000000000001,599.2790687760059
16,85.7,611.8795578703453
16,85.80000000000001,640.9922448430219
16,85.9,601.9293900195017
16,86.0,577.9077106149907
16,86.10000000000001,602.3477012815935
16,86.2,589.78634253313
16,86.30000000000001,585.1396651280336
16,86.4,531.2808875093523
16,86.5,512.3890847232283
16,86.60000000000001,430.77236365286194
16,86.7,460.03566915668335
16,86.80000000000001,508.3064105252483
16,86.9,436.14081704397415
16,87.0,504.69565035413177
16,87.10000000000001,549.1428799089688
16,87.2,481.6547842434907
16,87.30000000000001,508.21719693693564
16,87.4,538.8330840275906
16,87.5,545.3690934811399
16,87.60000000000001,507.47481251635116
16,87.7,530.7956035434023
16,87.80000000000001,540.960572596879
16,87.9,559.7003699693593
16,88.0,549.0451572137075
16,88.10000000000001,581.3859814583734
16,88.2,519.9542979925932
16,88.30000000000001,569.1460564364564
16,88.4,546.1617935490027
16,88.5,536.2829843883671
16,88.60000000000001,470.3203126584656
16,88.7,531.212986172954
16,88.80000000000001,571.3524873088452
16,88.9,564.9700798338902
16,89.0,469.3563622446427
16,89.10000000000001,352.6284776427566
16,89.2,471.09105683113523
16,89.30000000000001,502.95845387626713
16,89.4,568.4717914083113
16,89.5,595.805388322706
16,89.60000000000001,610.0053093000249
16,89.7,556.1652181353008
16,89.80000000000001,596.6836308125459
16,89.9,559.5894038111848
16,90.0,529.6214539531339
16,90.10000000000001,507.82368406161856
16,90.2,521.0285075429407
16,90.30000000000001,515.2069079111105
16,90.4,579.6908204718258
16,90.5,478.9728138591158
16,90.60000000000001,523.7634113243525
16,90.7,562.934051673224
16,90.80000000000001,591.6341205948295
16,90.9,485.3761121241467
16,91.0,631.7918412786836
16,91.10000000000001,609.3090603799108
16,91.2,609.0771658551934
16,91.30000000000001,624.2632918031808
16,91.4,560.560718548165
16,91.5,478.1038251890357
16,91.60000000000001,614.4029374980009
16,91.7,558.5811706815537
16,91.80000000000001,617.797847144131
16,91.9,591.7284690455706
16,92.0,588.9911280823774
16,92.10000000000001,630.640675358583
16,92.2,615.3463773216142
16,92.30000000000001,571.3922439577512
16,92.4,614.8505482056261
16,92.5,622.1612501459086
16,92.60000000000001,616.4003169505073
16,92.7,574.5514497467443
16,92.80000000000001,538.6804283948426
16,92.9,588.0570693712924
16,93.0,563.5090658390653
16,93.10000000000001,525.1870614153777
16,93.2,610.8437839154905
16,93.30000000000001,616.7082492110088
16,93.4,614.5341311381584
16,93.5,549.5996614694503
16,93.60000000000001,476.4480084668518
16,93.7,625.9808502569421
16,93.80000000000001,607.7652276325107
16,93.9,558.0423056068084
16,94.0,546.6719883945841
16,94.10000000000001,541.5864458256029
16,94.2,604.7121631003761
16,94.30000000000001,593.8380398833842
16,94.4,581.843226795399
16,94.5,560.5092978862571
16,94.60000000000001,563.1076976458825
16,94.7,574.3051720470482
16,94.80000000000001,604.7871049740928
16,94.9,591.4863247466507
16,95.0,594.693826106516
16,95.10000000000001,615.2563243799603
16,95.2,556.3493710704447
16,95.30000000000001,588.5231475705399
16,95.4,584.9655750362061
16,95.5,614.0529006051714
16,95.60000000000001,622.8498197638135
16,95.7,634.5139907178362
16,95.80000000000001,699.928216113113
16,95.9,595.1257470092918
16,96.0,504.7879219518586
16,96.10000000000001,613.6092283937169
16,96.2,585.6894861561315
16,96.30000000000001,634.899413784691
16,96.4,600.863212552163
16,96.5,431.60715733248855
16,96.60000000000001,612.2313069323015
16,96.7,628.1930165612455
16,96.80000000000001,508.6728635039896
16,96.9,601.5561656073407
16,97.0,585.8425135329484
16,97.10000000000001,527.2866930739875
16,97.2,547.8117792024925
16,97.30000000000001,587.3859947081008
16,97.4,651.6390663370851
16,97.5,627.2070733376987
16,97.60000000000001,592.0363044227431
16,97.7,596.3857206153242
16,97.80000000000001,631.4797054011689
16,97.9,628.6544952064347
16,98.0,618.6802697667882
16,98.10000000000001,610.0629286017711
16,98.2,618.9633317714228
16,98.30000000000001,623.4304531362512
16,98.4,531.6038956872856
16,98.5,639.5783584169453
16,98.60000000000001,646.8039986490127
16,98.7,544.3895543659872
16,98.80000000000001,530.987873267858
16,98.9,629.0987084785412
16,99.0,595.7344366567528
16,99.10000000000001,581.9721825928775
16,99.2,605.9845042870526
16,99.30000000000001,636.7747068592618
16,99.4,510.78273862090936
16,99.5,551.6096103181432
16,99.60000000000001,428.9469066066491
16,99.7,482.06471475715233
16,99.80000000000001,517.352105350072
16,99.9,644.9439381445179
16,100.0,517.1603288875344
16,100.10000000000001,634.2722565326702
16,100.2,440.400522502503
16,100.30000000000001,585.5393278536567
16,100.4,634.6054424857847
16,100.5,633.9106111712578
16,100.60000000000001,232.15369326020388
16,100.7,609.8540188829616
16,100.80000000000001,402.13090497608096
16,100.9,290.69974450281137
16,101.0,581.6502316510762
16,101.10000000000001,593.3648444915013
16,101.2,622.7584453999781
16,101.30000000000001,583.3138924104496
16,101.4,562.279677529946
16,101.5,611.0359857751947
16,101.60000000000001,621.8485140258807
16,101.7,609.5804024698647
16,101.80000000000001,602.446914854743
16,101.9,603.0960695486336
16,102.0,465.7705371146029
16,102.10000000000001,591.8530142680405
16,102.2,622.67468141323
16,102.30000000000001,581.8039557116477
16,102.4,644.9998809370159
16,102.5,618.2346341478493
16,102.60000000000001,616.2615746995845
16,102.7,608.1188985852683
16,102.80000000000001,611.9352655560483
16,102.9,552.7428452483101
16,103.0,522.620466179133
16,103.10000000000001,496.78587300105505
16,103.2,593.9771473226247
16,103.30000000000001,561.9412171031232
16,103.4,586.2047799554616
16,103.5,534.3908966907221
16,103.60000000000001,620.6993748478792
16,103.7,634.1968074775557
16,103.80000000000001,561.481056107939
16,103.9,467.9298909902216
16,104.0,459.6413080321878
16,104.10000000000001,386.13271414224533
16,104.2,508.15597884250275
16,104.30000000000001,580.1039756107375
16,104.4,590.9451705666276
16,104.5,631.8501179893336
16,104.60000000000001,650.6528688354731
16,104.7,506.71314800604404
16,104.80000000000001,601.6188692262249
16,104.9,601.4567575547362
16,105.0,617.1337346850519
16,105.10000000000001,604.2707018257817
16,105.2,640.9422464703672
16,105.30000000000001,660.6686130073884
16,105.4,657.3422778357321
16,105.5,547.5799638466101
16,105.60000000000001,395.75868434651034
16,105.7,563.1005367373135
16,105.80000000000001,633.0691818720921
16,105.9,669.3012347417889
16,106.0,613.8924702369468
16,106.10000000000001,676.9892034749442
16,106.2,662.0413890721181
16,106.30000000000001,600.6556537231326
16,106.4,640.9785253016452
16,106.5,672.4577856065017
16,106.60000000000001,611.4893948927704
16,106.7,632.2877255974599
16,106.80000000000001,575.684150074075
16,106.9,602.12737222793
16,107.0,662.4312351615791
16,107.10000000000001,644.6886992140237
16,107.2,646.607167773569
16,107.30000000000001,661.2228660757733
16,107.4,672.5046831032222
16,107.5,669.5778285001544
16,107.60000000000001,656.3918161455122
16,107.7,668.9704385923881
16,107.80000000000001,548.0627542080075
16,107.9,601.9606737241246
16,108.0,665.9065934977712
16,108.10000000000001,678.2308545833058
16,108.2,676.9618775053451
16,108.30000000000001,673.144591983534
16,108.4,668.74796814341
16,108.5,670.2389354665955
16,108.60000000000001,682.6531315522421
16,108.7,677.0307596077615
16,108.80000000000001,660.2023064054359
16,108.9,666.8669286655952
16,109.0,701.5507838815813
16,109.10000000000001,614.5676386341435
16,109.2,634.1618245756785
16,109.30000000000001,674.0532521783891
16,109.4,684.3631016516038
16,109.5,506.7327234203664
16,109.60000000000001,612.4646066550134
16,109.7,696.9660453621888
16,109.80000000000001,673.5821214100104
16,109.9,625.6733928601674
16,110.0,647.4006620267261
16,110.10000000000001,671.7488679010621
16,110.2,672.9202782164306
16,110.30000000000001,622.7452900027298
16,110.4,745.9999339447218
16,110.5,719.4428439814836
16,110.60000000000001,626.442274842266
16,110.7,663.3794462624003
16,110.80000000000001,679.734687216605
16,110.9,691.8764372251511
16,111.0,662.8177756096284
16,111.10000000000001,650.6757462070059
16,111.2,666.4773039961156
16,111.30000000000001,663.0776976376025
16,111.4,668.2145707530768
16,111.5,673.8565805990966
16,111.60000000000001,677.1425378193542
16,111.7,653.1139874840444
16,111.80000000000001,640.0825036107125
16,111.9,670.4862309781471
16,112.0,685.744712799326
16,112.10000000000001,663.8395549899366
16,112.2,665.4419415081788
16,112.30000000000001,663.7744752658152
16,112.4,663.0801088307277
16,112.5,669.2723983051654
16,112.60000000000001,623.1555184298554
16,112.7,605.6742506176694
16,112.80000000000001,656.6688417536199
16,112.9,672.9552143288363
16,113.0,657.3626198671749
16,113.10000000000001,646.1026990591125
16,113.2,651.2602419819739
16,113.30000000000001,668.2111140437385
16,113.4,644.3219738882843
16,113.5,657.9640807929226
16,113.60000000000001,676.1067472809397
16,113.7,681.1149405175247
16,113.80000000000001,653.5270347815261
16,113.9,652.3355004281159
16,114.0,661.0161194741652
16,114.10000000000001,673.2773529434423
16,114.2,672.6866146386011
16,114.30000000000001,674.7887253444604
16,114.4,671.9607933253168
16,114.5,639.9208188849071
16,114.60000000000001,646.3859549244793
16,114.7,676.4990022640168
16,114.80000000000001,674.4409887130087
16,114.9,665.9760492462191
16,115.0,657.1275790478863
16,115.10000000000001,656.2822370763852
16,115.2,669.3092926276717
16,115.30000000000001,653.756906173541
16,115.4,657.8159258972852
16,115.5,660.8883202567829
16,115.60000000000001,677.2175476900336
16,115.7,672.9880032584375
16,115.80000000000001,834.722957722438
16,115.9,685.6962374099973
16,116.0,559.8664229501325
16,116.10000000000001,607.9307985699078
16,116.2,583.8361454340135
16,116.30000000000001,432.93465388956514
16,116.4,478.59317862193967
16,116.5,502.4038885969335
16,116.60000000000001,460.6819372411345
16,116.7,463.4594042253111
16,116.80000000000001,450.56398434137884
16,116.9,478.3629568238645
16,117.0,506.4624185592209
16,117.10000000000001,455.73744562033136
16,117.2,390.0412119171775
16,117.30000000000001,459.55016605703725
16,117.4,490.30514489373024
16,117.5,468.42382703619614
16,117.60000000000001,520.9190592934823
16,117.7,554.2441262844839
16,117.80000000000001,467.3531916970601
16,117.9,448.0084803726972
16,118.0,515.7677455028409
16,118.10000000000001,500.9071278305698
16,118.2,505.5163724097535
16,118.30000000000001,448.15530334677464
16,118.4,419.40964397549504
16,118.5,449.3441998305819
16,118.60000000000001,459.91465537100225
16,118.7,425.59304430938874
16,118.80000000000001,468.3205522621658
16,118.9,420.0899821812138
16,119.0,391.7048313928972
16,119.10000000000001,434.14176363926026
16,119.2,435.09634117526707
16,119.30000000000001,463.7172760639947
16,119.4,461.4723949134721
16,119.5,425.7020215608318
16,119.60000000000001,380.49539628774033
16,119.7,403.9831404906052
16,119.80000000000001,454.8485036232833
16,119.9,451.85553883612147
16,120.0,544.0583988968402
16,120.10000000000001,641.5053815757113
16,120.2,649.1640297307736
16,120.30000000000001,748.8489193193071
16,120.4,644.6571570277621
16,120.5,556.2646069683622
16,120.60000000000001,649.567545767005
16,120.7,625.0734335031352
16,120.80000000000001,610.809082021756
16,120.9,570.108143447797
16,121.0,572.9091641515502
16,121.10000000000001,629.3987900172339
16,121.2,619.0166436861883
16,121.30000000000001,542.9524920694555
16,121.4,557.1791670972838
16,121.5,634.3903153573774
16,121.60000000000001,636.2142938339024
16,121.7,641.6366341886138
16,121.80000000000001,623.541676853197
16,121.9,622.5675892482606
16,122.0,626.1283838347771
16,122.10000000000001,627.5418346044648
16,122.2,637.3293285501344
16,122.30000000000001,632.968568383564
16,122.4,630.2583345649671
16,122.5,635.7569963777348
16,122.60000000000001,564.1729767539429
16,122.7,493.84692882323907
16,122.80000000000001,562.590701147784
16,122.9,545.3987570079473
16,123.0,615.2584853595869
16,123.10000000000001,705.9106903697466
16,123.2,537.9905442715323
16,123.30000000000001,545.8614199761926
16,123.4,622.214792283951
16,123.5,636.0583903185925
16,123.60000000000001,634.4177176708513
16,123.7,627.111133438152
16,123.80000000000001,632.5281369097396
16,123.9,647.8057069627433
16,124.0,646.8772097443907
16,124.10000000000001,629.9308095737468
16,124.2,625.4338581264956
16,124.30000000000001,606.6178051743316
16,124.4,592.0961477179328
16,124.5,633.0172332053286
16,124.60000000000001,620.5289711192822
16,124.7,616.9860058294582
16,124.80000000000001,655.5339621610445
16,124.9,662.9511124164738
16,125.0,667.0401970736625
16,125.10000000000001,669.6654955840015
16,125.2,672.3948317837959
16,125.30000000000001,640.8514634960344
16,125.4,599.3037447118841
16,125.5,554.3983626275865
16,125.60000000000001,548.4143397604789
16,125.7,641.1432476067957
16,125.80000000000001,637.5839079149812
16,125.9,620.4444798465249
16,126.0,616.4602003277853
16,126.10000000000001,667.193499888575
16,126.2,622.9664815272797
16,126.30000000000001,604.6055831058828
16,126.4,650.7532030799479
16,126.5,640.5737849941768
16,126.60000000000001,562.3610533995673
16,126.7,516.8219176470675
16,126.80000000000001,675.9425988104094
16,126.9,630.4168369037742
16,127.0,658.9729611896782
16,127.10000000000001,672.622907381988
16,127.2,662.9881844387313
16,127.30000000000001,636.3405795124868
16,127.4,635.3314126000893
16,127.5,650.8422969576877
16,127.60000000000001,657.8968982041308
16,127.7,653.3399069022522
16,127.80000000000001,659.8336851176792
16,127.9,668.1108747146874
16,128.0,672.4911993930501
16,128.1,654.661374473373
16,128.20000000000002,686.7840519230159
16,128.3,682.8895831777647
16,128.4,652.4280908682933
16,128.5,654.6770369624024
16,128.6,877.9302552975001
16,128.70000000000002,1066.686323467384
16,128.8,618.297647808052
16,128.9,656.0090298253873
16,129.0,596.0660720748148
16,129.1,555.0397690248994
16,129.20000000000002,648.5419411121643
16,129.3,661.809979345813
16,129.4,642.6602696366009
16,129.5,633.3198865679088
16,129.6,654.7581156212434
16,129.70000000000002,648.2163878822603
16,129.8,676.5438714816562
16,129.9,660.518550042015
16,130.0,643.0856677013011
16,130.1,634.1614568811268
16,130.20000000000002,631.504604107407
16,130.3,565.4855271100358
16,130.4,518.8664960018187
16,130.5,652.1084209073991
16,130.6,637.6700310923135
16,130.70000000000002,643.8724105583475
16,130.8,616.2490657583679
16,130.9,613.3291213718138
16,131.0,578.9811303203651
16,131.1,533.9947982027587
16,131.20000000000002,644.7435829487912
16,131.3,651.4425886426001
16,131.4,643.2525166912649
16,131.5,616.3297639597234
16,131.6,604.9135683751184
16,131.70000000000002,608.3587435125572
16,131.8,645.127456264486
16,131.9,645.5897543346695
16,132.0,654.056031507549
16,132.1,659.4699083682132
16,132.20000000000002,610.5707609283636
16,132.3,612.9870035912156
16,132.4,643.4872194430983
16,132.5,612.7074851525014
16,132.6,640.114687837053
16,132.70000000000002,657.3154055110522
16,132.8,573.544545055819
16,132.9,519.2411768876121
16,133.0,637.2546767235427
16,133.1,596.0475988497667
16,133.20000000000002,632.2565519342355
16,133.3,686.0920876663014
16,133.4,827.2326427656661
16,133.5,622.7639166257795
16,133.6,602.9480854319361
16,133.70000000000002,655.8914099864255
16,133.8,656.9696580853216
16,133.9,644.2857041389392
16,134.0,640.4692971753269
16,134.1,636.8950088821355
16,134.20000000000002,628.4781259118693
16,134.3,643.6975724055404
16,134.4,653.8019044860226
16,134.5,659.4733130680411
16,134.6,651.9419029376062
16,134.70000000000002,629.4146911601628
16,134.8,667.8373506608249
16,134.9,694.1410936632598
16,135.0,621.4641504631559
16,135.1,621.1900039679646
16,135.20000000000002,626.5232421403657
16,135.3,551.1317462069118
16,135.4,650.2135178387838
16,135.5,610.1617553056922
16,135.6,536.8474976808293
16,135.70000000000002,583.2867544957289
16,135.8,463.89661395464367
16,135.9,398.5690741822963
16,136.0,364.7973876286449
16,136.1,380.99838361935605
16,136.20000000000002,425.69316749357694
16,136.3,472.1183587999186
16,136.4,621.6308532049111
16,136.5,616.7806086445927
16,136.6,614.1290007442122
16,136.70000000000002,627.8120063081257
16,136.8,635.4235802820369
16,136.9,618.4048386022305
16,137.0,608.1629330421362
16,137.1,611.7756781740724
16,137.20000000000002,623.3241669517963
16,137.3,632.9315077323637
16,137.4,641.5959808989413
16,137.5,648.2254976192233
16,137.6,628.7224714338445
16,137.70000000000002,618.5167139226503
16,137.8,512.5147788732198
16,137.9,641.2787308342738
16,138.0,638.8169414530505
16,138.1,656.0433316072239
16,138.20000000000002,650.48042738783
16,138.3,643.2093401002236
16,138.4,637.8355719917613
16,138.5,643.2075158800938
16,138.6,650.8572455433399
16,138.70000000000002,686.9599975580824
16,138.8,674.1232639086087
16,138.9,640.2200431341336
16,139.0,691.2688552981978
16,139.1,690.0828954065341
16,139.20000000000002,679.1241482899526
16,139.3,683.1116288979003
16,139.4,661.8137532659356
16,139.5,685.5937195460889
16,139.6,703.1860528566353
16,139.70000000000002,674.4765840694309
16,139.8,639.243315101308
16,139.9,687.285337932004
16,140.0,693.5295967236851
16,140.1,698.0014320205438
16,140.20000000000002,672.9518754778626
16,140.3,670.5302422177076
16,140.4,680.0745206096036
16,140.5,684.2029059341978
16,140.6,669.6423460703854
16,140.70000000000002,671.0068674689807
16,140.8,680.3491140781615
16,140.9,405.8598390028064
16,141.0,415.0427908167884
16,141.1,626.6385501081029
16,141.20000000000002,339.7043493118972
16,141.3,493.1895646881062
16,141.4,428.5278597245553
16,141.5,548.770497330889
16,141.6,642.3230428135892
16,141.70000000000002,456.1808459341407
16,141.8,454.6290252735135
16,141.9,651.5145630951807
16,142.0,683.6414429778297
16,142.1,614.881796851985
16,142.20000000000002,636.1338119081606
16,142.3,638.9146251477777
16,142.4,468.902750414796
16,142.5,509.80099664676476
16,142.6,667.9329187478716
16,142.70000000000002,664.3617667533164
16,142.8,686.7720968271927
16,142.9,653.7815369673862
16,143.0,661.5129821002813
16,143.1,684.5107616284561
16,143.20000000000002,655.8442228096029
16,143.3,669.0625168326249
16,143.4,654.2759612008002
16,143.5,685.1924875560364
16,143.6,620.2292359267881
16,143.70000000000002,678.0730913628246
16,143.8,679.6552941546953
16,143.9,656.9171133537584
16,144.0,663.0610987779531
16,144.1,683.9347517285404
16,144.20000000000002,675.7317066669474
16,144.3,646.4171336360017
16,144.4,662.8951410660316
16,144.5,675.6981063577795
16,144.6,631.7326143374531
16,144.70000000000002,639.2066010958958
16,144.8,686.5973698264511
16,144.9,635.0019673009893
16,145.0,451.2696898485271
16,145.1,568.6832199721225
16,145.20000000000002,731.9058808468952
16,145.3,318.5819020962291
16,145.4,528.4946884604105
16,145.5,574.9789105707908
16,145.6,425.3386500636155
16,145.70000000000002,390.42895428164576
16,145.8,497.6299110940818
16,145.9,637.2606848203092
16,146.0,534.1417426737025
16,146.1,437.2872822843039
16,146.20000000000002,481.66473871294943
16,146.3,633.7430974883384
16,146.4,660.3530557081154
16,146.5,663.9504150999346
16,146.6,666.5927748216919
16,146.70000000000002,669.2570871166932
16,146.8,565.3176742587503
16,146.9,657.9736659573515
16,147.0,511.4329749134165
16,147.1,360.83360698268046
16,147.20000000000002,468.9411339055948
16,147.3,294.13718293665096
16,147.4,495.3089375733002
16,147.5,398.483065319907
16,147.6,521.6501646448736
16,147.70000000000002,587.5451184148455
16,147.8,640.9722850100821
16,147.9,627.8123152735957
16,148.0,625.1995546015747
16,148.1,645.1775875590203
16,148.20000000000002,618.3319437281218
16,148.3,610.3652148708229
16,148.4,645.6508921230651
16,148.5,644.0818789559186
16,148.6,656.2969024676911
16,148.70000000000002,636.993515189972
16,148.8,588.0335950412219
16,148.9,655.6542204699247
16,149.0,721.0235729217284
16,149.1,656.2268722678533
16,149.20000000000002,640.5411831161032
16,149.3,674.7279664493171
16,149.4,652.5289200884258
16,149.5,641.8503907388881
16,149.6,649.2353933240958
16,149.70000000000002,656.733251073256
16,149.8,656.3186289275361
16,149.9,653.2323916127094
16,150.0,647.0028458202248
16,150.1,633.3943351368355
16,150.20000000000002,643.3781111489101
16,150.3,653.1111582933613
16,150.4,647.1917960114905
16,150.5,437.22978807869737
16,150.6,614.4004157062517
16,150.70000000000002,597.6829017369639
16,150.8,652.7455399856707
16,150.9,651.0704190770163
16,151.0,654.1821227390642
16,151.1,636.3854497844358
16,151.20000000000002,606.0117013499199
16,151.3,650.2611526896051
16,151.4,655.2114049219578
16,151.5,635.9516933472454
16,151.6,619.8343441571378
16,151.70000000000002,653.8645514247063
16,151.8,636.6003964650814
16,151.9,499.39533424244866
16,152.0,433.5496443659875
16,152.1,626.5371486704421
16,152.20000000000002,661.0886069913361
16,152.3,664.8667832916534
16,152.4,656.9722483768091
16,152.5,658.3615399760881
16,152.6,672.3496633468955
16,152.70000000000002,623.5655743107843
16,152.8,652.5903693049082
16,152.9,622.0730026110058
16,153.0,559.9561350770573
16,153.1,563.5476414460072
16,153.20000000000002,658.9784700812132
16,153.3,706.563083212815
16,153.4,672.0169474017949
16,153.5,558.893928112326
16,153.60000000000002,524.1108417870302
16,153.70000000000002,481.03527889861533
16,153.8,406.35725498230454
16,153.9,395.317732363083
16,154.0,431.12208664142963
16,154.10000000000002,543.5081976316178
16,154.20000000000002,503.325537322287
16,154.3,494.7149948499154
16,154.4,470.9262077567192
16,154.5,444.1668704889136
16,154.60000000000002,475.81660506213774
16,154.70000000000002,422.3154611416825
16,154.8,442.10743481579937
16,154.9,472.01753153317264
16,155.0,470.57124314126247
16,155.10000000000002,499.13135299236376
16,155.20000000000002,567.379116063937
16,155.3,522.2793717902022
16,155.4,475.4462729765133
16,155.5,487.8165020586916
16,155.60000000000002,519.9548880084122
16,155.70000000000002,456.9170276935381
16,155.8,444.8412556376159
16,155.9,392.70340060411036
16,156.0,401.50832745239103
16,156.10000000000002,408.9113975728041
16,156.20000000000002,414.3684622677478
16,156.3,445.5688040442202
16,156.4,491.5459531185856
16,156.5,485.79097479572147
16,156.60000000000002,495.1935351925489
16,156.70000000000002,435.66720104627734
16,156.8,397.4479565519419
16,156.9,473.56287936320933
16,157.0,486.255605218394
16,157.10000000000002,518.5172725325368
16,157.20000000000002,525.8361612170983
16,157.3,575.5946874600739
16,157.4,548.2074580829558
16,157.5,554.1948144993961
16,157.60000000000002,543.7402209047899
16,157.70000000000002,492.54718751901913
16,157.8,501.0460760125837
16,157.9,416.8268273868552
16,158.0,423.1997057329636
16,158.10000000000002,359.4837933098322
16,158.20000000000002,377.28711869195365
16,158.3,408.44575175266124
16,158.4,447.1268262715325
16,158.5,512.6338918420582
16,158.60000000000002,474.70887143900006
16,158.70000000000002,471.2053029257262
16,158.8,428.0389496270624
16,158.9,496.8148889188595
16,159.0,444.5003889448769
16,159.10000000000002,536.7381869324709
16,159.20000000000002,541.5426360804568
16,159.3,515.0228657400961
16,159.4,407.98907385824026
16,159.5,516.0623969815836
16,159.60000000000002,431.0176493274251
16,159.70000000000002,380.47175639119706
16,159.8,383.7841162790246
16,159.9,513.8391912221986
16,160.0,544.0726953221027
16,160.10000000000002,568.21165757668
16,160.20000000000002,490.7153493739135
16,160.3,585.1442847969212
16,160.4,589.1758316148021
16,160.5,563.2884479720797
16,160.60000000000002,555.9592198833607
16,160.70000000000002,436.3905531899192
16,160.8,555.6418143985662
16,160.9,533.1919703362181
16,161.0,503.55995535799366
16,161.10000000000002,632.6465189937504
16,161.20000000000002,497.2746049983898
16,161.3,411.7446786574536
16,161.4,428.3677154164058
16,161.5,392.64968661537364
16,161.60000000000002,366.2850639081604
16,161.70000000000002,411.4134607034161
16,161.8,445.61923703901505
16,161.9,377.21795039288963
16,162.0,376.7215459325527
16,162.10000000000002,479.17994669556947
16,162.20000000000002,444.71844267547516
16,162.3,458.21532124216924
16,162.4,415.67692598097705
16,162.5,425.67141157439835
16,162.60000000000002,511.4902750923914
16,162.70000000000002,431.95366067819793
16,162.8,415.7008258913318
16,162.9,506.7305554760205
16,163.0,555.5526386284375
16,163.10000000000002,566.1637147956284
16,163.20000000000002,415.4793407556596
16,163.3,366.41053090998855
16,163.4,467.1301494230028
16,163.5,552.6218501480674
16,163.60000000000002,493.0779531904965
16,163.70000000000002,391.230754624509
16,163.8,520.4476000629107
16,163.9,666.0164525742406
16,164.0,667.5026257950177
16,164.10000000000002,655.5567297280579
16,164.20000000000002,651.1745913050705
16,164.3,648.2126908255925
16,164.4,653.4401903669967
16,164.5,657.6987891683799
16,164.60000000000002,649.6977375202744
16,164.70000000000002,630.054785649817
16,164.8,642.4888264256341
16,164.9,665.1575862556548
16,165.0,674.8747715474832
16,165.10000000000002,667.4114130384081
16,165.20000000000002,656.1154094505068
16,165.3,658.3969200173424
16,165.4,661.157585850814
16,165.5,662.8887967655886
16,165.60000000000002,597.1086421378526
16,165.70000000000002,601.8266047821974
16,165.8,669.6367857255186
16,165.9,662.2193854963064
16,166.0,603.1364553757319
16,166.10000000000002,624.2971982836578
16,166.20000000000002,649.6126745177957
16,166.3,645.1597405845544
16,166.4,867.743846730054
16,166.5,829.561314035647
16,166.60000000000002,660.9239174638202
16,166.70000000000002,715.452820420703
16,166.8,700.3347802357611
16,166.9,667.380828844754
16,167.0,662.0575597516332
16,167.10000000000002,536.3425036276095
16,167.20000000000002,534.7667694354625
16,167.3,641.5797255063386
16,167.4,670.2817521611208
16,167.5,679.0570800569793
16,167.60000000000002,658.498441904132
16,167.70000000000002,644.8664698684099
16,167.8,642.2753258021124
16,167.9,648.2322276324886
16,168.0,950.560589922239
16,168.10000000000002,1083.6375905654968
16,168.20000000000002,688.0589974404542
16,168.3,540.9268176971286
16,168.4,631.7525445959776
16,168.5,647.9700934081613
16,168.60000000000002,639.1359707513915
16,168.70000000000002,644.8411478806833
16,168.8,600.6212876333909
16,168.9,524.1727408466189
16,169.0,561.1999997883713
16,169.10000000000002,636.4542871538805
16,169.20000000000002,638.2702642602894
16,169.3,631.6593329360177
16,169.4,648.4273906153168
16,169.5,653.0481984749175
16,169.60000000000002,656.7462540293451
16,169.70000000000002,646.7248481223993
16,169.8,635.5394467073
16,169.9,651.7873561441057
16,170.0,657.7013284467747
16,170.10000000000002,646.1938573207865
16,170.20000000000002,642.021289161377
16,170.3,635.4248778326761
16,170.4,639.1896483105487
16,170.5,649.1365446236175
16,170.60000000000002,655.390484806785
16,170.70000000000002,652.0660978878454
16,170.8,642.0767219443276
16,170.9,627.7839892799448
16,171.0,631.0216546836625
16,171.10000000000002,661.0259886567866
16,171.20000000000002,659.475315559
16,171.3,633.1084897620353
16,171.4,621.6345403092386
16,171.5,626.7225953733544
16,171.60000000000002,639.6520917425336
16,171.70000000000002,637.0091946661702
16,171.8,642.9685430685533
16,171.9,652.5584100692001
16,172.0,643.7980711427047
16,172.10000000000002,637.1886158738357
16,172.20000000000002,639.173314113235
16,172.3,643.1559375457465
16,172.4,583.0944136234907
16,172.5,557.6367694218991
16,172.60000000000002,634.5264726339434
16,172.70000000000002,629.0667106815941
16,172.8,621.5307871724664
16,172.9,628.0044356477101
16,173.0,634.556684694997
16,173.10000000000002,629.08321947386
16,173.20000000000002,628.4625493631961
16,173.3,626.3396771136304
16,173.4,628.7737027878707
16,173.5,627.7371939095387
16,173.60000000000002,632.2599844408529
16,173.70000000000002,632.3537239436242
16,173.8,643.915210940017
16,173.9,643.6584661673794
16,174.0,593.2785067485656
16,174.10000000000002,568.9270721224458
16,174.20000000000002,543.1649092207144
16,174.3,501.8489382807283
16,174.4,623.486091791391
16,174.5,620.1966116501617
16,174.60000000000002,821.4285190931445
16,174.70000000000002,875.1510907086529
16,174.8,561.1416482002677
16,174.9,648.1236505515714
16,175.0,647.6989575929813
16,175.10000000000002,645.7975999837995
16,175.20000000000002,647.1840405227726
16,175.3,649.5731618335428
16,175.4,647.5926988744252
16,175.5,654.3821081210476
16,175.60000000000002,651.7596938718327
16,175.70000000000002,660.3831318495381
16,175.8,645.6604357021197
16,175.9,637.9557536713862
16,176.0,636.9465623614557
16,176.10000000000002,627.9995728252691
16,176.20000000000002,630.8535497002244
16,176.3,652.9822882470215
16,176.4,652.3404989208129
16,176.5,656.0011131048215
16,176.60000000000002,640.3898217137828
16,176.70000000000002,641.4565930481835
16,176.8,666.3276377607727
16,176.9,663.0286770802322
16,177.0,625.4153338034478
16,177.10000000000002,644.2149547205986
16,177.20000000000002,653.235784919774
16,177.3,652.0402606532543
16,177.4,647.0417648399598
16,177.5,641.5919786397776
16,177.60000000000002,651.9676584342703
16,177.70000000000002,655.9091528052954
16,177.8,651.1752465895734
16,177.9,641.9450173222191
16,178.0,640.670107769632
16,178.10000000000002,643.6259457970544
16,178.20000000000002,637.0064773452599
16,178.3,605.9581445554303
16,178.4,598.0526462640564
16,178.5,649.0686204124997
16,178.60000000000002,654.4442729462547
16,178.70000000000002,648.0965574911037
16,178.8,632.4235574545626
16,178.9,630.5846767188362
16,179.0,649.8723537711353
16,179.10000000000002,671.8510403616355
16,179.20000000000002,644.2377045299131
16,179.3,562.4585619017804
16,179.4,564.8279913414374
16,179.5,665.5041495830028
16,179.60000000000002,655.6979422158905
16,179.70000000000002,580.6144862967982
16,179.8,469.55411166158996
16,179.9,560.1781847936276
16,180.0,541.7497418702903
16,180.10000000000002,367.88775963880227
16,180.20000000000002,436.400004425425
16,180.3,523.8792768757853
16,180.4,367.6409854090541
16,180.5,402.7387602015963
16,180.60000000000002,615.1399535616395
16,180.70000000000002,663.5230845322795
16,180.8,618.9176466507649
16,180.9,602.2626682233285
16,181.0,656.7779132060285
16,181.10000000000002,670.7687388462664
16,181.20000000000002,687.1159990473312
16,181.3,673.5807410222095
16,181.4,675.8109805878936
16,181.5,666.1580931057146
16,181.60000000000002,602.2865983922543
16,181.70000000000002,507.3581731953372
16,181.8,675.850025284368
16,181.9,685.9283959559918
16,182.0,682.4642778926506
16,182.10000000000002,664.0037440957789
16,182.20000000000002,652.1233396645559
16,182.3,676.8733179269514
16,182.4,669.2746518778486
16,182.5,672.6306559228559
16,182.60000000000002,675.2101020036266
16,182.70000000000002,675.8650417979978
16,182.8,668.9499318931984
16,182.9,672.1348482431416
16,183.0,668.8039791705377
16,183.10000000000002,635.1177488980435
16,183.20000000000002,679.464949855942
16,183.3,689.4450994147189
16,183.4,696.4100520953153
16,183.5,687.347565169243
16,183.60000000000002,670.7008696440954
16,183.70000000000002,624.827417817659
16,183.8,666.3686356162272
16,183.9,681.4346955568027
16,184.0,623.887892648786
16,184.10000000000002,582.3274876004214
16,184.20000000000002,606.2586696790681
16,184.3,508.6802157050125
16,184.4,678.5796869669596
16,184.5,675.0695407951288
16,184.60000000000002,680.6537127628968
16,184.70000000000002,669.0953203071873
16,184.8,642.7728467350998
16,184.9,513.0819879666362
16,185.0,435.6538292360498
16,185.10000000000002,361.72726247327466
16,185.20000000000002,387.37350187781794
16,185.3,316.46540699842535
16,185.4,385.00594818288204
16,185.5,458.89666212798903
16,185.60000000000002,495.955319524025
16,185.70000000000002,512.3524925001639
16,185.8,450.60361728265167
16,185.9,386.31948738078916
16,186.0,452.75492491399274
16,186.10000000000002,542.9792103443283
16,186.20000000000002,401.1609014674849
16,186.3,465.430524643348
16,186.4,458.445562237179
16,186.5,477.9108635542897
16,186.60000000000002,540.9965790871096
16,186.70000000000002,459.850717129749
16,186.8,425.96193044611056
16,186.9,519.4702701018944
16,187.0,378.63460843829796
16,187.10000000000002,434.77042417376424
16,187.20000000000002,501.13539982436635
16,187.3,494.46911052642645
16,187.4,478.1564868031152
16,187.5,482.8675771932959
16,187.60000000000002,497.6053092644488
16,187.70000000000002,399.8262412123702
16,187.8,373.9924502661079
16,187.9,382.96208826861834
16,188.0,460.5271234600543
16,188.10000000000002,502.3777499760004
16,188.20000000000002,300.73091181537967
16,188.3,471.41831034734696
16,188.4,457.8117393683997
16,188.5,430.4251689307625
16,188.60000000000002,456.2926130020287
16,188.70000000000002,342.7764470576598
16,188.8,391.32611834609736
16,188.9,451.6335838905636
16,189.0,360.2456249958328
16,189.10000000000002,489.2613609172213
16,189.20000000000002,488.16469171721764
16,189.3,405.06493602574284
16,189.4,402.42858317778337
16,189.5,516.4337602025987
16,189.60000000000002,422.9035604065819
16,189.70000000000002,436.5186911866135
16,189.8,412.94276676687866
16,189.9,361.9172270851884
16,190.0,353.85640679213816
16,190.10000000000002,395.6922941699355
16,190.20000000000002,372.70015784925926
16,190.3,439.1535648579313
16,190.4,401.31511348768174
16,190.5,421.3879400564778
16,190.60000000000002,442.3795078028905
16,190.70000000000002,432.1510513055163
16,190.8,421.2609228896824
16,190.9,416.63163987631606
16,191.0,438.92534783924003
16,191.10000000000002,383.9730748176354
16,191.20000000000002,455.5913447761384
16,191.3,405.10331528314845
16,191.4,549.7871820875306
16,191.5,633.7629640756556
16,191.60000000000002,604.423620783064
16,191.70000000000002,377.38804927625443
16,191.8,343.1245768139025
16,191.9,297.6077136645887
16,192.0,418.6092104526916
16,192.10000000000002,472.81937088910087
16,192.20000000000002,553.0743067918529
16,192.3,452.72390085668843
16,192.4,389.76425608324587
16,192.5,418.44068179970697
16,192.60000000000002,480.55878896209794
16,192.70000000000002,440.8263873156741
16,192.8,390.1504077093341
16,192.9,414.54749218286025
16,193.0,446.8191011972695
16,193.10000000000002,383.0172725804913
16,193.20000000000002,213.98270849790936
16,193.3,400.2110492512108
16,193.4,267.8341959513177
16,193.5,292.2562100592491
16,193.60000000000002,468.61507193941645
16,193.70000000000002,367.3805744559967
16,193.8,382.68243758185525
16,193.9,323.73824990268344
16,194.0,384.2701574701075
16,194.10000000000002,378.0726818528709
16,194.20000000000002,420.2413500300598
16,194.3,373.3376650169452
16,194.4,596.774193059517
16,194.5,339.73416702146613
16,194.60000000000002,534.7842059334162
16,194.70000000000002,579.6813581326375
16,194.8,548.0656693762869
16,194.9,470.12440996518825
16,195.0,451.71110577976845
16,195.10000000000002,372.5346515385087
16,195.20000000000002,409.4914655017955
16,195.3,491.9764993045642
16,195.4,360.2473866494746
16,195.5,432.7290420761466
16,195.60000000000002,413.97894172835754
16,195.70000000000002,485.3766462969888
16,195.8,488.7189768515231
16,195.9,494.2553925522895
16,196.0,415.9919211412753
16,196.10000000000002,524.3530623544963
16,196.20000000000002,399.9969774526989
16,196.3,397.41124846783606
16,196.4,472.4077209746459
16,196.5,394.79893867614413
16,196.60000000000002,450.7172449692115
16,196.70000000000002,529.7594647867753
16,196.8,451.34020941895193
16,196.9,525.1085724743765
16,197.0,557.4122262304377
16,197.10000000000002,506.7330019929407
16,197.20000000000002,314.75206160637396
16,197.3,403.4864562819615
16,197.4,291.4816616538694
16,197.5,447.7075810727761
16,197.60000000000002,436.6283281172346
16,197.70000000000002,392.41749010514013
16,197.8,550.6330045464157
16,197.9,392.4344259495993
16,198.0,325.22490718592115
16,198.10000000000002,311.1923557729808
16,198.20000000000002,387.84862424888126
16,198.3,461.05360785635236
16,198.4,483.81321435428146
16,198.5,516.4182327793634
16,198.60000000000002,403.7035581858707
16,198.70000000000002,585.4330048995657
16,198.8,505.3235333474211
16,198.9,488.43821618173143
16,199.0,361.5281807419624
16,199.10000000000002,534.1586458868392
16,199.20000000000002,569.4202424554715
16,199.3,530.4167991505386
16,199.4,493.83072867341565
16,199.5,438.84015378607853
16,199.60000000000002,461.5001248050106
16,199.70000000000002,463.9587900160743
16,199.8,502.8386741683577
16,199.9,437.1076850309177
16,200.0,372.69287634340714
16,200.10000000000002,420.07858246416623
16,200.20000000000002,496.0871054204927
16,200.3,456.9644326657137
16,200.4,440.1050582504287
16,200.5,450.45474105304027
16,200.60000000000002,427.48814645711906
16,200.70000000000002,433.5770703198988
16,200.8,429.00392747959995
16,200.9,570.1210141611851
16,201.0,604.7248298225636
16,201.10000000000002,477.9465898185515
16,201.20000000000002,494.65620879997
16,201.3,463.1397495831069
16,201.4,443.31933815987566
16,201.5,394.59353808511196
16,201.60000000000002,392.39745140839
16,201.70000000000002,460.95302124702124
16,201.8,479.1883047533736
16,201.9,480.3024897417391
16,202.0,433.44098483466064
16,202.10000000000002,454.8244930097737
16,202.20000000000002,560.0194965426612
16,202.3,509.348500781447
16,202.4,383.5495494463957
16,202.5,427.7912202002492
16,202.60000000000002,463.35920617686986
16,202.70000000000002,454.6977640413233
16,202.8,472.8864786188863
16,202.9,402.4618352520697
16,203.0,303.94774310512923
16,203.10000000000002,283.4727041751753
16,203.20000000000002,451.29334348967467
16,203.3,552.6676451166529
16,203.4,523.5550153324564
16,203.5,463.97086449379634
16,203.60000000000002,409.5760505555754
16,203.70000000000002,490.44693510007164
16,203.8,458.87807786728064
16,203.9,438.3895587336091
16,204.0,378.42609367136754
16,204.10000000000002,438.47230431774284
16,204.20000000000002,578.4046896057056
16,204.3,533.0838587381468
16,204.4,441.5207790970109
16,204.5,526.7605953108732
16,204.60000000000002,538.8538935097158
16,204.70000000000002,451.59847879443237
16,204.8,447.57160144507594
16,204.9,425.94812274896935
16,205.0,550.2933970242832
16,205.10000000000002,499.1635758824684
16,205.20000000000002,424.6289239140592
16,205.3,433.9988167214989
16,205.4,429.9971556321619
16,205.5,476.8300423648864
16,205.60000000000002,581.028812347124
16,205.70000000000002,639.6582266711453
16,205.8,654.2739445681095
16,205.9,655.2451063809963
16,206.0,642.9850543332221
16,206.10000000000002,642.4327905424899
16,206.20000000000002,587.4253599972194
16,206.3,589.8174202266018
16,206.4,616.5763174887671
16,206.5,629.7211043301186
16,206.60000000000002,640.2123111781283
16,206.70000000000002,592.1274840146173
16,206.8,601.9060412148038
16,206.9,625.1553282992606
16,207.0,640.5513006616599
16,207.10000000000002,643.7100427133473
16,207.20000000000002,596.736316283114
16,207.3,611.8674589344678
16,207.4,651.0247278917209
16,207.5,678.3015201067212
16,207.60000000000002,702.9415718010474
16,207.70000000000002,671.4555273904417
16,207.8,649.2029097418113
16,207.9,622.3933312641864
16,208.0,623.8087271243737
16,208.10000000000002,619.1760643326835
16,208.20000000000002,735.4494341444567
16,208.3,751.0383259999497
16,208.4,654.1540678357353
16,208.5,656.2391222104902
16,208.60000000000002,657.3142139042982
16,208.70000000000002,912.2478257795548
16,208.8,865.3541023272072
16,208.9,640.7848781760426
16,209.0,659.6870176725575
16,209.10000000000002,653.8503172364751
16,209.20000000000002,660.1589183965575
16,209.3,635.6890609802081
16,209.4,631.0698015171082
16,209.5,652.7934522843523
16,209.60000000000002,628.4957884640444
16,209.70000000000002,602.9576388375036
16,209.8,455.91623390318335
16,209.9,320.1846333997161
16,210.0,295.5664707311727
16,210.10000000000002,273.8420462104469
16,210.20000000000002,280.42626070922785
16,210.3,279.7676927544691
16,210.4,340.55746838991934
16,210.5,414.3810346422029
16,210.60000000000002,427.259266106361
16,210.70000000000002,415.41397199446374
16,210.8,372.0390216724651
16,210.9,293.85753500757073
16,211.0,324.6315351546308
16,211.10000000000002,406.54867459594
16,211.20000000000002,403.81383760163095
16,211.3,409.29083162131445
16,211.4,423.72059338231765
16,211.5,393.13935912707865
16,211.60000000000002,346.19719647798155
16,211.70000000000002,346.5419355885101
16,211.8,348.1161743124467
16,211.9,356.1597148573006
16,212.0,405.9983447865125
16,212.10000000000002,386.7700209362923
16,212.20000000000002,349.21297595729135
16,212.3,369.25757032330944
16,212.4,345.10284060518455
16,212.5,288.5393661288363
16,212.60000000000002,307.0768989617842
16,212.70000000000002,398.7319106646811
16,212.8,428.8975719720071
16,212.9,330.5832930118479
16,213.0,290.2684028167538
16,213.10000000000002,472.57156091084033
16,213.20000000000002,565.3069844236951
16,213.3,331.9875910417907
16,213.4,332.8454424067984
16,213.5,303.3834522212077
16,213.60000000000002,349.63097589054007
16,213.70000000000002,377.00019764071243
16,213.8,405.8339474345181
16,213.9,338.29713471509126
16,214.0,313.6815959013132
16,214.10000000000002,344.74814218030394
16,214.20000000000002,357.5409624001804
16,214.3,343.5910363466084
16,214.4,296.98124636868897
16,214.5,288.80424250047645
16,214.60000000000002,321.4961773502039
16,214.70000000000002,355.39448339873917
16,214.8,384.0332644761734
16,214.9,359.9954148150636
16,215.0,383.92844822098607
16,215.10000000000002,377.865833753065
16,215.20000000000002,366.90338024405526
16,215.3,367.7295601465965
16,215.4,307.8399517683622
16,215.5,276.07039880134255
16,215.60000000000002,331.60381755997275
16,215.70000000000002,419.9607872002598
16,215.8,349.28397602435274
16,215.9,347.2791747931554
16,216.0,392.0599056092668
16,216.10000000000002,345.806002438511
16,216.20000000000002,332.01281339304984
16,216.3,416.8639147314582
16,216.4,364.5208555434626
16,216.5,348.866284547933
16,216.60000000000002,254.68137566917824
16,216.70000000000002,361.38480076806536
16,216.8,393.4713345416793
16,216.9,286.5026204293029
16,217.0,384.65338547061486
16,217.10000000000002,326.191084844256
16,217.20000000000002,312.39765588688726
16,217.3,302.86002491096616
16,217.4,283.84756764332616
16,217.5,339.9003622089099
16,217.60000000000002,401.3403174766884
16,217.70000000000002,386.49908523844573
16,217.8,402.4763011335984
16,217.9,337.74476868660173
16,218.0,343.4787436149312
16,218.10000000000002,275.8685722702709
16,218.20000000000002,297.20989401247294
16,218.3,353.18910523368857
16,218.4,362.39304185794333
16,218.5,390.40437634326634
16,218.60000000000002,293.4614345790897
16,218.70000000000002,249.59747229498402
16,218.8,323.78871507391494
16,218.9,343.42291811968846
16,219.0,386.77341903790807
16,219.10000000000002,299.98414119454856
16,219.20000000000002,317.7102556726867
16,219.3,371.8488535359286
16,219.4,375.47303015729506
16,219.5,303.1938308765377
16,219.60000000000002,320.2881505728131
16,219.70000000000002,274.48591938490904
16,219.8,323.9075505240177
16,219.9,259.57209807295965
16,220.0,247.9242685806304
16,220.10000000000002,248.2174939508113
16,220.20000000000002,318.5126265254266
16,220.3,354.69368058945906
16,220.4,376.27190210728384
16,220.5,347.01906216871026
16,220.60000000000002,254.80683631867845
16,220.70000000000002,265.3100611183415
16,220.8,294.46630153732195
16,220.9,307.3853073641686
16,221.0,251.62897089575884
16,221.10000000000002,278.7220283669568
16,221.20000000000002,277.6287916597353
16,221.3,258.4464898923277
16,221.4,249.89556156227522
16,221.5,289.67456909457354
16,221.60000000000002,338.5198206414789
16,221.70000000000002,256.11709272508233
16,221.8,294.1564559741257
16,221.9,346.46767058523795
16,222.0,368.9130836374551
16,222.10000000000002,363.0794810558211
16,222.20000000000002,335.8826321845037
16,222.3,422.0862373700956
16,222.4,352.95355872430093
16,222.5,319.31821216975857
16,222.60000000000002,378.87166634520656
16,222.70000000000002,346.2320608890222
16,222.8,367.2595419986963
16,222.9,336.56910496540786
16,223.0,304.19201231464893
16,223.10000000000002,353.9349452164182
16,223.20000000000002,350.1722930442938
16,223.3,427.4339253021334
16,223.4,358.31327552025306
16,223.5,309.75368091330296
16,223.60000000000002,476.16047052709945
16,223.70000000000002,406.31609765593134
16,223.8,454.97954315402666
16,223.9,331.7435876558258
16,224.0,312.042894587722
16,224.10000000000002,295.9720485694416
16,224.20000000000002,369.6551039051692
16,224.3,320.8778161528386
16,224.4,247.4323438475022
16,224.5,356.8373507437796
16,224.60000000000002,381.8672784356688
16,224.70000000000002,407.8907850589069
16,224.8,349.7927294678533
16,224.9,393.8358646557681
16,225.0,326.2344971207156
16,225.10000000000002,338.5829147848511
16,225.20000000000002,387.16851194284317
16,225.3,276.18380082431423
16,225.4,646.1012805231616
16,225.5,631.3925751509449
16,225.60000000000002,611.1966877871253
16,225.70000000000002,644.5629426031139
16,225.8,643.4552036388632
16,225.9,677.6990719340948
16,226.0,658.7701957253515
16,226.10000000000002,655.8748585614555
16,226.20000000000002,475.2900678640741
16,226.3,647.4261786636742
16,226.4,643.5494864501172
16,226.5,617.0578262935963
16,226.60000000000002,627.1651056442378
16,226.70000000000002,602.9083778636581
16,226.8,669.3947993968613
16,226.9,662.8847122598429
16,227.0,481.678590032162
16,227.10000000000002,652.8856486739836
16,227.20000000000002,618.462090390483
16,227.3,621.6088620665415
16,227.4,686.858614880323
16,227.5,663.9367145096508
16,227.60000000000002,692.9095151432595
16,227.70000000000002,579.4443429625138
16,227.8,675.9662452426209
16,227.9,671.4850193207666
16,228.0,629.4626106953707
16,228.10000000000002,673.4371283503341
16,228.20000000000002,678.0325425981056
16,228.3,687.9312308588081
16,228.4,678.5957570352415
16,228.5,632.274298224078
16,228.60000000000002,575.0995747342148
16,228.70000000000002,651.7787102370778
16,228.8,650.9064353932463
16,228.9,607.5233689562482
16,229.0,424.7766600914809
16,229.10000000000002,400.8086594572013
16,229.20000000000002,301.7885376361404
16,229.3,392.1313282630242
16,229.4,291.61869484823694
16,229.5,408.81172293094534
16,229.60000000000002,273.20011275293473
16,229.70000000000002,319.8042323686153
16,229.8,366.50380794610373
16,229.9,340.2955743342323
16,230.0,333.18645603108763
16,230.10000000000002,315.9201847468208
16,230.20000000000002,382.38116305122736
16,230.3,315.5481852363176
16,230.4,320.3102892256979
16,230.5,373.9970354207464
16,230.60000000000002,398.6532666012357
16,230.70000000000002,457.8718057238799
16,230.8,402.94743582658975
16,230.9,417.3035522339358
16,231.0,330.4989866969384
16,231.10000000000002,360.8305126434559
16,231.20000000000002,259.2573373500684
16,231.3,403.7791441358125
16,231.4,414.3124445289761
16,231.5,269.8031027923536
16,231.60000000000002,322.3124959499831
16,231.70000000000002,306.1131081656395
16,231.8,245.44076266740274
16,231.9,372.8536001751331
16,232.0,375.1426462719841
16,232.10000000000002,379.8921182018524
16,232.20000000000002,412.05051581739275
16,232.3,335.2127447983961
16,232.4,290.3115498127676
16,232.5,375.08213433354933
16,232.60000000000002,271.6249482783409
16,232.70000000000002,312.04204831601294
16,232.8,252.7851730632343
16,232.9,376.3647585989309
16,233.0,360.5745535918921
16,233.10000000000002,369.8618125369011
16,233.20000000000002,381.4109985417751
16,233.3,330.5903829029621
16,233.4,373.7267146959989
16,233.5,403.2925392396499
16,233.60000000000002,335.6729763434821
16,233.70000000000002,727.5385747950198
16,233.8,382.95394648745247
16,233.9,365.37637312830253
16,234.0,378.17046761057895
16,234.10000000000002,483.83010781792575
16,234.20000000000002,410.0180459222772
16,234.3,364.1365920341998
16,234.4,299.75439159349924
16,234.5,257.5814228396091
16,234.60000000000002,435.8522121366276
16,234.70000000000002,331.5187636350329
16,234.8,315.5578425049462
16,234.9,369.3665814232759
16,235.0,388.29151214468806
16,235.10000000000002,335.65943121380246
16,235.20000000000002,346.3367447648276
16,235.3,345.88943662033336
16,235.4,388.94054655654134
16,235.5,354.9622161142318
16,235.60000000000002,279.8560695103284
16,235.70000000000002,326.62112717753405
16,235.8,374.90229679190446
16,235.9,408.2380974284348
16,236.0,346.44456210358334
16,236.10000000000002,345.95956153758743
16,236.20000000000002,390.70596391739934
16,236.3,395.2132386343138
16,236.4,307.0302361089342
16,236.5,382.6102875840973
16,236.60000000000002,361.3878174146582
16,236.70000000000002,381.19569682175535
16,236.8,404.6077772897632
16,236.9,376.3376801269321
16,237.0,371.6987259405205
16,237.10000000000002,375.9264704404951
16,237.20000000000002,382.8879315195135
16,237.3,358.47306138209154
16,237.4,376.094831193996
16,237.5,286.4550682281272
16,237.60000000000002,329.15345821687185
16,237.70000000000002,356.9780175498514
16,237.8,566.5146465562389
16,237.9,631.0347887438595
16,238.0,608.6249685258462
16,238.10000000000002,599.8286682560502
16,238.20000000000002,571.0626428811299
16,238.3,574.9316189256648
16,238.4,535.417882813624
16,238.5,571.1250416812585
16,238.60000000000002,592.0731044022026
16,238.70000000000002,626.8891892604366
16,238.8,595.3440784048707
16,238.9,561.1465220108369
16,239.0,576.0089978450123
16,239.10000000000002,564.5801179835787
16,239.20000000000002,582.5594701368757
16,239.3,606.6062875084884
16,239.4,568.9483204054613
16,239.5,595.3905677336968
16,239.60000000000002,626.2366964325377
16,239.70000000000002,598.3789259156997
16,239.8,590.665896465736
16,239.9,524.3782208700228
16,240.0,515.1217614412251
16,240.10000000000002,587.098157265567
16,240.20000000000002,586.2273528175136
16,240.3,567.7114756186573
16,240.4,596.9367381165113
16,240.5,552.29874512024
16,240.60000000000002,584.3534630362435
16,240.70000000000002,617.6235453691249
16,240.8,600.459465689746
16,240.9,587.4483900081472
16,241.0,607.0121526522795
16,241.10000000000002,509.74939372656473
16,241.20000000000002,515.1593861100165
16,241.3,578.4329393155707
16,241.4,593.0001253319239
16,241.5,585.1060531609229
16,241.60000000000002,585.2202768421547
16,241.70000000000002,589.1850082259865
16,241.8,602.4583176014222
16,241.9,629.9162635314761
16,242.0,625.93540576974
16,242.10000000000002,595.5784439885502
16,242.20000000000002,602.4530122282197
16,242.3,655.7561912344634
16,242.4,680.4535842052097
16,242.5,671.6302015921962
16,242.60000000000002,651.9129907264548
16,242.70000000000002,650.0789765166721
16,242.8,574.5642321242732
16,242.9,575.0651915266008
16,243.0,631.6426828092243
16,243.10000000000002,626.0478144177723
16,243.20000000000002,651.5460243247227
16,243.3,599.4019650335304
16,243.4,593.9853562153465
16,243.5,642.2823525779386
16,243.60000000000002,627.0274077316108
16,243.70000000000002,625.1002137685124
16,243.8,658.6777991109717
16,243.9,632.9296665932849
16,244.0,607.209466930946
16,244.10000000000002,628.1652034405113
16,244.20000000000002,597.5743110868631
16,244.3,564.3411187753107
16,244.4,547.2632503517236
16,244.5,577.2178010067826
16,244.60000000000002,628.5303748820184
16,244.70000000000002,645.5257732038383
16,244.8,648.262143754896
16,244.9,632.5474519327696
16,245.0,626.6933814898904
16,245.10000000000002,632.139543945523
16,245.20000000000002,627.5029459981836
16,245.3,613.6104657708445
16,245.4,632.5189032868518
16,245.5,651.1531306087386
16,245.60000000000002,663.7698574251987
16,245.70000000000002,657.7768305510534
16,245.8,649.11184764426
16,245.9,667.318358908892
16,246.0,672.9475979541567
16,246.10000000000002,670.942408114718
16,246.20000000000002,572.8379991023364
16,246.3,548.316924747748
16,246.4,642.5629671190632
16,246.5,644.232542958134
16,246.60000000000002,615.4935712763594
16,246.70000000000002,593.7863968822522
16,246.8,646.9438408364337
16,246.9,620.6997311557595
16,247.0,563.1753752441755
16,247.10000000000002,607.6905747937427
16,247.20000000000002,630.6336453765958
16,247.3,627.8824673214422
16,247.4,651.5356176460923
16,247.5,657.6496120817809
16,247.60000000000002,623.0306404147517
16,247.70000000000002,641.2946721428026
16,247.8,647.6720654138811
16,247.9,643.7033625842442
16,248.0,571.8293961514821
16,248.10000000000002,376.4580481183993
16,248.20000000000002,291.32840261705405
16,248.3,322.29284373714114
16,248.4,344.82046845488964
16,248.5,290.7267757925731
16,248.60000000000002,261.13868069958374
16,248.70000000000002,309.35428534470714
16,248.8,356.97595846978294
16,248.9,334.0691322538179
16,249.0,359.99070811704473
16,249.10000000000002,342.45950341732134
16,249.20000000000002,374.3593151072679
16,249.3,324.01808565771256
16,249.4,281.1303612859261
16,249.5,294.6812161300697
16,249.60000000000002,355.49044720817335
16,249.70000000000002,347.52204372971147
16,249.8,293.60112279879843
16,249.9,351.9469630074373
16,250.0,365.75528801718485
16,250.10000000000002,265.117798675535
16,250.20000000000002,294.94175151184936
16,250.3,277.89670842406497
16,250.4,347.7220438675255
16,250.5,324.69293884571584
16,250.60000000000002,420.8578525241787
16,250.70000000000002,451.57626817436784
16,250.8,414.2955506933063
16,250.9,318.9434847635188
16,251.0,407.8729758065477
16,251.10000000000002,359.0675710166424
16,251.20000000000002,308.03563776671274
16,251.3,352.45942836294705
16,251.4,346.26999407324064
16,251.5,363.0617131674175
16,251.60000000000002,343.49701271650304
16,251.70000000000002,274.89154372742735
16,251.8,324.32767562892514
16,251.9,281.9024143324754
16,252.0,278.8382829163014
16,252.10000000000002,302.7506093963872
16,252.20000000000002,270.650358135243
16,252.3,315.0884227724878
16,252.4,350.05585382947595
16,252.5,326.88838463872486
16,252.60000000000002,393.970829277154
16,252.70000000000002,435.6095396401208
16,252.8,275.1665311172435
16,252.9,407.54114528951055
16,253.0,349.8529260301536
16,253.10000000000002,336.43417176502
16,253.20000000000002,332.99653475774284
16,253.3,279.75342156924967
16,253.4,331.0503911625137
16,253.5,298.3728433367243
16,253.60000000000002,351.5906554590086
16,253.70000000000002,280.84442881306137
16,253.8,300.26279094917936
16,253.9,361.6713222839483
16,254.0,336.59783330756625
16,254.10000000000002,376.26965548478876
16,254.20000000000002,288.1459002462283
16,254.3,384.98646937123806
16,254.4,256.39947471640625
16,254.5,352.3103276440697
16,254.60000000000002,288.64817954687646
16,254.70000000000002,289.3984705329235
16,254.8,337.4441536536442
16,254.9,383.13026291183377
16,255.0,269.6163947138957
16,255.10000000000002,415.84056775971186
16,255.20000000000002,328.9922499111289
16,255.3,342.8457649676312
16,255.4,346.91816250985573
16,255.5,238.20224972069835
16,255.60000000000002,345.3526949520803
16,255.70000000000002,426.9603156564989
16,255.8,353.5188984667782
16,255.9,272.8843506924766
16,256.0,346.4916516563233
16,256.1,306.2208080525177
16,256.2,340.8308266874202
16,256.3,268.3592505375619
16,256.40000000000003,277.7919842002745
16,256.5,286.7676923333484
16,256.6,334.3133847057788
16,256.7,242.7911783165015
16,256.8,240.3516385948947
16,256.90000000000003,358.38834701605316
16,257.0,343.28440440403654
16,257.1,312.15179212297943
16,257.2,292.36635703358576
16,257.3,369.56858333147653
16,257.40000000000003,267.14005399303807
16,257.5,332.4241893350867
16,257.6,385.0786723547101
16,257.7,271.8260767859511
16,257.8,334.4314798449649
16,257.90000000000003,304.38451648540536
16,258.0,293.388340599494
16,258.1,361.3260393120214
16,258.2,347.78807650364865
16,258.3,298.56147687554636
16,258.40000000000003,343.60384018574354
16,258.5,303.4725804528151
16,258.6,281.1570917161269
16,258.7,404.2582574248396
16,258.8,301.81064790729306
16,258.90000000000003,232.7592645608986
16,259.0,313.53535066871865
16,259.1,334.84235603099336
16,259.2,376.6632797011803
16,259.3,324.85454466472436
16,259.40000000000003,243.6195732538602
16,259.5,353.6551821153397
16,259.6,384.7628387706407
16,259.7,279.3993343152635
16,259.8,291.45442379119527
16,259.90000000000003,391.35544686702025
16,260.0,353.87641346781453
16,260.1,331.0888930903842
16,260.2,336.8083710346427
16,260.3,344.7749826328512
16,260.40000000000003,268.4027691321858
16,260.5,318.521621432517
16,260.6,443.67524803222085
16,260.7,308.6986522435223
16,260.8,392.3531374008789
16,260.90000000000003,309.7528358490113
16,261.0,365.8377148887412
16,261.1,389.5353388474167
16,261.2,361.76663551721106
16,261.3,296.72464773483256
16,261.40000000000003,319.19178823713213
16,261.5,300.07233046418395
16,261.6,294.93487040535626
16,261.7,276.48063826711825
16,261.8,272.72689541348245
16,261.90000000000003,358.2200424325391
16,262.0,332.0006063434611
16,262.1,327.9154976107811
16,262.2,302.6321442702534
16,262.3,343.98287312141264
16,262.40000000000003,311.99267895610956
16,262.5,338.7109842647805
16,262.6,295.22049154978424
16,262.7,320.8627477107794
16,262.8,307.5589331363861
16,262.90000000000003,304.49708756491816
16,263.0,355.3217569384055
16,263.1,443.5229155620652
16,263.2,322.66499477309935
16,263.3,299.01596967257336
16,263.40000000000003,343.72218652375716
16,263.5,413.3530773848804
16,263.6,426.3364805526449
16,263.7,305.4284574054806
16,263.8,319.69709265345534
16,263.90000000000003,364.0610712762949
16,264.0,372.5639725924267
16,264.1,385.1169282466887
16,264.2,392.96498378192905
16,264.3,378.61283184575996
16,264.40000000000003,389.9523760715758
16,264.5,376.5904315711233
16,264.6,295.87156513995114
16,264.7,255.5255789663523
16,264.8,237.7476278627489
16,264.90000000000003,325.9578572138367
16,265.0,319.5779331907383
16,265.1,366.51258613559116
16,265.2,431.1153887913135
16,265.3,354.9600115970256
16,265.40000000000003,366.3192863299589
16,265.5,413.09774798872684
16,265.6,401.180120717177
16,265.7,338.75920443699954
16,265.8,347.1790756475572
16,265.90000000000003,363.2429065725808
16,266.0,331.99374510948417
16,266.1,333.37845941206126
16,266.2,332.12544716421263
16,266.3,272.97257901301674
16,266.40000000000003,278.1374516126016
16,266.5,253.29405968075127
16,266.6,272.8775156721313
16,266.7,319.74528780657266
16,266.8,301.72131708845944
16,266.90000000000003,317.0908016660004
16,267.0,326.02903681735916
16,267.1,298.6465815416291
16,267.2,354.1517090039177
16,267.3,326.2822362196396
16,267.40000000000003,320.4745013250135
16,267.5,329.6958680586649
16,267.6,288.9996419232723
16,267.7,326.84071184031416
16,267.8,405.8186193002512
16,267.90000000000003,898.2015165157014
16,268.0,656.258801189234
16,268.1,302.21565391381506
16,268.2,373.48028799721817
16,268.3,365.14781574629455
16,268.40000000000003,297.3813907031521
16,268.5,315.55815677567364
16,268.6,381.56731200653877
16,268.7,389.51611190542445
16,268.8,423.53977754221256
16,268.90000000000003,373.60556313826106
16,269.0,353.4759003720979
16,269.1,327.2340393577793
16,269.2,272.89498536571386
16,269.3,247.44834012101006
16,269.40000000000003,273.43454323112866
16,269.5,316.27161385935784
16,269.6,358.04032127852577
16,269.7,347.2535186718924
16,269.8,276.2957313752765
16,269.90000000000003,359.66870268886515
16,270.0,423.45720346182156
16,270.1,407.50367704115365
16,270.2,333.1376361320958
16,270.3,251.6166335981374
16,270.40000000000003,290.7149769031065
16,270.5,352.88479526958776
16,270.6,341.40660495431166
16,270.7,309.6038718830918
16,270.8,330.13553829311047
16,270.90000000000003,312.0701054112639
16,271.0,295.5281667031176
16,271.1,294.61989783619765
16,271.2,327.9287937391421
16,271.3,375.4773746831438
16,271.40000000000003,311.41420239795076
16,271.5,307.657608955933
16,271.6,335.6264641204461
16,271.7,276.1785883210547
16,271.8,289.45635202249065
16,271.90000000000003,283.38432681683287
16,272.0,314.702533895046
16,272.1,346.0087940656656
16,272.2,297.85806673335526
16,272.3,322.28791389105885
16,272.40000000000003,326.80572622440434
16,272.5,387.4593020547211
16,272.6,375.71422794083156
16,272.7,342.78103756915317
16,272.8,281.9688647224889
16,272.90000000000003,284.6072796912266
16,273.0,327.46725279039794
16,273.1,241.745922056977
16,273.2,269.8581408596131
16,273.3,341.49459541117153
16,273.40000000000003,379.5297662065139
16,273.5,309.23671664872086
16,273.6,353.0976566873637
16,273.7,323.1919550250978
16,273.8,293.4929508312578
16,273.90000000000003,355.6821827590085
16,274.0,342.07437585162575
16,274.1,287.0394804093684
16,274.2,261.7889929999508
16,274.3,296.33891758643404
16,274.40000000000003,317.61674843274983
16,274.5,338.1885995587661
16,274.6,334.88172261535607
16,274.7,385.67792686026576
16,274.8,317.0525952997451
16,274.90000000000003,240.11068684560402
16,275.0,271.90429988571105
16,275.1,308.0125159413093
16,275.2,406.2722444863561
16,275.3,388.51370096978803
16,275.40000000000003,297.33178598886025
16,275.5,294.5197511418199
16,275.6,306.29881727869304
16,275.7,284.2073439608219
16,275.8,373.53610697006457
16,275.90000000000003,270.4120104258198
16,276.0,269.15938122241425
16,276.1,330.7025075789233
16,276.2,351.692418589849
16,276.3,341.5995590248645
16,276.40000000000003,339.51304942856154
16,276.5,328.33270844619784
16,276.6,333.0345273724557
16,276.7,346.8620572960881
16,276.8,297.65099310073293
16,276.90000000000003,368.5046906190443
16,277.0,353.9148747857141
16,277.1,375.96741917469376
16,277.2,338.9632622329738
16,277.3,283.699506682873
16,277.40000000000003,243.93221418510214
16,277.5,288.85817333920977
16,277.6,238.55980797347468
16,277.7,263.8130028526534
16,277.8,294.8421986193123
16,277.90000000000003,344.4541747700915
16,278.0,424.2241810711836
16,278.1,284.19851173548153
16,278.2,359.3603505097315
16,278.3,325.47921817484615
16,278.40000000000003,355.1780283485428
16,278.5,401.7977823980102
16,278.6,275.6378388515118
16,278.7,268.5955260067158
16,278.8,341.67801014800136
16,278.90000000000003,277.06870327315113
16,279.0,247.33064039175326
16,279.1,370.999774163942
16,279.2,337.4869450233118
16,279.3,317.56940944179917
16,279.40000000000003,265.77960577582314
16,279.5,269.08023240981856
16,279.6,252.63016512370854
16,279.7,356.5720996788582
16,279.8,349.0070564292853
16,279.90000000000003,326.3691273673461
16,280.0,360.8882787589362
16,280.1,317.8298952409716
16,280.2,396.37686543637847
16,280.3,329.3659328973434
16,280.40000000000003,352.02273305629416
16,280.5,389.8519369556517
16,280.6,299.05807463169015
16,280.7,296.28397152453505
16,280.8,376.9986345259204
16,280.90000000000003,286.87722175332334
16,281.0,395.85183413453524
16,281.1,247.992487669076
16,281.2,285.5892403792869
16,281.3,254.70928912960187
16,281.40000000000003,343.67819292484296
16,281.5,375.5730329874016
16,281.6,377.4715164798335
16,281.7,347.3901055486629
16,281.8,347.81976225976825
16,281.90000000000003,312.6028464348816
16,282.0,423.14781082362356
16,282.1,365.3917247179018
16,282.2,294.3985980647555
16,282.3,221.5367764843043
16,282.40000000000003,297.6571759441887
16,282.5,381.52982601227814
16,282.6,384.858960101575
16,282.7,344.55293301188743
16,282.8,286.32890896789564
16,282.90000000000003,308.03467302941505
16,283.0,283.10351570067587
16,283.1,431.5810850096144
16,283.2,340.30490766702223
16,283.3,314.4914277326486
16,283.40000000000003,339.4393610724495
16,283.5,448.22363702071107
16,283.6,302.6492972941323
16,283.7,428.80117136008096
16,283.8,451.50961247736166
16,283.90000000000003,329.5231830299155
16,284.0,362.30041536764514
16,284.1,331.2723576295623
16,284.2,406.3064139239823
16,284.3,325.9489805279236
16,284.40000000000003,339.4717006860582
16,284.5,408.03699254127787
16,284.6,417.94832883368525
16,284.7,271.8051239354652
16,284.8,285.57689351337547
16,284.90000000000003,383.39861815777624
16,285.0,358.0989201875362
16,285.1,319.3896795140441
16,285.2,358.71295037783364
16,285.3,328.1676225402806
16,285.40000000000003,376.40272567098697
16,285.5,334.8124012263479
16,285.6,331.46304954533196
16,285.7,308.86020711603726
16,285.8,273.002490810647
16,285.90000000000003,455.43503454965406
16,286.0,326.20584707084714
16,286.1,291.19392506775705
16,286.2,312.26818301948373
16,286.3,402.13883832452854
16,286.40000000000003,353.15067692789387
16,286.5,338.5250050073371
16,286.6,328.5494990470541
16,286.7,389.1676367250015
16,286.8,327.6474055014898
16,286.90000000000003,328.1124802708116
16,287.0,319.3750357745448
16,287.1,354.04003253061444
16,287.2,419.20435653310454
16,287.3,423.8900806891886
16,287.40000000000003,400.6862962769292
16,287.5,357.7345231290022
16,287.6,364.6372583345074
16,287.7,341.2816501645683
16,287.8,354.8530573938298
16,287.90000000000003,380.4334005155184
16,288.0,290.6226515348239
16,288.1,219.58730256384302
16,288.2,372.61496971996183
16,288.3,340.4490325527489
16,288.40000000000003,324.9364391896956
16,288.5,326.11020610075974
16,288.6,325.57393640147205
16,288.7,414.8975240015612
16,288.8,303.4239890883631
16,288.90000000000003,320.3208034123271
16,289.0,292.5749087892323
16,289.1,305.4648959626498
16,289.2,335.49106092118234
16,289.3,242.82374335286855
16,289.40000000000003,274.84387668739765
16,289.5,305.0360793086608
16,289.6,235.4471590539504
16,289.7,326.2263097877919
16,289.8,287.9669386332745
16,289.90000000000003,261.21593623513667
16,290.0,341.91049757236453
16,290.1,260.2146999999739
16,290.2,322.20521152718965
16,290.3,387.80464265460887
16,290.40000000000003,277.8867578720655
16,290.5,274.71381933752383
16,290.6,250.53824411916335
16,290.7,331.31591418728107
16,290.8,337.9766890339098
16,290.90000000000003,356.62325697935336
16,291.0,360.9356972844117
16,291.1,343.25182011850444
16,291.2,373.9167351907745
16,291.3,384.48387789582523
16,291.40000000000003,336.7417745457982
16,291.5,351.3447740642985
16,291.6,283.90015932131894
16,291.7,299.9651687430576
16,291.8,504.0621179661421
16,291.90000000000003,555.943099150363
16,292.0,609.8814866144809
16,292.1,577.1731706790036
16,292.2,515.9368289449833
16,292.3,589.6401310691614
16,292.40000000000003,521.9721019982265
16,292.5,573.0445382401639
16,292.6,612.0627996545822
16,292.7,630.128154962834
16,292.8,630.5681002915808
16,292.90000000000003,618.813899452164
16,293.0,617.3548845832887
16,293.1,580.705356165629
16,293.2,538.4770064207859
16,293.3,547.3403879974586
16,293.40000000000003,606.1759096013484
16,293.5,614.8504340197122
16,293.6,612.3343455427383
16,293.7,614.9636814696763
16,293.8,601.020819373152
16,293.90000000000003,637.2631667398982
16,294.0,649.6297378160408
16,294.1,576.9153079882088
16,294.2,639.1754095007664
16,294.3,519.0256565612609
16,294.40000000000003,598.3813108424562
16,294.5,646.4034587914379
16,294.6,632.000048088102
16,294.7,605.706251122256
16,294.8,597.0726934254507
16,294.90000000000003,637.3909477869676
16,295.0,548.5245433225557
16,295.1,557.217086802397
16,295.2,625.7460002823047
16,295.3,640.7344872840779
16,295.40000000000003,613.0946423839605
16,295.5,649.6921723391958
16,295.6,484.47933742024594
16,295.7,530.2480700118372
16,295.8,631.5756011069684
16,295.90000000000003,632.7845954473619
16,296.0,632.4729191756663
16,296.1,630.9487628081379
16,296.2,630.7880686787253
16,296.3,617.8195079235226
16,296.40000000000003,620.1784150970967
16,296.5,603.3992773028511
16,296.6,619.0656657836182
16,296.7,653.429953567071
16,296.8,637.48323936765
16,296.90000000000003,642.2293428079925
16,297.0,658.368170315154
16,297.1,658.2518035973848
16,297.2,662.5472132932147
16,297.3,654.0352009142083
16,297.40000000000003,643.8249047441171
16,297.5,592.5987958176798
16,297.6,549.29251885662
16,297.7,549.5309845430884
16,297.8,605.2145924633041
16,297.90000000000003,619.4673690720288
16,298.0,622.1969719985515
16,298.1,632.2952762121382
16,298.2,611.6030507784362
16,298.3,634.8071234381171
16,298.40000000000003,642.3482579060468
16,298.5,636.8619658526475
16,298.6,625.5181149711156
16,298.7,601.4270424571374
16,298.8,614.1465375215857
16,298.90000000000003,612.6421690225085
16,299.0,624.874676494692
16,299.1,650.66912197036
16,299.2,624.3542260848288
16,299.3,625.6695189353297
16,299.40000000000003,638.7671264858291
16,299.5,641.9410150468532
16,299.6,658.1536830388457
16,299.7,633.7369622527947
16,299.8,590.1255120779067
16,299.90000000000003,604.6357512346373
16,300.0,625.8003928571429
16,300.1,621.1179129803286
16,300.2,633.7744454915555
16,300.3,643.6442344233097
16,300.40000000000003,628.9403902949998
16,300.5,620.8042385073588
16,300.6,599.6042619707641
16,300.7,600.2136022774789
16,300.8,639.0767146223052
16,300.90000000000003,629.0021224300857
16,301.0,618.7688466130808
16,301.1,630.6469670196548
16,301.2,638.2274634109617
16,301.3,617.4587259278263
16,301.40000000000003,613.5030919225045
16,301.5,652.13651946208
16,301.6,645.095887168358
16,301.7,635.2688944025915
16,301.8,655.4784047724453
16,301.90000000000003,623.8749936686788
16,302.0,613.7472667657723
16,302.1,622.2451701943849
16,302.2,620.2597529529769
16,302.3,650.0361171038616
16,302.40000000000003,638.0438049268753
16,302.5,611.0595348124713
16,302.6,618.0710535717984
16,302.7,644.6556607075232
16,302.8,631.6669991385531
16,302.90000000000003,596.4173198038627
16,303.0,530.2169618203129
16,303.1,543.8203877188135
16,303.2,621.383472421678
16,303.3,627.5930278682389
16,303.40000000000003,633.3979369238854
16,303.5,589.7132496450286
16,303.6,549.3178846846723
16,303.7,588.2345278367887
16,303.8,619.0947040017593
16,303.90000000000003,625.4605429559754
16,304.0,601.5242295031537
16,304.1,545.1059911700232
16,304.2,510.9872413642455
16,304.3,619.5344009777805
16,304.40000000000003,654.2951975938871
16,304.5,620.1087084680349
16,304.6,712.8835114965464
16,304.7,758.573001375678
16,304.8,552.0600894262553
16,304.90000000000003,607.3362826604872
16,305.0,707.8982978409142
16,305.1,599.1483079295018
16,305.2,558.7304747651978
16,305.3,595.3454893317091
16,305.40000000000003,604.0615038624512
16,305.5,641.742574185358
16,305.6,640.6421142898718
16,305.7,651.6146197440045
16,305.8,649.3563711251367
16,305.90000000000003,659.2772944753353
16,306.0,629.6355578580052
16,306.1,603.1134902199566
16,306.2,613.4160509907284
16,306.3,573.4773277253455
16,306.40000000000003,630.7749725291183
16,306.5,625.3568588066023
16,306.6,615.9880706331786
16,306.7,592.8492952846032
16,306.8,618.2006306135421
16,306.90000000000003,634.8128315141543
16,307.0,610.8075462092393
16,307.1,610.7289402777359
16,307.20000000000005,651.342633073145
16,307.3,653.2314899851365
16,307.40000000000003,661.3312239808656
16,307.5,621.8366810532535
16,307.6,566.3481263522865
16,307.70000000000005,613.471433055328
16,307.8,649.7154917617867
16,307.90000000000003,674.3965721698522
16,308.0,635.0819564902946
16,308.1,621.4093119278939
16,308.20000000000005,655.0880793244106
16,308.3,574.4018090474746
16,308.40000000000003,416.39061294097013
16,308.5,565.8237739256591
16,308.6,589.7124544212107
16,308.70000000000005,498.20246693975656
16,308.8,639.901677018212
16,308.90000000000003,618.8897453396318
16,309.0,548.5067547079914
16,309.1,617.1141300491555
16,309.20000000000005,587.8136081403658
16,309.3,489.75783984390796
16,309.40000000000003,655.8529699817694
16,309.5,577.3370940511617
16,309.6,339.5664380369723
16,309.70000000000005,254.41517061828992
16,309.8,254.78610551525938
16,309.90000000000003,278.12268351149027
16,310.0,295.85722552565005
16,310.1,395.32862786706875
16,310.20000000000005,339.5054346229199
16,310.3,358.4814414099173
16,310.40000000000003,373.52041718127845
16,310.5,413.07641598334294
16,310.6,295.6755902436371
16,310.70000000000005,278.28574508510866
16,310.8,322.6125689837422
16,310.90000000000003,299.35932102622616
16,311.0,314.8355477158159
16,311.1,333.5696510867865
16,311.20000000000005,260.62107491896506
16,311.3,307.08680973650996
16,311.40000000000003,318.68924709455007
16,311.5,299.6260798724502
16,311.6,313.74511702501536
16,311.70000000000005,324.8569337860975
16,311.8,283.762594313145
16,311.90000000000003,371.6312977052577
16,312.0,299.82869850913994
16,312.1,300.336287178946
16,312.20000000000005,309.92987579984487
16,312.3,242.34060664208923
16,312.40000000000003,291.4449216684438
32,0.0,849.998
32,0.1,727.1448787398729
32,0.2,566.8993537341339
32,0.30000000000000004,596.125792479248
32,0.4,558.5366917529501
32,0.5,582.892689242971
32,0.6000000000000001,713.7326199030823
32,0.7000000000000001,680.5685347305588
32,0.8,688.9189732100858
32,0.9,670.906769935995
32,1.0,662.145023632679
32,1.1,666.0131208057974
32,1.2000000000000002,662.3041370850424
32,1.3,673.46983995467
32,1.4000000000000001,649.0583370676849
32,1.5,668.3844189438502
32,1.6,687.7070067313088
32,1.7000000000000002,674.1228324152904
32,1.8,651.2094319454699
32,1.9000000000000001,654.076840957709
32,2.0,673.313124168995
32,2.1,702.3916014603964
32,2.2,638.8427222437108
32,2.3000000000000003,596.133417760081
32,2.4000000000000004,646.4786527477917
32,2.5,674.9121262254611
32,2.6,694.9939954334642
32,2.7,678.1486825143248
32,2.8000000000000003,680.2008030260818
32,2.9000000000000004,800.0020075548176
32,3.0,835.0281536312849
32,3.1,691.2898599497228
32,3.2,688.4108078627169
32,3.3000000000000003,694.1353530409436
32,3.4000000000000004,651.1248058611719
32,3.5,615.8991160028668
32,3.6,669.1578875241414
32,3.7,695.5257930302836
32,3.8000000000000003,685.6911464676834
32,3.9000000000000004,687.7890862830594
32,4.0,609.4232581712887
32,4.1000000000000005,536.0632765188426
32,4.2,637.8517944698423
32,4.3,677.537606755711
32,4.4,657.950029059935
32,4.5,684.4081725232929
32,4.6000000000000005,710.1913309780202
32,4.7,712.2736553219758
32,4.800000000000001,702.7609744335083
32,4.9,706.4002551974451
32,5.0,693.7424949238156
32,5.1000000000000005,656.1495631125659
32,5.2,654.347684078132
32,5.300000000000001,703.3747302354604
32,5.4,689.5363824386433
32,5.5,699.0082582146775
32,5.6000000000000005,720.4490602881044
32,5.7,701.8114088015508
32,5.800000000000001,815.3685969344473
32,5.9,942.3284898259241
32,6.0,787.7401170532892
32,6.1000000000000005,695.3425239500682
32,6.2,696.5459626466447
32,6.300000000000001,704.5841001050777
32,6.4,707.2631412406263
32,6.5,671.0502996798078
32,6.6000000000000005,688.4637125564365
32,6.7,714.2948623133528
32,6.800000000000001,661.909048116508
32,6.9,651.9165336774295
32,7.0,648.5914136625781
32,7.1000000000000005,607.4678675743213
32,7.2,691.9023914063093
32,7.300000000000001,675.2117521423163
32,7.4,651.4857869396757
32,7.5,690.0499068020097
32,7.6000000000000005,732.7942205927316
32,7.7,531.1603243958225
32,7.800000000000001,529.6487995311547
32,7.9,570.0858556625234
32,8.0,533.3206738016452
32,8.1,536.1166013058944
32,8.200000000000001,506.49131334284743
32,8.3,525.5034321898387
32,8.4,448.77401907548006
32,8.5,403.01004872976245
32,8.6,482.217335430077
32,8.700000000000001,509.61172383307553
32,8.8,552.3318327773874
32,8.9,529.2359417296007
32,9.0,489.58259640191625
32,9.1,487.8475983238602
32,9.200000000000001,430.02400477987374
32,9.3,403.99989949042197
32,9.4,461.5124120850692
32,9.5,551.10006928127
32,9.600000000000001,497.8354572034349
32,9.700000000000001,442.94542817936906
32,9.8,470.7765436850183
32,9.9,503.2510923204279
32,10.0,491.1077024293089
32,10.100000000000001,445.44359708069317
32,10.200000000000001,529.0071183756702
32,10.3,550.1026564032308
32,10.4,444.6294201712981
32,10.5,438.09286657614524
32,10.600000000000001,563.4322087725469
32,10.700000000000001,526.1388215375536
32,10.8,528.1852258557584
32,10.9,423.7687125037524
32,11.0,483.61032527491375
32,11.100000000000001,489.6963111780278
32,11.200000000000001,494.55466167084256
32,11.3,641.0658971908526
32,11.4,645.0534233733435
32,11.5,530.5093149887674
32,11.600000000000001,520.8322320460826
32,11.700000000000001,456.7845206496589
32,11.8,466.7915169244122
32,11.9,554.7376324481384
32,12.0,518.1978525929941
32,12.100000000000001,694.4955963455745
32,12.200000000000001,687.4592730922944
32,12.3,664.6474957614424
32,12.4,681.6821891530817
32,12.5,654.5501059235455
32,12.600000000000001,683.7467945030184
32,12.700000000000001,693.4454250892635
32,12.8,688.788248903445
32,12.9,677.626701541086
32,13.0,626.1635711863199
32,13.100000000000001,577.5865111317182
32,13.200000000000001,701.6518336426508
32,13.3,650.0883133111006
32,13.4,658.8559653508918
32,13.5,686.0023616600369
32,13.600000000000001,734.1708677677505
32,13.700000000000001,715.5149882525184
32,13.8,698.5696064316514
32,13.9,705.5266468572133
32,14.0,674.5778032866546
32,14.100000000000001,690.7794912498676
32,14.200000000000001,581.0543520021279
32,14.3,527.8780980026505
32,14.4,677.7809584708982
32,14.5,691.1979142653421
32,14.600000000000001,629.9768748730171
32,14.700000000000001,467.26442246526193
32,14.8,494.11130593510006
32,14.9,445.12199721120385
32,15.0,500.9274063337897
32,15.100000000000001,640.9552627345425
32,15.200000000000001,661.002796921648
32,15.3,686.1178578460573
32,15.4,664.549819434415
32,15.5,574.1644546325102
32,15.600000000000001,682.269169833863
32,15.700000000000001,668.3905185412987
32,15.8,693.0182038075911
32,15.9,711.5078250101813
32,16.0,627.9538789709998
32,16.1,559.1858073946185
32,16.2,700.8895084308198
32,16.3,682.8641629169424
32,16.400000000000002,672.6617709380217
32,16.5,696.5168876645845
32,16.6,690.5603043772821
32,16.7,694.7844799631409
32,16.8,715.8916659564937
32,16.900000000000002,687.9715438852135
32,17.0,646.3643970134889
32,17.1,582.6873511236204
32,17.2,724.1241133110526
32,17.3,787.0614594449798
32,17.400000000000002,668.1762657207189
32,17.5,567.2098194247569
32,17.6,731.3626952202632
32,17.7,671.4486814297007
32,17.8,495.01054304366113
32,17.900000000000002,702.7674243481214
32,18.0,622.3316471346319
32,18.1,757.9440810540527
32,18.2,732.813503431537
32,18.3,724.5203016114904
32,18.400000000000002,752.7171184992231
32,18.5,691.8115401087736
32,18.6,595.002692433667
32,18.7,731.2874854421008
32,18.8,690.5863823347931
32,18.900000000000002,692.6974080706424
32,19.0,697.9604225073308
32,19.1,736.4996191522596
32,19.200000000000003,648.9208308603205
32,19.3,709.50040665785
32,19.400000000000002,664.0718381079664
32,19.5,675.4219880159786
32,19.6,671.6026658309738
32,19.700000000000003,634.7510091301613
32,19.8,669.5996160470896
32,19.900000000000002,663.8306576885516
32,20.0,661.2389603322154
32,20.1,628.75152773065
32,20.200000000000003,740.1927983525428
32,20.3,675.5832376364792
32,20.400000000000002,654.7628043096141
32,20.5,674.6422177378829
32,20.6,705.9347456945782
32,20.700000000000003,593.8215831918349
32,20.8,636.7231165571341
32,20.900000000000002,671.0509021230579
32,21.0,667.423077058682
32,21.1,611.0468631798226
32,21.200000000000003,682.6979575571924
32,21.3,680.7490053479145
32,21.400000000000002,656.9601522111533
32,21.5,616.7732571485551
32,21.6,585.9035054913668
32,21.700000000000003,707.8436183855121
32,21.8,605.9067432490799
32,21.900000000000002,683.902075198366
32,22.0,705.9841837058001
32,22.1,709.7005737225961
32,22.200000000000003,690.9806545707894
32,22.3,713.3587234138714
32,22.400000000000002,573.1195223944577
32,22.5,544.5816556081434
32,22.6,674.1742235742236
32,22.700000000000003,523.5811556040725
32,22.8,486.1336493209042
32,22.900000000000002,682.6041961232331
32,23.0,674.2664754344709
32,23.1,712.4586635398924
32,23.200000000000003,564.3056363734294
32,23.3,703.8662325625421
32,23.400000000000002,698.9460255368078
32,23.5,576.7174917534587
32,23.6,683.984586465302
32,23.700000000000003,668.1685797683804
32,23.8,646.5653624463615
32,23.900000000000002,563.71868551154
32,24.0,566.6437975429928
32,24.1,662.035587841943
32,24.200000000000003,517.8779669247612
32,24.3,570.8912645424126
32,24.400000000000002,440.01869448136273
32,24.5,458.6709143090076
32,24.6,530.7748476580706
32,24.700000000000003,690.6415721100894
32,24.8,688.3439153936341
32,24.900000000000002,509.153799135487
32,25.0,734.8508551440938
32,25.1,576.4324177661716
32,25.200000000000003,631.6999936866079
32,25.3,727.5120483693684
32,25.400000000000002,684.1230079805285
32,25.5,587.8881234316249
32,25.6,710.1827604179493
32,25.700000000000003,550.5817350974044
32,25.8,672.65802016172
32,25.900000000000002,707.3045787515288
32,26.0,643.8197563701322
32,26.1,718.6004081794156
32,26.200000000000003,703.5640848169434
32,26.3,620.2853733745211
32,26.400000000000002,555.5879740897418
32,26.5,641.0317874093206
32,26.6,707.673922467263
32,26.700000000000003,632.7549467284109
32,26.8,694.8859772897853
32,26.900000000000002,1008.2969663160621
32,27.0,405.5183025302976
32,27.1,426.8795266465936
32,27.200000000000003,503.5275120346853
32,27.3,486.7622134165447
32,27.400000000000002,363.33970241692725
32,27.5,568.5150380340913
32,27.6,525.0545516805506
32,27.700000000000003,498.07277816531933
32,27.8,756.6073174418308
32,27.900000000000002,408.98960044895784
32,28.0,384.7814180438441
32,28.1,395.6811542416576
32,28.200000000000003,675.6240532873157
32,28.3,371.3344227878293
32,28.400000000000002,657.8662886382103
32,28.5,551.0134693039693
32,28.6,669.132222644711
32,28.700000000000003,719.3400534754888
32,28.8,702.0081173750573
32,28.900000000000002,571.5179044232466
32,29.0,676.7871759811419
32,29.1,520.4020524919528
32,29.200000000000003,508.6878978016689
32,29.3,648.958000251438
32,29.400000000000002,692.9212591591714
32,29.5,545.9887297322405
32,29.6,590.0639477733505
32,29.700000000000003,586.1472288514703
32,29.8,557.102853820642
32,29.900000000000002,665.271652990116
32,30.0,506.9861459794863
32,30.1,424.5724152713315
32,30.200000000000003,691.9094675155559
32,30.3,703.774398678349
32,30.400000000000002,564.2372843313682
32,30.5,674.8220804367663
32,30.6,724.9128241356152
32,30.700000000000003,1251.1863100005157
32,30.8,921.7449104157415
32,30.900000000000002,695.3965011365498
32,31.0,475.89767392927706
32,31.1,672.7860266681305
32,31.200000000000003,700.8960278970729
32,31.3,639.6219863932125
32,31.400000000000002,647.0253586635699
32,31.5,639.4547140145027
32,31.6,682.7734772337706
32,31.700000000000003,709.6523360440777
32,31.8,750.3651165642628
32,31.900000000000002,432.65772129776605
32,32.0,605.4041510794789
32,32.1,642.0110831022414
32,32.2,721.4841944362165
32,32.300000000000004,644.3733347274367
32,32.4,705.9533670685437
32,32.5,703.7173873539535
32,32.6,680.4752658168865
32,32.7,477.15876885415554
32,32.800000000000004,542.091960257025
32,32.9,503.4829998470682
32,33.0,431.86458910228316
32,33.1,442.9806947630973
32,33.2,534.360626294402
32,33.300000000000004,518.4062632856319
32,33.4,459.0927574795373
32,33.5,333.2491204946518
32,33.6,409.57729598997275
32,33.7,577.485297649503
32,33.800000000000004,629.1971003207183
32,33.9,1203.7120906521118
32,34.0,596.8275054111548
32,34.1,669.1244624309363
32,34.2,642.0938507645144
32,34.300000000000004,446.61175520039404
32,34.4,454.03467101590775
32,34.5,664.6193473019231
32,34.6,631.6479166619806
32,34.7,628.5580226674284
32,34.800000000000004,708.2588876443898
32,34.9,706.6591719001658
32,35.0,474.2622341648843
32,35.1,684.9663835128885
32,35.2,664.629799796984
32,35.300000000000004,701.0895026021103
32,35.4,861.4092087435419
32,35.5,716.5320940071176
32,35.6,550.1766156036139
32,35.7,676.4486249001743
32,35.800000000000004,618.8632016875387
32,35.9,658.4766250066093
32,36.0,554.0664060993275
32,36.1,678.2580579370529
32,36.2,541.2949129271519
32,36.300000000000004,682.4169386072654
32,36.4,681.6396550970533
32,36.5,782.4959347525264
32,36.6,628.8905308553905
32,36.7,664.6658714432132
32,36.800000000000004,514.3659919952845
32,36.9,564.9252807084154
32,37.0,549.2069317834222
32,37.1,543.1427568693033
32,37.2,566.6919882893601
32,37.300000000000004,618.180992967072
32,37.4,585.7806286247956
32,37.5,501.6343858627365
32,37.6,469.0684188916495
32,37.7,436.56574650037425
32,37.800000000000004,543.022976359016
32,37.9,512.0188569485186
32,38.0,547.2344007732356
32,38.1,653.4686122231398
32,38.2,613.7221810222088
32,38.300000000000004,666.8693749703884
32,38.400000000000006,693.6813738605085
32,38.5,700.3792465534717
32,38.6,669.8602139563541
32,38.7,702.963325697177
32,38.800000000000004,602.5380804127094
32,38.900000000000006,511.00093176550797
32,39.0,565.5409514686468
32,39.1,593.1929792458094
32,39.2,532.6326120976327
32,39.300000000000004,470.90884015876475
32,39.400000000000006,533.4772117845657
32,39.5,644.3645237670981
32,39.6,680.0813217205697
32,39.7,709.0166714453252
32,39.800000000000004,989.0459980566341
32,39.900000000000006,765.3291839692818
32,40.0,659.704442526723
32,40.1,699.3899440928927
32,40.2,629.2138101998278
32,40.300000000000004,779.5655866822069
32,40.400000000000006,699.2247552754859
32,40.5,686.173019512172
32,40.6,707.9354137464079
32,40.7,732.8417387511442
32,40.800000000000004,725.5660036251884
32,40.900000000000006,706.1045889518806
32,41.0,775.2085142991226
32,41.1,709.0563020476206
32,41.2,697.5611328233894
32,41.300000000000004,670.2818735874022
32,41.400000000000006,745.8454245379717
32,41.5,668.8148952956861
32,41.6,704.9973072256909
32,41.7,649.3941266203034
32,41.800000000000004,714.7424073687341
32,41.900000000000006,661.9594812851901
32,42.0,649.9644988554903
32,42.1,683.2796495756834
32,42.2,648.4910203730817
32,42.300000000000004,635.5174216318028
32,42.400000000000006,681.5630737992102
32,42.5,694.3685639605517
32,42.6,651.6879055591238
32,42.7,607.6637753483253
32,42.800000000000004,510.2179822446198
32,42.900000000000006,619.8588651954175
32,43.0,676.1158574198836
32,43.1,677.4564365692316
32,43.2,730.4827351583401
32,43.300000000000004,653.967239001207
32,43.400000000000006,550.9423146185512
32,43.5,600.2869138170089
32,43.6,614.0094023078259
32,43.7,558.372337801779
32,43.800000000000004,660.4808093264761
32,43.900000000000006,632.6889489304679
32,44.0,564.3957449572014
32,44.1,588.4985825707685
32,44.2,711.9538105474589
32,44.300000000000004,685.890380163695
32,44.400000000000006,735.0204140760701
32,44.5,580.4022594545922
32,44.6,603.2276108870375
32,44.7,717.0840615986641
32,44.800000000000004,679.3805015229549
32,44.900000000000006,689.7168940591326
32,45.0,683.346324622946
32,45.1,862.3316779209987
32,45.2,583.7887324755792
32,45.300000000000004,584.5906673944764
32,45.400000000000006,608.1686333054238
32,45.5,583.7176852920297
32,45.6,565.4748897870093
32,45.7,588.6288526419619
32,45.800000000000004,438.68034248227406
32,45.900000000000006,459.34335709947766
32,46.0,542.7451228476411
32,46.1,484.7484403622938
32,46.2,552.6968876137154
32,46.300000000000004,531.9903753665201
32,46.400000000000006,464.07506124432376
32,46.5,489.63237909700354
32,46.6,490.68966400795244
32,46.7,452.5435834466649
32,46.800000000000004,579.5717943678233
32,46.900000000000006,500.69555591203846
32,47.0,587.7361174435972
32,47.1,585.7888861613576
32,47.2,466.68894742142817
32,47.300000000000004,425.7856543369386
32,47.400000000000006,445.24149385728725
32,47.5,553.8128800005718
32,47.6,570.8503451922038
32,47.7,541.2264021437634
32,47.800000000000004,558.9756062638763
32,47.900000000000006,618.7043663122945
32,48.0,527.5945642538755
32,48.1,514.7345418869969
32,48.2,577.8677174029588
32,48.300000000000004,523.8432033064222
32,48.400000000000006,553.8743499579548
32,48.5,601.8744720024586
32,48.6,524.7637883052424
32,48.7,464.22222275294075
32,48.800000000000004,523.1131248467293
32,48.900000000000006,552.2845904253635
32,49.0,519.5313493774985
32,49.1,516.3589387219508
32,49.2,530.9567902225889
32,49.300000000000004,491.8431050998936
32,49.400000000000006,420.54235706866905
32,49.5,451.13448436286626
32,49.6,491.0446288810694
32,49.7,402.99614441974234
32,49.800000000000004,479.0131005956042
32,49.900000000000006,535.2118308001915
32,50.0,489.0318967261189
32,50.1,519.514730368681
32,50.2,536.7499352833266
32,50.300000000000004,520.5071732590047
32,50.400000000000006,518.8320191333765
32,50.5,464.9735908898597
32,50.6,447.02759198727165
32,50.7,486.7776401770176
32,50.800000000000004,424.6189029634318
32,50.900000000000006,432.3676781800491
32,51.0,463.0761982884724
32,51.1,434.48571110056264
32,51.2,472.11316522377354
32,51.300000000000004,534.3590838386768
32,51.400000000000006,563.3177205889369
32,51.5,492.65329338281884
32,51.6,461.00898262145745
32,51.7,535.826207032626
32,51.800000000000004,556.81583179035
32,51.900000000000006,548.5645448725377
32,52.0,490.65343775564406
32,52.1,456.884298467802
32,52.2,517.9099927010452
32,52.300000000000004,519.2522915708698
32,52.400000000000006,499.71842981732436
32,52.5,525.6777167266551
32,52.6,478.7348042653881
32,52.7,396.83933996078645
32,52.800000000000004,416.78513608641276
32,52.900000000000006,494.65412331100003
32,53.0,519.3103670959657
32,53.1,546.0189787100949
32,53.2,525.9559278794329
32,53.300000000000004,529.4044065118595
32,53.400000000000006,562.3755462148116
32,53.5,552.9311869306196
32,53.6,518.9641686013002
32,53.7,474.388936451178
32,53.800000000000004,454.78138398774115
32,53.900000000000006,466.59503066446075
32,54.0,547.8143975471932
32,54.1,533.0641855993628
32,54.2,523.7210415439523
32,54.300000000000004,514.7940733994311
32,54.400000000000006,500.97069265773405
32,54.5,441.37027691303496
32,54.6,456.79885940316797
32,54.7,538.8032604403503
32,54.800000000000004,533.7732654074639
32,54.900000000000006,644.6705347784174
32,55.0,633.8771638635043
32,55.1,536.3240127430579
32,55.2,497.77103423762605
32,55.300000000000004,490.90182318569595
32,55.400000000000006,457.5305329322837
32,55.5,553.9645736111706
32,55.6,680.3117296029827
32,55.7,674.362925461352
32,55.800000000000004,562.4240956057702
32,55.900000000000006,601.9772316739152
32,56.0,720.6295416982518
32,56.1,588.3109563736173
32,56.2,679.2413008488425
32,56.300000000000004,685.2864293410871
32,56.400000000000006,710.5867251758148
32,56.5,723.9822066396229
32,56.6,640.7259361831556
32,56.7,613.717588549109
32,56.800000000000004,645.7380810341001
32,56.900000000000006,681.5765953534724
32,57.0,788.0436137480556
32,57.1,695.0383191131616
32,57.2,676.8656643718953
32,57.300000000000004,673.1495704626993
32,57.400000000000006,657.670280677398
32,57.5,628.5979028714768
32,57.6,585.428347888355
32,57.7,551.8115768160668
32,57.800000000000004,544.5521072899525
32,57.900000000000006,404.4560494501049
32,58.0,565.0485925641826
32,58.1,682.249436652926
32,58.2,669.9405097181299
32,58.300000000000004,611.0900750051679
32,58.400000000000006,542.527321136974
32,58.5,555.5928165307829
32,58.6,580.6835300335866
32,58.7,543.0034631114081
32,58.800000000000004,622.8097390954723
32,58.900000000000006,615.4871290918202
32,59.0,548.4632622464516
32,59.1,595.38353597803
32,59.2,652.7527978064713
32,59.300000000000004,689.556835733784
32,59.400000000000006,711.3155718691469
32,59.5,682.8766046473409
32,59.6,653.2236480164656
32,59.7,686.4841161354726
32,59.800000000000004,565.2193604235216
32,59.900000000000006,561.1373047040267
32,60.0,677.2442362749512
32,60.1,708.032618692708
32,60.2,690.6841003216446
32,60.300000000000004,703.6692546227458
32,60.400000000000006,644.2607754822011
32,60.5,662.9561985974908
32,60.6,722.5724882486539
32,60.7,649.2119101462395
32,60.800000000000004,568.8827960415489
32,60.900000000000006,701.2425744705725
32,61.0,613.7704114569934
32,61.1,533.9405769911989
32,61.2,533.2773298184039
32,61.300000000000004,732.3552573127582
32,61.400000000000006,656.990059075945
32,61.5,503.7326649363378
32,61.6,537.5414024047739
32,61.7,611.5178602556339
32,61.800000000000004,565.2892989338543
32,61.900000000000006,644.6297690733353
32,62.0,629.7565200015243
32,62.1,686.7401929316588
32,62.2,690.6955048102058
32,62.300000000000004,704.0839229237532
32,62.400000000000006,661.3499781222395
32,62.5,623.0698314128966
32,62.6,671.7656803983756
32,62.7,623.0915005388074
32,62.800000000000004,666.2886198161619
32,62.900000000000006,651.7606955852028
32,63.0,714.2378048586694
32,63.1,683.7967064702133
32,63.2,645.0230336433727
32,63.300000000000004,576.8372155756266
32,63.400000000000006,494.86316489477554
32,63.5,632.0271714021736
32,63.6,481.06695959320587
32,63.7,515.7091757680707
32,63.800000000000004,709.3871353664773
32,63.900000000000006,683.5947535686047
32,64.0,495.5553396609718
32,64.10000000000001,680.7024547897367
32,64.2,632.1355376895043
32,64.3,615.0938293878747
32,64.4,590.7567554645731
32,64.5,669.5960716855185
32,64.60000000000001,536.1677423020967
32,64.7,592.5877177851692
32,64.8,636.5661614160242
32,64.9,589.8084465467977
32,65.0,680.7374217562617
32,65.10000000000001,636.3958835496188
32,65.2,542.852753177917
32,65.3,555.0800512299229
32,65.4,648.3061403258973
32,65.5,526.7737135472498
32,65.60000000000001,651.2179701901326
32,65.7,522.4147820242716
32,65.8,668.2497946147039
32,65.9,613.0665209380875
32,66.0,689.9889371117665
32,66.10000000000001,572.6002334085921
32,66.2,555.6803474972552
32,66.3,690.33712930259
32,66.4,633.2092414088438
32,66.5,717.851710484626
32,66.60000000000001,703.6117771993104
32,66.7,598.5886644432632
32,66.8,531.4422105448679
32,66.9,605.0345187752014
32,67.0,602.6552640567343
32,67.10000000000001,641.9916245484112
32,67.2,589.2994824944572
32,67.3,643.7591501319821
32,67.4,631.9323483594019
32,67.5,666.9275902238204
32,67.60000000000001,684.7374651653014
32,67.7,623.9927492624317
32,67.8,666.1847073921718
32,67.9,649.3648523799773
32,68.0,661.2005196084269
32,68.10000000000001,677.1669066969944
32,68.2,622.6715333483913
32,68.3,503.6897841206282
32,68.4,779.3723246994718
32,68.5,630.6980365843784
32,68.60000000000001,590.1573880465124
32,68.7,689.0009241601599
32,68.8,582.1059460807681
32,68.9,679.2717429063529
32,69.0,679.8554005645949
32,69.10000000000001,663.5397368546902
32,69.2,643.099642603645
32,69.3,694.0401215206573
32,69.4,699.159864052614
32,69.5,628.4421124296719
32,69.60000000000001,569.2392987800663
32,69.7,675.7609956928949
32,69.8,665.9590117715711
32,69.9,700.9161755225856
32,70.0,687.9170755838469
32,70.10000000000001,680.3611814845624
32,70.2,612.1579082761798
32,70.3,634.4893902405553
32,70.4,661.6355284625168
32,70.5,690.0871307723189
32,70.60000000000001,660.7937965908806
32,70.7,592.340892760915
32,70.8,603.9957274559338
32,70.9,670.7828460642792
32,71.0,643.837257729994
32,71.10000000000001,686.4579233378935
32,71.2,636.6008114992377
32,71.3,655.3342473436757
32,71.4,529.8011424467172
32,71.5,461.77934938624037
32,71.60000000000001,460.4498659196949
32,71.7,467.4144472368256
32,71.8,480.0968813511516
32,71.9,490.67343312917313
32,72.0,539.4528755562332
32,72.10000000000001,604.7204512924399
32,72.2,548.9640903515211
32,72.3,867.7841544788483
32,72.4,664.5623509336998
32,72.5,635.8328144401116
32,72.60000000000001,583.0975200014306
32,72.7,634.911090296068
32,72.8,564.0933660723593
32,72.9,593.9656670323417
32,73.0,674.9369859812417
32,73.10000000000001,572.8458685020382
32,73.2,607.1159976000746
32,73.3,612.4070010728927
32,73.4,583.953210554219
32,73.5,585.3380110503684
32,73.60000000000001,620.7561792153853
32,73.7,496.34385940773774
32,73.8,648.7679287561189
32,73.9,465.58293370291017
32,74.0,512.5342867583477
32,74.10000000000001,641.198656363411
32,74.2,613.1176796176644
32,74.3,582.8841772408866
32,74.4,525.3716171369845
32,74.5,574.2792856609294
32,74.60000000000001,598.792113416758
32,74.7,598.7356274173479
32,74.8,552.4831623207674
32,74.9,526.07666977217
32,75.0,660.7114369787536
32,75.10000000000001,477.3790165259409
32,75.2,642.2854198452824
32,75.3,602.8801924912183
32,75.4,636.1990309850926
32,75.5,677.6041015128668
32,75.60000000000001,658.906240380442
32,75.7,488.2536847691519
32,75.8,545.1103637473318
32,75.9,553.8078872839538
32,76.0,654.194953350311
32,76.10000000000001,618.3824928318716
32,76.2,577.4754236519656
32,76.3,585.9348705401235
32,76.4,799.6623572833346
32,76.5,649.5238845873544
32,76.60000000000001,532.730786478066
32,76.7,621.941257601506
32,76.80000000000001,546.1913218905182
32,76.9,510.94545882916833
32,77.0,615.4920729988089
32,77.10000000000001,514.6196862724132
32,77.2,468.7945709591952
32,77.30000000000001,446.2922218492354
32,77.4,388.474785617835
32,77.5,466.4848813812669
32,77.60000000000001,523.6700034911553
32,77.7,496.2403045324049
32,77.80000000000001,525.2678276526002
32,77.9,540.0849599525493
32,78.0,577.7304437387284
32,78.10000000000001,387.7176466288651
32,78.2,517.6069675934683
32,78.30000000000001,414.0181632574541
32,78.4,489.2475069376567
32,78.5,518.7779599065012
32,78.60000000000001,448.7639233221392
32,78.7,438.5609537970384
32,78.80000000000001,492.3508837074305
32,78.9,582.9344751209061
32,79.0,568.1020459196044
32,79.10000000000001,559.1450242399166
32,79.2,393.84486780033575
32,79.30000000000001,324.82765069444855
32,79.4,465.56957621657875
32,79.5,587.3902013957912
32,79.60000000000001,506.67077920751507
32,79.7,598.6695317610548
32,79.80000000000001,409.4457540579281
32,79.9,447.63680890155587
32,80.0,483.9796910783494
32,80.10000000000001,489.1629343351413
32,80.2,414.940141039521
32,80.30000000000001,536.5408685480896
32,80.4,476.3542520895323
32,80.5,508.67382767418763
32,80.60000000000001,476.3293404215742
32,80.7,567.8206199240066
32,80.80000000000001,504.5113307360727
32,80.9,598.3802457540545
32,81.0,534.3073211751339
32,81.10000000000001,481.95536477087785
32,81.2,503.47402831635117
32,81.30000000000001,513.5919942140342
32,81.4,442.13614619481865
32,81.5,496.2668657253329
32,81.60000000000001,512.9706572622833
32,81.7,510.49056894745235
32,81.80000000000001,540.6306397657067
32,81.9,624.1564299559084
32,82.0,523.7908444264443
32,82.10000000000001,420.5307955692804
32,82.2,532.2549903628337
32,82.30000000000001,472.20521644895655
32,82.4,508.61578022491994
32,82.5,445.50724077424275
32,82.60000000000001,384.10073774437063
32,82.7,458.26035425104703
32,82.80000000000001,433.5367973526907
32,82.9,398.58396820303557
32,83.0,431.8760458670108
32,83.10000000000001,436.32572423618984
32,83.2,359.10574397638305
32,83.30000000000001,435.7784637450686
32,83.4,425.9060040650319
32,83.5,600.9728052884615
32,83.60000000000001,638.6489995670179
32,83.7,611.694167534657
32,83.80000000000001,548.8233652320905
32,83.9,459.2999653142213
32,84.0,424.925194780175
32,84.10000000000001,483.5111208274251
32,84.2,375.1794417390116
32,84.30000000000001,426.0040666235796
32,84.4,442.4276133390171
32,84.5,420.2373265978119
32,84.60000000000001,462.5424880142616
32,84.7,517.1457372110458
32,84.80000000000001,520.8878552477302
32,84.9,387.2052011407225
32,85.0,423.7228353444271
32,85.10000000000001,448.5274744052179
32,85.2,305.76930651250433
32,85.30000000000001,367.2941467822459
32,85.4,428.00653806983485
32,85.5,476.54624438467897
32,85.60000000000001,511.4315586898942
32,85.7,513.7350781279929
32,85.80000000000001,463.4399220957709
32,85.9,473.97750192691353
32,86.0,474.64227539021556
32,86.10000000000001,541.8657123157084
32,86.2,568.2026650489315
32,86.30000000000001,513.7117703379797
32,86.4,421.08970984982716
32,86.5,446.80407700829835
32,86.60000000000001,486.0543342632459
32,86.7,515.4984372676915
32,86.80000000000001,492.5186523044163
32,86.9,431.3356476558444
32,87.0,430.1814446746196
32,87.10000000000001,463.8358975464302
32,87.2,462.9786381536374
32,87.30000000000001,476.2442720666848
32,87.4,458.8786385903448
32,87.5,447.78566892983235
32,87.60000000000001,455.95236817350275
32,87.7,517.6908135755084
32,87.80000000000001,554.0912186496284
32,87.9,519.385947435827
32,88.0,470.04866097197277
32,88.10000000000001,451.76876882729556
32,88.2,429.82347758719175
32,88.30000000000001,454.8362145280133
32,88.4,378.1940974647718
32,88.5,368.36067586336696
32,88.60000000000001,432.49212337002575
32,88.7,481.6882116724801
32,88.80000000000001,454.49265877529024
32,88.9,356.80946360278756
32,89.0,381.4433464510842
32,89.10000000000001,363.4992674497566
32,89.2,310.33439062168696
32,89.30000000000001,417.0289012636011
32,89.4,513.9670519193768
32,89.5,489.49746508137315
32,89.60000000000001,485.9313987421238
32,89.7,561.1894177813381
32,89.80000000000001,540.9824117892741
32,89.9,504.29581330744116
32,90.0,470.4723010972989
32,90.10000000000001,449.8730184442555
32,90.2,398.1428357508279
32,90.30000000000001,392.47074516198916
32,90.4,386.7656546559492
32,90.5,423.7389930971632
32,90.60000000000001,529.1613636715871
32,90.7,526.0296876479841
32,90.80000000000001,724.4812569662947
32,90.9,687.8235523194862
32,91.0,485.122990255659
32,91.10000000000001,493.7146659363742
32,91.2,476.17695878842244
32,91.30000000000001,432.09545209023537
32,91.4,465.9199365826516
32,91.5,434.1816263662439
32,91.60000000000001,426.5179094651335
32,91.7,430.36866265501953
32,91.80000000000001,410.70696319048
32,91.9,395.39213903127904
32,92.0,407.4109492880167
32,92.10000000000001,493.8687840094049
32,92.2,525.2525668984141
32,92.30000000000001,473.4473992647926
32,92.4,516.1755263132902
32,92.5,574.3796506052513
32,92.60000000000001,482.16646813140477
32,92.7,375.9066736052129
32,92.80000000000001,421.9015303901533
32,92.9,543.9286680509684
32,93.0,499.26276547233596
32,93.10000000000001,443.5086420782269
32,93.2,465.6928742055406
32,93.30000000000001,482.6685236796782
32,93.4,456.44138555825583
32,93.5,535.4201271894497
32,93.60000000000001,563.3053701642125
32,93.7,493.59194398242954
32,93.80000000000001,535.3884971621906
32,93.9,462.2885707396436
32,94.0,362.8852057416268
32,94.10000000000001,426.1485062166516
32,94.2,499.5121138105328
32,94.30000000000001,467.49388523127413
32,94.4,520.7906121361618
32,94.5,526.7505562652264
32,94.60000000000001,428.3300633332208
32,94.7,379.649290482887
32,94.80000000000001,400.2107384774952
32,94.9,466.2721700616145
32,95.0,477.2063931988412
32,95.10000000000001,515.3902182302879
32,95.2,479.4219332979133
32,95.30000000000001,433.7035523688868
32,95.4,424.15815561092296
32,95.5,417.9488748138881
32,95.60000000000001,446.494154853144
32,95.7,457.87948787033736
32,95.80000000000001,494.1128064202255
32,95.9,495.87244955940946
32,96.0,418.39601220603134
32,96.10000000000001,427.22921701325345
32,96.2,455.42270181286693
32,96.30000000000001,436.9109982209875
32,96.4,408.5909974456007
32,96.5,375.97657107332896
32,96.60000000000001,422.1944868378719
32,96.7,664.6962924242542
32,96.80000000000001,741.4845814492525
32,96.9,476.32871046218213
32,97.0,456.191859872308
32,97.10000000000001,428.1867282145334
32,97.2,461.4780458760503
32,97.30000000000001,577.592252163343
32,97.4,586.852137348004
32,97.5,501.0043841722299
32,97.60000000000001,609.0457953050428
32,97.7,663.0526904995966
32,97.80000000000001,551.89814895653
32,97.9,507.36569519796984
32,98.0,571.2608267959853
32,98.10000000000001,614.8278664449816
32,98.2,607.8520699032947
32,98.30000000000001,626.4004686280875
32,98.4,702.3551242736247
32,98.5,629.5909948815419
32,98.60000000000001,595.2465276728873
32,98.7,695.733880647494
32,98.80000000000001,575.5926546434821
32,98.9,382.42233066882403
32,99.0,401.4790837188693
32,99.10000000000001,459.6084356797638
32,99.2,374.396898015524
32,99.30000000000001,628.809776252418
32,99.4,892.0728578417778
32,99.5,488.8251956431624
32,99.60000000000001,474.79672634633516
32,99.7,412.30308541914866
32,99.80000000000001,466.21136210449555
32,99.9,525.989926944734
32,100.0,444.835001622259
32,100.10000000000001,454.37095030579485
32,100.2,416.560026622326
32,100.30000000000001,453.432456741258
32,100.4,470.90536768441234
32,100.5,456.0969570240166
32,100.60000000000001,325.2487215879348
32,100.7,405.62365262572837
32,100.80000000000001,478.8578685271797
32,100.9,462.62623312779965
32,101.0,483.5264507985976
32,101.10000000000001,500.57926456706446
32,101.2,689.4958623076894
32,101.30000000000001,342.24790596360344
32,101.4,531.5281275541412
32,101.5,488.2090918445122
32,101.60000000000001,407.7395530202388
32,101.7,481.62151543243453
32,101.80000000000001,417.1297746603619
32,101.9,371.76769131749427
32,102.0,370.70087491631784
32,102.10000000000001,331.1087317010988
32,102.2,412.0329871051318
32,102.30000000000001,299.2387948202055
32,102.4,270.2691613667797
32,102.5,402.0456359256497
32,102.60000000000001,326.0867590401755
32,102.7,316.3294033658587
32,102.80000000000001,433.0711132374418
32,102.9,381.58449394450383
32,103.0,389.52523190850206
32,103.10000000000001,363.6434391380477
32,103.2,282.0292565822756
32,103.30000000000001,451.98853097446477
32,103.4,457.2062532156224
32,103.5,411.06699087866406
32,103.60000000000001,348.3380103749971
32,103.7,392.49852455024603
32,103.80000000000001,883.8597070986914
32,103.9,412.060864979055
32,104.0,330.2153333523884
32,104.10000000000001,279.30664946643117
32,104.2,331.4943463727067
32,104.30000000000001,450.724025947986
32,104.4,341.1903990746686
32,104.5,404.2142181339559
32,104.60000000000001,277.5626510647434
32,104.7,293.09420120826974
32,104.80000000000001,310.9436557389957
32,104.9,314.6238095090184
32,105.0,350.2232277298012
32,105.10000000000001,339.1197398396929
32,105.2,430.67343282002963
32,105.30000000000001,303.8094803143055
32,105.4,399.8781360705321
32,105.5,305.13180814244276
32,105.60000000000001,295.936590364978
32,105.7,381.40356217460294
32,105.80000000000001,411.26918270727
32,105.9,294.02071359360383
32,106.0,388.63573949242607
32,106.10000000000001,314.87079758854316
32,106.2,395.6747948909693
32,106.30000000000001,312.4739758785914
32,106.4,262.78835156981694
32,106.5,311.35885953197175
32,106.60000000000001,304.86614852112814
32,106.7,346.61317442263606
32,106.80000000000001,280.79095320773985
32,106.9,376.7747736193458
32,107.0,358.76326693078084
32,107.10000000000001,404.41095103003283
32,107.2,389.2642112371379
32,107.30000000000001,376.3069429633155
32,107.4,311.17111528263155
32,107.5,306.24573106783396
32,107.60000000000001,370.04211629759493
32,107.7,347.1274066071531
32,107.80000000000001,393.3315472081211
32,107.9,408.1517087716842
32,108.0,351.6588031580101
32,108.10000000000001,398.1496441865833
32,108.2,363.9779686673824
32,108.30000000000001,392.18400900266414
32,108.4,363.71166162851756
32,108.5,500.24230988638715
32,108.60000000000001,465.7049590043701
32,108.7,451.42175984907095
32,108.80000000000001,306.97110970016524
32,108.9,341.97617632310823
32,109.0,462.0951150012388
32,109.10000000000001,365.1627504745117
32,109.2,359.2922887699643
32,109.30000000000001,291.7015511009458
32,109.4,360.7347296659067
32,109.5,290.9605952269782
32,109.60000000000001,350.20689849079923
32,109.7,294.8410521270698
32,109.80000000000001,436.832756599796
32,109.9,476.99435259938446
32,110.0,418.03524607277456
32,110.10000000000001,419.4865123757616
32,110.2,476.98115045146153
32,110.30000000000001,375.0130937017791
32,110.4,354.86429309049254
32,110.5,458.2962684933726
32,110.60000000000001,380.2842009777099
32,110.7,348.36524470964804
32,110.80000000000001,339.8781956772896
32,110.9,420.15712895305876
32,111.0,326.21927566855555
32,111.10000000000001,340.3123022184659
32,111.2,462.732703274869
32,111.30000000000001,465.0343808262379
32,111.4,426.38212008224576
32,111.5,465.58858158814405
32,111.60000000000001,468.3140687403315
32,111.7,367.98492502339496
32,111.80000000000001,397.827199741294
32,111.9,399.36433420187507
32,112.0,363.6974878545548
32,112.10000000000001,466.1189105809077
32,112.2,341.6384110011544
32,112.30000000000001,469.7377521848487
32,112.4,457.2332318989096
32,112.5,528.9630219469394
32,112.60000000000001,361.52057297746296
32,112.7,415.6498878546615
32,112.80000000000001,342.5083133559529
32,112.9,383.42069045425393
32,113.0,459.4143790647259
32,113.10000000000001,336.356836696941
32,113.2,396.7826665286539
32,113.30000000000001,355.180444561118
32,113.4,408.6461093737317
32,113.5,398.0029738139974
32,113.60000000000001,291.34252732729686
32,113.7,355.05515466405217
32,113.80000000000001,341.9685712298566
32,113.9,333.951576239152
32,114.0,432.48482526745994
32,114.10000000000001,531.5124797890288
32,114.2,322.47284315273606
32,114.30000000000001,284.06164069442724
32,114.4,362.5873218920897
32,114.5,365.32724940233356
32,114.60000000000001,336.8755556457619
32,114.7,322.5309034166793
32,114.80000000000001,390.21152769747107
32,114.9,370.41608718014425
32,115.0,317.9029042509885
32,115.10000000000001,320.8372010530019
32,115.2,325.62964791343563
32,115.30000000000001,315.2463256961799
32,115.4,291.4297470288181
32,115.5,321.4838465899887
32,115.60000000000001,333.86136750895844
32,115.7,318.52204092605905
32,115.80000000000001,361.3272167524044
32,115.9,405.54207099817734
32,116.0,395.58363592212646
32,116.10000000000001,401.67946819018414
32,116.2,366.2739422129883
32,116.30000000000001,360.204184685422
32,116.4,347.09517859928815
32,116.5,284.4264182528527
32,116.60000000000001,366.0591091035686
32,116.7,406.1945852362166
32,116.80000000000001,380.8121277390482
32,116.9,325.74643999923404
32,117.0,300.1874612615746
32,117.10000000000001,440.1955094189313
32,117.2,539.1338081072981
32,117.30000000000001,564.9846009595929
32,117.4,450.8829959548411
32,117.5,466.1281871456207
32,117.60000000000001,551.9786144138207
32,117.7,508.181813634316
32,117.80000000000001,409.60644315211096
32,117.9,374.5324490955824
32,118.0,432.36656803885865
32,118.10000000000001,472.9104676304116
32,118.2,503.3861584764167
32,118.30000000000001,501.44694982394844
32,118.4,568.6112583856674
32,118.5,565.408982118609
32,118.60000000000001,567.1966037884436
32,118.7,596.4382798870823
32,118.80000000000001,440.6611963136502
32,118.9,407.5857707903021
32,119.0,456.83173930067665
32,119.10000000000001,429.62758386425395
32,119.2,481.6493963460573
32,119.30000000000001,532.7409415398845
32,119.4,471.81953999399013
32,119.5,533.3411913369689
32,119.60000000000001,491.0115177912983
32,119.7,443.4750927266428
32,119.80000000000001,473.27725776049954
32,119.9,414.7673208059442
32,120.0,450.80257158954737
32,120.10000000000001,509.33587496051257
32,120.2,472.84964921884875
32,120.30000000000001,533.7308351396465
32,120.4,620.725999491134
32,120.5,584.52938507762
32,120.60000000000001,525.5370740893645
32,120.7,390.63065102619265
32,120.80000000000001,338.72319310371967
32,120.9,367.038333739922
32,121.0,411.58904056584345
32,121.10000000000001,374.4669267288494
32,121.2,323.2616094982692
32,121.30000000000001,344.4772461933224
32,121.4,317.32792648717304
32,121.5,334.8445977796247
32,121.60000000000001,341.54035527325885
32,121.7,320.7274028064529
32,121.80000000000001,388.3521491641503
32,121.9,412.8393645606683
32,122.0,377.4038657570077
32,122.10000000000001,308.271259634878
32,122.2,313.2274522312539
32,122.30000000000001,414.6970443134906
32,122.4,403.51717763291725
32,122.5,356.6426385456844
32,122.60000000000001,363.54193399818166
32,122.7,390.2246977125586
32,122.80000000000001,373.766335583308
32,122.9,363.5055600505419
32,123.0,386.07380375853506
32,123.10000000000001,441.8751345425159
32,123.2,483.83900937106574
32,123.30000000000001,412.38512759625263
32,123.4,372.51187465168164
32,123.5,303.5638822841533
32,123.60000000000001,282.6280036897653
32,123.7,359.887304779878
32,123.80000000000001,401.2586131283062
32,123.9,365.085929859277
32,124.0,414.7383485723677
32,124.10000000000001,427.8996094806024
32,124.2,372.8154295506516
32,124.30000000000001,357.5438851047813
32,124.4,364.06191145605254
32,124.5,411.09489359015595
32,124.60000000000001,434.2444060148654
32,124.7,436.94843075282677
32,124.80000000000001,429.9459856305279
32,124.9,436.0144833644268
32,125.0,448.39313469143684
32,125.10000000000001,372.362952226863
32,125.2,314.56043931406526
32,125.30000000000001,387.74298062446064
32,125.4,464.5482241975151
32,125.5,414.04569238007883
32,125.60000000000001,378.1057236577845
32,125.7,408.031602818941
32,125.80000000000001,381.7163373815107
32,125.9,348.6136920436308
32,126.0,326.88844305817946
32,126.10000000000001,354.1824680348672
32,126.2,411.65957792590604
32,126.30000000000001,411.742171967363
32,126.4,324.640882755244
32,126.5,266.7526254807825
32,126.60000000000001,344.6562288682856
32,126.7,344.1784354619416
32,126.80000000000001,275.1939342413291
32,126.9,343.30724501712115
32,127.0,360.151538946367
32,127.10000000000001,364.8262092455586
32,127.2,420.70944691437796
32,127.30000000000001,334.8876845211635
32,127.4,281.3099447283107
32,127.5,309.72677809952427
32,127.60000000000001,335.00189595067695
32,127.7,330.44915776280607
32,127.80000000000001,299.50462430861324
32,127.9,313.3818809405326
32,128.0,335.2362357937219
32,128.1,343.2938989397417
32,128.20000000000002,353.72978920146574
32,128.3,365.44458250418626
32,128.4,458.79609241925624
32,128.5,434.18163196704097
32,128.6,406.28817477098755
32,128.70000000000002,385.74245948443104
32,128.8,371.3201503893401
32,128.9,335.96864526259986
32,129.0,424.75401036331147
32,129.1,418.339429782466
32,129.20000000000002,367.44720302373867
32,129.3,468.5346667187673
32,129.4,497.96625627282543
32,129.5,443.75656415601367
32,129.6,438.7917186678213
32,129.70000000000002,477.3190985758437
32,129.8,416.4553868531218
32,129.9,465.77459610025033
32,130.0,485.7956612545288
32,130.1,380.4579687781908
32,130.20000000000002,522.2256426178928
32,130.3,514.6019790577642
32,130.4,452.9181578518286
32,130.5,538.9846567644186
32,130.6,421.86562987584875
32,130.70000000000002,501.30035014506876
32,130.8,456.4111661079352
32,130.9,515.9016194654995
32,131.0,576.7457818817123
32,131.1,431.25900760827466
32,131.20000000000002,510.6476267581535
32,131.3,540.8262875190245
32,131.4,534.4469308384989
32,131.5,463.5728961191484
32,131.6,414.15076852587725
32,131.70000000000002,425.8241448354691
32,131.8,491.0896957976064
32,131.9,477.2820033633688
32,132.0,405.2306213531642
32,132.1,502.98298387574914
32,132.20000000000002,368.5074382691277
32,132.3,498.0788375231954
32,132.4,473.1970623972639
32,132.5,479.0622624475891
32,132.6,424.34906963249716
32,132.70000000000002,513.0606513909096
32,132.8,534.5699966362666
32,132.9,624.204444101908
32,133.0,486.3793375426542
32,133.1,521.6667916646057
32,133.20000000000002,460.7988274851272
32,133.3,518.3122547110631
32,133.4,495.6658905559237
32,133.5,475.52250809623524
32,133.6,420.3928587738964
32,133.70000000000002,447.487716244728
32,133.8,433.523113051901
32,133.9,535.9672634220742
32,134.0,590.200829509259
32,134.1,923.6072112038108
32,134.20000000000002,455.60596026242985
32,134.3,401.237563045778
32,134.4,499.2036253371472
32,134.5,702.6546050729233
32,134.6,374.1821132502637
32,134.70000000000002,425.6769303034521
32,134.8,524.140805746152
32,134.9,490.1462835242443
32,135.0,510.86635391448266
32,135.1,485.2454418563021
32,135.20000000000002,510.1116579557681
32,135.3,527.7669636835792
32,135.4,484.9624139344256
32,135.5,543.166479586821
32,135.6,500.5378516225579
32,135.70000000000002,500.4565035523784
32,135.8,512.4880705856009
32,135.9,479.4820918107175
32,136.0,444.2918860357159
32,136.1,466.10496248632967
32,136.20000000000002,581.2082770080845
32,136.3,537.9572961919944
32,136.4,436.56944289838725
32,136.5,502.502590060315
32,136.6,390.5378202152349
32,136.70000000000002,480.7850047142892
32,136.8,474.49547579590086
32,136.9,497.0631042625592
32,137.0,533.082808381379
32,137.1,471.17783886768973
32,137.20000000000002,489.22701975952725
32,137.3,535.4321116969554
32,137.4,391.3796067783429
32,137.5,379.21703785718705
32,137.6,391.6186534461971
32,137.70000000000002,414.23498383499356
32,137.8,450.8325874415464
32,137.9,411.761189285226
32,138.0,545.8300194521476
32,138.1,513.5157953700177
32,138.20000000000002,498.47328983430833
32,138.3,501.9213199816086
32,138.4,512.2738303684926
32,138.5,456.2716349688867
32,138.6,475.6559974385095
32,138.70000000000002,403.6792712898667
32,138.8,531.2314417783175
32,138.9,521.2330540483467
32,139.0,473.01430134288995
32,139.1,485.7696409150884
32,139.20000000000002,423.4112882038353
32,139.3,448.1279762198073
32,139.4,494.22464406265505
32,139.5,426.97204155341103
32,139.6,478.83469609886487
32,139.70000000000002,376.91065904153044
32,139.8,384.78758960223075
32,139.9,368.951403444174
32,140.0,333.3475140140605
32,140.1,384.18340464424443
32,140.20000000000002,337.99778902199336
32,140.3,375.5982245749303
32,140.4,371.9726401922172
32,140.5,305.63852373646165
32,140.6,397.1995789970346
32,140.70000000000002,347.65546801874854
32,140.8,324.999563545153
32,140.9,293.5066658176252
32,141.0,259.93406493849926
32,141.1,304.19422173196585
32,141.20000000000002,327.8550450275452
32,141.3,350.3338386106278
32,141.4,358.14793391735253
32,141.5,411.53700891917003
32,141.6,464.2386443144937
32,141.70000000000002,422.18022536019214
32,141.8,406.29792252582075
32,141.9,370.4565404719728
32,142.0,312.0389216005546
32,142.1,259.43182214000797
32,142.20000000000002,318.0823708660609
32,142.3,273.06705392280145
32,142.4,303.14914223638414
32,142.5,312.8094237142262
32,142.6,440.18571219815414
32,142.70000000000002,401.04088053908595
32,142.8,347.13117171130204
32,142.9,333.34163885204185
32,143.0,363.39040957213643
32,143.1,399.24626800870857
32,143.20000000000002,411.98798185932395
32,143.3,381.11806536479
32,143.4,326.3467226554633
32,143.5,298.54972771750136
32,143.6,305.77613331681556
32,143.70000000000002,371.7601034069872
32,143.8,350.5065247432428
32,143.9,400.9161177153332
32,144.0,435.2997043752398
32,144.1,382.00085069206284
32,144.20000000000002,322.79772644019016
32,144.3,385.52642265474327
32,144.4,371.2165909869282
32,144.5,345.1299236396041
32,144.6,420.5146356159622
32,144.70000000000002,403.37426666255357
32,144.8,336.99334737112457
32,144.9,323.87307693605226
32,145.0,415.0412417888123
32,145.1,424.7762697408584
32,145.20000000000002,417.0162317583145
32,145.3,391.38921633238743
32,145.4,366.52164216037806
32,145.5,397.3601195933365
32,145.6,389.71998791126083
32,145.70000000000002,426.5440552672061
32,145.8,554.2585395553203
32,145.9,517.2788363486204
32,146.0,404.36350983082826
32,146.1,335.1479889076853
32,146.20000000000002,315.63695083238485
32,146.3,384.2628438111057
32,146.4,392.19339699208405
32,146.5,397.94941995425955
32,146.6,466.53949715303634
32,146.70000000000002,452.1767839898672
32,146.8,446.99120244334273
32,146.9,457.5494953662157
32,147.0,452.73847053231935
32,147.1,463.76628707768594
32,147.20000000000002,411.8102550174219
32,147.3,393.10830450326193
32,147.4,452.4159664501931
32,147.5,442.03571066058674
32,147.6,356.46464082507384
32,147.70000000000002,345.1706261000393
32,147.8,356.9632840329485
32,147.9,370.6054982075302
32,148.0,378.95070315540744
32,148.1,404.240979748658
32,148.20000000000002,454.0588100184184
32,148.3,504.5118991201812
32,148.4,433.4860537860527
32,148.5,329.77143114949376
32,148.6,379.99640666782693
32,148.70000000000002,355.624365056722
32,148.8,320.9126579544185
32,148.9,391.8918038875127
32,149.0,375.43309339641763
32,149.1,378.11225615447023
32,149.20000000000002,402.46718001756676
32,149.3,343.9119745342951
32,149.4,326.63005192346577
32,149.5,360.8371004383251
32,149.6,454.1445302732182
32,149.70000000000002,429.33856159692556
32,149.8,323.52307425530574
32,149.9,349.84389077879854
32,150.0,328.7645670665446
32,150.1,308.643616508563
32,150.20000000000002,382.71639544355975
32,150.3,371.43413054666536
32,150.4,320.1697091263142
32,150.5,344.9411349540655
32,150.6,405.74844024651225
32,150.70000000000002,401.29011167709376
32,150.8,340.3666739739025
32,150.9,361.768387025031
32,151.0,454.8539543581911
32,151.1,403.07266882250406
32,151.20000000000002,338.6699268150683
32,151.3,387.1267641526182
32,151.4,344.2805606337507
32,151.5,360.94505685548614
32,151.6,359.7309423331416
32,151.70000000000002,419.18948351207314
32,151.8,392.57024241881305
32,151.9,370.3832486970094
32,152.0,358.853254034367
32,152.1,388.3442922290484
32,152.20000000000002,365.12544944751767
32,152.3,350.2345994573009
32,152.4,408.9640363245888
32,152.5,420.1951190872553
32,152.6,432.2534005765145
32,152.70000000000002,390.7499858568973
32,152.8,417.3975706197401
32,152.9,426.67800163231806
32,153.0,394.5332800794687
32,153.1,354.4327266456377
32,153.20000000000002,424.87905714192095
32,153.3,462.82941211383695
32,153.4,398.78476736958595
32,153.5,384.44724816368733
32,153.60000000000002,324.083100608213
32,153.70000000000002,376.00538677733937
32,153.8,425.9321184312979
32,153.9,428.05342116009984
32,154.0,333.37557593925146
32,154.10000000000002,368.9002955162885
32,154.20000000000002,347.37869574041457
32,154.3,339.00238568644403
32,154.4,370.4669918890615
32,154.5,421.1099204451037
32,154.60000000000002,425.8208977922265
32,154.70000000000002,300.5787572176132
32,154.8,252.16981375301586
32,154.9,298.3523209129235
32,155.0,398.7128460664388
32,155.10000000000002,407.17468491011016
32,155.20000000000002,329.4880184529212
32,155.3,334.5367124090892
32,155.4,343.6266823479643
32,155.5,420.78870804080674
32,155.60000000000002,389.00260491132894
32,155.70000000000002,353.68033575261546
32,155.8,377.6886240544663
32,155.9,343.797094200005
32,156.0,313.506262154887
32,156.10000000000002,361.20795660539176
32,156.20000000000002,325.1707956975883
32,156.3,396.109239771917
32,156.4,401.34857103064485
32,156.5,405.3657357872653
32,156.60000000000002,394.8228856899004
32,156.70000000000002,341.39185842128325
32,156.8,374.1397350367521
32,156.9,428.1634376991693
32,157.0,429.3798353017967
32,157.10000000000002,414.68643694858946
32,157.20000000000002,416.45298452758175
32,157.3,440.9275386097083
32,157.4,321.63735575260404
32,157.5,312.06043736866934
32,157.60000000000002,293.0809508495632
32,157.70000000000002,284.8476791480479
32,157.8,382.5265936370648
32,157.9,339.0478530490974
32,158.0,396.9179418813518
32,158.10000000000002,298.38322434208186
32,158.20000000000002,373.35464108917205
32,158.3,390.0200046611296
32,158.4,305.8773485004042
32,158.5,285.9560624550336
32,158.60000000000002,371.3307323526024
32,158.70000000000002,451.58198365108046
32,158.8,375.8419354375252
32,158.9,345.21329126853544
32,159.0,313.7885574361027
32,159.10000000000002,395.6695835497127
32,159.20000000000002,439.64822418310064
32,159.3,401.8124260770156
32,159.4,368.63839802730604
32,159.5,278.13057880405654
32,159.60000000000002,338.6454418087815
32,159.70000000000002,426.5461739211255
32,159.8,449.053818876467
32,159.9,449.10380793933297
32,160.0,357.584802941723
32,160.10000000000002,427.74295647233555
32,160.20000000000002,364.914647328288
32,160.3,445.710627499081
32,160.4,388.8917175782827
32,160.5,415.5959263287093
32,160.60000000000002,457.18604570164547
32,160.70000000000002,471.08256357033963
32,160.8,396.7374774926416
32,160.9,424.0578737279977
32,161.0,448.12192088352845
32,161.10000000000002,413.5834328401655
32,161.20000000000002,330.874671346976
32,161.3,346.7068536376453
32,161.4,392.4901988946441
32,161.5,327.6942882431514
32,161.60000000000002,413.64653590949376
32,161.70000000000002,500.11607977375354
32,161.8,390.0916512799128
32,161.9,377.4291741524148
32,162.0,283.01412761760463
32,162.10000000000002,396.4537250520583
32,162.20000000000002,502.71759432090016
32,162.3,404.0185927865935
32,162.4,424.46899352615605
32,162.5,337.0888219961129
32,162.60000000000002,445.41011350299755
32,162.70000000000002,407.9606025583749
32,162.8,377.15953972217307
32,162.9,294.87559992519425
32,163.0,307.71596995786865
32,163.10000000000002,365.58459736134364
32,163.20000000000002,296.92378763585964
32,163.3,385.9794676581363
32,163.4,440.690972768547
32,163.5,345.3119044548205
32,163.60000000000002,336.40845262311433
32,163.70000000000002,289.38053983169186
32,163.8,474.1888914028627
32,163.9,370.2216221225387
32,164.0,474.5956272539075
32,164.10000000000002,531.6918394025811
32,164.20000000000002,405.0323328962461
32,164.3,344.392757887547
32,164.4,375.2669240028368
32,164.5,322.9189157696915
32,164.60000000000002,331.1868194257807
32,164.70000000000002,434.6891613225123
32,164.8,372.33392256699506
32,164.9,460.85993260050776
32,165.0,375.4710709850107
32,165.10000000000002,436.5431703919279
32,165.20000000000002,476.75854320020846
32,165.3,359.56892227676957
32,165.4,387.5110857802456
32,165.5,486.6656515232
32,165.60000000000002,436.4878270759563
32,165.70000000000002,439.1107046995605
32,165.8,428.9006611516212
32,165.9,440.6322114758675
32,166.0,322.75883262338357
32,166.10000000000002,353.13186558683645
32,166.20000000000002,484.59059750587716
32,166.3,473.44245881307506
32,166.4,558.6258983047022
32,166.5,393.62558241519673
32,166.60000000000002,327.8297786020445
32,166.70000000000002,394.40088499696304
32,166.8,386.56861398458994
32,166.9,344.2630946043047
32,167.0,433.18267813326344
32,167.10000000000002,357.2393603472398
32,167.20000000000002,312.8549194623382
32,167.3,450.41996560849
32,167.4,333.5862940417975
32,167.5,446.2352065869048
32,167.60000000000002,461.66570126216976
32,167.70000000000002,388.3833550829722
32,167.8,352.62664345240273
32,167.9,295.2105730597392
32,168.0,318.40633710782924
32,168.10000000000002,355.81329300109206
32,168.20000000000002,370.0044715266071
32,168.3,915.7394799884403
32,168.4,561.6437608064505
32,168.5,349.12159960119027
32,168.60000000000002,465.491114844253
32,168.70000000000002,408.86974312767177
32,168.8,385.55805500869724
32,168.9,408.70612268038957
32,169.0,381.78403478430494
32,169.10000000000002,308.3516233225001
32,169.20000000000002,353.0132701449153
32,169.3,410.8576603353219
32,169.4,360.30878956779503
32,169.5,325.28743666506654
32,169.60000000000002,293.220867876726
32,169.70000000000002,375.8160615700693
32,169.8,311.5436392015152
32,169.9,397.195393647502
32,170.0,421.5208292330772
32,170.10000000000002,369.73748922801394
32,170.20000000000002,285.24584093110184
32,170.3,366.61295733672495
32,170.4,409.63102774843736
32,170.5,453.92044654635373
32,170.60000000000002,336.44155978446156
32,170.70000000000002,437.53833530075497
32,170.8,469.31459905859447
32,170.9,450.58475683643854
32,171.0,350.4763746557524
32,171.10000000000002,469.6053796085207
32,171.20000000000002,373.3346493782815
32,171.3,407.6511197208204
32,171.4,406.8662544125678
32,171.5,296.5001881835051
32,171.60000000000002,347.17819259970554
32,171.70000000000002,289.4557796339684
32,171.8,424.31236164815806
32,171.9,504.94686266615224
32,172.0,412.67322356624317
32,172.10000000000002,428.98135753519017
32,172.20000000000002,446.7974707406847
32,172.3,408.69220674353227
32,172.4,364.82952008381835
32,172.5,365.9053301321987
32,172.60000000000002,491.99525139276204
32,172.70000000000002,405.49522391701197
32,172.8,394.7765636555988
32,172.9,364.37974585452423
32,173.0,343.2281199883299
32,173.10000000000002,555.2688257754176
32,173.20000000000002,429.3757622197378
32,173.3,329.34906389851574
32,173.4,341.8942694908531
32,173.5,396.72255010680107
32,173.60000000000002,307.88979489995876
32,173.70000000000002,291.65817431964945
32,173.8,272.92167158558306
32,173.9,307.7256358940305
32,174.0,315.28788765581197
32,174.10000000000002,367.514893232744
32,174.20000000000002,362.6836811168376
32,174.3,321.55571100013776
32,174.4,394.0714350104289
32,174.5,296.46462438164644
32,174.60000000000002,339.0419669870941
32,174.70000000000002,308.67227527935194
32,174.8,280.50071943724373
32,174.9,361.0306209070636
32,175.0,429.8409454222752
32,175.10000000000002,302.663904368705
32,175.20000000000002,289.0757444425999
32,175.3,278.577829529376
32,175.4,287.53201425920633
32,175.5,345.1004448017149
32,175.60000000000002,316.75581770950936
32,175.70000000000002,321.50256601877715
32,175.8,326.99472848093234
32,175.9,300.3380154492267
32,176.0,357.2889347471335
32,176.10000000000002,330.07195952227863
32,176.20000000000002,380.29525147345646
32,176.3,311.62540093313396
32,176.4,301.3926722277567
32,176.5,336.3865921984549
32,176.60000000000002,278.83856244441216
32,176.70000000000002,352.29639086910225
32,176.8,335.4913188190193
32,176.9,292.53755529131877
32,177.0,320.0538789380876
32,177.10000000000002,325.6543437226604
32,177.20000000000002,320.97485178475694
32,177.3,352.12968493341725
32,177.4,394.1098634001681
32,177.5,422.5317349393299
32,177.60000000000002,394.49940507323765
32,177.70000000000002,366.63722931854056
32,177.8,386.22588118118864
32,177.9,360.21494773708616
32,178.0,372.25912655005203
32,178.10000000000002,397.3651642728364
32,178.20000000000002,409.7021917689402
32,178.3,418.72053083954614
32,178.4,359.9762926589122
32,178.5,303.6454766015837
32,178.60000000000002,365.8984584845296
32,178.70000000000002,316.6017635276603
32,178.8,286.02196833740004
32,178.9,349.95539235893017
32,179.0,450.69033898026476
32,179.10000000000002,398.00608540645
32,179.20000000000002,288.0990205564483
32,179.3,331.9665394455995
32,179.4,447.5660108590685
32,179.5,393.1046970750928
32,179.60000000000002,331.0225905211649
32,179.70000000000002,360.0824118192207
32,179.8,408.67648009112077
32,179.9,445.35578609678515
32,180.0,439.8018010345202
32,180.10000000000002,340.95312959814135
32,180.20000000000002,306.31306273422683
32,180.3,338.517621392649
32,180.4,343.66575720136063
32,180.5,385.30156440552463
32,180.60000000000002,448.04268771983834
32,180.70000000000002,369.5210704662197
32,180.8,334.45690089173644
32,180.9,443.2892861833318
32,181.0,413.8189036841165
32,181.10000000000002,415.40100032686877
32,181.20000000000002,435.31590161892683
32,181.3,387.86709714081826
32,181.4,370.3115747406094
32,181.5,422.7882316851213
32,181.60000000000002,427.65962955212206
32,181.70000000000002,416.0192772995865
32,181.8,424.44932448730947
32,181.9,381.19479590046
32,182.0,350.12109058898926
32,182.10000000000002,303.63311756175443
32,182.20000000000002,348.06637338846457
32,182.3,412.3503532638805
32,182.4,469.4479996485093
32,182.5,424.1613017422746
32,182.60000000000002,414.82077095445993
32,182.70000000000002,413.8372753111722
32,182.8,425.33412285155833
32,182.9,406.7575426511494
32,183.0,316.8731511537595
32,183.10000000000002,385.38344403411276
32,183.20000000000002,418.3556430923393
32,183.3,436.42395114600134
32,183.4,425.94450210089036
32,183.5,344.77105857453546
32,183.60000000000002,426.11575040847265
32,183.70000000000002,492.72384216463945
32,183.8,509.95172266319577
32,183.9,526.4318418235574
32,184.0,678.5935483657344
32,184.10000000000002,791.2323725329759
32,184.20000000000002,415.84646801633687
32,184.3,442.2073468999634
32,184.4,576.8680677569822
32,184.5,599.9794748208978
32,184.60000000000002,473.8933012381304
32,184.70000000000002,475.463296123004
32,184.8,479.24533391078967
32,184.9,510.877623475286
32,185.0,688.1723731572628
32,185.10000000000002,544.2220397095746
32,185.20000000000002,498.00177253124457
32,185.3,495.8052203740767
32,185.4,423.6547745468619
32,185.5,476.92251908516977
32,185.60000000000002,486.14843661196556
32,185.70000000000002,461.90400972910186
32,185.8,446.6072001076797
32,185.9,500.0334999665864
32,186.0,505.1198897841521
32,186.10000000000002,486.2912931285723
32,186.20000000000002,539.4636010491837
32,186.3,548.1092331924303
32,186.4,480.2426382434118
32,186.5,519.3624621382492
32,186.60000000000002,490.8875252909874
32,186.70000000000002,521.7188450867359
32,186.8,538.9145396859249
32,186.9,488.97123212965397
32,187.0,436.8465933061092
32,187.10000000000002,498.9334966211889
32,187.20000000000002,514.6170193707154
32,187.3,585.1514658722309
32,187.4,553.0511770074841
32,187.5,537.8133811912912
32,187.60000000000002,513.488580120612
32,187.70000000000002,437.36381412297663
32,187.8,460.4423072021283
32,187.9,464.17066496570556
32,188.0,434.5538934819315
32,188.10000000000002,409.66790917235437
32,188.20000000000002,479.427601106289
32,188.3,488.46704648085716
32,188.4,451.1419715711833
32,188.5,543.4930659964265
32,188.60000000000002,492.97584617126137
32,188.70000000000002,407.8654616576644
32,188.8,490.17954863339776
32,188.9,540.6736767989017
32,189.0,544.4611380772844
32,189.10000000000002,572.9865998298862
32,189.20000000000002,504.2702151123965
32,189.3,410.38882622550943
32,189.4,449.77207903830384
32,189.5,503.8291943328712
32,189.60000000000002,418.732116327463
32,189.70000000000002,440.6351946090439
32,189.8,466.4203516765105
32,189.9,542.4849037590247
32,190.0,525.4763947208558
32,190.10000000000002,552.977171006234
32,190.20000000000002,592.5330099191837
32,190.3,536.8038882503137
32,190.4,491.6612980075806
32,190.5,383.10121579204326
32,190.60000000000002,405.11641632574435
32,190.70000000000002,509.15552767403955
32,190.8,462.6257147310741
32,190.9,507.48612051644886
32,191.0,361.46204927777234
32,191.10000000000002,464.2140703159374
32,191.20000000000002,502.5100550504219
32,191.3,544.8143649788057
32,191.4,375.95708667908315
32,191.5,425.1036152702905
32,191.60000000000002,513.0003856336851
32,191.70000000000002,541.8513583098878
32,191.8,519.5527918553507
32,191.9,557.6732168724775
32,192.0,550.2869413059532
32,192.10000000000002,531.4308289997149
32,192.20000000000002,562.5812674800974
32,192.3,451.9269720989254
32,192.4,589.2185710281384
32,192.5,439.7209949877672
32,192.60000000000002,496.74443145111314
32,192.70000000000002,556.1651626893649
32,192.8,552.3575315055942
32,192.9,531.219370231198
32,193.0,396.69045908278736
32,193.10000000000002,544.6731251052465
32,193.20000000000002,572.6140009662345
32,193.3,504.62980533425144
32,193.4,373.26463358299156
32,193.5,475.080080902217
32,193.60000000000002,475.1481709576491
32,193.70000000000002,813.9329545085322
32,193.8,496.9858823675102
32,193.9,459.26486152241404
32,194.0,450.9988231903115
32,194.10000000000002,597.0241781543527
32,194.20000000000002,463.92678527098957
32,194.3,421.12667749445137
32,194.4,457.75982276722493
32,194.5,508.00798044563004
32,194.60000000000002,523.2668771063373
32,194.70000000000002,543.420768023508
32,194.8,522.7550756752205
32,194.9,460.790512719256
32,195.0,440.68037536212546
32,195.10000000000002,532.1112188094186
32,195.20000000000002,565.4941825614288
32,195.3,451.81421084459623
32,195.4,430.0045102659269
32,195.5,491.06965764014456
32,195.60000000000002,492.3236778067617
32,195.70000000000002,509.3224615665406
32,195.8,379.07793037145905
32,195.9,499.21346321159143
32,196.0,462.8710882179904
32,196.10000000000002,457.2851001945701
32,196.20000000000002,520.5500034501855
32,196.3,397.4259072973113
32,196.4,529.0260477024306
32,196.5,402.20212972576337
32,196.60000000000002,396.0184253303121
32,196.70000000000002,577.7577915784351
32,196.8,477.11527726252325
32,196.9,512.2411454467189
32,197.0,493.90704515033786
32,197.10000000000002,470.2594720470683
32,197.20000000000002,505.5677283726948
32,197.3,546.7234072703669
32,197.4,467.34695858338875
32,197.5,423.2646318559194
32,197.60000000000002,476.9928763915121
32,197.70000000000002,593.4368866031122
32,197.8,428.17733374354566
32,197.9,435.5572555373078
32,198.0,323.34363514714323
32,198.10000000000002,555.2101595752349
32,198.20000000000002,472.9115309393625
32,198.3,481.0282190780713
32,198.4,608.5892657071072
32,198.5,549.7051839683749
32,198.60000000000002,429.4724472304497
32,198.70000000000002,406.15480421784946
32,198.8,464.62012219030476
32,198.9,531.5767552857184
32,199.0,506.6277149188296
32,199.10000000000002,450.0653262449806
32,199.20000000000002,542.4978754927818
32,199.3,616.046845844851
32,199.4,486.4897543884882
32,199.5,484.0185398148494
32,199.60000000000002,457.6422234141841
32,199.70000000000002,465.51060860524376
32,199.8,457.77892011568395
32,199.9,429.709265220875
32,200.0,406.9665216148284
32,200.10000000000002,512.253612238988
32,200.20000000000002,468.1381041855956
32,200.3,516.3527293050498
32,200.4,452.2138922554586
32,200.5,449.7215632875717
32,200.60000000000002,534.7106252075224
32,200.70000000000002,609.5258153013567
32,200.8,465.98235886440824
32,200.9,435.4507882034849
32,201.0,528.9776645066611
32,201.10000000000002,557.0440454064282
32,201.20000000000002,459.96226716292995
32,201.3,353.57688296586787
32,201.4,356.62096427120747
32,201.5,402.07992908349485
32,201.60000000000002,431.094031605435
32,201.70000000000002,432.4116258245265
32,201.8,390.514150745346
32,201.9,360.3215956677044
32,202.0,394.0931327015458
32,202.10000000000002,404.0685023229185
32,202.20000000000002,367.71140058038645
32,202.3,299.96242010981433
32,202.4,298.73351597785626
32,202.5,328.8236786227335
32,202.60000000000002,346.49958948241454
32,202.70000000000002,369.78750870194426
32,202.8,384.9210875461369
32,202.9,384.1602104135531
32,203.0,439.3474955616227
32,203.10000000000002,413.0181557118361
32,203.20000000000002,316.67824531417165
32,203.3,336.1759235227079
32,203.4,340.13904119007555
32,203.5,296.95263750217384
32,203.60000000000002,330.1256987421024
32,203.70000000000002,440.31312482985135
32,203.8,413.78271901274275
32,203.9,331.96380107633416
32,204.0,281.30224996366945
32,204.10000000000002,272.52854047121855
32,204.20000000000002,307.46106410515586
32,204.3,380.8221147054824
32,204.4,475.1449576929728
32,204.5,470.47807081502197
32,204.60000000000002,511.172396071041
32,204.70000000000002,467.963878690122
32,204.8,412.39169550973156
32,204.9,458.6236871039691
32,205.0,449.0137136683978
32,205.10000000000002,481.4985580465766
32,205.20000000000002,447.4109104386906
32,205.3,509.764684663082
32,205.4,604.1087686734899
32,205.5,527.9748029790519
32,205.60000000000002,499.21752497296694
32,205.70000000000002,468.6396468400547
32,205.8,525.2693071902797
32,205.9,525.8200586836949
32,206.0,508.667677472565
32,206.10000000000002,501.7209354554981
32,206.20000000000002,502.52348157995425
32,206.3,560.740987770228
32,206.4,495.72542543445036
32,206.5,430.64206281298095
32,206.60000000000002,378.99212708248996
32,206.70000000000002,366.4694512965506
32,206.8,462.4032708293278
32,206.9,554.9862591615359
32,207.0,527.7712568980427
32,207.10000000000002,477.71328468051445
32,207.20000000000002,499.153973259864
32,207.3,464.3353006937013
32,207.4,461.2795891734834
32,207.5,502.26217553305537
32,207.60000000000002,476.2398953164091
32,207.70000000000002,409.72931460098454
32,207.8,427.47299468095156
32,207.9,542.0399311707816
32,208.0,490.5577629880572
32,208.10000000000002,453.33109070740426
32,208.20000000000002,515.6375013907569
32,208.3,475.8081233391219
32,208.4,450.86295380822213
32,208.5,462.7067514287688
32,208.60000000000002,459.45533647168753
32,208.70000000000002,464.60902103518066
32,208.8,440.25571814323996
32,208.9,449.24075599095875
32,209.0,498.9718642561211
32,209.10000000000002,516.2846241163696
32,209.20000000000002,552.6341818148107
32,209.3,559.5356666994459
32,209.4,506.52514081580756
32,209.5,494.5640748037863
32,209.60000000000002,476.3788654904488
32,209.70000000000002,422.5344216439683
32,209.8,423.8311103106613
32,209.9,391.1466545704942
32,210.0,457.38488530249066
32,210.10000000000002,475.7319189159602
32,210.20000000000002,457.968182918731
32,210.3,475.39622503017637
32,210.4,392.92682303853195
32,210.5,469.2452663857499
32,210.60000000000002,475.7844940684837
32,210.70000000000002,429.054552328899
32,210.8,502.0785191274295
32,210.9,484.06427854627174
32,211.0,446.60412123095387
32,211.10000000000002,439.4748279434657
32,211.20000000000002,428.8379693212036
32,211.3,561.9225639821744
32,211.4,601.8947395043364
32,211.5,560.0857085229978
32,211.60000000000002,627.9806053771986
32,211.70000000000002,516.1749569573835
32,211.8,493.786859299884
32,211.9,516.973628679723
32,212.0,468.58372280095307
32,212.10000000000002,391.32512284861133
32,212.20000000000002,477.193794435694
32,212.3,604.4142808958838
32,212.4,634.5124430801409
32,212.5,506.21085898809775
32,212.60000000000002,418.47495889278076
32,212.70000000000002,470.5092523014985
32,212.8,542.6243419449621
32,212.9,422.35854917741517
32,213.0,409.53733723924523
32,213.10000000000002,389.9485112027313
32,213.20000000000002,475.18230880806567
32,213.3,488.240679377077
32,213.4,513.0280360541465
32,213.5,482.580913601857
32,213.60000000000002,479.2775201532568
32,213.70000000000002,538.9214095280761
32,213.8,443.02437199189416
32,213.9,477.43794600550484
32,214.0,374.3421727480412
32,214.10000000000002,569.3114197777597
32,214.20000000000002,484.64636876038975
32,214.3,485.0638923667738
32,214.4,519.768629726304
32,214.5,472.55176429766004
32,214.60000000000002,442.9536278008162
32,214.70000000000002,400.32452408471465
32,214.8,482.6944930142376
32,214.9,505.0628071173198
32,215.0,556.1145679401752
32,215.10000000000002,501.07760569497106
32,215.20000000000002,398.7390363670471
32,215.3,380.34292292107415
32,215.4,506.6967982755368
32,215.5,435.5443475258562
32,215.60000000000002,457.75856119558813
32,215.70000000000002,461.09602340348823
32,215.8,440.30080651290723
32,215.9,497.50496234120754
32,216.0,401.8924699357671
32,216.10000000000002,552.1053010376951
32,216.20000000000002,476.9823653692057
32,216.3,431.994944973901
32,216.4,574.0691569313285
32,216.5,427.9845364233678
32,216.60000000000002,408.2367671235212
32,216.70000000000002,407.4532670297321
32,216.8,430.0129650843039
32,216.9,425.0370592139394
32,217.0,383.9240566177977
32,217.10000000000002,451.4632226142929
32,217.20000000000002,450.31541181659463
32,217.3,463.4776308616648
32,217.4,410.8270215994314
32,217.5,380.8517946898691
32,217.60000000000002,433.96234455345206
32,217.70000000000002,406.3229928021662
32,217.8,437.9700400067631
32,217.9,414.32385011029066
32,218.0,390.2723504569147
32,218.10000000000002,358.3102077384739
32,218.20000000000002,463.5625303963915
32,218.3,459.8430834805905
32,218.4,435.26657127937244
32,218.5,424.403652876181
32,218.60000000000002,485.33586986633014
32,218.70000000000002,414.2451379837205
32,218.8,508.5180817974452
32,218.9,413.68627796744704
32,219.0,484.7733004090423
32,219.10000000000002,370.60276686466926
32,219.20000000000002,484.8763023375099
32,219.3,462.9417603876327
32,219.4,564.8481495760076
32,219.5,463.23029772392664
32,219.60000000000002,589.8084520107957
32,219.70000000000002,505.35108100020796
32,219.8,489.6936812087117
32,219.9,385.09398499193264
32,220.0,528.44606956141
32,220.10000000000002,590.2054099039289
32,220.20000000000002,526.3807034372551
32,220.3,450.7608043766969
32,220.4,331.83157136957067
32,220.5,539.9564179870357
32,220.60000000000002,446.49125037132706
32,220.70000000000002,380.03608139444947
32,220.8,496.58350390754725
32,220.9,494.5640295930286
32,221.0,464.4974211825242
32,221.10000000000002,439.7680955386915
32,221.20000000000002,455.3297115446231
32,221.3,534.8585112262863
32,221.4,343.74417759930566
32,221.5,463.32086093608183
32,221.60000000000002,400.56461919801427
32,221.70000000000002,517.7442922446643
32,221.8,475.0714859794482
32,221.9,446.92886895674144
32,222.0,339.9600729127458
32,222.10000000000002,385.2242715590715
32,222.20000000000002,429.2856344293885
32,222.3,440.7153980056042
32,222.4,455.6266812334441
32,222.5,536.011722017481
32,222.60000000000002,495.06218065242064
32,222.70000000000002,491.43336924444526
32,222.8,495.09458589580885
32,222.9,548.6222308957841
32,223.0,315.7794652272635
32,223.10000000000002,486.6564726583583
32,223.20000000000002,464.07245377658165
32,223.3,549.7687830418615
32,223.4,513.630290319535
32,223.5,409.35878297589494
32,223.60000000000002,468.6182777665137
32,223.70000000000002,481.62064902745215
32,223.8,416.15624711775666
32,223.9,556.7487863790767
32,224.0,483.69744296741
32,224.10000000000002,460.91987116705525
32,224.20000000000002,433.87377226058493
32,224.3,469.8286277879076
32,224.4,436.5063687393221
32,224.5,472.78199047346794
32,224.60000000000002,522.1335693649595
32,224.70000000000002,472.8942700964316
32,224.8,414.64833427721965
32,224.9,535.8354474424202
32,225.0,500.9684981608888
32,225.10000000000002,525.2798030334221
32,225.20000000000002,493.10180292644844
32,225.3,403.19306203668646
32,225.4,545.1334420423777
32,225.5,452.2712928690879
32,225.60000000000002,516.3578624472805
32,225.70000000000002,437.43024977842157
32,225.8,430.61040727609685
32,225.9,346.0083487751657
32,226.0,542.1854990917874
32,226.10000000000002,434.05543240084376
32,226.20000000000002,418.64656251925584
32,226.3,408.7198101311485
32,226.4,536.6553615928617
32,226.5,468.80850507372384
32,226.60000000000002,503.3914276785407
32,226.70000000000002,449.51565287136526
32,226.8,431.0606508356488
32,226.9,541.9813767032458
32,227.0,410.13548960884276
32,227.10000000000002,483.9626789351478
32,227.20000000000002,491.77802413484716
32,227.3,428.65920875060823
32,227.4,419.1120565439989
32,227.5,492.09952341573455
32,227.60000000000002,886.5328342815748
32,227.70000000000002,615.6453528787916
32,227.8,421.82388449021255
32,227.9,419.74840309567594
32,228.0,577.4230093615304
32,228.10000000000002,525.4154164679195
32,228.20000000000002,518.423270359375
32,228.3,494.28305236747127
32,228.4,583.5014247501714
32,228.5,520.8820366683791
32,228.60000000000002,531.9366450913258
32,228.70000000000002,472.5936823789377
32,228.8,513.2633351111933
32,228.9,490.1832735273833
32,229.0,414.9728583299187
32,229.10000000000002,438.1549179930957
32,229.20000000000002,480.4132192032689
32,229.3,528.2954544814011
32,229.4,541.2127818843616
32,229.5,483.24592593748434
32,229.60000000000002,506.2244539982769
32,229.70000000000002,684.6476069092082
32,229.8,534.0320598034787
32,229.9,526.9574624833607
32,230.0,488.87674865574945
32,230.10000000000002,435.89754132576627
32,230.20000000000002,419.7663962460824
32,230.3,490.2943475146345
32,230.4,561.4257241614604
32,230.5,491.2560448929611
32,230.60000000000002,528.4483461186363
32,230.70000000000002,513.951355747343
32,230.8,523.9008088459307
32,230.9,500.5540357395624
32,231.0,428.86750641439494
32,231.10000000000002,408.9031359494582
32,231.20000000000002,370.0905705041962
32,231.3,425.2217711755457
32,231.4,419.97173771497427
32,231.5,442.01025850889164
32,231.60000000000002,436.57262769540216
32,231.70000000000002,429.603927644332
32,231.8,489.07273018867943
32,231.9,485.20488073784503
32,232.0,435.2997541729788
32,232.10000000000002,441.51569123389737
32,232.20000000000002,437.1551056136239
32,232.3,453.71701329965754
32,232.4,499.99822455194317
32,232.5,512.7574743885677
32,232.60000000000002,505.7587637703414
32,232.70000000000002,534.1785139054232
32,232.8,447.1401290872265
32,232.9,455.9262768500794
32,233.0,488.0332245280863
32,233.10000000000002,475.25592514928996
32,233.20000000000002,504.7907479257991
32,233.3,491.9795912804426
32,233.4,476.7037902283069
32,233.5,442.86640388514195
32,233.60000000000002,477.0275472569239
32,233.70000000000002,438.3160069323182
32,233.8,459.7555252042524
32,233.9,502.9356212153275
32,234.0,458.9168198587034
32,234.10000000000002,442.27882273550324
32,234.20000000000002,441.5505991410082
32,234.3,497.69926191385684
32,234.4,464.7129449829549
32,234.5,466.0551681056047
32,234.60000000000002,438.3686390443481
32,234.70000000000002,403.0267407198473
32,234.8,432.1832476226955
32,234.9,461.52334911498883
32,235.0,443.82605186935376
32,235.10000000000002,420.14768739358703
32,235.20000000000002,468.10762613377403
32,235.3,456.4201836234453
32,235.4,457.11762427511314
32,235.5,419.32715072500037
32,235.60000000000002,392.40994267976646
32,235.70000000000002,450.49176360608004
32,235.8,469.9304917977546
32,235.9,520.544266678268
32,236.0,490.3495971011523
32,236.10000000000002,423.27882464368616
32,236.20000000000002,476.2474598978491
32,236.3,446.4861496520335
32,236.4,430.49953245880636
32,236.5,438.30094321890556
32,236.60000000000002,403.9653306898965
32,236.70000000000002,415.8950811256119
32,236.8,451.8993939941285
32,236.9,486.431472566758
32,237.0,497.51642781895237
32,237.10000000000002,512.5477416804703
32,237.20000000000002,512.8913737322985
32,237.3,430.4664584763906
32,237.4,389.74568066124124
32,237.5,429.77341826758146
32,237.60000000000002,520.4954881257091
32,237.70000000000002,456.659956591167
32,237.8,475.4415414680574
32,237.9,460.4503719294257
32,238.0,456.1482546187437
64,0.0,423.948
64,0.1,442.39034439399495
64,0.2,685.0496134465271
64,0.30000000000000004,735.344620172555
64,0.4,441.36917377500674
64,0.5,413.3410841535574
64,0.6000000000000001,735.0919913427133
64,0.7000000000000001,742.3765977831007
64,0.8,768.6565605019839
64,0.9,548.6133631008812
64,1.0,692.623227990976
64,1.1,758.2178918563905
64,1.2000000000000002,829.2994213786461
64,1.3,550.8392374269007
64,1.4000000000000001,662.0798928102832
64,1.5,728.1658415938753
64,1.6,733.8576678886975
64,1.7000000000000002,631.19669128641
64,1.8,731.8333633090201
64,1.9000000000000001,740.1174204794945
64,2.0,727.2649231753215
64,2.1,709.6364498886371
64,2.2,703.675029918604
64,2.3000000000000003,756.0004656036551
64,2.4000000000000004,611.4384630015649
64,2.5,519.1627904297582
64,2.6,761.1456811909156
64,2.7,741.5603515434678
64,2.8000000000000003,744.699939308081
64,2.9000000000000004,742.4614130009719
64,3.0,746.5835069054391
64,3.1,1265.6418919719918
64,3.2,616.059530064221
64,3.3000000000000003,662.9497612981917
64,3.4000000000000004,735.2958800604023
64,3.5,798.844261459723
64,3.6,1154.9938583177336
64,3.7,739.3294756471477
64,3.8000000000000003,718.623925766657
64,3.9000000000000004,834.9685275743517
64,4.0,695.9203566531845
64,4.1000000000000005,716.5688221230297
64,4.2,740.0130839256369
64,4.3,715.5597882238926
64,4.4,760.1245498878288
64,4.5,763.2024380334756
64,4.6000000000000005,761.4698485126988
64,4.7,540.2702496799085
64,4.800000000000001,531.8214712865213
64,4.9,693.8983729395342
64,5.0,673.8038435578657
64,5.1000000000000005,643.3943076362017
64,5.2,753.4230997661736
64,5.300000000000001,667.4262711332395
64,5.4,652.188654975452
64,5.5,640.3154923598717
64,5.6000000000000005,512.6473748865292
64,5.7,547.0258433597379
64,5.800000000000001,661.3477274750088
64,5.9,695.1018030366978
64,6.0,644.2002964557895
64,6.1000000000000005,598.4571144561917
64,6.2,633.1032360380191
64,6.300000000000001,622.8806658027079
64,6.4,706.5757674916882
64,6.5,647.4521681579098
64,6.6000000000000005,711.4375698460555
64,6.7,620.6298859346172
64,6.800000000000001,676.7920203101146
64,6.9,602.4393484399785
64,7.0,410.16073756906076
64,7.1000000000000005,421.0444979017182
64,7.2,710.9701997851399
64,7.300000000000001,731.6395093193328
64,7.4,685.5391312753715
64,7.5,469.78393576065577
64,7.6000000000000005,415.30618450471377
64,7.7,585.3064628044832
64,7.800000000000001,337.481580882004
64,7.9,382.02746548381674
64,8.0,510.5621144620648
64,8.1,444.9247488114847
64,8.200000000000001,505.7358075991652
64,8.3,458.1190534963381
64,8.4,455.87398314771593
64,8.5,419.5932893396202
64,8.6,370.6517742703323
64,8.700000000000001,376.08356545769897
64,8.8,454.56381456475407
64,8.9,343.55862449953855
64,9.0,526.2397301299975
64,9.1,439.5809433114513
64,9.200000000000001,411.5704173242264
64,9.3,499.1224174561816
64,9.4,578.9668310679106
64,9.5,511.18446900112895
64,9.600000000000001,515.3428763993666
64,9.700000000000001,626.7555123077432
64,9.8,608.0105151263364
64,9.9,429.30919433847134
64,10.0,464.3608436777885
64,10.100000000000001,498.8650993175081
64,10.200000000000001,523.5528606883444
64,10.3,918.2787163991477
64,10.4,542.5429589026326
64,10.5,557.146918569693
64,10.600000000000001,509.96097634404384
64,10.700000000000001,423.32828274350527
64,10.8,319.36332380322045
64,10.9,316.66332754158884
64,11.0,640.2735420709469
64,11.100000000000001,405.37917352740254
64,11.200000000000001,463.58092941423257
64,11.3,580.8164966399954
64,11.4,590.1348417166952
64,11.5,501.85053541145885
64,11.600000000000001,630.1293035962062
64,11.700000000000001,902.8674665141197
64,11.8,552.3591110671148
64,11.9,447.782568143971
64,12.0,541.4561284108805
64,12.100000000000001,471.61322138218384
64,12.200000000000001,455.6881936070624
64,12.3,479.13890331561913
64,12.4,557.1432276719734
64,12.5,427.65683631772595
64,12.600000000000001,607.121702316655
64,12.700000000000001,596.3436552389837
64,12.8,401.05595951489585
64,12.9,347.55229558101547
64,13.0,529.7506416142738
64,13.100000000000001,488.54906270149803
64,13.200000000000001,382.8701542365441
64,13.3,399.8967476036486
64,13.4,508.5105179377725
64,13.5,432.8572489393077
64,13.600000000000001,582.3690112501196
64,13.700000000000001,570.9181562239582
64,13.8,558.0580652862578
64,13.9,585.7801897270749
64,14.0,516.5938958017667
64,14.100000000000001,419.9990245317348
64,14.200000000000001,404.1256769761567
64,14.3,508.4457575722214
64,14.4,618.5689471723737
64,14.5,560.9163722202238
64,14.600000000000001,373.0997445035477
64,14.700000000000001,424.79402215187764
64,14.8,512.4783610661262
64,14.9,589.6185421894767
64,15.0,562.6898012092538
64,15.100000000000001,384.95501873619696
64,15.200000000000001,415.0707552522133
64,15.3,497.6935940963352
64,15.4,446.23643674614675
64,15.5,307.9622856543884
64,15.600000000000001,539.3287491253744
64,15.700000000000001,658.3775390575937
64,15.8,405.41675062226
64,15.9,471.3078231503323
64,16.0,502.9658960607872
64,16.1,384.1118439758327
64,16.2,436.7416601083565
64,16.3,391.66710984475617
64,16.400000000000002,339.40466477457306
64,16.5,440.331723009638
64,16.6,378.02716508447537
64,16.7,513.7261076241368
64,16.8,486.29748577281845
64,16.900000000000002,518.1330081981768
64,17.0,440.37396609991856
64,17.1,526.6199025677704
64,17.2,524.4134270433171
64,17.3,385.2976144384786
64,17.400000000000002,420.06772668573876
64,17.5,395.23927925357066
64,17.6,381.2053919042927
64,17.7,454.92806183470907
64,17.8,476.67769872781037
64,17.900000000000002,348.475175090044
64,18.0,487.91748974077575
64,18.1,534.46845858116
64,18.2,528.4489992167657
64,18.3,649.8660587569422
64,18.400000000000002,617.1404610635819
64,18.5,518.4927713931135
64,18.6,563.5385251228611
64,18.7,651.6035525847011
64,18.8,496.74641511210837
64,18.900000000000002,350.7496559917659
64,19.0,352.0035550213333
64,19.1,384.1532399684568
64,19.200000000000003,463.09472200603466
64,19.3,399.4766138747477
64,19.400000000000002,567.0247381106367
64,19.5,667.2348713819472
64,19.6,557.0235046963796
64,19.700000000000003,609.1355513877223
64,19.8,574.1086098998709
64,19.900000000000002,472.33882482031663
64,20.0,520.7872861624658
64,20.1,444.2893421588614
64,20.200000000000003,386.7119569428676
64,20.3,456.494094234111
64,20.400000000000002,517.2101687044276
64,20.5,535.5618255271977
64,20.6,537.4924984967596
64,20.700000000000003,591.4577571456165
64,20.8,596.5412306704299
64,20.900000000000002,434.35216561521787
64,21.0,350.06962510609867
64,21.1,465.27679097861403
64,21.200000000000003,465.0819631150254
64,21.3,465.3549756333238
64,21.400000000000002,460.4394231865187
64,21.5,547.4390663031594
64,21.6,514.3065295858954
64,21.700000000000003,422.47561409590975
64,21.8,546.3670134020296
64,21.900000000000002,560.5691337314895
64,22.0,548.2994409020959
64,22.1,444.94905603836014
64,22.200000000000003,343.641064915508
64,22.3,417.6685253669698
64,22.400000000000002,474.70710379020767
64,22.5,556.1164725105352
64,22.6,562.1957308786134
64,22.700000000000003,523.081801759105
64,22.8,484.7217008399912
64,22.900000000000002,404.22024463109796
64,23.0,483.6199779861337
64,23.1,592.4178831620316
64,23.200000000000003,649.1195829638256
64,23.3,659.6549522877243
64,23.400000000000002,692.3035129885816
64,23.5,636.5366393652164
64,23.6,530.8628929648543
64,23.700000000000003,555.3548260743474
64,23.8,488.92702398496425
64,23.900000000000002,533.0359203207485
64,24.0,628.232290235221
64,24.1,596.9874265388721
64,24.200000000000003,537.8132014839007
64,24.3,526.5583873601363
64,24.400000000000002,583.7889223787389
64,24.5,617.051435450866
64,24.6,606.7229430230874
64,24.700000000000003,608.3595091078414
64,24.8,541.643990124609
64,24.900000000000002,528.7480381101691
64,25.0,652.0681065341787
64,25.1,640.043721037419
64,25.200000000000003,538.0579392782392
64,25.3,636.8171071856292
64,25.400000000000002,665.8910319763487
64,25.5,650.9791484174946
64,25.6,614.1687090799733
64,25.700000000000003,576.5786401265452
64,25.8,626.7108128976972
64,25.900000000000002,580.6818498077685
64,26.0,496.07648507530246
64,26.1,508.3430191847454
64,26.200000000000003,521.8398179166933
64,26.3,598.5272506058177
64,26.400000000000002,540.9289152378168
64,26.5,472.3931447125188
64,26.6,580.1185984486731
64,26.700000000000003,541.6295033832458
64,26.8,544.0224372112631
64,26.900000000000002,436.10805991904374
64,27.0,316.582168661612
64,27.1,386.1686772904675
64,27.200000000000003,514.0009361335045
64,27.3,511.18736811985735
64,27.400000000000002,479.79985689214266
64,27.5,444.5147283666923
64,27.6,542.8957335499664
64,27.700000000000003,523.6081995798288
64,27.8,432.3690715427199
64,27.900000000000002,512.4003515518199
64,28.0,546.0827542518986
64,28.1,511.11155584231165
64,28.200000000000003,426.1742744691705
64,28.3,399.9900963863706
64,28.400000000000002,562.5837072314208
64,28.5,544.6730874263051
64,28.6,494.0969632383894
64,28.700000000000003,413.81527463451715
64,28.8,474.789487898009
64,28.900000000000002,545.1131390681035
64,29.0,470.10487662131936
64,29.1,541.604335269896
64,29.200000000000003,420.4202921006943
64,29.3,312.56460331990576
64,29.400000000000002,393.97155832539664
64,29.5,475.4785909166706
64,29.6,460.2271087248977
64,29.700000000000003,525.926836939919
64,29.8,450.4273876984048
64,29.900000000000002,368.65379822581656
64,30.0,416.300374503017
64,30.1,323.52892651738046
64,30.200000000000003,472.7691057981632
64,30.3,560.1795105287915
64,30.400000000000002,458.23699327871793
64,30.5,495.0930472806721
64,30.6,594.8908124505068
64,30.700000000000003,499.44368282495213
64,30.8,438.66923916416755
64,30.900000000000002,515.0800584130267
64,31.0,599.0229708227666
64,31.1,423.5135696745649
64,31.200000000000003,474.6447860304537
64,31.3,477.60217063467496
64,31.400000000000002,504.6674344483233
64,31.5,527.5431174884698
64,31.6,447.78615971363905
64,31.700000000000003,395.56584488858795
64,31.8,429.6149194852706
64,31.900000000000002,338.1975197598621
64,32.0,351.4521439788456
64,32.1,514.68486873703
64,32.2,434.2030771460699
64,32.300000000000004,438.53420597911463
64,32.4,405.94228786975646
64,32.5,435.9330461820313
64,32.6,470.7325607059268
64,32.7,541.5873597271803
64,32.800000000000004,391.25621513040824
64,32.9,563.576172925765
64,33.0,510.36917017221623
64,33.1,472.4992427765477
64,33.2,370.2622203162749
64,33.300000000000004,379.2691440072009
64,33.4,364.2364444577278
64,33.5,418.6040728795574
64,33.6,534.4814592379242
64,33.7,495.400415128575
64,33.800000000000004,548.3165746866947
64,33.9,467.2148331812653
64,34.0,469.6693479698503
64,34.1,669.4643724691484
64,34.2,501.684222341969
64,34.300000000000004,414.8125016537594
64,34.4,357.47925990823217
64,34.5,472.1530418846421
64,34.6,608.141587959032
64,34.7,515.9282768813465
64,34.800000000000004,464.19035586499854
64,34.9,563.0837518890429
64,35.0,509.9761713443731
64,35.1,482.5528348642442
64,35.2,551.7536640520663
64,35.300000000000004,397.29875667424255
64,35.4,415.18103008512486
64,35.5,545.9592529051623
64,35.6,520.0499288175131
64,35.7,428.5992972101021
64,35.800000000000004,504.3712890065728
64,35.9,625.1036622428134
64,36.0,720.786143853288
64,36.1,671.3471950622223
64,36.2,663.1946448822061
64,36.300000000000004,580.7533130765898
64,36.4,590.5860007575538
64,36.5,601.9167384880371
64,36.6,481.0940788475756
64,36.7,597.2968754082899
64,36.800000000000004,606.7052411484615
64,36.9,642.5578030476391
64,37.0,632.7938125588076
64,37.1,600.5880642920782
64,37.2,606.4942063158653
64,37.300000000000004,624.02245715295
64,37.4,555.6264720760531
64,37.5,619.8301560857564
64,37.6,651.2947350586988
64,37.7,709.2740237843346
64,37.800000000000004,876.473710880284
64,37.9,654.4753834793441
64,38.0,506.3697242658357
64,38.1,588.3295878191205
64,38.2,715.7639392587214
64,38.300000000000004,547.406967250677
64,38.400000000000006,625.2573924775294
64,38.5,535.9541012057205
64,38.6,670.1526322298133
64,38.7,471.9693092613473
64,38.800000000000004,530.5622008009112
64,38.900000000000006,550.0849149069384
64,39.0,572.5387976898028
64,39.1,629.5617033590373
64,39.2,573.5179241276473
64,39.300000000000004,620.1002824616548
64,39.400000000000006,638.3766837507811
64,39.5,597.7467570400474
64,39.6,432.86496274146083
64,39.7,651.7156535377626
64,39.800000000000004,383.62744626315146
64,39.900000000000006,341.13075969178635
64,40.0,274.15287678989586
64,40.1,595.2961564588984
64,40.2,323.99688292310213
64,40.300000000000004,432.48150931419565
64,40.400000000000006,557.2130005383907
64,40.5,323.63122050570155
64,40.6,305.75575093973896
64,40.7,443.66689558749334
64,40.800000000000004,550.7574749338297
64,40.900000000000006,542.2225493912467
64,41.0,502.4175142623685
64,41.1,424.9682882640436
64,41.2,388.2315686087024
64,41.300000000000004,559.272804579375
64,41.400000000000006,410.255210171242
64,41.5,1145.279588214415
64,41.6,585.6098322884815
64,41.7,433.37114932747386
64,41.800000000000004,470.81969657213034
64,41.900000000000006,469.5870566785075
64,42.0,547.2711123310088
64,42.1,438.2676201416615
64,42.2,698.8518278667091
64,42.300000000000004,573.5025549860684
64,42.400000000000006,515.2491847919949
64,42.5,564.0151113466899
64,42.6,461.2235211663791
64,42.7,512.5707358231726
64,42.800000000000004,563.3184559970526
64,42.900000000000006,535.0748388080863
64,43.0,626.0545651025288
64,43.1,557.023286309514
64,43.2,476.08414165999426
64,43.300000000000004,646.9373512045421
64,43.400000000000006,601.7233263917667
64,43.5,612.4226162990664
64,43.6,586.7220820156973
64,43.7,547.6781328216332
64,43.800000000000004,603.7302191189075
64,43.900000000000006,438.88292132493945
64,44.0,534.55378849446
64,44.1,588.261865641036
64,44.2,429.2020830104586
64,44.300000000000004,632.5046736269026
64,44.400000000000006,414.5812078144795
64,44.5,655.5230055838108
64,44.6,526.030323183252
64,44.7,444.5647097515405
64,44.800000000000004,771.8374241672327
64,44.900000000000006,585.2272258120928
64,45.0,525.7148753367716
64,45.1,596.6264985414808
64,45.2,608.1381456019286
64,45.300000000000004,641.2159819573033
64,45.400000000000006,623.8581609924926
64,45.5,609.8281994983122
64,45.6,567.2090050864974
64,45.7,560.5324637821948
64,45.800000000000004,413.9469794412895
64,45.900000000000006,428.8062036858921
64,46.0,471.0446728220374
64,46.1,541.2783129864943
64,46.2,379.15330628333635
64,46.300000000000004,617.7889175203442
64,46.400000000000006,507.54810420897417
64,46.5,561.1568507262847
64,46.6,483.3159818896842
64,46.7,588.0445762142912
64,46.800000000000004,545.6869067854908
64,46.900000000000006,671.9770723041648
64,47.0,403.08363739761467
64,47.1,480.679902227423
64,47.2,473.13042407337167
64,47.300000000000004,514.1813243202063
64,47.400000000000006,459.72812526377044
64,47.5,326.6094004507155
64,47.6,413.46379713267635
64,47.7,360.0570409088827
64,47.800000000000004,450.8720275615363
64,47.900000000000006,366.1828886970578
64,48.0,458.9567067817803
64,48.1,484.3072076087294
64,48.2,567.0213401566386
64,48.300000000000004,413.90871294414944
64,48.400000000000006,542.804430638445
64,48.5,447.2115423425183
64,48.6,427.4653264384904
64,48.7,556.620126186544
64,48.800000000000004,495.22785286937506
64,48.900000000000006,445.6394117655725
64,49.0,415.1678735235296
64,49.1,548.5579527614942
64,49.2,370.52923855966304
64,49.300000000000004,411.10792054565877
64,49.400000000000006,396.7061204137348
64,49.5,510.70053338256844
64,49.6,509.13571151679105
64,49.7,570.984467345794
64,49.800000000000004,531.6347167580233
64,49.900000000000006,471.30980612677206
64,50.0,429.3224928437683
64,50.1,506.9934783602231
64,50.2,526.9365896917677
64,50.300000000000004,511.12354509667443
64,50.400000000000006,489.8726913793173
64,50.5,561.7239243788158
64,50.6,526.6828291935531
64,50.7,567.2239041201449
64,50.800000000000004,556.3377581020703
64,50.900000000000006,536.0573864462493
64,51.0,386.5136984148909
64,51.1,501.0509345762055
64,51.2,596.4155023276552
64,51.300000000000004,456.6336145551397
64,51.400000000000006,418.23850237236815
64,51.5,359.0089074370557
64,51.6,489.6417673949095
64,51.7,443.64205546878566
64,51.800000000000004,401.46780061173655
64,51.900000000000006,559.1864534494606
64,52.0,432.7622711385126
64,52.1,397.9252169974847
64,52.2,504.1263227759511
64,52.300000000000004,347.79919245999304
64,52.400000000000006,294.163915088681
64,52.5,337.9970226930553
64,52.6,411.3225715399928
64,52.7,447.35960858594706
64,52.800000000000004,436.8786866437647
64,52.900000000000006,368.524951176442
64,53.0,532.4116476308711
64,53.1,475.63898240172546
64,53.2,321.78526643542455
64,53.300000000000004,395.5082998863703
64,53.400000000000006,547.0426692925365
64,53.5,512.610640271027
64,53.6,414.49855229228285
64,53.7,292.62173381834793
64,53.800000000000004,372.39473688720125
64,53.900000000000006,507.53839609977626
64,54.0,554.434300951723
64,54.1,451.93429749984904
64,54.2,539.9285735191653
64,54.300000000000004,456.95210795695834
64,54.400000000000006,544.9637817045354
64,54.5,531.811523517101
64,54.6,339.07566051206214
64,54.7,393.3543994421014
64,54.800000000000004,381.9308559691984
64,54.900000000000006,362.55182738595147
64,55.0,413.09735761773976
64,55.1,415.8938740863729
64,55.2,450.15601593815063
64,55.300000000000004,390.84648523040335
64,55.400000000000006,386.5443703025373
64,55.5,548.0736734779927
64,55.6,857.8174304662034
64,55.7,565.4733817347956
64,55.800000000000004,383.6452589751038
64,55.900000000000006,570.0271731700675
64,56.0,542.8381882314826
64,56.1,468.9572137051044
64,56.2,507.51701319527336
64,56.300000000000004,395.7515100174542
64,56.400000000000006,375.2724010056002
64,56.5,442.1452284349577
64,56.6,478.55744589201686
64,56.7,425.99698239238586
64,56.800000000000004,469.78823084298824
64,56.900000000000006,342.57623401657054
64,57.0,319.8527217730601
64,57.1,394.17795163739464
64,57.2,373.7461284927788
64,57.300000000000004,360.34924922744193
64,57.400000000000006,478.24616428945086
64,57.5,493.9027813402327
64,57.6,454.1607435981226
64,57.7,416.89553316007385
64,57.800000000000004,478.6418957091684
64,57.900000000000006,488.2837048021056
64,58.0,533.216059738181
64,58.1,543.4976764557476
64,58.2,533.3170018806653
64,58.300000000000004,481.5607383750893
64,58.400000000000006,439.1781035454086
64,58.5,461.25337845608243
64,58.6,467.4195167869823
64,58.7,651.442075583897
64,58.800000000000004,501.0555197324237
64,58.900000000000006,528.5325019727023
64,59.0,498.3704626738502
64,59.1,397.3029565354717
64,59.2,468.962237192443
64,59.300000000000004,550.4061600605935
64,59.400000000000006,531.2978878779555
64,59.5,515.3808057332047
64,59.6,536.3998356390737
64,59.7,471.6600300055704
64,59.800000000000004,356.1337660450845
64,59.900000000000006,443.10017807758373
64,60.0,507.592881636562
64,60.1,522.8912933757665
64,60.2,418.99155513684116
64,60.300000000000004,355.6547978145973
64,60.400000000000006,465.26404792131154
64,60.5,520.59204784477
64,60.6,452.6378046426736
64,60.7,526.6895581372587
64,60.800000000000004,553.565864649712
64,60.900000000000006,454.06237463747544
64,61.0,494.63563882377605
64,61.1,450.7945810633472
64,61.2,455.82115214056256
64,61.300000000000004,408.521003777598
64,61.400000000000006,393.8723678212396
64,61.5,503.51391885231476
64,61.6,464.9702346180396
64,61.7,469.6884830992892
64,61.800000000000004,474.2095146681873
64,61.900000000000006,438.1090676525807
64,62.0,486.8770723447238
64,62.1,449.9835803172768
64,62.2,415.85110359117465
64,62.300000000000004,442.95004652198617
64,62.400000000000006,465.7817455737486
64,62.5,523.1983167655699
64,62.6,558.1954129345191
64,62.7,546.324889736496
64,62.800000000000004,569.5714262414541
64,62.900000000000006,524.2229042736211
64,63.0,426.8933895254384
64,63.1,424.31424189301896
64,63.2,473.8411328983299
64,63.300000000000004,440.44293900446127
64,63.400000000000006,417.14404875537207
64,63.5,473.5112016661386
64,63.6,550.4301005408515
64,63.7,566.0352418431323
64,63.800000000000004,555.401602010595
64,63.900000000000006,552.408407638318
64,64.0,491.4889599627405
64,64.10000000000001,425.76851174880323
64,64.2,456.58515031828193
64,64.3,496.6476807620028
64,64.4,373.8748437920678
64,64.5,381.964708799272
64,64.60000000000001,468.3170725652437
64,64.7,432.5616886117064
64,64.8,424.594850275235
64,64.9,444.91893107516324
64,65.0,478.3454433104631
64,65.10000000000001,478.0385964076551
64,65.2,552.7908153338885
64,65.3,575.7490285383584
64,65.4,436.10314509158934
64,65.5,437.9854641446506
64,65.60000000000001,516.309979096528
64,65.7,625.391820137735
64,65.8,476.095519556335
64,65.9,409.7446837708535
64,66.0,467.87036237450076
64,66.10000000000001,537.0338185515219
64,66.2,531.3355333660461
64,66.3,467.9969940790697
64,66.4,448.2755555440126
64,66.5,436.4823797013973
64,66.60000000000001,465.6187471999603
64,66.7,484.50831380733035
64,66.8,410.9247130725657
64,66.9,417.0473628722482
64,67.0,540.8254190680601
64,67.10000000000001,508.22948437598154
64,67.2,536.6622265690909
64,67.3,537.0104887886383
64,67.4,537.9770302013129
64,67.5,456.5680969205242
64,67.60000000000001,476.2374004866106
64,67.7,568.8475086573429
64,67.8,517.4892874661157
64,67.9,488.52950883780716
64,68.0,593.5274881393077
64,68.10000000000001,642.5571053392543
64,68.2,546.8610490766359
64,68.3,433.50916733087575
64,68.4,461.3545477270558
64,68.5,455.32006254100463
64,68.60000000000001,453.3889396480863
64,68.7,419.53815881802154
64,68.8,414.618883423854
64,68.9,459.06499318629955
64,69.0,476.8114115287087
64,69.10000000000001,529.7317891082429
64,69.2,508.45483156849417
64,69.3,522.2239297284065
64,69.4,438.47999901947793
64,69.5,455.505276145585
64,69.60000000000001,491.5538538126454
64,69.7,357.376413890785
64,69.8,426.9495250338829
64,69.9,493.8659445299428
64,70.0,421.66084005469196
64,70.10000000000001,308.2228150693549
64,70.2,487.22958040719726
64,70.3,461.2762039324423
64,70.4,508.6829145239585
64,70.5,495.62446868032396
64,70.60000000000001,393.1660692937837
64,70.7,483.4693233738221
64,70.8,383.5781376088615
64,70.9,478.66051586385663
64,71.0,462.88274408838305
64,71.10000000000001,587.5950754572023
64,71.2,458.3505542438074
64,71.3,443.3362952336386
64,71.4,434.00377995702456
64,71.5,556.5076089783902
64,71.60000000000001,558.5040995616689
64,71.7,468.2140634616708
64,71.8,555.7214903292039
64,71.9,552.7828000647664
64,72.0,412.2362301317128
64,72.10000000000001,320.2161504361524
64,72.2,422.04882495843054
64,72.3,496.6782126537071
64,72.4,878.7047737813245
64,72.5,362.4902566178783
64,72.60000000000001,373.0757024368741
64,72.7,482.42894475573075
64,72.8,420.3433411444309
64,72.9,1096.2031852311027
64,73.0,498.0845298805728
64,73.10000000000001,393.96291728343544
64,73.2,547.159994199168
64,73.3,506.97763690543525
64,73.4,481.45524127111065
64,73.5,708.3938339050723
64,73.60000000000001,611.224265310862
64,73.7,343.255337022582
64,73.8,523.4738668686841
64,73.9,296.0430702570463
64,74.0,527.0733043591155
64,74.10000000000001,462.6237347060817
64,74.2,478.72206515597156
64,74.3,463.0507025621501
64,74.4,387.05384941859654
64,74.5,371.8689312646663
64,74.60000000000001,536.7821918404675
64,74.7,532.0168560960859
64,74.8,548.1222491889215
64,74.9,281.96725171634006
64,75.0,529.9112018137313
64,75.10000000000001,465.072723747577
64,75.2,423.31475576254115
64,75.3,454.4726922040478
64,75.4,535.0274426888342
64,75.5,583.0370017338536
64,75.60000000000001,556.5130935392813
64,75.7,557.6072367508928
64,75.8,620.923250562763
64,75.9,458.52990838162475
64,76.0,345.2564676779122
64,76.10000000000001,605.335048504566
64,76.2,368.1337485785267
64,76.3,699.2791086527631
64,76.4,469.7399018870646
64,76.5,502.02373116878476
64,76.60000000000001,647.5769749276216
64,76.7,511.73651757662196
64,76.80000000000001,453.3651438574032
64,76.9,548.3142336660703
64,77.0,571.6277036817343
64,77.10000000000001,486.27245702727765
64,77.2,427.4011182444456
64,77.30000000000001,529.2435531561068
64,77.4,557.7625982504632
64,77.5,348.8390410840785
64,77.60000000000001,470.10147907067864
64,77.7,542.4346165165211
64,77.80000000000001,1190.1350959539216
64,77.9,953.1647948585194
64,78.0,504.0929223904633
64,78.10000000000001,503.2146873106239
64,78.2,603.9850630343366
64,78.30000000000001,511.4452372269942
64,78.4,357.04695547756825
64,78.5,414.5677287690422
64,78.60000000000001,500.77129591158507
64,78.7,406.41931232678377
64,78.80000000000001,357.8576545584439
64,78.9,420.8667729828668
64,79.0,485.84932611435227
64,79.10000000000001,331.5388397215474
64,79.2,336.1382144029284
64,79.30000000000001,489.5160729354179
64,79.4,483.67968954236665
64,79.5,621.4826754145225
64,79.60000000000001,434.4372011606816
64,79.7,633.6314287363061
64,79.80000000000001,612.0746213285106
64,79.9,635.1138663279274
64,80.0,588.6513710252989
64,80.10000000000001,597.5209047575732
64,80.2,484.5456730665803
64,80.30000000000001,503.725363755538
64,80.4,616.1634104295194
64,80.5,632.7245906576244
64,80.60000000000001,623.4350220278624
64,80.7,515.2171537158705
64,80.80000000000001,390.1900520163485
64,80.9,566.3594143012473
64,81.0,600.2941664522634
64,81.10000000000001,423.0917817223533
64,81.2,521.3138919358155
64,81.30000000000001,407.7904717774
64,81.4,398.12431403769483
64,81.5,539.7318175931398
64,81.60000000000001,447.4441881113819
64,81.7,466.9323290154463
64,81.80000000000001,520.8538478892203
64,81.9,447.55457573102046
64,82.0,602.4904858915202
64,82.10000000000001,447.60147179582225
64,82.2,489.4916937148408
64,82.30000000000001,553.4125214505071
64,82.4,659.95904593524
64,82.5,645.6521928119985
64,82.60000000000001,557.509501839858
64,82.7,464.6963911262725
64,82.80000000000001,570.2909134081428
64,82.9,630.4794318193818
64,83.0,518.6735491438536
64,83.10000000000001,599.5058442660119
64,83.2,475.5480397923224
64,83.30000000000001,464.38388602446497
64,83.4,476.2259634392632
64,83.5,484.7872708376513
64,83.60000000000001,608.1979501296104
64,83.7,529.9177707087055
64,83.80000000000001,448.053999141511
64,83.9,414.95692950056605
64,84.0,398.3521896195961
64,84.10000000000001,488.9677283388807
64,84.2,565.3406510069806
64,84.30000000000001,591.2365255068747
64,84.4,527.8006461594825
64,84.5,495.53785728815575
64,84.60000000000001,481.29539066666194
64,84.7,430.6145741258728
64,84.80000000000001,473.6694313149821
64,84.9,526.4298287151737
64,85.0,495.91569207037554
64,85.10000000000001,465.8343090545267
64,85.2,518.669543900484
64,85.30000000000001,525.5788195760896
64,85.4,524.3556910021498
64,85.5,527.3634466056654
64,85.60000000000001,588.7630760945792
64,85.7,693.6302385127216
64,85.80000000000001,641.8941608294398
64,85.9,580.7526947488042
64,86.0,665.477859129163
64,86.10000000000001,614.4694778329423
64,86.2,490.5050252195889
64,86.30000000000001,476.6520762843169
64,86.4,475.47797205490696
64,86.5,548.5875831815393
64,86.60000000000001,617.1514371549279
64,86.7,576.0196713012006
64,86.80000000000001,627.8454317388549
64,86.9,632.2239140016784
64,87.0,512.3704243865722
64,87.10000000000001,569.5279668997507
64,87.2,591.6715311452026
64,87.30000000000001,541.5336221693757
64,87.4,489.4807534990109
64,87.5,362.86659209764673
64,87.60000000000001,413.8532270169018
64,87.7,510.4831953296859
64,87.80000000000001,478.13816613041945
64,87.9,535.6576673847247
64,88.0,519.7136193931367
64,88.10000000000001,473.34031337464074
64,88.2,422.07092054611303
64,88.30000000000001,420.6566854643343
64,88.4,331.65917880974376
64,88.5,439.9328225874842
64,88.60000000000001,453.34208935315485
64,88.7,578.5757551895375
64,88.80000000000001,490.3323208079462
64,88.9,447.22600285667716
64,89.0,551.2148168296683
64,89.10000000000001,480.0674505183775
64,89.2,377.77487225927297
64,89.30000000000001,361.6514595073931
64,89.4,437.16154276062315
64,89.5,477.9135786813276
64,89.60000000000001,622.2619439836988
64,89.7,532.0383182037516
64,89.80000000000001,548.3320434744809
64,89.9,679.4310093131444
64,90.0,605.452802021846
64,90.10000000000001,712.597924882911
64,90.2,640.1416982137532
64,90.30000000000001,580.4035561727801
64,90.4,646.4284823079187
64,90.5,551.6282857645828
64,90.60000000000001,686.5456245060051
64,90.7,580.9438714733164
64,90.80000000000001,538.4469127344082
64,90.9,636.5476839483819
64,91.0,661.9535375591048
64,91.10000000000001,636.4708012992114
64,91.2,481.1103727058331
64,91.30000000000001,487.6308256222386
64,91.4,532.1054308644508
64,91.5,568.4898551810535
64,91.60000000000001,537.6437489190889
64,91.7,641.204679606744
64,91.80000000000001,517.6807496290916
64,91.9,585.0112976259081
64,92.0,530.0138376501533
64,92.10000000000001,512.800301934167
64,92.2,619.0348231439277
64,92.30000000000001,598.3836304091113
64,92.4,586.1388277529007
64,92.5,459.49042580012
64,92.60000000000001,448.820133688412
64,92.7,439.41221074179265
64,92.80000000000001,472.2812827192737
64,92.9,560.3766617954149
64,93.0,545.0339297354598
64,93.10000000000001,600.0712758569111
64,93.2,529.035650936276
64,93.30000000000001,487.24792629683986
64,93.4,561.2073352799152
64,93.5,657.2941676783511
64,93.60000000000001,629.316527211874
64,93.7,640.8359229145536
64,93.80000000000001,567.4664400731955
64,93.9,637.7981319648991
64,94.0,555.5558820414609
64,94.10000000000001,603.6766961590686
64,94.2,424.2728066907205
64,94.30000000000001,542.9334782204409
64,94.4,565.0728205805378
64,94.5,532.7104692183823
64,94.60000000000001,624.4777521226144
64,94.7,478.4954921368706
64,94.80000000000001,608.7140854309575
64,94.9,577.5190292099833
64,95.0,734.1166465053346
64,95.10000000000001,628.0430860633774
64,95.2,566.7239763900166
64,95.30000000000001,553.6505603640669
64,95.4,598.460766136879
64,95.5,705.4775131143108
64,95.60000000000001,596.4009002690541
64,95.7,505.8829123957178
64,95.80000000000001,507.4248541938044
64,95.9,508.05128952328346
64,96.0,487.0679256187869
64,96.10000000000001,562.3842572926704
64,96.2,572.5555083994287
64,96.30000000000001,724.9777121803793
64,96.4,621.027138939439
64,96.5,467.16196815195593
64,96.60000000000001,621.3307909778024
64,96.7,476.700081494055
64,96.80000000000001,746.8568319351206
64,96.9,679.0047724709094
64,97.0,540.3259636678036
64,97.10000000000001,613.7947381980792
64,97.2,659.5436443945777
64,97.30000000000001,666.6221426033206
64,97.4,592.112354465303
64,97.5,640.0591395198758
64,97.60000000000001,668.256590068653
64,97.7,397.7454533786242
64,97.80000000000001,441.1262862984078
64,97.9,674.2245118206429
64,98.0,490.37874763380637
64,98.10000000000001,566.2010831434785
64,98.2,587.1338608917496
64,98.30000000000001,548.4932824333197
64,98.4,535.7905668666143
64,98.5,486.6671275994217
64,98.60000000000001,577.8157207669309
64,98.7,638.5833179756489
64,98.80000000000001,601.6513754819428
64,98.9,618.364944920635
64,99.0,617.0402351144675
64,99.10000000000001,505.1667605761711
64,99.2,543.3110509427728
64,99.30000000000001,583.668968404299
64,99.4,342.95767004153663
64,99.5,465.68316718927105
64,99.60000000000001,584.9032784659576
64,99.7,611.3011957858183
64,99.80000000000001,679.8523252295239
64,99.9,743.7838620745877
64,100.0,541.8067910428208
64,100.10000000000001,619.4834271151801
64,100.2,628.1612574342143
64,100.30000000000001,702.0596765245731
64,100.4,607.3960209798533
64,100.5,498.7394607182927
64,100.60000000000001,800.2512076766526
64,100.7,860.1618124555757
64,100.80000000000001,725.4830418461376
64,100.9,594.5499785022434
64,101.0,567.994791576422
64,101.10000000000001,458.13070949612444
64,101.2,467.7266699713264
64,101.30000000000001,661.3345893684304
64,101.4,569.2667942763132
64,101.5,524.408787616754
64,101.60000000000001,709.1742044496921
64,101.7,715.3891495251685
64,101.80000000000001,626.1727727422652
64,101.9,606.65607311575
64,102.0,576.9658975249043
64,102.10000000000001,651.0252370673896
64,102.2,647.886948212537
64,102.30000000000001,524.6994680652202
64,102.4,596.1266169294704
64,102.5,681.3839727590216
64,102.60000000000001,559.3152977095838
64,102.7,654.7357204863755
64,102.80000000000001,564.4238769854387
64,102.9,502.1506331322981
64,103.0,519.95928566129
64,103.10000000000001,462.31791931809727
64,103.2,520.097529147258
64,103.30000000000001,548.295685542788
64,103.4,696.8986392265421
64,103.5,630.8168289858571
64,103.60000000000001,681.3047623414066
64,103.7,660.2015243696627
64,103.80000000000001,581.7050576552829
64,103.9,626.8329420654737
64,104.0,618.068272604736
64,104.10000000000001,610.3262501625821
64,104.2,757.5315176399786
64,104.30000000000001,563.3997832124828
64,104.4,583.4489060690356
64,104.5,477.52341403362743
64,104.60000000000001,676.0123552397488
64,104.7,684.8379774877361
64,104.80000000000001,485.5581218588237
64,104.9,539.5268368209764
64,105.0,841.801258449181
64,105.10000000000001,700.5020916350662
64,105.2,542.4711528239376
64,105.30000000000001,563.3220393361642
64,105.4,575.3846353149689
64,105.5,608.4168790885791
64,105.60000000000001,574.2036852390779
64,105.7,476.112511066834
64,105.80000000000001,546.041862416077
64,105.9,573.6974754409817
64,106.0,655.3419715639471
64,106.10000000000001,475.17637070587335
64,106.2,571.2690905384649
64,106.30000000000001,604.5032783335496
64,106.4,715.3025087426763
64,106.5,704.8296619388834
64,106.60000000000001,633.933719944919
64,106.7,472.63709124908576
64,106.80000000000001,593.0526719878344
64,106.9,732.2019384194382
64,107.0,663.1196552416569
64,107.10000000000001,713.1483743641035
64,107.2,667.3939039440419
64,107.30000000000001,597.1288636024592
64,107.4,548.8001545286036
64,107.5,530.3934795893703
64,107.60000000000001,578.4855560958708
64,107.7,559.2576518738874
64,107.80000000000001,524.1844277602414
64,107.9,604.239521350426
64,108.0,515.1552411060553
64,108.10000000000001,548.7238804135098
64,108.2,507.68703707567613
64,108.30000000000001,529.8683812677018
64,108.4,488.3010045163456
64,108.5,455.03331842202084
64,108.60000000000001,456.7777891947491
64,108.7,493.2758050717787
64,108.80000000000001,541.3647656415158
64,108.9,552.1126292915334
64,109.0,557.860154575425
64,109.10000000000001,543.7351671415066
64,109.2,609.1568509454765
64,109.30000000000001,472.57536682716267
64,109.4,525.8433460221448
64,109.5,611.4139446958941
64,109.60000000000001,421.34631471733616
64,109.7,410.77309995998274
64,109.80000000000001,553.7084476897305
64,109.9,551.8002917030141
64,110.0,571.6433567639036
64,110.10000000000001,616.2453635330611
64,110.2,604.9463224715856
64,110.30000000000001,678.7936046687396
64,110.4,492.80298065297325
64,110.5,406.85744445264777
64,110.60000000000001,634.1806147847177
64,110.7,643.4972328447316
64,110.80000000000001,616.8981802523236
64,110.9,735.7886429875099
64,111.0,773.0603281410819
64,111.10000000000001,617.6959469948597
64,111.2,555.781639197156
64,111.30000000000001,594.6598177723145
64,111.4,584.9568520025183
64,111.5,650.2380095508777
64,111.60000000000001,593.6108161402077
64,111.7,604.4698752306622
64,111.80000000000001,661.6995844208778
64,111.9,620.0911737449748
64,112.0,669.827639245195
64,112.10000000000001,715.112470452959
64,112.2,758.6459175127434
64,112.30000000000001,630.567340940511
64,112.4,463.45124432152573
64,112.5,472.74477734788667
64,112.60000000000001,596.660107290897
64,112.7,567.9586732137807
64,112.80000000000001,603.1209039360775
64,112.9,765.7939533418456
64,113.0,637.7258093373164
64,113.10000000000001,532.7961817038089
64,113.2,500.23085144759784
64,113.30000000000001,513.781546251442
64,113.4,571.6416873998567
64,113.5,596.6721591416906
64,113.60000000000001,661.0036856673274
64,113.7,618.1605182620464
64,113.80000000000001,544.2577910945939
64,113.9,504.6367860649662
64,114.0,590.1612491896976
64,114.10000000000001,699.5638952475732
64,114.2,586.8609600620398
64,114.30000000000001,495.4558683418867
64,114.4,515.2524802760454
64,114.5,566.9943186544605
64,114.60000000000001,567.8409792221103
64,114.7,505.4790860380625
64,114.80000000000001,555.3955705972621
64,114.9,629.0442795951266
64,115.0,527.5176415688984
64,115.10000000000001,496.7221763669121
64,115.2,558.145558214276
64,115.30000000000001,505.90658673509256
64,115.4,593.1883531541217
64,115.5,626.8876504791693
64,115.60000000000001,643.5002559815958
64,115.7,645.340374600019
64,115.80000000000001,503.15385211397887
64,115.9,474.3088102001442
64,116.0,636.6921676922453
64,116.10000000000001,637.7533464755754
64,116.2,661.9896404556608
64,116.30000000000001,879.6556490258556
64,116.4,916.5813531087967
64,116.5,541.6850713199273
64,116.60000000000001,557.9373504926947
64,116.7,559.3571308222666
64,116.80000000000001,541.7098869614516
64,116.9,558.5183117107018
64,117.0,582.1137123546843
64,117.10000000000001,538.7732134546496
64,117.2,542.1182978338425
64,117.30000000000001,747.9316701401316
64,117.4,986.115481245823
64,117.5,792.1254260347981
64,117.60000000000001,617.6299359020173
64,117.7,665.508510413294
64,117.80000000000001,508.30540471749845
64,117.9,411.16218128325215
64,118.0,670.6885185967818
64,118.10000000000001,637.0229124113683
64,118.2,610.8103205536386
64,118.30000000000001,637.4183963446972
64,118.4,583.7929742404606
64,118.5,624.3402824688476
64,118.60000000000001,597.4319771091224
64,118.7,654.0002194617445
64,118.80000000000001,718.0932167407
64,118.9,606.5258003534285
64,119.0,526.8523592319513
64,119.10000000000001,585.8333962593551
64,119.2,507.70584129746965
64,119.30000000000001,613.4538293170094
64,119.4,621.8872967842768
64,119.5,644.6512267617344
64,119.60000000000001,653.2374459063519
64,119.7,593.7950390770736
64,119.80000000000001,564.5757438299954
64,119.9,628.9503336753187
64,120.0,564.1126770694127
64,120.10000000000001,513.1457737792892
64,120.2,576.6944967339961
64,120.30000000000001,704.8663772613767
64,120.4,663.79123425901
64,120.5,679.8703010737704
64,120.60000000000001,592.0255442713711
64,120.7,540.7811450331634
64,120.80000000000001,619.2847931313779
64,120.9,532.1398992307958
64,121.0,556.390968024791
64,121.10000000000001,484.74742447708223
64,121.2,516.8697208972923
64,121.30000000000001,513.7208864402105
64,121.4,575.571804618563
64,121.5,396.1833213041825
64,121.60000000000001,583.3428475383046
64,121.7,710.0814330530819
64,121.80000000000001,629.6712459303556
64,121.9,1185.7975067958805
64,122.0,535.6451338881438
64,122.10000000000001,420.53224531721156
64,122.2,259.616134738488
64,122.30000000000001,592.8577849079413
64,122.4,663.3612809741651
64,122.5,727.0431948048634
64,122.60000000000001,582.9291176883204
64,122.7,660.2830313321317
64,122.80000000000001,493.16910317273926
64,122.9,640.6811685313495
64,123.0,551.7864310673739
64,123.10000000000001,570.282136257648
64,123.2,460.704496458331
64,123.30000000000001,680.7092650155398
64,123.4,482.74059782745627
64,123.5,521.3125103637559
64,123.60000000000001,1046.3451097873938
64,123.7,323.8188213475731
64,123.80000000000001,665.4344508642849
64,123.9,493.3900365466156
64,124.0,711.4409223964635
64,124.10000000000001,596.6821472298691
64,124.2,659.7047025849405
64,124.30000000000001,735.9780383174051
64,124.4,547.1076661582794
64,124.5,456.8926974126921
64,124.60000000000001,692.8439031090968
64,124.7,599.9530920187564
64,124.80000000000001,565.740736455456
64,124.9,546.8517693967766
64,125.0,647.3048941706857
64,125.10000000000001,738.5673416928759
64,125.2,681.0133096061518
64,125.30000000000001,698.0865489257855
64,125.4,601.8520028972882
64,125.5,645.9386818690742
64,125.60000000000001,477.5365618526083
64,125.7,626.2935529644978
64,125.80000000000001,506.48138329139033
64,125.9,600.5767479377064
64,126.0,540.7401430817459
64,126.10000000000001,514.230676985008
64,126.2,618.2880279632221
64,126.30000000000001,568.0724143795352
64,126.4,584.7710472066541
64,126.5,655.5458333436566
64,126.60000000000001,642.8191593543404
64,126.7,459.6882396399087
64,126.80000000000001,645.1400337381225
64,126.9,592.3700594710693
64,127.0,485.8214168576424
64,127.10000000000001,559.7277776033062
64,127.2,582.6704247992915
64,127.30000000000001,655.0124118892971
64,127.4,688.785366990616
64,127.5,654.1827939251783
64,127.60000000000001,743.0886088644418
64,127.7,749.3968319127898
64,127.80000000000001,562.5290095310451
64,127.9,525.0458333195957
64,128.0,659.3882449802641
64,128.1,638.3536637019791
64,128.20000000000002,524.7955912493574
64,128.3,554.4466042720207
64,128.4,605.4675688114288
64,128.5,450.66843148515136
64,128.6,540.9049160651671
64,128.70000000000002,506.85401198917316
64,128.8,513.0346708591566
64,128.9,556.8242947558023
64,129.0,539.7117450712256
64,129.1,428.46306226227074
64,129.20000000000002,546.7619736739862
64,129.3,612.5105523829526
64,129.4,625.352430804667
64,129.5,523.91217316172
64,129.6,444.4126875630277
64,129.70000000000002,485.988464110883
64,129.8,473.59348698885566
64,129.9,566.4567383538998
64,130.0,502.7338898247598
64,130.1,687.3863730724264
64,130.20000000000002,653.1264153227272
64,130.3,605.5015599315215
64,130.4,649.1712806120079
64,130.5,626.2652813770992
64,130.6,573.392461081955
64,130.70000000000002,576.9210458705603
64,130.8,539.2119191660902
64,130.9,589.2724443585507
64,131.0,718.6837249885663
64,131.1,560.4832838338577
64,131.20000000000002,616.5889139315144
64,131.3,614.5298754703523
64,131.4,456.2228609962017
64,131.5,511.5597166404426
64,131.6,537.9699918331074
64,131.70000000000002,491.87018704379807
64,131.8,599.281106983457
64,131.9,692.069011465247
64,132.0,637.512443118383
64,132.1,618.1024124564328
64,132.20000000000002,629.1555091201892
64,132.3,544.4460571834778
64,132.4,711.0542661972917
64,132.5,677.8248036237511
64,132.6,770.1241969643633
64,132.70000000000002,542.7014276871264
64,132.8,475.5187666830079
64,132.9,570.7260377346486
64,133.0,581.4682118691309
64,133.1,593.268643411579
64,133.20000000000002,584.3924306543346
64,133.3,621.0750037382909
64,133.4,691.5404336521526
64,133.5,598.0349610386207
64,133.6,578.1533844030314
64,133.70000000000002,632.2079323730644
64,133.8,629.4560693095827
64,133.9,613.1555794464634
64,134.0,586.9644089448421
64,134.1,514.6667156515206
64,134.20000000000002,593.4514334252362
64,134.3,575.1564480235755
64,134.4,555.8296414298694
64,134.5,559.0037173125432
64,134.6,518.3626059914269
64,134.70000000000002,561.3327455950692
64,134.8,574.0520068650017
64,134.9,610.6472848299784
64,135.0,731.5738288636169
64,135.1,603.1363120548164
64,135.20000000000002,522.649187171481
64,135.3,549.6306798463895
64,135.4,519.8997183214533
64,135.5,595.0292483801502
64,135.6,607.528583787897
64,135.70000000000002,599.761533528203
64,135.8,663.8334579050876
64,135.9,646.3575779531639
64,136.0,669.725604658249
64,136.1,615.4212264778855
64,136.20000000000002,605.8952338851167
64,136.3,528.7902535167427
64,136.4,861.3201482574929
64,136.5,794.9782229143689
64,136.6,584.4487920572866
64,136.70000000000002,691.229495626515
64,136.8,537.2397456619066
64,136.9,521.1117041245632
64,137.0,629.4157138017862
64,137.1,618.2132110775545
64,137.20000000000002,617.5399458412352
64,137.3,611.5921186633835
64,137.4,640.2282137824009
64,137.5,657.8510065219359
64,137.6,614.9572056270322
64,137.70000000000002,620.3499471081368
64,137.8,619.8705841519616
64,137.9,593.1361064448021
64,138.0,571.3392577364377
64,138.1,612.9064837413122
64,138.20000000000002,703.7811330845402
64,138.3,651.8837025916381
64,138.4,452.19168391422016
64,138.5,465.81088673597617
64,138.6,560.4115667037541
64,138.70000000000002,572.0741833015855
64,138.8,592.8703350141913
64,138.9,573.7969999199571
64,139.0,610.1340611270659
64,139.1,642.4672458935154
64,139.20000000000002,644.9742039834022
64,139.3,616.6627395654672
64,139.4,590.3235620962213
64,139.5,592.7717218173598
64,139.6,580.4524691812948
64,139.70000000000002,637.1040867644838
64,139.8,748.0964188608617
64,139.9,700.6616950574025
128,0.0,714.4
128,0.1,845.9859030367608
128,0.2,795.6142618988868
128,0.30000000000000004,766.5266333050002
128,0.4,800.6624668135123
128,0.5,608.4472816344119
128,0.6000000000000001,559.2219078124294
128,0.7000000000000001,835.3400731296733
128,0.8,820.7262835702018
128,0.9,769.2078574398057
128,1.0,775.0635184677741
128,1.1,781.5199455396089
128,1.2000000000000002,650.4743845350426
128,1.3,678.3229945345273
128,1.4000000000000001,798.5833581859156
128,1.5,807.6287149724768
128,1.6,738.7827958380049
128,1.7000000000000002,746.2032493382673
128,1.8,742.4921219757978
128,1.9000000000000001,733.1448964531146
128,2.0,761.0542315253003
128,2.1,814.4846057679442
128,2.2,760.4315075725684
128,2.3000000000000003,742.8623324327735
128,2.4000000000000004,766.686761997236
128,2.5,782.4634680517034
128,2.6,773.9239366984492
128,2.7,778.3223842850917
128,2.8000000000000003,768.6612816782044
128,2.9000000000000004,758.5398979181157
128,3.0,784.9673518957092
128,3.1,782.0282338372076
128,3.2,755.456297996803
128,3.3000000000000003,775.5454455224983
128,3.4000000000000004,776.4136725495185
128,3.5,775.5219459054416
128,3.6,817.3681926568406
128,3.7,806.294637109346
128,3.8000000000000003,787.7660120638005
128,3.9000000000000004,768.1854962833829
128,4.0,743.3582530722653
128,4.1000000000000005,782.9517422864392
128,4.2,786.4893998671589
128,4.3,787.4946237173787
128,4.4,782.2842827149199
128,4.5,764.4312447327237
128,4.6000000000000005,787.9950836963101
128,4.7,797.0892471657619
128,4.800000000000001,795.4616350265605
128,4.9,822.8614372967169
128,5.0,810.9340222563608
128,5.1000000000000005,764.4589633028567
128,5.2,760.1162550535647
128,5.300000000000001,775.3831645202537
128,5.4,762.622099012405
128,5.5,742.241936007832
128,5.6000000000000005,767.8021950389697
128,5.7,790.9886181538469
128,5.800000000000001,781.0867364003362
128,5.9,786.2242426262752
128,6.0,790.0382186504105
128,6.1000000000000005,762.4153758674622
128,6.2,673.5202392753387
128,6.300000000000001,674.9895524260081
128,6.4,753.9735306287726
128,6.5,756.2593020795209
128,6.6000000000000005,786.7963214117943
128,6.7,797.8090111742617
128,6.800000000000001,795.4001288882646
128,6.9,779.9338892440584
128,7.0,743.789779478323
128,7.1000000000000005,754.5790193526108
128,7.2,778.813425410617
128,7.300000000000001,903.0023954718938
128,7.4,908.2295371980393
128,7.5,797.9581835797115
128,7.6000000000000005,763.9222122391324
128,7.7,778.5144064130386
128,7.800000000000001,802.7195670189641
128,7.9,785.8752610104484
128,8.0,737.8305972390957
128,8.1,724.7855444318467
128,8.200000000000001,765.1323786926408
128,8.3,762.3899134087395
128,8.4,737.585399160183
128,8.5,758.5463448551848
128,8.6,783.5885345511111
128,8.700000000000001,802.4784791213506
128,8.8,806.4624807336082
128,8.9,814.3331173190667
128,9.0,923.4519036769908
128,9.1,865.545439255476
128,9.200000000000001,775.3930653305872
128,9.3,799.486165239017
128,9.4,872.5030273550361
128,9.5,928.5378248858905
128,9.600000000000001,829.623021452376
128,9.700000000000001,759.4898314629614
128,9.8,730.0481643762
128,9.9,714.6495176785623
128,10.0,742.861871018499
128,10.100000000000001,782.9195325603108
128,10.200000000000001,827.9804486873043
128,10.3,847.3170211079275
128,10.4,814.1588493559933
128,10.5,841.5976315701712
128,10.600000000000001,836.3143280049544
128,10.700000000000001,793.7309183727043
128,10.8,755.2949760545563
128,10.9,711.378851291825
128,11.0,732.3946201647523
128,11.100000000000001,772.7066358566418
128,11.200000000000001,786.4395794417965
128,11.3,802.3495815531305
128,11.4,822.9046060409578
128,11.5,803.4304152183901
128,11.600000000000001,746.5052060254454
128,11.700000000000001,804.6123378171765
128,11.8,842.2881051622996
128,11.9,862.4049716231347
128,12.0,822.9458203207313
128,12.100000000000001,787.3849189450609
128,12.200000000000001,823.4756931733671
128,12.3,760.8063749597528
128,12.4,769.1782679102722
128,12.5,777.834718227596
128,12.600000000000001,753.0777625185192
128,12.700000000000001,745.8379975319345
128,12.8,761.836107832163
128,12.9,803.3500819256332
128,13.0,724.1879564564958
128,13.100000000000001,686.7198184457283
128,13.200000000000001,798.4652309595672
128,13.3,822.4372544269276
128,13.4,934.5190345084803
128,13.5,955.321012331446
128,13.600000000000001,816.7094309310964
128,13.700000000000001,801.805717900103
128,13.8,764.3342096311027
128,13.9,792.9572250866901
128,14.0,826.8863316790421
128,14.100000000000001,795.0695465868806
128,14.200000000000001,798.3130134933538
128,14.3,809.7462622517814
128,14.4,779.3867579230132
128,14.5,792.3974145196831
128,14.600000000000001,675.1514490389906
128,14.700000000000001,636.3986260646398
128,14.8,845.4464064744966
128,14.9,841.0802566706191
128,15.0,869.2166603932706
128,15.100000000000001,906.604997936652
128,15.200000000000001,870.6578870297658
128,15.3,820.2714435210756
128,15.4,827.3143252719283
128,15.5,804.8804095782293
128,15.600000000000001,849.5757063310921
128,15.700000000000001,859.6509260559033
128,15.8,883.4735458984342
128,15.9,881.7239233469356
128,16.0,799.6465579677698
128,16.1,830.5028893413835
128,16.2,810.0113992138625
128,16.3,807.934546520724
128,16.400000000000002,818.3367469520961
128,16.5,857.1006776276208
128,16.6,838.702823620535
128,16.7,811.9767322288661
128,16.8,787.2627645640364
128,16.900000000000002,765.7770217457294
128,17.0,782.7191939459027
128,17.1,765.4366654624154
128,17.2,788.7916203331206
128,17.3,806.2814691638482
128,17.400000000000002,826.2304380256937
128,17.5,772.3826554765778
128,17.6,725.8743247997779
128,17.7,719.7125101932409
128,17.8,793.1247292674855
128,17.900000000000002,791.964927996341
128,18.0,913.0168932505641
128,18.1,982.3287607462053
128,18.2,688.4761692461004
128,18.3,770.380287587819
128,18.400000000000002,801.4973049888658
128,18.5,771.2358809214131
128,18.6,706.7421802501835
128,18.7,748.9899705965554
128,18.8,830.2066312000511
128,18.900000000000002,787.901806995863
128,19.0,766.4950815198675
128,19.1,898.2479659744782
128,19.200000000000003,1007.9043018188848
128,19.3,813.6763617217831
128,19.400000000000002,707.0939172782683
128,19.5,674.640826220754
128,19.6,821.5025652584491
128,19.700000000000003,784.1501762567384
128,19.8,858.5805933014132
128,19.900000000000002,905.217154548897
128,20.0,845.73934292799
128,20.1,773.6625227005264
128,20.200000000000003,769.4381138544186
128,20.3,747.0153824603368
128,20.400000000000002,756.5972304316725
128,20.5,720.7528179288696
128,20.6,762.009354099084
128,20.700000000000003,690.589936865859
128,20.8,827.3183586719848
128,20.900000000000002,807.7348234836339
128,21.0,801.4531130311736
128,21.1,815.0270662913098
128,21.200000000000003,743.8974579678678
128,21.3,776.4683875973643
128,21.400000000000002,761.8897941105155
128,21.5,725.5095558879289
128,21.6,644.473368404606
128,21.700000000000003,772.3906113951268
128,21.8,750.9183391607176
128,21.900000000000002,775.4008352679532
128,22.0,823.874498676415
128,22.1,831.924624537069
128,22.200000000000003,819.4295872172931
128,22.3,735.5966365257896
128,22.400000000000002,661.9140456444846
128,22.5,792.889370033836
128,22.6,818.2849455523599
128,22.700000000000003,745.0191579597084
128,22.8,793.8081505210433
128,22.900000000000002,783.5329731914591
128,23.0,740.5223669333612
128,23.1,875.5831892398909
128,23.200000000000003,853.5197533857616
128,23.3,824.1457446541501
128,23.400000000000002,715.1112034056324
128,23.5,699.9068550429213
128,23.6,803.5644301885717
128,23.700000000000003,811.8405106543448
128,23.8,791.3830224038234
128,23.900000000000002,788.7173791745872
128,24.0,805.0841226802725
128,24.1,797.4899507545388
128,24.200000000000003,762.3405570272188
128,24.3,765.6331602704223
128,24.400000000000002,787.0106703698598
128,24.5,816.1161131596313
128,24.6,809.4738685377914
128,24.700000000000003,768.5343529713988
128,24.8,770.4918288075964
128,24.900000000000002,816.9672743291248
128,25.0,848.7027246989788
128,25.1,860.235613798557
128,25.200000000000003,841.5995296580917
128,25.3,797.0691894549034
128,25.400000000000002,828.7733155459855
128,25.5,844.2373369059136
128,25.6,772.0091409717481
128,25.700000000000003,804.2783347445848
128,25.8,836.4852937313151
128,25.900000000000002,863.997150794255
128,26.0,837.0478245233762
128,26.1,797.4857017564503
128,26.200000000000003,876.0255219637402
128,26.3,1069.8309221263453
128,26.400000000000002,807.8493511831733
128,26.5,808.1831740575308
128,26.6,767.2569981195164
128,26.700000000000003,674.6075610219478
128,26.8,759.0518930616128
128,26.900000000000002,687.2639782283454
128,27.0,639.8985365494046
128,27.1,744.5601665509325
128,27.200000000000003,717.0306103312091
128,27.3,827.0108366610926
128,27.400000000000002,845.5910460663409
128,27.5,868.7253660325692
128,27.6,814.9926579235847
128,27.700000000000003,705.6436242929434
128,27.8,448.8699919774423
128,27.900000000000002,695.1005977472994
128,28.0,345.0190042757743
128,28.1,587.1321753385805
128,28.200000000000003,757.9754661410807
128,28.3,713.6166417732444
128,28.400000000000002,844.7252393956123
128,28.5,849.9521211822379
128,28.6,785.4561195150474
128,28.700000000000003,812.3134305309306
128,28.8,844.0989777677313
128,28.900000000000002,829.8326937570242
128,29.0,865.24136775563
128,29.1,649.6838394890943
128,29.200000000000003,804.675904293532
128,29.3,936.5882559912002
128,29.400000000000002,1298.383103209954
128,29.5,548.4049044696737
128,29.6,688.5266851542566
128,29.700000000000003,820.4953730017835
128,29.8,974.1741864028742
128,29.900000000000002,621.3641258751186
128,30.0,321.5227367969034
128,30.1,828.4159153211889
128,30.200000000000003,432.86023969620686
128,30.3,585.781673982173
128,30.400000000000002,732.9872701245906
128,30.5,836.6465329476054
128,30.6,817.2467306075401
128,30.700000000000003,778.8909128847446
128,30.8,949.1249904590002
128,30.900000000000002,803.2927553487597
128,31.0,882.5067493260171
128,31.1,779.3837511091431
128,31.200000000000003,836.4236473851147
128,31.3,777.4863062383192
128,31.400000000000002,792.3017329181658
128,31.5,805.7055518978598
128,31.6,823.9300366598544
128,31.700000000000003,817.2173856246251
128,31.8,785.4145354287463
128,31.900000000000002,859.2781681387145
128,32.0,729.0610934689862
128,32.1,861.9380036111568
128,32.2,823.5476795689362
128,32.300000000000004,863.8291306423329
128,32.4,775.5873399362436
128,32.5,869.8873501580217
128,32.6,788.1810958240454
128,32.7,821.7216187030741
128,32.800000000000004,886.1815412235269
128,32.9,837.371049564386
128,33.0,769.9805101980596
128,33.1,875.7218365782485
128,33.2,765.4894683674839
128,33.300000000000004,503.769240220162
128,33.4,886.1961084830209
128,33.5,838.9561668628417
128,33.6,678.874642628956
128,33.7,851.6071708862322
128,33.800000000000004,835.2484456569587
128,33.9,875.2761233901399
128,34.0,791.2603363940945
128,34.1,337.25264796450347
128,34.2,331.5668264276026
128,34.300000000000004,381.7526887400017
128,34.4,535.0104516321215
128,34.5,768.7805763301319
128,34.6,906.4435549341285
128,34.7,744.0979506710624
128,34.800000000000004,855.1201195058442
128,34.9,841.5103504765526
128,35.0,812.2250975668995
128,35.1,796.0897997351162
128,35.2,832.3399698625581
128,35.300000000000004,816.2963506035222
128,35.4,745.9176782439686
128,35.5,672.5433906969323
128,35.6,764.5615014912091
128,35.7,775.6150814193415
128,35.800000000000004,826.7274677299268
128,35.9,824.7032848267714
128,36.0,831.5149837116791
128,36.1,1057.9645329680245
128,36.2,834.6944499634812
128,36.300000000000004,681.5242851169676
128,36.4,770.5327092794539
128,36.5,656.8276623839843
128,36.6,755.7915687769778
128,36.7,608.8636843605971
128,36.800000000000004,780.0748671840067
128,36.9,842.4874359286094
128,37.0,952.6123945885998
128,37.1,808.3522227807201
128,37.2,790.8199481936007
128,37.300000000000004,645.9435790867253
128,37.4,787.8400623068633
128,37.5,838.5318160891119
128,37.6,721.6346530841396
128,37.7,717.3108423742341
128,37.800000000000004,829.0197955603568
128,37.9,847.6585980515969
128,38.0,848.0024745004446
128,38.1,862.1783356410222
128,38.2,772.2207181791301
128,38.300000000000004,820.5495802541157
128,38.400000000000006,878.0927375710761
128,38.5,950.4962098129253
128,38.6,772.2550416476856
128,38.7,750.0641471029426
128,38.800000000000004,690.3606991153067
128,38.900000000000006,743.2096062473988
128,39.0,840.3855316441222
128,39.1,799.4161095979038
128,39.2,814.7829482583328
128,39.300000000000004,847.5720171719883
128,39.400000000000006,839.9609303213286
128,39.5,822.7306614859037
128,39.6,792.91095095346
128,39.7,861.9811842751905
128,39.800000000000004,834.6099683762656
128,39.900000000000006,808.1285255191716
128,40.0,728.2142944021917
128,40.1,1056.2357754000361
128,40.2,799.9837523753033
128,40.300000000000004,702.7993643790402
128,40.400000000000006,674.2519327178208
128,40.5,684.1594392649931
128,40.6,904.6106084910891
128,40.7,749.87197678167
128,40.800000000000004,754.0123783996602
128,40.900000000000006,851.5855294002803
128,41.0,727.7710241287886
128,41.1,797.4761036644445
128,41.2,674.0666856522222
128,41.300000000000004,785.4911618713534
128,41.400000000000006,803.8556976887515
128,41.5,802.2504432311654
128,41.6,895.2494686485078
128,41.7,660.1433738351542
128,41.800000000000004,692.4582526216793
128,41.900000000000006,953.5339926938615
128,42.0,785.7812434162582
128,42.1,759.1955836731595
128,42.2,630.4684101878609
128,42.300000000000004,659.3680352609673
128,42.400000000000006,687.5051321099166
128,42.5,472.227504
128,42.6,613.8251495834803
128,42.7,764.7953500304917
128,42.800000000000004,572.84172479044
128,42.900000000000006,694.5271007804281
128,43.0,689.2052427591727
128,43.1,530.6869274184534
128,43.2,597.1771886467249
128,43.300000000000004,504.3515767051814
128,43.400000000000006,595.004343484092
128,43.5,678.3437645391355
128,43.6,782.8339904271961
128,43.7,754.9474113445349
128,43.800000000000004,733.3204966233365
128,43.900000000000006,580.9457411399765
128,44.0,671.8548799805936
128,44.1,671.3228946427661
128,44.2,700.7085278701203
128,44.300000000000004,764.586808639816
128,44.400000000000006,610.6635937903812
128,44.5,642.1860320227979
128,44.6,689.4347559280462
128,44.7,619.9973210815548
128,44.800000000000004,704.1509713583173
128,44.900000000000006,815.4175635802013
128,45.0,745.324609328064
128,45.1,633.3641422359628
128,45.2,621.3367677222798
128,45.300000000000004,748.4978230391812
128,45.400000000000006,765.0194307035895
128,45.5,771.110657255836
128,45.6,817.2297499733208
128,45.7,775.57676823983
128,45.800000000000004,781.1967745998195
128,45.900000000000006,744.3423632925995
128,46.0,683.7235891611723
128,46.1,706.3337282186944
128,46.2,515.9354272317061
128,46.300000000000004,617.5048482326575
128,46.400000000000006,793.8812825875106
128,46.5,751.364034504526
128,46.6,774.926256798982
128,46.7,809.2178420374639
128,46.800000000000004,711.6577624077781
128,46.900000000000006,731.4083969023366
128,47.0,665.9104841225414
128,47.1,713.8630303551764
128,47.2,789.1500345287895
128,47.300000000000004,729.0242676163003
128,47.400000000000006,488.5939922386428
128,47.5,612.1561653171921
128,47.6,711.2717251473156
128,47.7,661.0942596513285
128,47.800000000000004,684.243515498496
128,47.900000000000006,767.2629628631299
128,48.0,809.4179934827039
128,48.1,683.9929781234374
128,48.2,672.4272854732279
128,48.300000000000004,737.4065137552542
128,48.400000000000006,996.3689578541403
128,48.5,881.8470753042398
128,48.6,953.4805036967746
128,48.7,895.2883426229374
128,48.800000000000004,633.2299450607782
128,48.900000000000006,650.5691817322778
128,49.0,748.341410313912
128,49.1,773.0975548222516
128,49.2,546.6906647595665
128,49.300000000000004,449.552141344167
128,49.400000000000006,636.7420966522873
128,49.5,730.7220132494818
128,49.6,723.8600927236224
128,49.7,754.2141238034226
128,49.800000000000004,823.4335114453016
128,49.900000000000006,840.4532506256194
128,50.0,938.0517529946322
128,50.1,737.2454988960864
128,50.2,530.53160243469
128,50.300000000000004,721.2519259115604
128,50.400000000000006,743.5402772485289
128,50.5,762.4997745601688
128,50.6,854.6643173858075
128,50.7,820.235643887553
128,50.800000000000004,764.6297100423285
128,50.900000000000006,695.4323122508698
128,51.0,734.1409076687088
128,51.1,773.5465559108151
128,51.2,629.9912452363199
128,51.300000000000004,623.9004217157952
128,51.400000000000006,525.7271975085166
128,51.5,617.7772670999778
128,51.6,681.2951488497591
128,51.7,668.1362495499309
128,51.800000000000004,722.6297488853196
128,51.900000000000006,726.0664705972628
128,52.0,807.6953875480465
128,52.1,905.8855971132012
128,52.2,841.4618344569654
128,52.300000000000004,792.8496945156024
128,52.400000000000006,765.7886499315164
128,52.5,571.1147371776863
128,52.6,536.6085146717811
128,52.7,618.076539091454
128,52.800000000000004,688.8298656435034
128,52.900000000000006,700.9900427855647
128,53.0,654.8546668611963
128,53.1,541.4354531409103
128,53.2,442.3977695142608
128,53.300000000000004,638.698370408072
128,53.400000000000006,715.8411688480198
128,53.5,589.2421964676599
128,53.6,692.383375306546
128,53.7,714.3665071619583
128,53.800000000000004,699.8346466360061
128,53.900000000000006,910.1941105099727
128,54.0,919.8640914922389
128,54.1,821.5370421538481
128,54.2,684.3473232061643
128,54.300000000000004,550.2797498697302
128,54.400000000000006,620.3249233745802
128,54.5,657.693626560605
128,54.6,691.1613020815035
128,54.7,704.2469020733923
128,54.800000000000004,572.3917544680803
128,54.900000000000006,603.1302420299584
128,55.0,713.4319891150565
128,55.1,645.5576519231217
128,55.2,612.1371549522123
128,55.300000000000004,611.7753218910115
128,55.400000000000006,721.1413239702376
128,55.5,822.7035427536473
128,55.6,783.6141114052699
128,55.7,725.7900473266499
128,55.800000000000004,603.8499173518352
128,55.900000000000006,625.1881712303936
128,56.0,795.4197236658457
128,56.1,649.6109173612566
128,56.2,586.0934216068495
128,56.300000000000004,627.4611598244198
128,56.400000000000006,548.5217952616669
128,56.5,671.2645067060965
128,56.6,647.9028335096839
128,56.7,692.3063762077293
128,56.800000000000004,723.2809479003164
128,56.900000000000006,656.5959287776773
128,57.0,578.6855506789993
128,57.1,498.0993933950229
128,57.2,656.477273967213
128,57.300000000000004,672.9962765733616
128,57.400000000000006,645.8029623110959
128,57.5,643.0809384797863
128,57.6,594.63356169264
128,57.7,509.8078925525593
128,57.800000000000004,499.1817478662977
128,57.900000000000006,659.1250586880195
128,58.0,765.5434173033323
128,58.1,831.0974112868416
128,58.2,673.3669631180364
128,58.300000000000004,547.2889146329239
128,58.400000000000006,750.3043493223549
128,58.5,697.1387831813577
128,58.6,678.3318845031935
128,58.7,695.3817039373357
128,58.800000000000004,635.8301347187623
128,58.900000000000006,586.7649586242372
128,59.0,644.7492329167435
128,59.1,760.0450832411468
128,59.2,680.7272795339296
128,59.300000000000004,583.7937629150478
128,59.400000000000006,664.2242650771922
128,59.5,604.8042761340096
128,59.6,583.8512914628476
128,59.7,803.7407258085549
128,59.800000000000004,668.4153682377944
128,59.900000000000006,474.55889105174754
128,60.0,494.61524003670127
128,60.1,652.9018005002988
128,60.2,703.0463932601525
128,60.300000000000004,676.8634267560268
128,60.400000000000006,652.4446950252901
128,60.5,751.0725319115998
128,60.6,761.6296688898209
128,60.7,772.4975058723625
128,60.800000000000004,720.6323682793404
128,60.900000000000006,692.4550222169272
128,61.0,769.085428123789
128,61.1,686.0959852531184
128,61.2,699.3256371986985
128,61.300000000000004,715.5734841278911
128,61.400000000000006,830.689522634995
128,61.5,799.6124455496247
128,61.6,818.5499703865989
128,61.7,800.087690656418
128,61.800000000000004,661.856180587504
128,61.900000000000006,774.4758802821517
128,62.0,806.4532281096607
128,62.1,772.6344537530706
128,62.2,679.4019117875768
128,62.300000000000004,783.4241186536646
128,62.400000000000006,810.968865170746
128,62.5,673.876963821729
128,62.6,790.872679394345
128,62.7,724.4480628124633
128,62.800000000000004,480.902676554168
128,62.900000000000006,567.0008624872919
128,63.0,681.4792928223702
128,63.1,759.0569431287432
128,63.2,832.7796224187249
128,63.300000000000004,811.5393255882811
128,63.400000000000006,813.2945868154333
128,63.5,758.0939158644512
128,63.6,807.5577212141276
128,63.7,777.6558707704951
128,63.800000000000004,733.4378972872641
128,63.900000000000006,860.7506804993809
128,64.0,795.6151052354562
128,64.10000000000001,737.8472357524088
128,64.2,859.8446965805467
128,64.3,985.4866591133067
128,64.4,793.4942987279258
128,64.5,763.2901063181015
128,64.60000000000001,786.2101664659853
128,64.7,500.0843737967731
128,64.8,679.4144632801558
128,64.9,719.4292793305981
128,65.0,683.9722352875318
128,65.10000000000001,754.1149583576873
256,0.0,998.188
256,0.1,683.907470438128
256,0.2,751.8667021674565
256,0.30000000000000004,934.2272731836655
256,0.4,834.320473715327
256,0.5,861.7981645162134
256,0.6000000000000001,989.0212976503828
256,0.7000000000000001,786.17502223656
256,0.8,701.3690285958272
256,0.9,902.0214328858997
256,1.0,920.7214881198187
256,1.1,932.7574736824804
256,1.2000000000000002,997.7862017635417
256,1.3,979.2647231563593
256,1.4000000000000001,849.1677302467288
256,1.5,929.2688448637865
256,1.6,949.6428750297472
256,1.7000000000000002,990.4846148750843
256,1.8,949.6205949594564
256,1.9000000000000001,935.1361701953722
256,2.0,926.784993114851
256,2.1,716.7093514094117
256,2.2,739.7437111201109
256,2.3000000000000003,785.4929671896999
256,2.4000000000000004,807.4668749861238
256,2.5,862.4486508622024
256,2.6,1019.6329712817582
256,2.7,851.3004666308332
256,2.8000000000000003,858.9576214696843
256,2.9000000000000004,866.6440603081437
256,3.0,780.2755626991877
256,3.1,911.767383115383
256,3.2,963.8867997575861
256,3.3000000000000003,932.8758306524306
256,3.4000000000000004,827.3169928647627
256,3.5,808.6091366898593
256,3.6,853.6003727860043
256,3.7,933.5058535620437
256,3.8000000000000003,730.7821849784685
256,3.9000000000000004,718.0707107140818
256,4.0,900.6711833512396
256,4.1000000000000005,789.2307776025564
256,4.2,906.1161963171232
256,4.3,692.8439714240797
256,4.4,884.2802698854675
256,4.5,987.560359007099
256,4.6000000000000005,889.1935965273057
256,4.7,853.862681741007
256,4.800000000000001,872.5453978816124
256,4.9,778.8659410199774
256,5.0,810.9134338927022
256,5.1000000000000005,729.3812960558319
256,5.2,617.39879894194
256,5.300000000000001,701.1814453074998
256,5.4,681.3801475190378
256,5.5,717.0254159990089
256,5.6000000000000005,844.448023678517
256,5.7,852.1186341502797
256,5.800000000000001,804.7922835397266
256,5.9,633.855521083246
256,6.0,572.0406721191982
256,6.1000000000000005,694.1237908246181
256,6.2,821.2035473512344
256,6.300000000000001,891.900445609857
256,6.4,882.5802576426702
256,6.5,807.198910124405
256,6.6000000000000005,645.7393655262446
256,6.7,714.9154418413792
256,6.800000000000001,847.7271993646402
256,6.9,832.3065633069832
256,7.0,821.106436913901
256,7.1000000000000005,753.2683551532267
256,7.2,869.3759421526472
256,7.300000000000001,522.3318258581594
256,7.4,731.7871726693238
256,7.5,865.0912628135923
256,7.6000000000000005,598.1979667848157
256,7.7,653.8803335972394
256,7.800000000000001,653.6329158331521
256,7.9,860.2777423061729
256,8.0,933.6165498615155
256,8.1,749.0671777158783
256,8.200000000000001,829.6543420918398
256,8.3,862.7331609309948
256,8.4,698.0904200380136
256,8.5,596.6246537142205
256,8.6,718.6628859367812
256,8.700000000000001,821.4317699249488
256,8.8,844.98712793055
256,8.9,878.6654547495068
256,9.0,899.5874640648819
256,9.1,806.3013676578295
256,9.200000000000001,611.7646571774301
256,9.3,839.9549870772896
256,9.4,799.4233178281665
256,9.5,672.1126397082295
256,9.600000000000001,782.8502180647068
256,9.700000000000001,771.9220447889476
256,9.8,789.4986644081052
256,9.9,669.4017027818294
256,10.0,632.6129649497548
256,10.100000000000001,688.0174180007104
256,10.200000000000001,751.1894633970992
256,10.3,784.7574389766678
256,10.4,676.0905264299421
256,10.5,714.3820141343092
256,10.600000000000001,637.3142120894623
256,10.700000000000001,694.2466168725292
256,10.8,826.7277926607688
256,10.9,724.810654205019
256,11.0,602.2255321726825
256,11.100000000000001,570.3679129442814
256,11.200000000000001,559.2427713557104
256,11.3,771.1356056983897
256,11.4,749.3161663861695
256,11.5,667.2142965035965
256,11.600000000000001,643.4914318292464
256,11.700000000000001,537.307027690921
256,11.8,597.9394782668357
256,11.9,752.0647232429244
256,12.0,736.6713998341163
256,12.100000000000001,620.6483629508316
256,12.200000000000001,823.5752991731962
256,12.3,1161.0327501663792
256,12.4,802.0463197176462
256,12.5,660.557500060648
256,12.600000000000001,826.8977659078222
256,12.700000000000001,806.8836993639652
256,12.8,837.6203963874915
256,12.9,942.0711861048725
256,13.0,847.1002266925282
256,13.100000000000001,786.8142232792146
256,13.200000000000001,799.3234172682661
256,13.3,780.5501999657067
256,13.4,715.99320738588
256,13.5,589.4287583662752
256,13.600000000000001,709.843393670746
256,13.700000000000001,819.2482615544743
256,13.8,919.9112513682743
256,13.9,886.5191439303544
256,14.0,584.0310910515101
256,14.100000000000001,557.1239894885315
256,14.200000000000001,568.8215161257723
256,14.3,766.3918998054025
256,14.4,919.102206545288
256,14.5,895.6746129772993
256,14.600000000000001,827.4398088867312
256,14.700000000000001,768.9071774538118
256,14.8,879.5804579948567
256,14.9,692.2527930259402
256,15.0,647.4664877679379
256,15.100000000000001,746.746441631074
256,15.200000000000001,820.2526345039049
256,15.3,788.6915473733084
256,15.4,602.0785553104445
256,15.5,563.115452115272
256,15.600000000000001,614.8495958638747
256,15.700000000000001,756.6195291951049
256,15.8,871.4036881258178
256,15.9,781.6784447225472
256,16.0,753.1792854995581
256,16.1,692.3934931840543
256,16.2,600.312962573727
256,16.3,672.1310412837021
256,16.400000000000002,640.8873153451608
256,16.5,593.6811291559144
256,16.6,597.8847697110692
256,16.7,743.5810335309584
256,16.8,852.2341893545141
256,16.900000000000002,998.7603437434987
256,17.0,1042.2070831304695
256,17.1,828.9349558433554
256,17.2,900.9207520972952
256,17.3,881.856996190202
256,17.400000000000002,756.3618031058372
256,17.5,819.9003148845782
256,17.6,752.020881297486
256,17.7,716.709542445191
256,17.8,838.4406912535771
256,17.900000000000002,893.6570491316465
256,18.0,637.2631298817287
256,18.1,595.7294455967314
256,18.2,660.490924819744
256,18.3,692.4393027894453
256,18.400000000000002,799.6527326081215
256,18.5,779.4613250041685
256,18.6,967.7335128129047
256,18.7,866.1803975238403
256,18.8,695.1352588987819
256,18.900000000000002,789.9685188557295
256,19.0,795.2547734334443
256,19.1,925.1566530632821
256,19.200000000000003,885.6732312717741
256,19.3,660.185370489684
256,19.400000000000002,831.4766784468619
256,19.5,833.6048526023998
256,19.6,853.176372240738
256,19.700000000000003,933.6091967036699
256,19.8,956.2074569891807
256,19.900000000000002,815.0305516339803
256,20.0,705.8159441297669
256,20.1,735.392128040413
256,20.200000000000003,695.1579515927907
256,20.3,777.754861350344
256,20.400000000000002,877.9025456161618
256,20.5,782.2317462500982
256,20.6,533.4531337873627
256,20.700000000000003,683.0880757060372
256,20.8,791.0451615126815
256,20.900000000000002,832.3561044249285
256,21.0,662.3618405111757
256,21.1,630.586385837202
256,21.200000000000003,896.1512768998449
256,21.3,936.7935059379201
256,21.400000000000002,984.9138421568985
256,21.5,799.4697564174638
256,21.6,485.76710634242784
256,21.700000000000003,694.8392660296089
256,21.8,829.5898015133936
256,21.900000000000002,869.5014075551542
256,22.0,904.8671391482692
256,22.1,652.9299073737089
256,22.200000000000003,558.3252455625948
256,22.3,683.5876161860585
256,22.400000000000002,884.7985618205093
256,22.5,751.8746941554234
256,22.6,730.8908705019246
256,22.700000000000003,894.1491294121569
256,22.8,944.5538943785918
256,22.900000000000002,953.1310295520217
256,23.0,843.9287478744783
256,23.1,813.2535279654559
256,23.200000000000003,782.3646023505925
256,23.3,907.423679002542
256,23.400000000000002,887.2674946333508
256,23.5,746.6450950290691
256,23.6,592.8664393922766
256,23.700000000000003,499.0410665262277
256,23.8,780.7828086352372
256,23.900000000000002,1034.8635631869522
256,24.0,713.4986837500327
256,24.1,886.474181376781
256,24.200000000000003,869.2633514874325
256,24.3,827.839493968902
256,24.400000000000002,801.6946125681885
256,24.5,563.8876607513022
256,24.6,636.3962714042449
256,24.700000000000003,743.1943717723469
256,24.8,623.7933046006481
256,24.900000000000002,926.128387980884
256,25.0,824.2532397153817
256,25.1,802.5837421086575
256,25.200000000000003,895.6382018707332
256,25.3,812.7630517473248
256,25.400000000000002,785.8602277003866
256,25.5,876.0201737717726
256,25.6,786.8027102515107
256,25.700000000000003,784.6643835613861
256,25.8,873.3736104199521
256,25.900000000000002,929.8918216885053
256,26.0,999.3317483949171
256,26.1,881.6259406707275
256,26.200000000000003,742.1434149950124
256,26.3,852.7269141865079
256,26.400000000000002,969.1988479222546
256,26.5,886.0201193178705
256,26.6,717.3790336596172
256,26.700000000000003,764.3180610016785
256,26.8,603.1583742231047
256,26.900000000000002,705.9837657560633
256,27.0,890.1345067470229
256,27.1,867.9879837412153
256,27.200000000000003,837.5724449614412
256,27.3,874.5933684008928
256,27.400000000000002,782.3624998663619
256,27.5,655.7847465995777
256,27.6,826.226881065959
256,27.700000000000003,550.9643206362184
256,27.8,857.2399922055736
256,27.900000000000002,748.252524329201
256,28.0,719.0900720615589
256,28.1,921.6199029137564
256,28.200000000000003,785.4687592033882
256,28.3,771.4647419615233
256,28.400000000000002,885.9486941857501
256,28.5,861.2464553627151
256,28.6,527.2771187971078
256,28.700000000000003,559.6229651751306
256,28.8,608.6646214498077
256,28.900000000000002,802.365948818018
256,29.0,658.8394235914587
256,29.1,516.1946425161865
256,29.200000000000003,778.2703371521648
256,29.3,743.4962720159511
256,29.400000000000002,867.2986930262692
256,29.5,816.3651575521112
256,29.6,513.5758432591342
256,29.700000000000003,651.1190012644005
256,29.8,678.6740322315976
256,29.900000000000002,574.011592608308
256,30.0,987.7787996837312
256,30.1,853.9345835521808
256,30.200000000000003,651.7366313505644
256,30.3,870.9416775968233
256,30.400000000000002,866.1240801877832
256,30.5,889.0373215695241
256,30.6,849.6912060413741
256,30.700000000000003,722.225206288037
256,30.8,926.56887941826
256,30.900000000000002,756.6682186120883
256,31.0,792.2540138972911
256,31.1,617.4217599840921
256,31.200000000000003,831.3980543565601
256,31.3,957.519576341515
256,31.400000000000002,974.8332702396699
256,31.5,869.5177553271437
256,31.6,846.323450305979
256,31.700000000000003,914.0914902207086
256,31.8,685.674241754043
256,31.900000000000002,687.116717027032
256,32.0,836.887966488884
256,32.1,782.7211297175008
256,32.2,788.096123115286
256,32.300000000000004,680.9677451339203
256,32.4,932.172681387821
256,32.5,898.3804192441909
256,32.6,874.4086548678032
256,32.7,676.9090980568889
256,32.800000000000004,909.8983408197405
256,32.9,651.0841377072296
256,33.0,592.0578435568723
256,33.1,412.66855181059
256,33.2,549.7139441075498
256,33.300000000000004,895.1658347946786
256,33.4,808.8638140797079
256,33.5,869.0965799002586
256,33.6,594.5800071526971
256,33.7,727.4510211904363
256,33.800000000000004,723.1881099855143
256,33.9,903.8086560200634
256,34.0,965.0485787914581
256,34.1,908.2194002491768
256,34.2,819.1567631636383
256,34.300000000000004,535.8114791159128
256,34.4,1028.4685382162868
256,34.5,871.1220729496602
256,34.6,821.8805855102404
256,34.7,627.2439011895649
256,34.800000000000004,362.6619533150837
256,34.9,636.4711457873577
256,35.0,744.440001992416
256,35.1,910.1892151983085
256,35.2,846.6427717985832
256,35.300000000000004,941.9656993664274
256,35.4,799.3825623824672
256,35.5,836.7674527316253
256,35.6,979.2457401987979
256,35.7,907.4503855254303
256,35.800000000000004,937.3194561183075
256,35.9,784.0792532148685
256,36.0,689.368172962307
256,36.1,810.8609730194772
256,36.2,640.3814411705607
256,36.300000000000004,767.5033599813381
256,36.4,987.2337633627486
256,36.5,1035.2746252252425
256,36.6,876.4703758313234
256,36.7,890.1086191719239
256,36.800000000000004,567.0774741394139
256,36.9,806.1872905233791
256,37.0,406.64341033494736
256,37.1,861.1951955670952
256,37.2,775.7002980450299
256,37.300000000000004,621.0819983537573
256,37.4,985.7564239412387
256,37.5,1145.7713277733405
256,37.6,801.527377868709
256,37.7,507.6778761385398
256,37.800000000000004,800.061431701461
256,37.9,563.7381837088742
256,38.0,1001.0385497971128
256,38.1,877.4850092926476
256,38.2,589.5239965982915
256,38.300000000000004,755.9353261804671
256,38.400000000000006,868.2451160265186
256,38.5,844.3417725936479
256,38.6,573.6904361416954
256,38.7,857.6481157392619
256,38.800000000000004,534.5100990763161
256,38.900000000000006,631.8554597372431
256,39.0,732.003680057693
256,39.1,820.2152571236613
256,39.2,657.2338516913067
256,39.300000000000004,438.35746724892704
256,39.400000000000006,950.0867650937028
256,39.5,912.2012876926705
256,39.6,775.6713903449214
256,39.7,470.2948895377427
256,39.800000000000004,851.6615001365212
256,39.900000000000006,892.0863111842644
256,40.0,709.0638290934039
256,40.1,522.4460965399178
256,40.2,916.4765238654393
256,40.300000000000004,642.6952869664589
256,40.400000000000006,655.4929983674963
256,40.5,913.5423904470545
256,40.6,636.6457159013288
256,40.7,821.6448336287962
256,40.800000000000004,765.7580772599687
256,40.900000000000006,549.7087623500253
256,41.0,581.0221673674957
256,41.1,499.6236811716068
256,41.2,753.8227935701991
256,41.300000000000004,968.284925540221
256,41.400000000000006,806.281211689781
256,41.5,528.4256170650187
256,41.6,788.4281682299196
256,41.7,937.9916129488458
256,41.800000000000004,935.5116087951511
256,41.900000000000006,958.0350960412234
256,42.0,722.6191514815821
256,42.1,710.5769440064225
256,42.2,925.2519012949134
256,42.300000000000004,690.8154595397884
256,42.400000000000006,737.5117149201388
256,42.5,556.7991136293261
256,42.6,760.4229525382736
256,42.7,889.8056013535892
256,42.800000000000004,616.2888497997816
256,42.900000000000006,681.8551029103319
256,43.0,538.9435207076914
256,43.1,742.9100598799345
256,43.2,450.0301211894441
256,43.300000000000004,603.1309315218161
256,43.400000000000006,494.93371121120856
256,43.5,863.0906935959558
256,43.6,1036.7249083453041
256,43.7,605.4425437719102
256,43.800000000000004,919.4171111773857
256,43.900000000000006,897.9039109823615
256,44.0,828.5333640716908
256,44.1,908.2519691411361
256,44.2,915.7513426997823
256,44.300000000000004,1044.1495674141647
256,44.400000000000006,898.9155343076827
256,44.5,1033.5086453809818
256,44.6,988.9524566660635
256,44.7,912.8286931453848
256,44.800000000000004,718.7110574854548
256,44.900000000000006,851.5096309948532
256,45.0,984.772165626124
256,45.1,737.5936839214039
256,45.2,979.5924128398118
256,45.300000000000004,1010.4946555843527
256,45.400000000000006,1041.0225598408765
256,45.5,956.8740294589908
256,45.6,983.2826130621816
256,45.7,1049.6645643430743
256,45.800000000000004,933.1243777833832
256,45.900000000000006,897.2067585345895
256,46.0,864.9891410730397
256,46.1,944.0013263482125
256,46.2,914.8997507609802
256,46.300000000000004,972.1250944559538
256,46.400000000000006,1035.5956243545718
256,46.5,1037.3300977224126
256,46.6,1031.7353231741754
256,46.7,1048.7083877741095
256,46.800000000000004,989.9361408337835
256,46.900000000000006,1010.1815200591562
256,47.0,976.6879786193065
256,47.1,955.7025038228675
256,47.2,923.5583930541286
256,47.300000000000004,974.074177395744
256,47.400000000000006,796.742848500525
256,47.5,980.2541248555987
256,47.6,521.1795784598447
256,47.7,847.4824169902914
256,47.800000000000004,923.6335283881581
256,47.900000000000006,1027.9732790280327
256,48.0,928.1364463471979
256,48.1,951.9711285937522
256,48.2,987.6208441246819
256,48.300000000000004,854.6731685917036
256,48.400000000000006,912.6391105079324
256,48.5,795.4324290420806
256,48.6,856.0148160784094
256,48.7,949.3436587177705
256,48.800000000000004,980.8408775426883
256,48.900000000000006,985.0387009904426
256,49.0,785.2068364665007
256,49.1,884.8462108443688
256,49.2,947.5622767970856
256,49.300000000000004,1009.2612983551352
256,49.400000000000006,833.0386383355396
256,49.5,1029.2250901522225
256,49.6,1051.9220300918548
256,49.7,997.0442762642102
256,49.800000000000004,990.8423729236678
256,49.900000000000006,862.8406039135556
256,50.0,837.3231903039142
256,50.1,973.6182237679128
256,50.2,772.076168149585
256,50.300000000000004,783.4420342116574
256,50.400000000000006,889.4842424974198
256,50.5,978.2264974212321
256,50.6,972.9918549145515
256,50.7,979.5929262245295
256,50.800000000000004,1175.8893301793962
256,50.900000000000006,820.0799011246597
256,51.0,915.143474843651
256,51.1,943.5648856971684
256,51.2,909.7638145408719
256,51.300000000000004,950.6848133785631
256,51.400000000000006,979.2144012965127
256,51.5,914.8872084377919
256,51.6,871.4785157061011
256,51.7,912.8932522428261
256,51.800000000000004,858.6854907183139
256,51.900000000000006,896.4623722633958
256,52.0,814.4821317485151
256,52.1,1009.8081021745693
256,52.2,990.9611166730956
256,52.300000000000004,992.4499412379519
256,52.400000000000006,1027.3274754695574
256,52.5,1011.9198681672943
256,52.6,916.3032179828316
256,52.7,903.6079400927238
256,52.800000000000004,947.4959291849256
256,52.900000000000006,762.7073039811388
256,53.0,865.9442004334262
256,53.1,813.2669425614453
256,53.2,939.928531019704
256,53.300000000000004,894.8909038482927
256,53.400000000000006,853.6513265806974
256,53.5,949.5231719197708
256,53.6,927.3076768327322
256,53.7,933.3348147584136
256,53.800000000000004,647.2425265827256
256,53.900000000000006,895.6148464558607
256,54.0,1018.9237666152497
256,54.1,969.7733593980515
256,54.2,978.2130361774542
256,54.300000000000004,1018.664111105979
256,54.400000000000006,951.6738239683358
256,54.5,967.8410503803864
256,54.6,939.8116917595602
256,54.7,942.3750651761814
256,54.800000000000004,996.5464638584888
256,54.900000000000006,959.2314970069717
256,55.0,887.8445953966832
256,55.1,874.2033719570029
256,55.2,872.1676827454677
256,55.300000000000004,886.6117569255387
256,55.400000000000006,886.9888424465294
256,55.5,957.0924094221258
256,55.6,1033.531349308838
256,55.7,976.3397642449903
256,55.800000000000004,901.0214418526972
256,55.900000000000006,969.7771509180725
256,56.0,1026.2773895866674
256,56.1,1034.1945497797924
256,56.2,885.8930303263446
256,56.300000000000004,937.9782909632946
256,56.400000000000006,1107.5934483471922
256,56.5,988.7934064240429
256,56.6,932.1269752591593
256,56.7,983.3489442176664
256,56.800000000000004,993.9490030065442
256,56.900000000000006,995.7056108201325
256,57.0,967.6211029901121
256,57.1,963.3883689167079
256,57.2,987.7197610005996
256,57.300000000000004,972.576825509928
256,57.400000000000006,971.0224106900993
256,57.5,883.1565722479164
256,57.6,885.5292476242407
256,57.7,943.6471654867167
256,57.800000000000004,959.0766061039325
256,57.900000000000006,870.3087615707889
256,58.0,944.8001943627953
256,58.1,833.5384249638672
256,58.2,854.0948742460032
256,58.300000000000004,896.4938064961347
256,58.400000000000006,956.4655636795737
256,58.5,949.736877470591
256,58.6,1008.8395089618591
256,58.7,846.5510243383237
256,58.800000000000004,508.0307483570202
256,58.900000000000006,772.6062911965494
256,59.0,840.0817034071849
256,59.1,840.9524001703273
256,59.2,746.9390918247841
256,59.300000000000004,547.0605000728052
256,59.400000000000006,648.0840153781232
256,59.5,582.0707828791575
256,59.6,769.0605222881479
256,59.7,753.055071810717
256,59.800000000000004,800.3797660637199
256,59.900000000000006,749.9948329324875
256,60.0,846.0864970352368
256,60.1,821.0162723065379
256,60.2,872.4128069644642
256,60.300000000000004,994.7089800685941
256,60.400000000000006,942.0014577224858
256,60.5,696.9862751574319
256,60.6,711.5859135808452
256,60.7,816.7542412006276
256,60.800000000000004,659.4232934774606
256,60.900000000000006,498.3443071187593
256,61.0,604.8756882121681
256,61.1,821.9754959926382
256,61.2,931.9617297555801
256,61.300000000000004,985.0323293879035
256,61.400000000000006,971.5415522845796
256,61.5,918.6665367438538
256,61.6,899.6766708406408
256,61.7,968.1895781319272
256,61.800000000000004,992.4115065471581
256,61.900000000000006,931.4675040956618
256,62.0,932.1571570085366
256,62.1,973.7219092700913
256,62.2,931.8663675013271
256,62.300000000000004,722.1653902928706
256,62.400000000000006,744.5492416798668
256,62.5,978.6679540478331
256,62.6,1026.6201063271437
256,62.7,986.7430967890227
256,62.800000000000004,965.7333412291621
256,62.900000000000006,961.5701376812045
256,63.0,863.8815088852988
256,63.1,856.02145727048
256,63.2,975.7850168437768
256,63.300000000000004,968.3147678964783
256,63.400000000000006,940.2802186259918
256,63.5,888.3646609620523
256,63.6,871.2444143796357
256,63.7,1007.1618747755512
256,63.800000000000004,931.912635006815
256,63.900000000000006,845.8091719927952
256,64.0,919.730704327467
256,64.10000000000001,888.88762483229
256,64.2,713.3673987610953
256,64.3,747.6932070094487
256,64.4,1001.6410695673676
256,64.5,941.6213247713808
256,64.60000000000001,933.1802578415947
256,64.7,972.0885487805234
256,64.8,944.0262510522823
256,64.9,881.1254220096987
256,65.0,786.2877266445879
256,65.10000000000001,598.4435663583989
256,65.2,636.8089136639568
256,65.3,912.1894159786384
256,65.4,1054.4519950143251
256,65.5,970.522665427952
256,65.60000000000001,901.7941766741761
256,65.7,990.8202588659068
256,65.8,921.6658630406964
256,65.9,896.0481535263629
256,66.0,996.1745471396954
256,66.10000000000001,1017.738335170122
256,66.2,974.6837399107901
256,66.3,743.520829903445
256,66.4,635.4134358384529
256,66.5,876.3736683502725
256,66.60000000000001,966.8245747652072
256,66.7,935.5235037403199
256,66.8,937.0165050917882
256,66.9,942.1346287646503
256,67.0,928.0733421906366
256,67.10000000000001,964.558220229649
256,67.2,868.8651995294459
256,67.3,711.5930484116834
256,67.4,819.1916792437024
256,67.5,907.0187615410226
256,67.60000000000001,892.8337491244569
256,67.7,866.4664297363063
256,67.8,797.329588860778
256,67.9,875.220286897272
256,68.0,867.1038857417129
256,68.10000000000001,871.1316813324718
256,68.2,927.2805426705406
256,68.3,964.9420086622066
256,68.4,984.9126527385306
256,68.5,781.6623116895182
256,68.60000000000001,563.5619290926062
256,68.7,559.4058253600648
256,68.8,815.4967435783025
256,68.9,1002.5231031899937
256,69.0,1004.6011444368249
256,69.10000000000001,916.4608982479288
256,69.2,940.9489771365337
256,69.3,1015.5216567258917
256,69.4,929.635481749201
256,69.5,897.9991193106528
256,69.60000000000001,851.4898036335725
256,69.7,795.3041550352843
256,69.8,884.8105350633025
256,69.9,896.9317105620279
256,70.0,848.255579999143
256,70.10000000000001,806.3859261126914
256,70.2,804.9462967697518
256,70.3,975.7507237266535
256,70.4,907.9711078375519
256,70.5,764.2381259094373
256,70.60000000000001,818.9265956122489
256,70.7,856.2033526621084
256,70.8,779.3312511903381
256,70.9,929.9347310159626
256,71.0,941.5569466339629
256,71.10000000000001,852.7061079044913
256,71.2,960.152613975013
256,71.3,962.7582763845527
256,71.4,944.1520841964441
256,71.5,875.4920601771513
256,71.60000000000001,947.5084838290913
256,71.7,981.8553469818103
256,71.8,967.2671902771125
256,71.9,962.5764125855854
256,72.0,866.3519636799678
256,72.10000000000001,750.8595595279671
256,72.2,835.1880258726601
256,72.3,898.0624008425198
256,72.4,772.5090683985263
256,72.5,724.6267280968782
256,72.60000000000001,957.1089614448632
256,72.7,736.0765112964467
256,72.8,780.5404450857272
256,72.9,998.9925549120458
256,73.0,994.0605646079792
256,73.10000000000001,914.2020610989799
256,73.2,874.2995189903426
256,73.3,895.3118925519743
256,73.4,743.3295183963037
256,73.5,878.3506829048538
256,73.60000000000001,977.4976166487222
256,73.7,906.1024171296285
256,73.8,794.6170609140851
256,73.9,1012.2257776003663
256,74.0,916.9014155372412
256,74.10000000000001,830.1072361856573
256,74.2,940.7387516780078
256,74.3,823.7402502365609
256,74.4,856.1169935062749
256,74.5,992.3437519698796
256,74.60000000000001,998.1366872903791
256,74.7,958.894665439848
256,74.8,954.4213820933734
256,74.9,864.7600548773718
256,75.0,881.7847276436805
256,75.10000000000001,929.9520662601855
256,75.2,643.5553664259405
256,75.3,877.0664616022565
256,75.4,860.1549659742808
256,75.5,945.2462722984706
256,75.60000000000001,771.4579623621142
256,75.7,856.0061638583524
256,75.8,938.6206848222615
256,75.9,910.2483984726357
256,76.0,938.9885377765503
256,76.10000000000001,927.2259794131834
256,76.2,989.7799674140467
256,76.3,858.4361961565761
256,76.4,825.0406764046006
256,76.5,973.233965537654
256,76.60000000000001,1014.859072604597
256,76.7,898.5354160979323
256,76.80000000000001,640.8294619652673
256,76.9,891.3495382562871
256,77.0,857.740207745682
256,77.10000000000001,939.9450974290307
256,77.2,987.8207356053236
256,77.30000000000001,852.1823497531337
256,77.4,923.4451187953812
256,77.5,769.0614330569299
256,77.60000000000001,738.0658954020317
256,77.7,861.6861789216475
256,77.80000000000001,945.3327330083903
256,77.9,741.7086005488337
256,78.0,923.0574224563009
256,78.10000000000001,980.8254725487375
256,78.2,912.267369667193
256,78.30000000000001,1050.2068992139864
256,78.4,1000.6674098061154
256,78.5,937.3400488948187
256,78.60000000000001,947.4761601918995
256,78.7,970.3668578215143
256,78.80000000000001,974.8415483336647
256,78.9,1024.0906242612418
256,79.0,872.847373944385
256,79.10000000000001,741.3785494175568
256,79.2,838.8626214591703
256,79.30000000000001,949.8067886841776
256,79.4,896.1168581966351
256,79.5,828.9697031173828
256,79.60000000000001,943.6230178283164
256,79.7,853.2515246968993
256,79.80000000000001,671.6939776934396
256,79.9,1061.8374413526083
256,80.0,609.5003308912145
256,80.10000000000001,749.5906485817716
256,80.2,950.5742168169014
256,80.30000000000001,987.5555722510785
256,80.4,929.4533256851397
256,80.5,926.7548949484172
256,80.60000000000001,945.0778826207641
256,80.7,943.1477848920904
256,80.80000000000001,758.1555744263129
256,80.9,789.0731430974472
256,81.0,933.8552504722776
256,81.10000000000001,898.551811189935
256,81.2,871.0666945608881
256,81.30000000000001,926.5151714214688
256,81.4,641.8732149304433
256,81.5,734.4697620209142
256,81.60000000000001,840.4411029938437
256,81.7,748.537160120804
256,81.80000000000001,421.0439660175953
256,81.9,881.3963010740722
256,82.0,677.9934092549322
256,82.10000000000001,901.6787746016934
256,82.2,946.4657620662854
256,82.30000000000001,866.3805786619452
256,82.4,880.2337267585827
256,82.5,775.0190629591516
256,82.60000000000001,939.5570857613651
256,82.7,825.6161071760174
256,82.80000000000001,606.6696456518338
256,82.9,871.263389799257
256,83.0,928.9472333234114
256,83.10000000000001,777.6499419192493
256,83.2,851.3316244204847
256,83.30000000000001,763.621396670224
256,83.4,716.0417871752541
256,83.5,813.7556932467625
256,83.60000000000001,892.4486850796555
256,83.7,718.1829123295188
256,83.80000000000001,982.2940497749407
256,83.9,833.4048514642242
256,84.0,914.4948982671405
256,84.10000000000001,919.6355730072003
256,84.2,1065.7804486338214
256,84.30000000000001,781.9270519769963
256,84.4,824.6333485976115
256,84.5,916.8655912947428
256,84.60000000000001,902.8338994897849
256,84.7,880.5201352377471
256,84.80000000000001,1039.0379541572804
256,84.9,767.2060138322947
256,85.0,952.2963850532994
256,85.10000000000001,893.5101281045594
256,85.2,833.1343306018849
256,85.30000000000001,944.6132716309351
256,85.4,994.4990484968115
256,85.5,997.4617797922155
256,85.60000000000001,890.7895139685802
256,85.7,998.98821077616
256,85.80000000000001,856.6292470325353
256,85.9,872.1351728172968
256,86.0,965.8502704419114
256,86.10000000000001,937.1267135360122
256,86.2,887.6408976486897
256,86.30000000000001,797.3193200019157
256,86.4,929.952119207046
256,86.5,978.4349104383408
256,86.60000000000001,807.9927146656755
256,86.7,738.1975209188961
256,86.80000000000001,865.5412894492323
256,86.9,843.1253871947671
256,87.0,858.9390859614615
256,87.10000000000001,1027.3835227132784
256,87.2,986.7231445187546
256,87.30000000000001,814.6454573329675
256,87.4,1021.1297582172741
256,87.5,879.236782128532
256,87.60000000000001,748.5849772608841
256,87.7,996.1953095030876
256,87.80000000000001,1066.64202841958
256,87.9,960.6455859824852
256,88.0,641.3126638339314
256,88.10000000000001,687.9902737968379
256,88.2,842.1953307885467
256,88.30000000000001,852.6349150829006
256,88.4,485.06589534290686
256,88.5,531.5332402383425
256,88.60000000000001,860.1476229257141
256,88.7,986.1073530823672
256,88.80000000000001,933.2194987926728
256,88.9,832.651928956787
256,89.0,916.0816915693756
256,89.10000000000001,942.2118018499308
256,89.2,958.7014513399769
256,89.30000000000001,984.963806786504
256,89.4,586.6172812078805
256,89.5,882.6806666158479
256,89.60000000000001,548.1273016282428
256,89.7,851.5928033209789
256,89.80000000000001,903.083604694475
256,89.9,875.4620582302462
256,90.0,680.8687656323286
256,90.10000000000001,898.4821734804955
256,90.2,797.0244936704248
256,90.30000000000001,809.911275344461
256,90.4,981.0912916768191
256,90.5,853.768074589457
256,90.60000000000001,718.4594797932449
256,90.7,858.3160307988493
256,90.80000000000001,962.1519797376501
256,90.9,742.8850946392009
256,91.0,886.9974589477144
256,91.10000000000001,1037.334738786832
256,91.2,649.410119348292
256,91.30000000000001,689.133097823499
256,91.4,862.7938400213006
256,91.5,843.57209962768
256,91.60000000000001,708.3161790135458
256,91.7,776.5390068252694
256,91.80000000000001,1087.370939716597
256,91.9,996.7918411313767
256,92.0,973.1307015147581
256,92.10000000000001,487.7693827744967
256,92.2,605.282618575533
256,92.30000000000001,691.3722166608804
256,92.4,653.8141246806609
256,92.5,868.2611123152427
256,92.60000000000001,946.3864040485504
256,92.7,686.073958586938
256,92.80000000000001,878.6652306297603
256,92.9,647.790131442082
256,93.0,803.1701832241778
256,93.10000000000001,566.6935780812164
256,93.2,821.015790042451
256,93.30000000000001,896.4318179397658
256,93.4,674.0900568041305
256,93.5,789.5270655778272
256,93.60000000000001,744.6112870052199
256,93.7,936.8066716290979
256,93.80000000000001,630.4674096399627
256,93.9,541.9765179208284
256,94.0,623.5107500678478
256,94.10000000000001,895.5126329364352
256,94.2,781.7858099744876
256,94.30000000000001,757.026712506546
256,94.4,828.8801298871238
256,94.5,806.8779704142574
256,94.60000000000001,743.8791288960598
256,94.7,954.69926999527
256,94.80000000000001,1052.2058653913934
256,94.9,918.5144925360886
256,95.0,601.8908367656551
256,95.10000000000001,716.38538319615
256,95.2,875.1068727943112
256,95.30000000000001,864.8110805958029
256,95.4,718.9566523889168
256,95.5,747.0082855714643
256,95.60000000000001,762.6279066646349
256,95.7,706.4430119228937
256,95.80000000000001,798.6480199030414
256,95.9,881.2129932656009
256,96.0,894.5234846664829
256,96.10000000000001,840.7217079921156
256,96.2,768.4128758143979
256,96.30000000000001,867.9312193016257
256,96.4,860.9153396157191
256,96.5,683.5889216192323
256,96.60000000000001,894.1005463143032
256,96.7,977.8773423992125
256,96.80000000000001,936.5326761043083
256,96.9,820.8949831753991
256,97.0,628.2868979689048
256,97.10000000000001,685.9782180503064
256,97.2,926.4010184324476
256,97.30000000000001,776.1416480545209
256,97.4,774.62831818312
256,97.5,824.1034251532914
256,97.60000000000001,699.6611520400108
256,97.7,762.2763980270131
256,97.80000000000001,947.9399036343947
256,97.9,983.4067628999736
256,98.0,877.2741971108951
256,98.10000000000001,637.1499477511245
256,98.2,939.8713158139035
256,98.30000000000001,628.5156273793938
256,98.4,673.6026684642604
256,98.5,1048.7801898206726
256,98.60000000000001,874.5905433829521
256,98.7,904.3083256142102
256,98.80000000000001,902.1990679961613
256,98.9,957.0526717894282
256,99.0,921.5087432680261
256,99.10000000000001,923.0699570708997
256,99.2,954.2126200246763
256,99.30000000000001,912.7444040994998
256,99.4,736.5537090149271
256,99.5,780.7545276978623
256,99.60000000000001,973.2488107806865
256,99.7,1028.4582451338867
256,99.80000000000001,850.20441813062
256,99.9,763.2663081532829
256,100.0,867.826985305751
256,100.10000000000001,852.0720123267183
256,100.2,856.2552066255838
256,100.30000000000001,676.4685891864591
256,100.4,599.0619827428969
256,100.5,921.2357122552183
256,100.60000000000001,1027.509466149964
256,100.7,713.6526626462115
256,100.80000000000001,820.2450766957754
256,100.9,908.0586259282662
256,101.0,981.7470016577942
256,101.10000000000001,831.6385890231841
256,101.2,647.3235984731465
256,101.30000000000001,880.1114674829081
256,101.4,886.2139783024008
256,101.5,627.3816253974833
256,101.60000000000001,904.46917238624
256,101.7,828.227998854054
256,101.80000000000001,856.6272473340309
256,101.9,950.6054416047459
256,102.0,866.6816952192659
512,0.0,760.731
512,0.1,817.839546159196
512,0.2,729.2634812345866
512,0.30000000000000004,560.5549116766117
512,0.4,833.8168265959044
512,0.5,934.1554455137061
512,0.6000000000000001,904.8131412975332
512,0.7000000000000001,556.2916826493055
512,0.8,906.9178556392593
512,0.9,1020.2780644869877
512,1.0,817.8191564375966
512,1.1,843.230580530729
512,1.2000000000000002,781.344554357038
512,1.3,868.8329261776136
512,1.4000000000000001,816.2922613772289
512,1.5,649.9986829214259
512,1.6,797.2431299108655
512,1.7000000000000002,885.9768432550384
512,1.8,898.1026722355093
512,1.9000000000000001,860.5257721683711
512,2.0,591.1002275733464
512,2.1,388.28369903022696
512,2.2,651.7555392888075
512,2.3000000000000003,577.4960949978196
512,2.4000000000000004,863.0159986173608
512,2.5,513.4807422671325
512,2.6,456.85458178505183
512,2.7,532.1729285810235
512,2.8000000000000003,740.9087839920768
512,2.9000000000000004,786.8636169589792
512,3.0,620.6971063090318
512,3.1,569.9210937773289
512,3.2,609.525858745623
512,3.3000000000000003,792.1073620431124
512,3.4000000000000004,465.5108045939438
512,3.5,326.13214013186416
512,3.6,565.6638754748172
512,3.7,614.2269825546105
512,3.8000000000000003,715.0193532160125
512,3.9000000000000004,465.8357373808629
512,4.0,450.66440055404564
512,4.1000000000000005,764.1368261267268
512,4.2,652.8703167749829
512,4.3,560.7540349963647
512,4.4,585.2069135634035
512,4.5,848.8062093547143
512,4.6000000000000005,779.6114920153018
512,4.7,581.3330042816541
512,4.800000000000001,514.1448689575528
512,4.9,590.3548650850076
512,5.0,767.5135804493653
512,5.1000000000000005,842.1413266273091
512,5.2,522.096887273428
512,5.300000000000001,456.26704781855005
512,5.4,626.1163476787626
512,5.5,536.1664591452478
512,5.6000000000000005,539.2676203429481
512,5.7,627.9276727422102
512,5.800000000000001,843.7436114875983
512,5.9,842.0816809095386
512,6.0,693.422543975796
512,6.1000000000000005,550.6556162670184
512,6.2,756.5863986034511
512,6.300000000000001,826.7073701585035
512,6.4,586.813742231789
512,6.5,662.1910278513265
512,6.6000000000000005,857.6408727722308
512,6.7,979.2342516419221
512,6.800000000000001,761.0833965883156
512,6.9,717.1622667303366
512,7.0,657.5766296241619
512,7.1000000000000005,510.0038720134919
512,7.2,376.9474280881958
512,7.300000000000001,471.12018293941543
512,7.4,688.2862621603731
512,7.5,827.6951223134836
512,7.6000000000000005,853.8194362458561
512,7.7,688.8459387066341
512,7.800000000000001,491.4815808358573
512,7.9,722.3092344072311
512,8.0,635.6472662159363
512,8.1,694.4513406045346
512,8.200000000000001,826.2668780671934
512,8.3,607.9747995122484
512,8.4,778.399516708034
512,8.5,851.0739461066433
512,8.6,886.3779601361389
512,8.700000000000001,704.8568364536941
512,8.8,545.9098211474019
512,8.9,571.2646269684548
512,9.0,697.7147893503134
512,9.1,832.5828474667032
512,9.200000000000001,915.1103065012288
512,9.3,783.5258841163153
512,9.4,747.6385608240306
512,9.5,503.40072508867763
512,9.600000000000001,365.31980223596383
512,9.700000000000001,489.0444850168416
512,9.8,577.1487847929038
512,9.9,578.3479291137132
512,10.0,783.9853425295175
512,10.100000000000001,721.9141193002628
512,10.200000000000001,778.2297520380301
512,10.3,940.2487678156319
512,10.4,940.821386903171
512,10.5,720.0167816625614
512,10.600000000000001,538.520131538364
512,10.700000000000001,517.3987578545812
512,10.8,521.1288935458101
512,10.9,607.1987237456033
512,11.0,757.3985883565038
512,11.100000000000001,789.1825243119879
512,11.200000000000001,904.7073021893386
512,11.3,1057.04227944857
512,11.4,892.8641365233474
512,11.5,823.2879512482247
512,11.600000000000001,806.1286054082356
512,11.700000000000001,572.172974819855
512,11.8,655.3153968897707
512,11.9,734.8232107244603
512,12.0,910.7968277293007
512,12.100000000000001,728.8527121358568
512,12.200000000000001,657.4084496533933
512,12.3,843.9032903163868
512,12.4,683.8325631089374
512,12.5,692.648843744938
512,12.600000000000001,941.1838684641242
512,12.700000000000001,901.0875325452622
512,12.8,844.9858124022279
512,12.9,679.0742092018074
512,13.0,400.61989340880285
512,13.100000000000001,588.6095152228148
512,13.200000000000001,760.9957252706668
512,13.3,650.8889110503441
512,13.4,509.24542745513696
512,13.5,740.1425508059349
512,13.600000000000001,925.3780271210229
512,13.700000000000001,886.1109834613669
512,13.8,836.5054947916848
512,13.9,581.632534218988
512,14.0,566.512838928136
512,14.100000000000001,824.712178083338
512,14.200000000000001,941.9366100607441
512,14.3,804.5881537238728
512,14.4,730.1510586036655
512,14.5,639.8836653827499
512,14.600000000000001,658.9730691887739
512,14.700000000000001,672.8418437303951
512,14.8,689.9461765913258
512,14.9,654.2875074631828
512,15.0,675.4041459884093
512,15.100000000000001,697.9857113131607
512,15.200000000000001,398.84032991636957
512,15.3,656.0301245921443
512,15.4,818.7868466149891
512,15.5,860.2838130842457
512,15.600000000000001,859.1978070381481
512,15.700000000000001,725.7248279480423
512,15.8,901.7098623637987
512,15.9,660.6490919545466
512,16.0,614.8026619658589
512,16.1,916.2703759435177
512,16.2,840.8158478389199
512,16.3,818.2769639085594
512,16.400000000000002,846.2250896704904
512,16.5,827.7107095652339
512,16.6,914.9231526668759
512,16.7,883.2443122118259
512,16.8,863.4541106421815
512,16.900000000000002,981.3754284920248
512,17.0,787.8338230892915
512,17.1,548.5797164474229
512,17.2,549.6499274278957
512,17.3,650.1362994715761
512,17.400000000000002,771.6994883729526
512,17.5,635.4102973677105
512,17.6,570.5025141408688
512,17.7,781.1877407535836
512,17.8,964.5821715166992
512,17.900000000000002,802.2654054820309
512,18.0,804.1120475289149
512,18.1,895.325306818895
512,18.2,696.779679909605
512,18.3,643.057226057242
512,18.400000000000002,889.5268381666098
512,18.5,866.3064353870487
512,18.6,792.2382038480649
512,18.7,633.0122539234512
512,18.8,672.6835028781322
512,18.900000000000002,636.8446584361225
512,19.0,648.2382372543894
512,19.1,817.9633652809352
512,19.200000000000003,779.9290001133988
512,19.3,893.4332390199633
512,19.400000000000002,851.8700332332248
512,19.5,764.194824425826
512,19.6,901.6857491964706
512,19.700000000000003,1018.4224762381971
512,19.8,821.3889043540207
512,19.900000000000002,688.474257664919
512,20.0,923.8402783937904
512,20.1,846.2576919120245
512,20.200000000000003,696.6621410410349
512,20.3,784.3139647966466
512,20.400000000000002,692.4204356699398
512,20.5,563.1999901664145
512,20.6,726.1404577003674
512,20.700000000000003,658.4598873498963
512,20.8,713.36914157587
512,20.900000000000002,558.7715474031194
512,21.0,389.8266494454396
512,21.1,514.1562081387116
512,21.200000000000003,684.9417821456071
512,21.3,621.1532184264487
512,21.400000000000002,837.0072508024854
512,21.5,787.2618596970426
512,21.6,596.9856154408396
512,21.700000000000003,823.8072289274742
512,21.8,669.3723468152733
512,21.900000000000002,522.475149703308
512,22.0,901.3216487447684
512,22.1,783.3733799219872
512,22.200000000000003,773.2889573569358
512,22.3,755.457540562998
512,22.400000000000002,716.4842893245807
512,22.5,510.8610354256992
512,22.6,633.151149931771
512,22.700000000000003,414.7773594575128
512,22.8,567.3037185988708
512,22.900000000000002,715.797386605361
512,23.0,476.6122642665892
512,23.1,563.5675235864434
512,23.200000000000003,700.6302840691445
512,23.3,991.4570706361008
512,23.400000000000002,994.4201297609579
512,23.5,796.3517953270161
512,23.6,525.0587323286848
512,23.700000000000003,573.1653091071989
512,23.8,622.5356151031816
512,23.900000000000002,496.4553751083938
512,24.0,699.6870469681021
512,24.1,569.7298709004224
512,24.200000000000003,956.323749167784
512,24.3,571.484761180039
512,24.400000000000002,825.276898574237
512,24.5,502.1901793149285
512,24.6,433.8477718914823
512,24.700000000000003,612.8348245307565
512,24.8,712.9041606858938
512,24.900000000000002,761.2839091299837
512,25.0,1111.272447705443
512,25.1,912.4085377042989
512,25.200000000000003,481.1789172989206
512,25.3,780.1854706229478
512,25.400000000000002,526.3846346076624
512,25.5,536.6411550325546
512,25.6,456.7840309796578
512,25.700000000000003,561.9277741052404
512,25.8,578.3882789260642
512,25.900000000000002,724.7394528978408
512,26.0,881.0856102026379
512,26.1,614.980101552515
512,26.200000000000003,761.7622872421995
512,26.3,876.225820685644
512,26.400000000000002,576.7545740098875
512,26.5,497.39634273982256
512,26.6,554.9573370465124
512,26.700000000000003,993.0832166300589
512,26.8,934.0772992601414
512,26.900000000000002,787.4466632148611
512,27.0,486.2723628350629
512,27.1,527.1143903066203
512,27.200000000000003,596.8200856230378
512,27.3,756.7940656696236
512,27.400000000000002,929.1824210723919
512,27.5,869.2520110819758
512,27.6,557.5129967329104
512,27.700000000000003,955.3402898607276
512,27.8,728.4001762332064
512,27.900000000000002,589.9864731848035
512,28.0,955.5625042560338
512,28.1,468.16716105075676
512,28.200000000000003,844.4302985888828
512,28.3,920.4723764599966
512,28.400000000000002,660.0080806291556
512,28.5,449.89877010908157
512,28.6,993.7851746431285
512,28.700000000000003,563.893242006374
512,28.8,995.3720936507765
512,28.900000000000002,733.2052258885063
512,29.0,657.0834652927514
512,29.1,426.2924949677002
512,29.200000000000003,661.2874448750372
512,29.3,651.560203145153
512,29.400000000000002,652.4688974429982
512,29.5,778.3862223171685
512,29.6,837.5637100642382
512,29.700000000000003,407.03204008787355
512,29.8,941.6436881286355
512,29.900000000000002,411.31796886135135
512,30.0,442.9880737979962
512,30.1,660.402683232489
512,30.200000000000003,655.7526218451904
512,30.3,819.8505065231767
512,30.400000000000002,398.3204471702466
512,30.5,546.2548188737044
512,30.6,322.3782957894349
512,30.700000000000003,576.2651214605174
512,30.8,609.3364504083177
512,30.900000000000002,731.4953414627696
512,31.0,943.8521867400419
512,31.1,378.320047549477
512,31.200000000000003,433.9904119616303
512,31.3,414.7890602968109
512,31.400000000000002,861.1822217396717
512,31.5,1034.397189312017
512,31.6,560.8409085801535
512,31.700000000000003,509.4993050201025
512,31.8,783.0469025659768
512,31.900000000000002,546.7334901766484
512,32.0,1015.1776966586305
512,32.1,977.6791851216394
512,32.2,941.6722986386615
512,32.300000000000004,528.0874039641656
512,32.4,422.4851431349752
512,32.5,443.21491869126595
512,32.6,723.8700550895492
512,32.7,912.3450816296184
512,32.800000000000004,455.19345204487513
512,32.9,490.95443610084
512,33.0,540.871878958252
512,33.1,1081.4252114141111
512,33.2,814.4071819117305
512,33.300000000000004,684.4344052460508
512,33.4,690.6437463108743
512,33.5,1003.506298380181
512,33.6,893.5675842558385
512,33.7,670.2713502725303
512,33.800000000000004,375.14633506656224
512,33.9,596.3534989008181
512,34.0,885.0838561586236
512,34.1,549.4102471639223
512,34.2,639.0734957993792
512,34.300000000000004,394.0766404976611
512,34.4,915.8286017871848
512,34.5,475.81460154048114
512,34.6,868.9800069320462
512,34.7,897.8342396118113
512,34.800000000000004,553.704833555567
512,34.9,469.3690802582592
512,35.0,424.46685627592893
512,35.1,774.358726357649
512,35.2,967.7297906763358
512,35.300000000000004,522.6287663157689
512,35.4,512.5741133501556
512,35.5,1121.5485068632495
512,35.6,523.73305520527
512,35.7,574.6661591404948
512,35.800000000000004,742.9580425709295
512,35.9,539.5204312364644
512,36.0,953.9465161022885
512,36.1,805.2747565195175
512,36.2,421.4620274441493
512,36.300000000000004,371.39950328790536
512,36.4,830.8278662635468
512,36.5,539.7547345936674
512,36.6,334.40175662701887
512,36.7,910.4598486499816
512,36.800000000000004,450.0494191088129
512,36.9,463.8156234930288
512,37.0,506.19468548198824
512,37.1,866.3517292963521
512,37.2,479.45692684989547
512,37.300000000000004,818.4660904319857
512,37.4,684.6890207352689
512,37.5,1063.6202069363144
512,37.6,633.1125121237311
512,37.7,358.047226958952
512,37.800000000000004,784.0419544207639
512,37.9,537.3936895491299
512,38.0,613.079422039918
512,38.1,990.5384783532071
512,38.2,583.5072266946039
512,38.300000000000004,541.3114663061313
512,38.400000000000006,480.14598328238077
512,38.5,801.6259815900498
512,38.6,861.3723955117912
512,38.7,494.848381924725
512,38.800000000000004,467.84588741432367
512,38.900000000000006,570.5652060222343
512,39.0,606.8649705446524
512,39.1,407.6474835168571
512,39.2,916.3009558364448
512,39.300000000000004,558.0063917982526
512,39.400000000000006,535.2445884094886
512,39.5,488.426702989188
512,39.6,687.6435204218845
512,39.7,577.8279651513983
512,39.800000000000004,409.6255423485846
512,39.900000000000006,715.4651754124285
512,40.0,831.6436977077159
512,40.1,1034.3371488743908
512,40.2,626.060363300062
512,40.300000000000004,502.3136977571833
512,40.400000000000006,770.6717800085959
512,40.5,558.247281697724
512,40.6,577.9867293461814
512,40.7,468.9365873448008
512,40.800000000000004,847.4811543662125
512,40.900000000000006,912.2390138737234
512,41.0,784.2151339229833
512,41.1,844.4345423603831
512,41.2,989.3693192526391
512,41.300000000000004,1048.677453834116
512,41.400000000000006,688.3164927722527
512,41.5,974.9621094677165
512,41.6,1073.8319125135188
512,41.7,906.4721984591209
512,41.800000000000004,947.5976608441915
512,41.900000000000006,1016.2540729822407
512,42.0,809.3990975148414
512,42.1,850.195217916834
512,42.2,1024.945787523678
512,42.300000000000004,1032.8481126649413
512,42.400000000000006,787.6180750214228
512,42.5,842.2821807424666
512,42.6,864.4332556918964
512,42.7,1006.5045872484438
512,42.800000000000004,968.247335185318
512,42.900000000000006,817.9646260858318
512,43.0,795.6251831151693
512,43.1,637.4795522396098
512,43.2,870.3866215351293
512,43.300000000000004,978.4760186311509
512,43.400000000000006,766.5023921506528
512,43.5,971.5871815225762
512,43.6,928.5778640591593
512,43.7,938.1033844883589
512,43.800000000000004,626.902608246679
512,43.900000000000006,801.8059606664694
512,44.0,799.2124070451356
512,44.1,823.3064891420591
512,44.2,1030.7957190557825
512,44.300000000000004,1055.0441434794081
512,44.400000000000006,913.0060168023966
512,44.5,1017.9203452349786
512,44.6,689.9498157399328
512,44.7,818.6762044115582
512,44.800000000000004,820.6378313420353
512,44.900000000000006,719.0078672182203
512,45.0,792.1883256882483
512,45.1,485.40918540652547
512,45.2,753.9464548960354
512,45.300000000000004,898.4509756041479
512,45.400000000000006,986.8632519742699
512,45.5,1083.4724068810146
512,45.6,1019.5980878745272
512,45.7,1159.319012183938
512,45.800000000000004,654.8494664332021
512,45.900000000000006,682.125562552168
512,46.0,940.420300743738
512,46.1,839.5851415849589
512,46.2,889.2532257884455
512,46.300000000000004,882.6827603724253
512,46.400000000000006,879.1755413361556
512,46.5,956.76716817439
512,46.6,960.0162507919929
512,46.7,1065.5671407710163
512,46.800000000000004,1029.5965899211972
512,46.900000000000006,749.4737067499838
512,47.0,682.5624606940713
512,47.1,782.1146697010352
512,47.2,537.0859635893777
512,47.300000000000004,827.9399710183592
512,47.400000000000006,1001.8314474094628
512,47.5,781.7409921998769
512,47.6,940.0265584471671
512,47.7,1045.185922043657
512,47.800000000000004,983.8415233880734
512,47.900000000000006,1050.8001369444476
512,48.0,810.7823780874287
512,48.1,802.8350317638178
512,48.2,1022.3964239242355
512,48.300000000000004,691.0439182730784
512,48.400000000000006,791.4864646432286
512,48.5,1053.5200399018827
512,48.6,676.1955508398134
512,48.7,855.5721520570376
512,48.800000000000004,903.5321104713987
512,48.900000000000006,988.2793169045638
512,49.0,881.9917063517396
512,49.1,808.3947246911529
512,49.2,583.0165031969191
512,49.300000000000004,782.7668923463164
512,49.400000000000006,691.1722548734364
512,49.5,575.2483887925448
512,49.6,705.9195193060821
512,49.7,940.9829595893108
512,49.800000000000004,937.9472346330999
512,49.900000000000006,887.4614067837966
512,50.0,552.0908271145905
512,50.1,607.4647158947558
512,50.2,844.7939024741552
512,50.300000000000004,819.1068034291897
512,50.400000000000006,624.7547253531123
512,50.5,529.141494959852
512,50.6,654.0872384066458
512,50.7,748.9805247168514
512,50.800000000000004,752.5726759254624
512,50.900000000000006,820.097732531688
512,51.0,670.6426420439792
512,51.1,621.7813648366516
512,51.2,825.7412688784102
512,51.300000000000004,799.5075075927751
512,51.400000000000006,792.3928125891547
512,51.5,858.2852229006761
512,51.6,1038.929099244999
512,51.7,1016.1397284513314
512,51.800000000000004,901.4109141837558
512,51.900000000000006,671.8434414654627
512,52.0,495.3070526932808
512,52.1,532.8722466642866
512,52.2,689.7004400402168
512,52.300000000000004,903.1577377763708
512,52.400000000000006,1036.6613846170744
512,52.5,857.2297633223911
512,52.6,868.9889522604223
512,52.7,973.9033910494406
512,52.800000000000004,920.9115483702155
512,52.900000000000006,892.4604694808353
512,53.0,796.1228806164129
512,53.1,826.0464982392319
512,53.2,672.6938816994272
512,53.300000000000004,791.9390516911595
512,53.400000000000006,812.1013768102231
512,53.5,866.8968977943313
512,53.6,1028.5980150290482
512,53.7,783.7953582307396
512,53.800000000000004,805.000136711482
512,53.900000000000006,778.2106702540956
512,54.0,599.5481957984873
512,54.1,741.5181660096164
512,54.2,623.2885726279673
512,54.300000000000004,383.24062337472924
512,54.400000000000006,505.4386595852184
512,54.5,885.7719132141352
512,54.6,1047.5256276815778
512,54.7,930.9030853514656
512,54.800000000000004,721.6539339989841
512,54.900000000000006,666.1363667415457
512,55.0,605.0281768986
512,55.1,735.0209074328017
512,55.2,850.2368076434813
512,55.300000000000004,855.0485303223861
512,55.400000000000006,973.7957149954834
512,55.5,870.9629523708777
512,55.6,649.9997212430085
512,55.7,808.0677529053302
512,55.800000000000004,1023.8159316212702
512,55.900000000000006,961.3406432944968
512,56.0,800.3590037574918
512,56.1,871.7430098789674
512,56.2,745.4805193921906
512,56.300000000000004,627.2184765415079
512,56.400000000000006,794.5894660819112
512,56.5,790.7487415612718
512,56.6,885.7513126583507
512,56.7,755.0339067686285
512,56.800000000000004,786.4578350351559
512,56.900000000000006,813.8931968181087
512,57.0,722.8713791924528
512,57.1,953.4993813653779
512,57.2,830.3680089081396
512,57.300000000000004,637.7916145667382
512,57.400000000000006,526.9676060563553
512,57.5,539.6392086291579
512,57.6,701.1057157576628
512,57.7,793.4422201977218
512,57.800000000000004,951.0012873700368
512,57.900000000000006,757.4439978846442
512,58.0,753.0387229046904
512,58.1,917.493681159554
512,58.2,807.6418469936212
512,58.300000000000004,940.5422235517332
512,58.400000000000006,797.6245179160976
512,58.5,718.5544141549367
512,58.6,976.14458595851
512,58.7,1001.8574654327182
512,58.800000000000004,953.1809564875116
512,58.900000000000006,934.6581703632362
512,59.0,1028.3241041527215
512,59.1,827.2865281470744
512,59.2,791.3343466963981
512,59.300000000000004,1025.1204936409495
512,59.400000000000006,1058.249148677938
512,59.5,958.9451909316972
512,59.6,844.7226016938415
512,59.7,969.0848610736637
512,59.800000000000004,1039.9739984196995
512,59.900000000000006,893.1409764500897
512,60.0,603.742338651815
512,60.1,661.9373441032624
512,60.2,956.1348157741154
512,60.300000000000004,860.0548990325981
512,60.400000000000006,613.5021298712807
512,60.5,680.4691893535309
512,60.6,882.9962155894767
512,60.7,817.9272457484204
512,60.800000000000004,924.8551178399745
512,60.900000000000006,796.98353317311
512,61.0,799.8820326504847
512,61.1,712.1367429086939
512,61.2,605.2165396220149
512,61.300000000000004,607.2763520492092
512,61.400000000000006,758.9768010069553
512,61.5,590.9933052030639
512,61.6,556.323779602065
512,61.7,633.5609844452366
512,61.800000000000004,808.8192339631786
512,61.900000000000006,785.3469135994133
512,62.0,720.2185028814881
512,62.1,840.0299210182781
512,62.2,664.0778490600479
512,62.300000000000004,692.6665623327623
512,62.400000000000006,660.8995877447072
512,62.5,904.8971674882004
512,62.6,891.6069954849
512,62.7,823.248884073545
512,62.800000000000004,909.1881369120093
512,62.900000000000006,869.9070390406181
512,63.0,975.7307442094063
512,63.1,951.3364161123746
512,63.2,1008.0818108987509
512,63.300000000000004,1032.0405779358766
512,63.400000000000006,862.3390831804718
512,63.5,589.6598566116724
512,63.6,863.9319060759726
512,63.7,999.5260137804877
512,63.800000000000004,915.1867547518224
512,63.900000000000006,821.5025134478102
512,64.0,790.2177851951689
512,64.10000000000001,846.8259833087811
512,64.2,1003.0436034958376
512,64.3,973.4694949907249
512,64.4,903.2786408046859
512,64.5,874.640826821014
512,64.60000000000001,812.4359005227736
512,64.7,695.9954268933652
512,64.8,463.4883230618933
512,64.9,682.5163232812057
512,65.0,765.227253984282
512,65.10000000000001,660.8418465932049
512,65.2,579.6201953424683
512,65.3,752.1010648855143
512,65.4,765.4878404246223
512,65.5,872.9762019037456
512,65.60000000000001,973.0014562604763
512,65.7,812.189756742477
512,65.8,878.4191993986515
512,65.9,895.1744320972515
512,66.0,946.0467234455249
512,66.10000000000001,899.9993947820108
512,66.2,676.9909191591194
512,66.3,553.0316861602602
512,66.4,712.7213004695083
512,66.5,741.96196136912
512,66.60000000000001,726.0948107527753
512,66.7,828.954119526647
512,66.8,790.8314949574057
512,66.9,843.6883323335902
512,67.0,836.275554855041
512,67.10000000000001,967.9894447386049
512,67.2,834.1149073770297
512,67.3,736.5440148949086
512,67.4,776.7559393275784
512,67.5,901.1940758036815
512,67.60000000000001,924.1705122891399
512,67.7,683.0444967095561
512,67.8,579.277052573401
512,67.9,542.6944483354986
512,68.0,927.042242457811
512,68.10000000000001,1021.2430809763705
512,68.2,973.1455060918156
512,68.3,850.2429112107367
512,68.4,808.7925054798732
512,68.5,869.2711518090593
512,68.60000000000001,779.0617537934688
512,68.7,503.8885403116922
512,68.8,835.2299022020148
512,68.9,550.7513396630104
512,69.0,579.4965155028342
512,69.10000000000001,937.8218693439306
512,69.2,741.8807193066551
512,69.3,572.0173832686066
512,69.4,838.7673585757984
512,69.5,687.2532739507468
512,69.60000000000001,652.1010214723283
512,69.7,876.5952337682596
512,69.8,748.0520420749405
512,69.9,927.95429838307
512,70.0,930.5385430154022
512,70.10000000000001,890.9191390972566
512,70.2,731.6648500401502
512,70.3,928.1594449855033
512,70.4,563.9920339891735
512,70.5,862.7964840234745
512,70.60000000000001,882.9069344334458
512,70.7,615.1941868138392
512,70.8,855.6014916259955
512,70.9,725.2756739922836
512,71.0,653.01209955232
512,71.10000000000001,539.419580684727
512,71.2,613.3045611645899
512,71.3,894.1548223925926
512,71.4,699.8139656609546
512,71.5,1030.1161784902959
512,71.60000000000001,917.0955820479219
512,71.7,947.302317142335
512,71.8,543.7956790105825
512,71.9,992.5187643945737
512,72.0,716.9300696908834
512,72.10000000000001,1026.4335727014807
512,72.2,903.1677760276733
512,72.3,517.3110624618771
512,72.4,875.5907345849199
512,72.5,978.8277078922785
512,72.60000000000001,935.3151521271085
512,72.7,686.4082811898891
512,72.8,968.2926013708588
512,72.9,809.301920339329
512,73.0,992.0057201215171
512,73.10000000000001,753.8860163317448
512,73.2,645.5685542007144
512,73.3,946.6136729109911
512,73.4,582.6845111789133
512,73.5,458.55267554486335
512,73.60000000000001,720.2831928403284
512,73.7,733.510404629742
512,73.8,927.8534699170777
512,73.9,578.6746690372232
512,74.0,760.1481433841532
512,74.10000000000001,526.1897880795069
512,74.2,844.3255314789526
512,74.3,586.3926107335046
512,74.4,770.9713053855652
512,74.5,441.86584187281255
512,74.60000000000001,1056.688476249134
512,74.7,1070.6503349705163
512,74.8,844.9309621837202
512,74.9,741.973942891494
512,75.0,613.2409097749734
512,75.10000000000001,688.5211217504004
512,75.2,783.0498347080055
512,75.3,1011.5639968118616
512,75.4,925.1756335702466
512,75.5,709.6528026342683
512,75.60000000000001,862.9915622729218
512,75.7,724.4517605139587
512,75.8,652.269131810673
512,75.9,540.384884768128
512,76.0,835.8122362545881
512,76.10000000000001,723.4454170834458
512,76.2,965.9541981090276
512,76.3,819.0513235252732
512,76.4,762.3831094756472
512,76.5,895.7971418869039
512,76.60000000000001,792.8726624989134
512,76.7,622.7426209009709
512,76.80000000000001,455.07076765030723
512,76.9,539.6636974813795
512,77.0,413.0514514903281
512,77.10000000000001,891.555737326367
512,77.2,887.3648478260889
512,77.30000000000001,924.5230405704993
512,77.4,620.2436687047185
512,77.5,1017.7868776687935
512,77.60000000000001,964.094770784619
512,77.7,620.0572982834602
512,77.80000000000001,595.3310702753785
512,77.9,681.3817794463617
512,78.0,750.8202377022827
512,78.10000000000001,526.1769267754161
512,78.2,603.7007186267655
512,78.30000000000001,737.0522800621472
512,78.4,1006.1469814914934
512,78.5,960.1482520898729
512,78.60000000000001,612.168464697516
512,78.7,766.624670993311
512,78.80000000000001,736.7428104344216
512,78.9,681.4080378580725
512,79.0,1022.7238979212668
512,79.10000000000001,786.3007602532338
512,79.2,680.5691172656701
512,79.30000000000001,758.4598585489599
512,79.4,874.0892507164934
512,79.5,899.488558399333
512,79.60000000000001,479.1650529992139
512,79.7,654.5833537564264
512,79.80000000000001,411.0707247115632
512,79.9,392.77062372417544
512,80.0,351.71858999399757
512,80.10000000000001,686.2511940812537
512,80.2,474.5468549359656
512,80.30000000000001,615.2883115744883
512,80.4,669.9007681792007
512,80.5,439.57160328905695
512,80.60000000000001,560.3258464919872
512,80.7,583.9729369689022
512,80.80000000000001,644.9445156165281
512,80.9,810.2181382275443
512,81.0,386.41875980050565
512,81.10000000000001,795.9916580686868
512,81.2,519.563628728165
512,81.30000000000001,937.5903862932189
512,81.4,724.5201794571457
512,81.5,736.7362751669066
512,81.60000000000001,346.5159616916619
512,81.7,986.6411776164815
512,81.80000000000001,640.7617656316802
512,81.9,860.4389164845034
512,82.0,293.2506094693714
512,82.10000000000001,444.3976875099897
512,82.2,987.7213054580087
512,82.30000000000001,332.26810620970565
512,82.4,622.9387142412343
512,82.5,847.2815336561259
512,82.60000000000001,870.2132005413314
512,82.7,404.25191941941614
512,82.80000000000001,737.4485219110657
1024,0.0,794.684
1024,0.1,926.9879145304683
1024,0.2,484.10376269311826
1024,0.30000000000000004,751.5790199882252
1024,0.4,841.0353845802072
1024,0.5,788.3789278677123
1024,0.6000000000000001,391.33250126966993
1024,0.7000000000000001,1014.1263740888231
1024,0.8,1029.7192356738756
1024,0.9,810.7915714720402
1024,1.0,813.1458575317929
1024,1.1,730.6928204766859
1024,1.2000000000000002,795.114800809538
1024,1.3,835.0295617687833
1024,1.4000000000000001,991.1014327203455
1024,1.5,810.6105573255841
1024,1.6,741.0376919154552
1024,1.7000000000000002,769.4451952163961
1024,1.8,788.0660627727526
1024,1.9000000000000001,975.4144183662291
1024,2.0,775.4491230521506
1024,2.1,961.0002607408434
1024,2.2,903.1910884831331
1024,2.3000000000000003,813.6923359292844
1024,2.4000000000000004,908.6036769760699
1024,2.5,476.06580735662624
1024,2.6,614.1298839332351
1024,2.7,483.19525858220095
1024,2.8000000000000003,768.5018601571405
1024,2.9000000000000004,474.3608140013742
1024,3.0,742.5344602347303
1024,3.1,530.3224712482937
1024,3.2,690.3772199585524
1024,3.3000000000000003,720.7109927056489
1024,3.4000000000000004,427.14533309864396
1024,3.5,771.2892081022512
1024,3.6,1091.122383335712
1024,3.7,857.0924932330354
1024,3.8000000000000003,737.9033476844135
1024,3.9000000000000004,471.07325036409827
1024,4.0,477.24420860523384
1024,4.1000000000000005,860.7314823591086
1024,4.2,1021.7630870505175
1024,4.3,829.0727145438618
1024,4.4,437.57580670342554
1024,4.5,820.6537186780993
1024,4.6000000000000005,646.4403603406931
1024,4.7,559.333619517901
1024,4.800000000000001,858.9345473906618
1024,4.9,539.5916413874448
1024,5.0,265.99152302109104
1024,5.1000000000000005,819.0774671918634
1024,5.2,605.8632083007601
1024,5.300000000000001,807.8231921136173
1024,5.4,881.4155934445123
1024,5.5,735.2147523552266
1024,5.6000000000000005,769.6487806482969
1024,5.7,618.1895305920013
1024,5.800000000000001,950.3823327279529
1024,5.9,690.9585159912413
1024,6.0,395.0461481917261
1024,6.1000000000000005,772.6738293105084
1024,6.2,900.2493417057127
1024,6.300000000000001,867.0455914455877
1024,6.4,523.409439056929
1024,6.5,784.6761948881028
1024,6.6000000000000005,895.416557687551
1024,6.7,520.2316001293603
1024,6.800000000000001,786.083146275772
1024,6.9,703.1119373159448
1024,7.0,693.8355270289246
1024,7.1000000000000005,989.0807788210984
1024,7.2,849.4843475334393
1024,7.300000000000001,421.13560202867825
1024,7.4,627.3086678399175
1024,7.5,1005.1543666249837
1024,7.6000000000000005,687.942359507381
1024,7.7,340.77439424488045
1024,7.800000000000001,762.3982157376389
1024,7.9,1084.4117058693541
1024,8.0,831.8088456158482
1024,8.1,482.3495996556213
1024,8.200000000000001,647.6018444863125
1024,8.3,626.0458203623303
1024,8.4,660.3166628092298
1024,8.5,595.1354246094189
1024,8.6,395.450172094339
1024,8.700000000000001,533.8687359660432
1024,8.8,538.4676605563111
1024,8.9,619.2958535756069
1024,9.0,683.4284339121051
1024,9.1,451.0902595735568
1024,9.200000000000001,670.5579459144587
1024,9.3,927.4434031104316
1024,9.4,834.9364222154047
1024,9.5,738.7734510904426
1024,9.600000000000001,512.848735936535
1024,9.700000000000001,656.945564375198
1024,9.8,829.4216018880358
1024,9.9,790.0308888049123
1024,10.0,722.6253421337295
1024,10.100000000000001,668.9785622460478
1024,10.200000000000001,724.045733243289
1024,10.3,551.7700871883778
1024,10.4,353.2303295693899
1024,10.5,633.6346635237956
1024,10.600000000000001,725.6293561956782
1024,10.700000000000001,381.63588063607716
1024,10.8,665.6013176161149
1024,10.9,736.5794238796448
1024,11.0,610.2303007819553
1024,11.100000000000001,963.8960849044213
1024,11.200000000000001,844.0066272707965
1024,11.3,692.5035470271431
1024,11.4,805.4870968336671
1024,11.5,737.9978924759872
1024,11.600000000000001,868.1557917348033
1024,11.700000000000001,1018.4481465633486
1024,11.8,1050.5148915732939
1024,11.9,714.0115888008438
1024,12.0,572.5011416718266
1024,12.100000000000001,952.4838568638776
1024,12.200000000000001,814.7478733371544
1024,12.3,410.19350547917065
1024,12.4,499.95258998375476
1024,12.5,777.8747885627306
1024,12.600000000000001,808.8436683250873
1024,12.700000000000001,867.6084523269573
1024,12.8,961.6023191893794
1024,12.9,822.70647170027
1024,13.0,745.6332217248895
1024,13.100000000000001,810.5926047774554
1024,13.200000000000001,829.5462334375569
1024,13.3,603.8989814191889
1024,13.4,511.9147270788368
1024,13.5,868.4456601767846
1024,13.600000000000001,788.4809808637406
1024,13.700000000000001,772.4216233119054
1024,13.8,658.0907295629322
1024,13.9,584.620785693583
1024,14.0,797.7961654499827
1024,14.100000000000001,598.9498371896219
1024,14.200000000000001,904.7414371365578
1024,14.3,740.2562273688774
1024,14.4,451.9646063458505
1024,14.5,655.7636861278052
1024,14.600000000000001,678.4099454613977
1024,14.700000000000001,942.2917992596183
1024,14.8,789.503940300927
1024,14.9,945.3399693242732
1024,15.0,804.8134719496394
1024,15.100000000000001,626.4509554815991
1024,15.200000000000001,382.8361231969098
1024,15.3,688.7406266463141
1024,15.4,866.353879295977
1024,15.5,637.5564270106113
1024,15.600000000000001,941.1524862025764
1024,15.700000000000001,825.8221774483445
1024,15.8,589.3852600275374
1024,15.9,529.1523580480339
1024,16.0,458.62319904713
1024,16.1,725.7654364840107
1024,16.2,824.8981542867394
1024,16.3,551.2788590955894
1024,16.400000000000002,765.7326326139531
1024,16.5,527.7747992999027
1024,16.6,558.8056842257344
1024,16.7,934.3375068427522
1024,16.8,589.4680020857667
1024,16.900000000000002,847.8928307130859
1024,17.0,760.3579631269772
1024,17.1,653.7861812291444
1024,17.2,712.398957413603
1024,17.3,420.6238373297455
1024,17.400000000000002,436.5503481715615
1024,17.5,862.5242442574602
1024,17.6,598.2666926308219
1024,17.7,437.0356048286356
1024,17.8,645.1241030656107
1024,17.900000000000002,490.11797917651523
1024,18.0,870.7802513252587
1024,18.1,792.2048053078535
1024,18.2,704.9271073828261
1024,18.3,524.8076075144138
1024,18.400000000000002,515.1394064207926
1024,18.5,939.5827593143798
1024,18.6,660.9634602877845
1024,18.7,708.2632285082723
1024,18.8,587.0984321091781
1024,18.900000000000002,1013.5005069689015
1024,19.0,962.7562955118219
1024,19.1,753.322410173704
1024,19.200000000000003,753.9963834733504
1024,19.3,539.1646326745323
1024,19.400000000000002,406.5186809975423
1024,19.5,686.9601173913354
1024,19.6,1039.781542144388
1024,19.700000000000003,965.2349867305044
1024,19.8,589.3962080548617
1024,19.900000000000002,760.4038878211054
1024,20.0,1031.5350605685326
1024,20.1,869.6107146759709
1024,20.200000000000003,474.4007550921002
1024,20.3,609.5419989885283
1024,20.400000000000002,560.7876898249757
1024,20.5,539.1102669545933
1024,20.6,998.7025189004512
1024,20.700000000000003,904.8790869114667
1024,20.8,779.7170083559381
1024,20.900000000000002,324.9323422765118
1024,21.0,448.38112708281227
1024,21.1,950.7118053889187
1024,21.200000000000003,636.7748648320572
1024,21.3,680.21210397515
1024,21.400000000000002,718.2012362714586
1024,21.5,920.0710158246139
1024,21.6,527.9995775374657
1024,21.700000000000003,416.2395983273228
1024,21.8,451.16441526900525
1024,21.900000000000002,792.5194604651505
1024,22.0,543.3903883565324
1024,22.1,862.6435668812763
1024,22.200000000000003,680.6345088799453
1024,22.3,873.997805070778
1024,22.400000000000002,761.3701233634981
1024,22.5,752.1928404792469
1024,22.6,930.3306595034918
1024,22.700000000000003,583.1177242953543
1024,22.8,728.7537874232353
1024,22.900000000000002,1040.7748863910172
1024,23.0,1036.5851855700544
1024,23.1,956.5398536925449
1024,23.200000000000003,575.9813685548087
1024,23.3,1134.3456438199846
1024,23.400000000000002,1071.3974461528276
1024,23.5,568.4309835297144
1024,23.6,486.03082745957903
1024,23.700000000000003,746.11669197822
1024,23.8,771.0443302182621
1024,23.900000000000002,564.2925537603646
1024,24.0,928.5628864100358
1024,24.1,985.8596827398338
1024,24.200000000000003,997.1189468540168
1024,24.3,391.6066570771115
1024,24.400000000000002,844.2271247730963
1024,24.5,922.1641626335986
1024,24.6,891.5079901484137
1024,24.700000000000003,777.5252495327728
1024,24.8,1061.7165498548134
1024,24.900000000000002,702.158520129766
1024,25.0,638.3115378335629
1024,25.1,359.5212186046608
1024,25.200000000000003,292.4463571160368
1024,25.3,498.5072220681317
1024,25.400000000000002,925.6402268365916
1024,25.5,538.9574533899012
1024,25.6,460.57015358494414
1024,25.700000000000003,369.5443996802908
1024,25.8,604.6164720654854
1024,25.900000000000002,821.1969919432215
1024,26.0,600.0750691281037
1024,26.1,444.2761354766862
1024,26.200000000000003,894.5151097127305
1024,26.3,692.0839656818641
1024,26.400000000000002,1076.87103259096
1024,26.5,532.4001536608256
1024,26.6,441.7007089711923
1024,26.700000000000003,1160.3193833889125
1024,26.8,850.2607544083816
1024,26.900000000000002,573.994342150401
1024,27.0,676.0082585050706
1024,27.1,600.6976984881836
1024,27.200000000000003,1088.3283344928284
1024,27.3,762.421710335672
1024,27.400000000000002,501.48067621791927
1024,27.5,493.4460629638012
1024,27.6,1116.879890485694
1024,27.700000000000003,968.5900785178906
1024,27.8,727.6465707225946
1024,27.900000000000002,466.02179078599016
1024,28.0,318.9352457048931
1024,28.1,802.098947164316
1024,28.200000000000003,664.235346776524
1024,28.3,919.7277012454227
1024,28.400000000000002,523.9913382381053
1024,28.5,1172.2384664435206
1024,28.6,657.3504190878302
1024,28.700000000000003,735.8351174320169
1024,28.8,701.7946293406736
1024,28.900000000000002,1014.3811338269388
1024,29.0,708.762507989557
1024,29.1,270.6315117981352
1024,29.200000000000003,330.7132719589926
1024,29.3,444.7742668813725
1024,29.400000000000002,1103.7508832729784
1024,29.5,930.9196322877965
1024,29.6,651.1212072608687
1024,29.700000000000003,706.2160153481012
1024,29.8,341.51919686930665
1024,29.900000000000002,538.8027899710492
1024,30.0,292.3198584810145
1024,30.1,749.9038519508919
1024,30.200000000000003,1101.5609466634862
1024,30.3,949.9313425876757
1024,30.400000000000002,596.5641917792196
1024,30.5,307.441487012492
1024,30.6,1039.0489486153176
1024,30.700000000000003,1082.3485707952266
1024,30.8,705.8874290023963
1024,30.900000000000002,457.184490407838
1024,31.0,398.5643269147849
1024,31.1,775.1151743085694
1024,31.200000000000003,629.7189324417528
1024,31.3,547.5418999352096
1024,31.400000000000002,394.4574784738204
1024,31.5,260.0018776860843
1024,31.6,1011.4935087093515
1024,31.700000000000003,737.0478049632322
1024,31.8,538.9532995168709
1024,31.900000000000002,454.72055586715487
1024,32.0,431.1706791286387
1024,32.1,690.6671396921311
1024,32.2,845.2808909809113
1024,32.300000000000004,1023.5569419892762
1024,32.4,497.19293659961073
1024,32.5,662.6119438326175
1024,32.6,639.2624128498168
1024,32.7,722.7403182539581
1024,32.800000000000004,530.080739437993
1024,32.9,341.3336921740917
1024,33.0,882.5595402482866
1024,33.1,589.9152812782767
1024,33.2,667.4002551275773
1024,33.300000000000004,607.9266559565258
1024,33.4,1034.0631203674404
1024,33.5,1082.5518253042903
1024,33.6,541.7240600685575
1024,33.7,639.5055888868005
1024,33.800000000000004,403.51746596951915
1024,33.9,864.0051571090219
1024,34.0,700.1202668443962
1024,34.1,810.0140979112088
1024,34.2,1066.0569612230584
1024,34.300000000000004,1031.1948762329089
1024,34.4,839.4425285977268
1024,34.5,947.2056397514935
1024,34.6,654.0794712617442
1024,34.7,933.7051080097915
1024,34.800000000000004,758.4747792929878
1024,34.9,1067.8782247087922
1024,35.0,751.8185240757512
1024,35.1,1123.0113134840594
1024,35.2,1071.9903512744092
1024,35.300000000000004,870.3408919519229
1024,35.4,1047.0278580811366
1024,35.5,477.1985181163562
1024,35.6,754.1401024618219
1024,35.7,958.0207681206715
1024,35.800000000000004,978.2586883817335
1024,35.9,909.3567095007463
1024,36.0,858.1065018400963
1024,36.1,433.9838888422047
1024,36.2,629.7859970978703
1024,36.300000000000004,681.8944198740382
1024,36.4,324.65806715501566
1024,36.5,329.3792480216413
1024,36.6,871.7426965253105
1024,36.7,1027.3607956529954
1024,36.800000000000004,371.4464011176741
1024,36.9,1074.0587333033081
1024,37.0,502.56785016245516
1024,37.1,697.5561551088798
1024,37.2,864.1247479830381
1024,37.300000000000004,562.6039212550083
1024,37.4,739.921534219513
1024,37.5,556.4613563646933
1024,37.6,245.66821805841624
1024,37.7,756.961034508314
1024,37.800000000000004,712.9110152253194
1024,37.9,804.5196557427179
1024,38.0,806.4448523382241
1024,38.1,1117.8476106611722
1024,38.2,381.69110803148885
1024,38.300000000000004,779.7755550278937
1024,38.400000000000006,829.6999630643544
1024,38.5,924.7050396305905
1024,38.6,379.51150569934015
1024,38.7,933.2639323622906
1024,38.800000000000004,828.5879995197874
1024,38.900000000000006,761.9701427005201
1024,39.0,662.4627180724614
1024,39.1,392.90589687797313
1024,39.2,631.8278216821642
1024,39.300000000000004,386.66353036526965
1024,39.400000000000006,548.2356497742676
1024,39.5,300.4852311984017
1024,39.6,630.5343391947199
1024,39.7,339.5734980634858
1024,39.800000000000004,270.6785564696689
1024,39.900000000000006,259.10111982916186
1024,40.0,858.3711102708135
1024,40.1,823.8201114324066
1024,40.2,836.3922393707162
1024,40.300000000000004,1001.3771351995676
1024,40.400000000000006,714.0214890898449
1024,40.5,689.1049342466602
1024,40.6,324.34615937664586
1024,40.7,241.94575108222685
1024,40.800000000000004,590.6246563703229
1024,40.900000000000006,603.445595599744
1024,41.0,410.47581723232634
1024,41.1,283.2659953825613
1024,41.2,583.044685796651
1024,41.300000000000004,949.3117737154282
1024,41.400000000000006,849.598320994384
1024,41.5,1045.0719226136039
1024,41.6,485.6292155516448
1024,41.7,895.7574757897376
1024,41.800000000000004,952.7509549152654
1024,41.900000000000006,633.4064714312999
1024,42.0,738.0467534583015
1024,42.1,748.8884730260152
1024,42.2,1038.4779396913073
1024,42.300000000000004,453.4946237734533
1024,42.400000000000006,737.6108189613992
1024,42.5,1066.2440544522528
1024,42.6,864.8428065264568
1024,42.7,418.94977532857666
1024,42.800000000000004,288.3191048491871
1024,42.900000000000006,318.48423939507524
1024,43.0,377.3749506685877
1024,43.1,730.3465117391239
1024,43.2,347.37924383328686
1024,43.300000000000004,584.8912451611554
1024,43.400000000000006,1046.3129005597905
1024,43.5,976.1868465778628
1024,43.6,823.0969505423128
1024,43.7,447.4650877009656
1024,43.800000000000004,455.6555217741126
1024,43.900000000000006,349.5789198538517
1024,44.0,394.4202564258305
1024,44.1,441.9813113915432
1024,44.2,520.2341435268524
1024,44.300000000000004,581.9878999440274
1024,44.400000000000006,488.19395001464096
1024,44.5,315.874752583827
1024,44.6,285.46096771158625
1024,44.7,364.21658921368896
1024,44.800000000000004,401.8025572837363
1024,44.900000000000006,506.5155653720284
1024,45.0,645.4034889866688
1024,45.1,532.4702486204924
1024,45.2,399.7662606590924
1024,45.300000000000004,615.9032798829295
1024,45.400000000000006,677.6200025862903
1024,45.5,492.0975291271489
1024,45.6,772.9873000677134
1024,45.7,379.40793176476006
1024,45.800000000000004,220.69464650205555
1024,45.900000000000006,219.3787729050538
1024,46.0,877.2215331470459
1024,46.1,1085.6843797797078
1024,46.2,630.8851255442211
1024,46.300000000000004,889.5302217158821
1024,46.400000000000006,956.9146498733917
1024,46.5,671.7150500902763
1024,46.6,523.3137746006181
1024,46.7,397.99804734112814
1024,46.800000000000004,295.6713513586983
1024,46.900000000000006,890.1010867943212
1024,47.0,531.5940298776123
1024,47.1,254.10449144522818
1024,47.2,318.26504431113545
1024,47.300000000000004,595.8700270613281
1024,47.400000000000006,887.0128787661847
1024,47.5,1071.4748323573049
1024,47.6,569.2443052791679
1024,47.7,840.4792887483243
1024,47.800000000000004,731.0110227385915
1024,47.900000000000006,915.0256594719067
1024,48.0,808.0094884634617
1024,48.1,435.6598913019091
1024,48.2,792.3209226093685
1024,48.300000000000004,1019.0896632608647
1024,48.400000000000006,566.3014777203429
1024,48.5,500.5103582729533
1024,48.6,838.4148773548154
1024,48.7,987.0456178711984
1024,48.800000000000004,606.7023284679877
1024,48.900000000000006,433.55487790737146
1024,49.0,379.77708457038324
1024,49.1,523.5705378638035
1024,49.2,513.3886160091433
1024,49.300000000000004,346.3702748507063
1024,49.400000000000006,446.3181957740768
1024,49.5,437.0762437937983
1024,49.6,381.347287661358
1024,49.7,885.0698835781566
1024,49.800000000000004,959.8244728298278
1024,49.900000000000006,703.0318702083664
1024,50.0,667.4851431215299
1024,50.1,976.2263461274465
1024,50.2,1101.7717437759786
1024,50.300000000000004,1023.0707378107461
1024,50.400000000000006,1077.0968064332558
1024,50.5,1088.1815887943449
1024,50.6,819.2707109392853
1024,50.7,581.7076092143091
1024,50.800000000000004,376.3348374729651
1024,50.900000000000006,557.5725099928261
1024,51.0,899.1339794201879
1024,51.1,678.9767432409704
1024,51.2,667.4520267521671
1024,51.300000000000004,933.9954469190624
1024,51.400000000000006,896.9168168890387
1024,51.5,816.8798574105605
1024,51.6,580.4202663170794
1024,51.7,716.3886857860253
1024,51.800000000000004,990.3454352185953
1024,51.900000000000006,604.8259453597216
1024,52.0,411.1528733609394
1024,52.1,481.40956238581293
1024,52.2,787.7679182229097
1024,52.300000000000004,584.5037161836136
1024,52.400000000000006,493.6695955730213
1024,52.5,712.1460069431378
1024,52.6,973.0121713156245
1024,52.7,651.2878129667131
1024,52.800000000000004,646.863940200399
1024,52.900000000000006,945.7161177168026
1024,53.0,894.4069257441968
1024,53.1,669.753740035576
1024,53.2,513.4916524007139
1024,53.300000000000004,788.2322445826338
1024,53.400000000000006,777.5410273062616
1024,53.5,458.62848301272146
1024,53.6,396.538752435556
1024,53.7,794.045982434103
1024,53.800000000000004,870.6893799000318
1024,53.900000000000006,864.2604535495998
1024,54.0,586.6727899837989
1024,54.1,656.8820693821635
1024,54.2,970.1849682048768
1024,54.300000000000004,896.063178376837
1024,54.400000000000006,996.234640778043
1024,54.5,912.822785729599
1024,54.6,741.6147838480072
1024,54.7,916.6301824544651
1024,54.800000000000004,1073.9295648595375
1024,54.900000000000006,1125.2891240035378
1024,55.0,911.1189637151703
1024,55.1,645.3426520095256
1024,55.2,490.92295522261105
1024,55.300000000000004,372.9231813000619
1024,55.400000000000006,321.92221443408425
1024,55.5,316.60119117349336
1024,55.6,440.0253637573041
1024,55.7,439.10771360657264
1024,55.800000000000004,301.78823666700225
1024,55.900000000000006,344.5647222349411
1024,56.0,584.3035413320536
1024,56.1,424.98502834968366
1024,56.2,630.7860498422423
1024,56.300000000000004,595.6290090941297
1024,56.400000000000006,651.147894328592
1024,56.5,979.8350811604558
1024,56.6,1100.7240146635374
1024,56.7,788.5209245226895
1024,56.800000000000004,866.4152201556676
1024,56.900000000000006,1139.2607027681788
1024,57.0,1200.4956658813328
1024,57.1,642.1057687702868
1024,57.2,662.994827525563
1024,57.300000000000004,730.3684042337746
1024,57.400000000000006,753.5422454108806
1024,57.5,1039.6651406846643
1024,57.6,961.5440240773199
1024,57.7,956.3386895524648
1024,57.800000000000004,1025.257734807565
1024,57.900000000000006,711.6063787141229
1024,58.0,546.5791746939203
1024,58.1,826.7322543559903
1024,58.2,917.2773263047052
1024,58.300000000000004,903.2115126993918
1024,58.400000000000006,1018.5136864542019
1024,58.5,1042.7692734052903
1024,58.6,868.8578908786858
1024,58.7,913.8181189655597
1024,58.800000000000004,913.1802797244914
1024,58.900000000000006,606.0476912547101
1024,59.0,787.0447627639338
1024,59.1,947.7100907768809
1024,59.2,563.6307343911326
1024,59.300000000000004,347.4110710465072
1024,59.400000000000006,346.53737328827907
1024,59.5,693.928418307893
1024,59.6,866.2651377941105
1024,59.7,672.0494704451888
1024,59.800000000000004,490.270754874991
1024,59.900000000000006,350.64212949241016
1024,60.0,694.0516289878242
1024,60.1,1001.4851145227481
1024,60.2,1007.782755108342
1024,60.300000000000004,1024.4105794589477
1024,60.400000000000006,825.9565506999663
1024,60.5,587.6809133932798
1024,60.6,451.3141940752993
1024,60.7,631.3780013587556
1024,60.800000000000004,880.6344023219473
1024,60.900000000000006,669.4806182878611
1024,61.0,753.9782164800378
1024,61.1,1002.6273194899479
1024,61.2,778.9402073171141
1024,61.300000000000004,812.8267540343357
1024,61.400000000000006,1077.774905625115
1024,61.5,756.9735809650709
1024,61.6,657.1065738258848
1024,61.7,945.4908402276517
1024,61.800000000000004,967.1910919419739
1024,61.900000000000006,910.2329536490384
1024,62.0,689.3202875427434
1024,62.1,608.2543553589844
1024,62.2,695.0824847176558
1024,62.300000000000004,706.1977730550765
1024,62.400000000000006,877.9054028725213
1024,62.5,954.4577248171236
1024,62.6,815.1075360883276
1024,62.7,600.2687811745058
1024,62.800000000000004,506.7932739407933
1024,62.900000000000006,769.3777446429309
1024,63.0,853.6037233075041
1024,63.1,995.2092514195502
1024,63.2,1061.2000798809445
1024,63.300000000000004,824.9235362493897
1024,63.400000000000006,626.8703877575099
1024,63.5,730.727785201625
1024,63.6,518.8411282236511
1024,63.7,526.1430147892244
1024,63.800000000000004,657.6397586469856
1024,63.900000000000006,775.8561503317675
1024,64.0,992.7289040229119
1024,64.10000000000001,602.3046326071131
1024,64.2,672.4775349980296
1024,64.3,985.2322629148873
1024,64.4,685.4473158250123
1024,64.5,627.0491279034073
1024,64.60000000000001,973.3451982483645
1024,64.7,1005.5046973124373
1024,64.8,769.8004258158106
1024,64.9,629.2983694905851
1024,65.0,895.4648115491108
1024,65.10000000000001,648.9548486766402
1024,65.2,316.80062339778954
1024,65.3,259.33846434087815
1024,65.4,489.0519029935222
1024,65.5,811.9393183352777
1024,65.60000000000001,672.2381591589989
1024,65.7,533.4838910562308
1024,65.8,518.3817188058833
1024,65.9,640.0239904556147
1024,66.0,703.7511421952678
1024,66.10000000000001,381.3914777401658
1024,66.2,612.3003621710045
1024,66.3,863.2465275719597
1024,66.4,961.8550787366386
1024,66.5,620.9632699826687
1024,66.60000000000001,420.56831627796106
1024,66.7,363.5558655341632
1024,66.8,659.9016747597256
1024,66.9,1057.1899091287905
1024,67.0,1009.7698614732018
1024,67.10000000000001,993.8259372229061
1024,67.2,856.5330650042175
1024,67.3,459.1470732731538
1024,67.4,509.25208120484336
1024,67.5,918.6763721790004
1024,67.60000000000001,905.7182494619125
1024,67.7,787.4152982366422
1024,67.8,559.3739239852177
1024,67.9,223.16631624731482
1024,68.0,259.021123197466
1024,68.10000000000001,327.1867556636359
1024,68.2,351.23989839090694
1024,68.3,392.9051347403322
1024,68.4,594.6648189336098
1024,68.5,981.6158647740239
1024,68.60000000000001,839.6115246858848
1024,68.7,646.241757996652
1024,68.8,889.814023373983
1024,68.9,910.5050640997578
1024,69.0,989.4542491413964
1024,69.10000000000001,642.4662575029926
1024,69.2,577.3564022634301
1024,69.3,995.1560251747283
1024,69.4,752.8965879181367
1024,69.5,453.5789713245779
1024,69.60000000000001,571.7138246235509
1024,69.7,660.5079864705825
1024,69.8,784.1468010287392
1024,69.9,871.7643937469767
1024,70.0,739.1363857613806
1024,70.10000000000001,304.8654379873284
1024,70.2,546.7801603300813
1024,70.3,830.6905220475589
1024,70.4,628.4089174597427
1024,70.5,992.3066505132922
1024,70.60000000000001,817.2243965653283
1024,70.7,579.246401222647
1024,70.8,946.1600838259899
1024,70.9,1088.9467654482792
1024,71.0,1121.5285601735643
1024,71.10000000000001,1059.855302837013
1024,71.2,1014.5755094911242
1024,71.3,1026.0121220033438
1024,71.4,798.2424217042202
1024,71.5,922.990208960378
1024,71.60000000000001,1004.8552560078111
1024,71.7,916.9008769986891
1024,71.8,1115.8567053505071
1024,71.9,867.5896594207832
1024,72.0,444.09471377494623
1024,72.10000000000001,854.4451725635282
1024,72.2,263.9172749655915
1024,72.3,441.4553659032677
1024,72.4,843.3454876991302
1024,72.5,864.2201990150105
1024,72.60000000000001,247.60524542912006
1024,72.7,372.3776467549451
1024,72.8,542.3134886698618
1024,72.9,288.1717101908659
1024,73.0,372.2266642616299
1024,73.10000000000001,524.574943794988
1024,73.2,488.44632352266785
1024,73.3,1078.0934105231054
1024,73.4,1025.8232344998487
1024,73.5,680.532756027791
1024,73.60000000000001,585.3181154665556
1024,73.7,1028.8333467835926
1024,73.8,884.183701799811
1024,73.9,616.9849693150759
1024,74.0,994.2018616224608
1024,74.10000000000001,849.0648069961794
1024,74.2,509.3018905186474
1024,74.3,714.6850141258924
1024,74.4,667.4837713759508
1024,74.5,1036.096164896493
1024,74.60000000000001,692.7903929120026
1024,74.7,867.1421352322691
1024,74.8,1010.6887713543218
1024,74.9,920.5554514899643
1024,75.0,1061.4671900584935
1024,75.10000000000001,703.7329604707122
1024,75.2,266.83394242985224
1024,75.3,323.22408743604063
1024,75.4,424.1195197374537
1024,75.5,638.8141982228299
1024,75.60000000000001,415.9153864952541
1024,75.7,473.4523509031369
1024,75.8,312.29050541018273
1024,75.9,728.8297123358724
1024,76.0,1037.1174646526624
1024,76.10000000000001,926.0363859914856
1024,76.2,1030.3957553559987
1024,76.3,986.3096676791505
1024,76.4,1005.1277449306931
1024,76.5,672.0858747588355
1024,76.60000000000001,731.2856575982138
1024,76.7,355.6481072470306
1024,76.80000000000001,330.0926820693796
1024,76.9,342.2671970130507
1024,77.0,615.3043344300906
1024,77.10000000000001,318.02837600767265
1024,77.2,841.8935025926964
1024,77.30000000000001,1062.1029222475497
1024,77.4,1075.8854781890284
1024,77.5,829.1740504736294
1024,77.60000000000001,746.3330946790135
1024,77.7,754.697568893003
1024,77.80000000000001,946.7322400592833
1024,77.9,986.9013416017185
1024,78.0,248.680616295326
1024,78.10000000000001,352.1066640781947
1024,78.2,422.6214646043298
1024,78.30000000000001,459.83174718606716
1024,78.4,794.9185615358813
1024,78.5,1033.5489038733451
1024,78.60000000000001,309.3013751536612
1024,78.7,409.6129361140384
1024,78.80000000000001,466.672636604133
1024,78.9,285.14175578653334
1024,79.0,442.55542481832373
1024,79.10000000000001,608.0580947218323
1024,79.2,381.9492770052397
1024,79.30000000000001,303.9308488022573
1024,79.4,616.1260671947372
1024,79.5,652.041553055144
1024,79.60000000000001,538.8458979187602
1024,79.7,1024.0225776210873
1024,79.80000000000001,239.67214979004103
1024,79.9,333.72830081409694
1024,80.0,529.671631220106
1024,80.10000000000001,515.5061379217474
1024,80.2,548.1521520123889
1024,80.30000000000001,810.565544196904
1024,80.4,263.5144577869467
1024,80.5,261.83628988581796
1024,80.60000000000001,268.1243967884999
1024,80.7,898.8506730532484
1024,80.80000000000001,371.1570631407611
1024,80.9,1057.1157988524064
1024,81.0,249.82555192826737
1024,81.10000000000001,384.08324383260083
1024,81.2,356.34424954212295
1024,81.30000000000001,1068.2266736085187
1024,81.4,933.1819469224982
1024,81.5,237.1205998628346
1024,81.60000000000001,272.0770382536967
1024,81.7,324.18055169589286
1024,81.80000000000001,493.70478276320176
1024,81.9,676.7875767529902
1024,82.0,603.3802305814199
1024,82.10000000000001,550.3250120120415
1024,82.2,699.0717382932028
1024,82.30000000000001,238.37346165321924
1024,82.4,404.6392681749048
1024,82.5,641.1529780222394
1024,82.60000000000001,466.53829142740597
1024,82.7,672.6083882368013
1024,82.80000000000001,518.1359143833355
1024,82.9,663.0012953426397
1024,83.0,362.54583670054905
1024,83.10000000000001,543.2189149761397
1024,83.2,708.2786930096541
1024,83.30000000000001,838.2498511613913
1024,83.4,243.0978903504956
1024,83.5,546.311753642933
1024,83.60000000000001,1134.1469610651588
1024,83.7,1118.6668468050393
1024,83.80000000000001,243.79692759801284
1024,83.9,283.40163093197106
1024,84.0,283.9819626891269
1024,84.10000000000001,593.3249655300826
1024,84.2,1110.7266185009546
1024,84.30000000000001,981.4222997424793
1024,84.4,567.220212455078
1024,84.5,269.4430706657903
1024,84.60000000000001,408.0425363874638
1024,84.7,998.9023320819718
1024,84.80000000000001,751.3716042741639
1024,84.9,778.6632455529818
1024,85.0,273.8488148538151
1024,85.10000000000001,641.3771952390686
1024,85.2,1146.8166038296374
1024,85.30000000000001,725.209986435626
1024,85.4,1096.6862240415821
1024,85.5,259.63774099093183
1024,85.60000000000001,326.02447531420455
1024,85.7,262.97267898012603
1024,85.80000000000001,268.5685774243888
1024,85.9,625.0512543079233
1024,86.0,601.3074642872425
1024,86.10000000000001,615.765405460918
1024,86.2,902.6871398216134
1024,86.30000000000001,288.6738649545729
1024,86.4,616.9565325515513
1024,86.5,639.8725887888756
1024,86.60000000000001,1057.6319480592479
1024,86.7,1081.2420826289206
1024,86.80000000000001,1102.6779254033424
1024,86.9,1100.156419696444
1024,87.0,937.369137870594
1024,87.10000000000001,1065.418801331352
1024,87.2,980.7312665272398
1024,87.30000000000001,873.2790268982658
1024,87.4,790.928455919746
1024,87.5,629.8637808436621
1024,87.60000000000001,632.2539241856512
1024,87.7,397.98224793018915
1024,87.80000000000001,409.2089477000881
1024,87.9,401.46672055413666
1024,88.0,657.1793207954172
1024,88.10000000000001,376.2658230133998
1024,88.2,621.6811589691162
1024,88.30000000000001,455.9752037619655
1024,88.4,1075.408756810395
1024,88.5,1056.60621233322
1024,88.60000000000001,314.9279305403947
1024,88.7,1073.4286720640005
1024,88.80000000000001,1142.729513733838
1024,88.9,876.8561841631732
1024,89.0,554.6858973666667
1024,89.10000000000001,303.3296723390465
1024,89.2,504.87175310807675
1024,89.30000000000001,627.274208758664
1024,89.4,949.0358160342308
1024,89.5,929.4301168290614
1024,89.60000000000001,915.4190050844868
1024,89.7,374.58023732684023
1024,89.80000000000001,939.1738152465529
1024,89.9,1047.947453520486
1024,90.0,849.861347775145
1024,90.10000000000001,808.8994472889328
1024,90.2,426.66820027056013
1024,90.30000000000001,529.3254672163545
1024,90.4,461.5557390808012
1024,90.5,639.7569258007109
1024,90.60000000000001,398.27723791247865
1024,90.7,790.8501363039195
1024,90.80000000000001,503.6306501281827
1024,90.9,407.65353930961675
1024,91.0,963.6866920980925
1024,91.10000000000001,341.13380997080634
1024,91.2,273.92332821734516
1024,91.30000000000001,426.5698011080736
1024,91.4,428.2301486348858
1024,91.5,444.88628183477863
1024,91.60000000000001,589.3535478310924
1024,91.7,949.3172202019417
1024,91.80000000000001,1107.1984152791724
1024,91.9,1028.968255681844
1024,92.0,589.6395795506517
1024,92.10000000000001,676.713811401818
1024,92.2,1051.4531438615077
1024,92.30000000000001,798.1871961726021
1024,92.4,1067.0409291340675
1024,92.5,480.0584899127142
1024,92.60000000000001,527.2538850758286
1024,92.7,1017.3038836453097
1024,92.80000000000001,1056.8288393779524
1024,92.9,657.1138810041467
1024,93.0,475.60693534371086
1024,93.10000000000001,939.2096805915243
1024,93.2,1071.231468188391
1024,93.30000000000001,836.2722845115854
1024,93.4,408.0266945801583
1024,93.5,353.7679659683811
1024,93.60000000000001,855.2114942057776
1024,93.7,404.6696754697192
1024,93.80000000000001,865.5580980906971
1024,93.9,976.212037816249
1024,94.0,1116.912282460999
1024,94.10000000000001,1069.7475160092722
1024,94.2,964.3610483401861
1024,94.30000000000001,352.8225249613857
1024,94.4,828.8518995452463
1024,94.5,870.3762411368242
1024,94.60000000000001,1086.4098314030634
1024,94.7,734.7660460656962
1024,94.80000000000001,402.6038309392178
1024,94.9,752.6757155972641
1024,95.0,865.8349948386698
1024,95.10000000000001,1002.1046795036232
1024,95.2,787.4329018645641
1024,95.30000000000001,592.804646740083
1024,95.4,660.9996925874132
1024,95.5,714.425270598631
1024,95.60000000000001,831.9983793649409
1024,95.7,832.3413668299827
1024,95.80000000000001,668.3306483126422
1024,95.9,503.36697625326934
1024,96.0,540.687952785602
1024,96.10000000000001,541.980447944715
1024,96.2,969.2087027979671
1024,96.30000000000001,688.1516940738751
1024,96.4,425.58769623730444
1024,96.5,628.9195407205766
1024,96.60000000000001,430.69545952790867
1024,96.7,709.2358707284275
1024,96.80000000000001,608.6363594334841
1024,96.9,357.4628024717059
1024,97.0,387.99115770199677
1024,97.10000000000001,578.7767701190126
1024,97.2,715.9995958759087
1024,97.30000000000001,605.7317051345848
1024,97.4,621.8363035929028
1024,97.5,394.18203129629586
1024,97.60000000000001,318.49560297694376
1024,97.7,420.40501860147975
1024,97.80000000000001,769.5380366870661
1024,97.9,735.4209037285874
1024,98.0,855.1190324467617
1024,98.10000000000001,1040.6646381336911
1024,98.2,935.3603233509322
1024,98.30000000000001,1029.2883024489379
1024,98.4,820.5450455825014
1024,98.5,693.6301996574755
1024,98.60000000000001,979.2550535996759
1024,98.7,894.6154786650229
1024,98.80000000000001,479.0053254826773
1024,98.9,267.90279437409873
1024,99.0,530.9759557263419
1024,99.10000000000001,394.51012210995304
1024,99.2,246.65842618744696
1024,99.30000000000001,266.24816488714634
1024,99.4,387.49731878820535
1024,99.5,322.9371749869617
1024,99.60000000000001,591.305252679273
1024,99.7,762.7987511320812
1024,99.80000000000001,661.5880353531415
1024,99.9,487.988099404325
1024,100.0,648.7590633110387
1024,100.10000000000001,917.3520349743694
1024,100.2,965.0803328203112
1024,100.30000000000001,1066.9337025484022
1024,100.4,774.4298933080862
1024,100.5,641.1439942437205
1024,100.60000000000001,654.7597212878104
1024,100.7,953.3151519267675
1024,100.80000000000001,1139.3877270246544
1024,100.9,942.3855673183745
1024,101.0,747.7661510793423
1024,101.10000000000001,516.2756969751425
1024,101.2,571.8865980449632
1024,101.30000000000001,630.041119704734
1024,101.4,510.46901998641505
1024,101.5,633.5408274303082
1024,101.60000000000001,509.25354013853325
1024,101.7,459.87087269981976
1024,101.80000000000001,572.6917020394845
1024,101.9,695.2101880364929
1024,102.0,472.49322974026467
1024,102.10000000000001,270.7937533553382
1024,102.2,572.0626160108026
1024,102.30000000000001,611.1092289734356
1024,102.4,363.2405498682696
1024,102.5,279.57637903191227
1024,102.60000000000001,303.6937954503984
1024,102.7,493.12097037122453
1024,102.80000000000001,932.6554805836441
1024,102.9,1054.7700408363846
1024,103.0,1081.6263419492366
1024,103.10000000000001,1060.2454382079382
1024,103.2,846.3930383153098
1024,103.30000000000001,675.198518667769
1024,103.4,596.7903920981872
1024,103.5,521.7637040636968
1024,103.60000000000001,461.8432654565806
1024,103.7,556.1943783829392
1024,103.80000000000001,570.547083005335
1024,103.9,462.7871098377317
1024,104.0,547.478538493404
1024,104.10000000000001,784.2582753670488
1024,104.2,706.0187245724643
1024,104.30000000000001,591.4189209095903
1024,104.4,667.0321594551447
1024,104.5,683.8109985280738
1024,104.60000000000001,606.2464486543184
1024,104.7,466.7894590937952
1024,104.80000000000001,338.44198922982133
1024,104.9,290.24661166566995
1024,105.0,286.6530249853741
1024,105.10000000000001,428.28337785283026
1024,105.2,618.053686089517
1024,105.30000000000001,564.0384423957539
1024,105.4,516.9932166746913
1024,105.5,653.772383438659
1024,105.60000000000001,849.6488232534113
1024,105.7,1049.5948730402904
1024,105.80000000000001,1104.0540082105142
1024,105.9,945.5300106908124
1024,106.0,753.2353861961226
1024,106.10000000000001,849.3031814508855
1024,106.2,770.2657742460818
1024,106.30000000000001,571.8310424605833
1024,106.4,455.5526056664616
1024,106.5,327.0578283900324
1024,106.60000000000001,481.55457752403555
1024,106.7,603.0523324219046
1024,106.80000000000001,401.31890110158247
1024,106.9,479.6374926974358
1024,107.0,893.0287729015723
1024,107.10000000000001,1100.4874815171356
1024,107.2,912.5091695475619
1024,107.30000000000001,649.4556667454341
1024,107.4,595.2887699850552
1024,107.5,795.4315729680801
1024,107.60000000000001,770.4262228817415
1024,107.7,484.4526617176154
1024,107.80000000000001,559.5806311741467
1024,107.9,609.7130728758754
1024,108.0,582.171216543336
1024,108.10000000000001,456.2771232930501
1024,108.2,535.4135539681133
1024,108.30000000000001,673.0576111075261
1024,108.4,829.103849228312
1024,108.5,1083.97040442456
1024,108.60000000000001,1046.503060074226
1024,108.7,1054.8813181055837
1024,108.80000000000001,915.3370624435277
1024,108.9,767.7902505981374
1024,109.0,1012.4621913117019
1024,109.10000000000001,998.0401011397491
1024,109.2,898.9070980334969
1024,109.30000000000001,945.3779253249744
1024,109.4,1041.6271190157447
1024,109.5,962.3370091527185
1024,109.60000000000001,737.5099899053479
1024,109.7,373.21764965565075
1024,109.80000000000001,369.35567719220467
1024,109.9,498.12054373695497
1024,110.0,531.9030221198157
1024,110.10000000000001,439.49837136875954
1024,110.2,715.9692880597061
1024,110.30000000000001,1011.6685315545378
1024,110.4,1075.008866462904
1024,110.5,1085.910337339925
1024,110.60000000000001,1053.703733422332
1024,110.7,685.6805102867654
1024,110.80000000000001,318.17075336504877
1024,110.9,376.9376555752112
1024,111.0,471.80806298897454
1024,111.10000000000001,847.0446703884543
1024,111.2,839.2885008528782
1024,111.30000000000001,660.8312502747348
1024,111.4,260.972429640025
1024,111.5,294.1178239874981
1024,111.60000000000001,415.95778408939395
1024,111.7,512.557337345312
1024,111.80000000000001,495.336648561056
1024,111.9,485.8869449230354
1024,112.0,774.9444912416913
1024,112.10000000000001,1154.527473711395
1024,112.2,1104.2810347950065
1024,112.30000000000001,896.1853673183656
1024,112.4,762.405796290317
1024,112.5,704.3051743068822
1024,112.60000000000001,306.2302480206844
1024,112.7,433.43805782775024
1024,112.80000000000001,511.8478073529483
1024,112.9,391.94496904211184
1024,113.0,543.4122390626935
1024,113.10000000000001,563.801276270815
1024,113.2,985.4954854830695
1024,113.30000000000001,1104.267697982389
1024,113.4,846.7688663269605
1024,113.5,491.710883951629
1024,113.60000000000001,906.0206714310505
1024,113.7,745.3281829362082
1024,113.80000000000001,421.1863388702197
1024,113.9,314.69042204041557
1024,114.0,277.84993673636137
1024,114.10000000000001,396.79387815213835
1024,114.2,619.5049254461393
1024,114.30000000000001,575.2561603132943
1024,114.4,389.0206936063984
1024,114.5,394.7705016176218
1024,114.60000000000001,406.9301830323734
1024,114.7,500.560341252505
1024,114.80000000000001,795.9921162576281
1024,114.9,755.8699509266149
1024,115.0,945.5701444085804
1024,115.10000000000001,770.7695840444844
1024,115.2,860.3297207144245
1024,115.30000000000001,533.6862656580398
1024,115.4,536.9903331881616
1024,115.5,354.7883002541983
1024,115.60000000000001,452.1750210394947
1024,115.7,662.5719516380902
1024,115.80000000000001,488.5666583940907
1024,115.9,308.55742401742265
1024,116.0,392.2066057702844
1024,116.10000000000001,508.81537669532685
1024,116.2,478.1388195336879
1024,116.30000000000001,738.838448603731
1024,116.4,1062.4457044149365
1024,116.5,645.0651232159746
1024,116.60000000000001,625.5287786226479
1024,116.7,886.9872281294084
1024,116.80000000000001,502.09361517365664
1024,116.9,547.1991003049391
1024,117.0,540.6014861049898
1024,117.10000000000001,733.0752699344188
1024,117.2,724.7741538884909
1024,117.30000000000001,282.68541949846366
1024,117.4,423.4252800582322
1024,117.5,508.9425759858398
1024,117.60000000000001,618.465315638481
1024,117.7,971.991251840671
1024,117.80000000000001,637.284186541284
1024,117.9,559.9609544373735
1024,118.0,521.3467217131939
1024,118.10000000000001,1088.0485885221292
1024,118.2,1021.5737659831805
1024,118.30000000000001,869.8005195304637
1024,118.4,882.9547102460226
1024,118.5,370.04193759857435
1024,118.60000000000001,517.8841687530803
1024,118.7,306.2189684952405
1024,118.80000000000001,597.3554736762724
1024,118.9,1013.5786415309559
1024,119.0,582.4027300344203
1024,119.10000000000001,1026.5332473811065
1024,119.2,259.2077349240733
1024,119.30000000000001,485.38297708215487
1024,119.4,558.1716960629212
1024,119.5,1082.2850402412346
1024,119.60000000000001,978.2960982190395
1024,119.7,617.9239921588919
1024,119.80000000000001,1010.9464520865935
1024,119.9,554.0046994432529
1024,120.0,1044.7960642305434
1024,120.10000000000001,984.4043724876981
1024,120.2,1085.422446250372
1024,120.30000000000001,777.9874259434632
1024,120.4,414.9519831615781
1024,120.5,431.56091400587894
1024,120.60000000000001,820.2684368904079
1024,120.7,376.3393765336788
1024,120.80000000000001,806.8558546145861
1024,120.9,1031.062544471067
1024,121.0,785.8841681219076
1024,121.10000000000001,989.045556287597
1024,121.2,936.7413079559346
1024,121.30000000000001,884.4202756191083
1024,121.4,715.8079343878105
1024,121.5,448.76908824762506
1024,121.60000000000001,452.6202783338302
1024,121.7,317.5205648841544
1024,121.80000000000001,632.5659416940383
1024,121.9,696.0911547042559
1024,122.0,369.5673704235309
1024,122.10000000000001,542.5814013862678
1024,122.2,407.3536837148226
1024,122.30000000000001,1046.472103928106
1024,122.4,1059.8813706623991
1024,122.5,771.3253878477083
1024,122.60000000000001,636.8966192660856
1024,122.7,324.15045840862564
1024,122.80000000000001,285.44818900335304
1024,122.9,410.7136887333362
1024,123.0,410.39924232471526
1024,123.10000000000001,593.6493943944092
1024,123.2,569.8782291066431
1024,123.30000000000001,991.7779113581986
1024,123.4,635.9976203765308
1024,123.5,1102.2527395711038
1024,123.60000000000001,754.1068605593255
1024,123.7,1233.9494946062084
1024,123.80000000000001,748.669728836902
1024,123.9,989.5352144493812
1024,124.0,774.5214386891826
1024,124.10000000000001,736.4214228081719
1024,124.2,452.72351002080876
1024,124.30000000000001,569.5756054746714
1024,124.4,778.7135728769763
1024,124.5,1036.961834162979
1024,124.60000000000001,686.5564392342999
1024,124.7,363.7211340239428
1024,124.80000000000001,466.41866078118244
1024,124.9,602.8997160814912
1024,125.0,945.1298346373798
1024,125.10000000000001,859.4658649097416
1024,125.2,755.3279561345687
1024,125.30000000000001,677.4637365143211
1024,125.4,804.3122970803785
1024,125.5,1013.4186208422872
1024,125.60000000000001,832.9050578093597
1024,125.7,1101.8779754557304
1024,125.80000000000001,984.2876822318758
1024,125.9,946.4823886162209
1024,126.0,709.4173186124757
1024,126.10000000000001,355.4847985531542
1024,126.2,341.70559566594505
1024,126.30000000000001,853.4140905622191
1024,126.4,697.6344601840188
1024,126.5,1018.5091757024836
1024,126.60000000000001,1012.6733269297514
1024,126.7,582.0958971740895
1024,126.80000000000001,846.5467894044576
1024,126.9,980.4625196029104
1024,127.0,683.2736321734243
1024,127.10000000000001,628.275201027178
1024,127.2,1047.1689865938301
1024,127.30000000000001,1119.7885604519313
1024,127.4,736.0242714840889
1024,127.5,940.5973790713658
1024,127.60000000000001,1061.788256640438
1024,127.7,1150.4937135569796
1024,127.80000000000001,1101.6772358555597
1024,127.9,352.5623482619756
1024,128.0,336.31608353281644
1024,128.1,380.6064913616385
1024,128.20000000000002,658.0925261517107
1024,128.3,397.73120160640894
1024,128.4,371.2408852833401
1024,128.5,382.00831948663665
1024,128.6,964.6554956462605
1024,128.70000000000002,896.0819290744967
1024,128.8,954.8149141346446
1024,128.9,847.7289823568482
1024,129.0,968.6156845635192
1024,129.1,1108.402161782079
1024,129.20000000000002,1127.4357449132087
1024,129.3,838.9591865089068
1024,129.4,771.5486174476429
1024,129.5,586.0723017920908
1024,129.6,556.5445898237177
1024,129.70000000000002,922.6973329912081
1024,129.8,544.1562139949644
1024,129.9,991.3338328110275
1024,130.0,1097.8632854469572
1024,130.1,512.5268271583707
1024,130.20000000000002,417.7173270744683
1024,130.3,480.09085936141264
1024,130.4,896.6740761347164
1024,130.5,1134.7405846490915
1024,130.6,1006.3679294354533
1024,130.70000000000002,1088.7263842113593
1024,130.8,1047.9024128199562
1024,130.9,891.4316260907134
1024,131.0,791.3840224095288
1024,131.1,582.04225886466
1024,131.20000000000002,909.7404578127331
1024,131.3,1021.1543678237947
1024,131.4,815.4596427878466
1024,131.5,511.6618781673163
1024,131.6,331.9744313592448
1024,131.70000000000002,762.791489641475
1024,131.8,1048.197346907255
1024,131.9,890.3900307332859
1024,132.0,732.7308858497482
1024,132.1,491.7922000104883
1024,132.20000000000002,359.20010607143064
1024,132.3,373.4118173027159
1024,132.4,709.3835228683944
1024,132.5,1050.9219480329216
1024,132.6,1036.2273360849338
1024,132.70000000000002,984.1334648185057
1024,132.8,1012.062298058054
1024,132.9,1047.4586073916043
1024,133.0,835.2687667546174
1024,133.1,514.094318183674
1024,133.20000000000002,432.0018338620127
1024,133.3,531.3252157509665
1024,133.4,971.4392914086183
1024,133.5,1102.5318155101245
1024,133.6,798.4211874763313
1024,133.70000000000002,453.89499861914175
1024,133.8,461.3646382254272
1024,133.9,842.6657908750262
1024,134.0,1038.6137813396504
1024,134.1,1002.3965668117347
1024,134.20000000000002,981.9606366959868
1024,134.3,663.0281102287272
1024,134.4,737.1016207765696
1024,134.5,812.309502096822
1024,134.6,710.1532835248491
1024,134.70000000000002,816.1653449178045
1024,134.8,971.5637419615475
1024,134.9,1064.4977663771745
1024,135.0,852.8013949269407
1024,135.1,652.7685435981051
1024,135.20000000000002,693.4362662208773
1024,135.3,968.837299221111
1024,135.4,1079.321138701297
1024,135.5,933.1739661984165
1024,135.6,964.7655206630952
1024,135.70000000000002,997.5071279350278
1024,135.8,1041.9620936069387
1024,135.9,780.4417933324196
1024,136.0,769.5827066005414
1024,136.1,722.9774722243644
1024,136.20000000000002,955.8999801745314
1024,136.3,927.8131968490632
1024,136.4,820.450652898018
1024,136.5,538.3614886700634
1024,136.6,423.12212217718087
1024,136.70000000000002,378.07331811021254
1024,136.8,313.9912851909344
1024,136.9,754.9885426767236
1024,137.0,1031.7044826100625
1024,137.1,1053.905576970653
1024,137.20000000000002,1081.5891280469918
1024,137.3,816.1873877918378
1024,137.4,587.4916515121923
1024,137.5,899.5034228024883
1024,137.6,779.4579480691439
1024,137.70000000000002,764.7755322086475
1024,137.8,1014.0711710996228
1024,137.9,1078.341326702956
1024,138.0,697.928356525648
1024,138.1,542.4448384417768
1024,138.20000000000002,435.41321660422074
1024,138.3,797.3277845562029
1024,138.4,1027.350540561486
1024,138.5,582.3516360212941
1024,138.6,813.7152861587736
1024,138.70000000000002,928.5788633689004
1024,138.8,784.9713411251151
1024,138.9,939.2901042438846
1024,139.0,860.654634488276
1024,139.1,521.032192145073
1024,139.20000000000002,726.8365782084263
1024,139.3,1050.969936812946
1024,139.4,702.1804837748567
1024,139.5,498.9948354147965
1024,139.6,878.7353002324573
1024,139.70000000000002,1161.8414808673417
1024,139.8,1115.7049280713816
1024,139.9,702.2934463092548
1024,140.0,463.80256106996455
1024,140.1,778.6345550487328
1024,140.20000000000002,1009.1759559200109
1024,140.3,1006.0329894882713
1024,140.4,729.8104027232448
1024,140.5,764.1858010159852
1024,140.6,1043.196120383867
1024,140.70000000000002,997.2669660899627
1024,140.8,1059.5030407818626
1024,140.9,854.0319469073108
1024,141.0,692.7229412886498
1024,141.1,641.4879084544126
1024,141.20000000000002,681.8764613089407
1024,141.3,757.5768474431261
1024,141.4,837.6006357710176
1024,141.5,711.3602960291383
1024,141.6,422.28169127615985
1024,141.70000000000002,770.8467256144708
1024,141.8,1116.3878820107684
1024,141.9,1018.0475426808875
1024,142.0,1014.9744379069663
1024,142.1,787.1074020701282
1024,142.20000000000002,738.8080353782606
1024,142.3,1035.5678966944677
1024,142.4,771.3596574456095
1024,142.5,449.0203794215512
1024,142.6,735.9573263593617
1024,142.70000000000002,1076.3559461664606
1024,142.8,1097.3253363461654
1024,142.9,981.2256548066453
1024,143.0,850.9338271555322
1024,143.1,764.6379137079105
1024,143.20000000000002,616.1142160336498
1024,143.3,605.8374693482463
1024,143.4,615.9592803414964
1024,143.5,698.74906248542
1024,143.6,810.9714017040428
1024,143.70000000000002,806.8083705997999
1024,143.8,995.9911635135591
1024,143.9,936.0104133141166
1024,144.0,930.2127362693893
1024,144.1,1036.7893470880485
1024,144.20000000000002,834.2193412576642
1024,144.3,605.463729963427
1024,144.4,581.4298348399176
1024,144.5,881.031990287108
1024,144.6,1046.5141685287108
1024,144.70000000000002,983.5236470554516
1024,144.8,914.3416832488374
1024,144.9,1005.0872677217752
1024,145.0,811.531054558447
1024,145.1,586.0133327792252
1024,145.20000000000002,938.531639594743
1024,145.3,811.2532379822065
1024,145.4,567.7249523025399
1024,145.5,563.8538724017033
1024,145.6,803.0220565542944
1024,145.70000000000002,1013.3592784663844
1024,145.8,973.2606963875215
1024,145.9,979.5788824730718
1024,146.0,964.6483275349132
1024,146.1,744.996503473378
1024,146.20000000000002,764.419342599492
1024,146.3,1066.5060582429905
1024,146.4,891.3946912691438
1024,146.5,769.7479313649623
1024,146.6,736.2521513930683
1024,146.70000000000002,670.201816379677
1024,146.8,951.1990404512943
1024,146.9,895.4762850923468
1024,147.0,960.699124957239
1024,147.1,951.3390771354244
1024,147.20000000000002,840.8681698596599
1024,147.3,657.1336040186347
1024,147.4,737.1230541649556
1024,147.5,1002.5736781755531
1024,147.6,682.9287343401706
1024,147.70000000000002,697.2345527623888
1024,147.8,1032.9694701270323
1024,147.9,925.0218986200814
1024,148.0,694.6044907404762
1024,148.1,432.5626514686011
1024,148.20000000000002,664.9691685384583
1024,148.3,1076.6661580773225
1024,148.4,801.8122905813544
1024,148.5,428.6952530149714
1024,148.6,709.6501532146435
1024,148.70000000000002,1063.7920204467312
1024,148.8,1010.7671604764348
1024,148.9,897.267557895047
1024,149.0,1042.459662267662
1024,149.1,1075.527332125378
1024,149.20000000000002,998.5128511637823
1024,149.3,907.4308406828279
1024,149.4,653.2080683593186
1024,149.5,385.2342483499214
1024,149.6,285.0289970319583
1024,149.70000000000002,393.4788203839004
1024,149.8,489.36631817116773
1024,149.9,237.08273107644874
1024,150.0,348.7877447428933
1024,150.1,526.7370647576715
1024,150.20000000000002,445.3486366551616
1024,150.3,491.2365938173545
1024,150.4,600.9644566106808
1024,150.5,677.8965146944288
1024,150.6,515.3031620149861
1024,150.70000000000002,566.3011378790819
1024,150.8,676.4298639767699
1024,150.9,635.3905298060449
1024,151.0,685.5003609585848
1024,151.1,468.7325054069772
1024,151.20000000000002,405.99316756548245
1024,151.3,600.5859496406649
1024,151.4,686.2029038079096
1024,151.5,608.8684540567147
1024,151.6,400.33802451479886
1024,151.70000000000002,585.4888480709835
1024,151.8,1099.8367602717178
1024,151.9,895.2967832988949
1024,152.0,659.0083746754275
1024,152.1,734.9346993300757
1024,152.20000000000002,893.3412070264769
1024,152.3,1007.614248899048
1024,152.4,774.3168145225192
1024,152.5,826.6176508234947
1024,152.6,643.1606000400378
1024,152.70000000000002,449.86205262861336
1024,152.8,887.5935064428078
1024,152.9,889.2489135797135
1024,153.0,1093.0037871744337
1024,153.1,916.8041202086531
1024,153.20000000000002,687.0624748488314
1024,153.3,742.5510602534275
1024,153.4,533.6736738455061
1024,153.5,419.93953696274116
1024,153.60000000000002,555.2546954467704
1024,153.70000000000002,461.5636630411778
1024,153.8,1029.5429947205864
1024,153.9,951.9054572654594
1024,154.0,695.7606709155822
1024,154.10000000000002,1008.8545623021375
1024,154.20000000000002,767.8030922083885
1024,154.3,673.5891364707496
1024,154.4,643.3945910998069
1024,154.5,474.18326102793355
1024,154.60000000000002,497.2269576378692
1024,154.70000000000002,520.8085887029988
1024,154.8,483.432580666029
1024,154.9,1097.9615631346965
1024,155.0,1053.801914761489
1024,155.10000000000002,1127.2866398310575
1024,155.20000000000002,1063.5394694740962
1024,155.3,1000.2446267200386
1024,155.4,774.9508186665867
1024,155.5,655.7175453512016
1024,155.60000000000002,457.8107175967514
1024,155.70000000000002,644.217872753415
1024,155.8,1061.5719125734279
1024,155.9,756.8265731049324
1024,156.0,669.2592820488403
1024,156.10000000000002,426.7374870374689
1024,156.20000000000002,311.68008355783365
1024,156.3,447.7002488784986
1024,156.4,924.2418412393534
1024,156.5,966.7986768272947
1024,156.60000000000002,571.6136535643527
1024,156.70000000000002,990.5072812646272
1024,156.8,585.0458488000213
1024,156.9,1056.0659480746076
1024,157.0,973.9171435305882
1024,157.10000000000002,524.1483834427369
1024,157.20000000000002,314.1467824688788
1024,157.3,549.2979471838456
1024,157.4,580.9295037033876
1024,157.5,931.3748524156218
1024,157.60000000000002,276.5380644805124
1024,157.70000000000002,553.3565871741235
1024,157.8,991.9101531371122
1024,157.9,1048.1704778274263
1024,158.0,1031.5739517418497
1024,158.10000000000002,916.0059563280987
1024,158.20000000000002,1033.5695675603042
1024,158.3,675.0811445786677
1024,158.4,311.3936731113425
1024,158.5,385.49586506244
1024,158.60000000000002,473.4322514037919
1024,158.70000000000002,1113.9052725688437
1024,158.8,847.6265617421841
1024,158.9,266.493484593708
1024,159.0,440.90379036209924
1024,159.10000000000002,651.0120302790929
1024,159.20000000000002,1008.7880030737892
1024,159.3,435.48909239186725
1024,159.4,688.3330177289342
1024,159.5,290.87221250506155
1024,159.60000000000002,360.18260482286456
1024,159.70000000000002,602.3951028215979
1024,159.8,506.24986283081097
1024,159.9,946.2780101705762
1024,160.0,869.8735712318686
1024,160.10000000000002,687.4191849695534
1024,160.20000000000002,462.1746544531864
1024,160.3,1118.0090553859782
1024,160.4,965.5512638677793
1024,160.5,673.9921494598397
1024,160.60000000000002,793.8215619430174
1024,160.70000000000002,441.06649036792743
1024,160.8,1020.0171461278757
1024,160.9,727.8316680802116
1024,161.0,1111.2319795639353
1024,161.10000000000002,957.1968501132114
1024,161.20000000000002,879.4699495946326
1024,161.3,971.6933006578746
1024,161.4,946.170438404249
1024,161.5,1036.5990593649387
1024,161.60000000000002,678.1929031188998
1024,161.70000000000002,1061.9734922147718
1024,161.8,851.1883498196365
1024,161.9,707.8205037606477
1024,162.0,1016.1332718079193
1024,162.10000000000002,888.3572229588665
1024,162.20000000000002,971.1165262377939
1024,162.3,970.4525527159147
1024,162.4,797.8264292754386
1024,162.5,792.3285229870417
1024,162.60000000000002,305.7828019700555
1024,162.70000000000002,368.7812484505169
1024,162.8,1038.4634906310253
1024,162.9,812.5342365544607
1024,163.0,590.4969654082136
1024,163.10000000000002,609.8046379108519
1024,163.20000000000002,609.3509734948116
1024,163.3,840.4241120288293
1024,163.4,789.0251529235268
1024,163.5,861.0240413116312
1024,163.60000000000002,1025.660441589016
1024,163.70000000000002,1078.6771708794386
1024,163.8,833.505784888428
1024,163.9,736.631005815153
1024,164.0,347.5268049129609
1024,164.10000000000002,442.98793547904666
1024,164.20000000000002,1055.1516205171467
1024,164.3,921.9601597161966
1024,164.4,472.6422201627914
1024,164.5,284.60146951283394
1024,164.60000000000002,804.4631332523018
1024,164.70000000000002,465.8113313599492
1024,164.8,941.6257585279692
1024,164.9,1055.6280359082743
1024,165.0,768.4964477400827
1024,165.10000000000002,611.2065616214127
1024,165.20000000000002,936.2009912129708
1024,165.3,631.9714058281934
1024,165.4,1071.7398975167512
1024,165.5,622.1036774655494
1024,165.60000000000002,851.5923054759313
1024,165.70000000000002,880.0507716178672
1024,165.8,385.1171074136069
1024,165.9,415.5470153883194
1024,166.0,1098.2584785643926
1024,166.10000000000002,788.7626352184333
1024,166.20000000000002,311.6799778671351
1024,166.3,338.43105584746115
1024,166.4,628.8158448744101
1024,166.5,289.97451359492175
1024,166.60000000000002,778.0633857357349
1024,166.70000000000002,1101.8877438317636
1024,166.8,914.5671095225919
1024,166.9,678.332214571128
1024,167.0,718.798620811019
1024,167.10000000000002,847.8628678663293
1024,167.20000000000002,368.456096800259
1024,167.3,433.40648923055767
1024,167.4,382.89688644834837
1024,167.5,835.9692538689371
1024,167.60000000000002,1073.2643109693843
1024,167.70000000000002,740.2685288588624
1024,167.8,254.9592161171302
1024,167.9,603.1893450655276
1024,168.0,399.45173045477895
1024,168.10000000000002,1128.477840048143
1024,168.20000000000002,991.6927758840629
1024,168.3,444.3878542649765
1024,168.4,400.0353486237396
1024,168.5,358.56802092126344
1536,0.0,1114.103
1536,0.1,988.4449741013657
1536,0.2,748.8581420405641
1536,0.30000000000000004,977.6655205114968
1536,0.4,722.6646530440788
1536,0.5,819.522530864962
1536,0.6000000000000001,870.111096648359
1536,0.7000000000000001,1072.6118366408034
1536,0.8,968.3101065257763
1536,0.9,663.5636278056602
1536,1.0,860.0203314760248
1536,1.1,980.2015412885456
1536,1.2000000000000002,992.3568325609143
1536,1.3,935.2110162978757
1536,1.4000000000000001,968.6370429542438
1536,1.5,903.1091835545445
1536,1.6,999.9642387413107
1536,1.7000000000000002,849.4491456701904
1536,1.8,1003.0851554531876
1536,1.9000000000000001,786.8815150939627
1536,2.0,1039.986356592759
1536,2.1,851.7500693123586
1536,2.2,1011.7146198555948
1536,2.3000000000000003,696.0025239055996
1536,2.4000000000000004,856.7285600977951
1536,2.5,774.2155576115423
1536,2.6,978.4819746715049
1536,2.7,1082.0176374108512
1536,2.8000000000000003,1008.2025249659356
1536,2.9000000000000004,709.9451853240722
1536,3.0,545.9287559253668
1536,3.1,964.1500057674634
1536,3.2,813.1581722197611
1536,3.3000000000000003,696.8056016897597
1536,3.4000000000000004,766.9060844911345
1536,3.5,1063.7188078461038
1536,3.6,1035.747681459774
1536,3.7,953.5037930117887
1536,3.8000000000000003,1078.4579403530297
1536,3.9000000000000004,794.045164128735
1536,4.0,1009.6702356533548
1536,4.1000000000000005,976.386168084224
1536,4.2,874.6293868871363
1536,4.3,859.8231942384087
1536,4.4,799.0307973278503
1536,4.5,294.5524893084574
1536,4.6000000000000005,632.5516051218591
1536,4.7,465.12885689851913
1536,4.800000000000001,475.8451006916428
1536,4.9,881.997065198488
1536,5.0,550.4967138542542
1536,5.1000000000000005,764.1915175405853
1536,5.2,1063.2995297303464
1536,5.300000000000001,811.2698874380536
1536,5.4,894.099090057718
1536,5.5,965.9552402527497
1536,5.6000000000000005,1061.5947922741436
1536,5.7,1072.7601697220566
1536,5.800000000000001,956.6231221395873
1536,5.9,1031.3961750688902
1536,6.0,588.7437920313915
1536,6.1000000000000005,375.3173332847739
1536,6.2,1043.3976636137734
1536,6.300000000000001,911.7765497673143
1536,6.4,715.7143744820113
1536,6.5,471.53175574508975
1536,6.6000000000000005,339.55046184292326
1536,6.7,1167.544027130004
1536,6.800000000000001,862.2907498247496
1536,6.9,953.6666566433067
1536,7.0,550.1574404397708
1536,7.1000000000000005,744.682109700813
1536,7.2,900.0601842339045
1536,7.300000000000001,716.2837913045341
1536,7.4,768.0909148401001
1536,7.5,1167.8871380862663
1536,7.6000000000000005,839.3376315608679
1536,7.7,667.0282255482364
1536,7.800000000000001,869.5787132987743
1536,7.9,283.76679205403906
1536,8.0,1018.5137071419898
1536,8.1,955.1228651942776
1536,8.200000000000001,769.8661253999826
1536,8.3,542.3942406822803
1536,8.4,1005.3289137933078
1536,8.5,795.3162406951077
1536,8.6,509.235948190968
1536,8.700000000000001,908.7529508409384
1536,8.8,587.3005265004099
1536,8.9,1030.9983785473405
1536,9.0,900.8385526751412
1536,9.1,870.8734149969792
1536,9.200000000000001,357.54947128747284
1536,9.3,785.6276897805469
1536,9.4,918.6404225657935
1536,9.5,587.8533246332635
1536,9.600000000000001,998.1623142223043
1536,9.700000000000001,883.6610064071675
1536,9.8,668.4913323397888
1536,9.9,880.3816379123884
1536,10.0,737.6856461282324
1536,10.100000000000001,796.3262871853493
1536,10.200000000000001,750.210492118572
1536,10.3,1086.701955933968
1536,10.4,650.641848058923
1536,10.5,980.6239932551194
1536,10.600000000000001,946.5012026972951
1536,10.700000000000001,825.25038686817
1536,10.8,992.6619617654444
1536,10.9,539.9131432225598
1536,11.0,1145.7450191591474
1536,11.100000000000001,706.7975973272382
1536,11.200000000000001,1038.7787092136653
1536,11.3,1048.0334303830605
1536,11.4,475.7910430094858
1536,11.5,1047.5315118324188
1536,11.600000000000001,1124.6656495568232
1536,11.700000000000001,812.0589193101582
1536,11.8,401.9309495367686
1536,11.9,1035.734759768076
1536,12.0,1052.5495708353374
1536,12.100000000000001,946.5815534658584
1536,12.200000000000001,1109.5207561491422
1536,12.3,696.9270945450834
1536,12.4,867.5005247109763
1536,12.5,824.4965132958156
1536,12.600000000000001,752.3111697428544
1536,12.700000000000001,562.7687358509276
1536,12.8,842.6593586689925
1536,12.9,1070.8383025226717
1536,13.0,655.9907771690346
1536,13.100000000000001,402.47449005755954
1536,13.200000000000001,980.5001988979047
1536,13.3,935.6727408866311
1536,13.4,1120.377173836541
1536,13.5,1151.6234180324159
1536,13.600000000000001,1025.0564452476485
1536,13.700000000000001,1082.737016797499
1536,13.8,743.4399965557069
1536,13.9,698.6675878026537
1536,14.0,829.8028454918881
1536,14.100000000000001,774.7703450921907
1536,14.200000000000001,946.5846012476171
1536,14.3,788.7966643752648
1536,14.4,865.3078454784902
1536,14.5,1154.3990044078419
1536,14.600000000000001,800.0524514245026
1536,14.700000000000001,718.4973054829771
1536,14.8,1018.430807943272
1536,14.9,841.4700805028504
1536,15.0,596.924567499196
1536,15.100000000000001,911.7801335846126
1536,15.200000000000001,710.7042646019466
1536,15.3,1000.3234684651576
1536,15.4,973.1008218778047
1536,15.5,723.6697923909885
1536,15.600000000000001,498.08258487809434
1536,15.700000000000001,1053.6637251794377
1536,15.8,738.7470824023112
1536,15.9,473.2763295366078
1536,16.0,1101.0390030929013
1536,16.1,781.6779828949822
1536,16.2,990.2436094559864
1536,16.3,805.4582483454215
1536,16.400000000000002,453.96258627243765
1536,16.5,1104.414410995697
1536,16.6,847.697103029057
1536,16.7,1079.0884743793576
1536,16.8,796.6185092959757
1536,16.900000000000002,742.6182683925451
1536,17.0,997.0596840045554
1536,17.1,595.2823173800871
1536,17.2,1065.7602509030114
1536,17.3,886.4938696219427
1536,17.400000000000002,780.3926145741892
1536,17.5,961.2259318355229
1536,17.6,610.1920981019247
1536,17.7,752.0667300026064
1536,17.8,946.3299250175949
1536,17.900000000000002,655.3790458304396
1536,18.0,730.0809604821676
1536,18.1,944.1390340447051
1536,18.2,1118.297352557625
1536,18.3,668.6832954526733
1536,18.400000000000002,574.370064015082
1536,18.5,895.9829729614152
1536,18.6,849.1460181576597
1536,18.7,982.1080054599257
1536,18.8,815.3514153022712
1536,18.900000000000002,627.0425154357358
1536,19.0,447.6059895372482
1536,19.1,941.5175427057478
1536,19.200000000000003,1074.6699259385737
1536,19.3,769.3495936789981
1536,19.400000000000002,379.1963796754282
1536,19.5,328.23042823202053
1536,19.6,980.7450069026723
1536,19.700000000000003,817.4530762909409
1536,19.8,837.5909025155966
1536,19.900000000000002,640.3601106723678
1536,20.0,991.8680640839464
1536,20.1,1080.4267799315774
1536,20.200000000000003,802.7115315165801
1536,20.3,704.5355982524254
1536,20.400000000000002,532.4336205463753
1536,20.5,896.3291458175091
1536,20.6,1123.7255792049132
1536,20.700000000000003,1088.496387574287
1536,20.8,1206.3258784534291
1536,20.900000000000002,797.9576166027241
1536,21.0,1025.0529023710565
1536,21.1,1017.6283859931584
1536,21.200000000000003,787.3335227184216
1536,21.3,693.3446509603019
1536,21.400000000000002,726.6074096980589
1536,21.5,988.1130897561069
1536,21.6,975.6211821298444
1536,21.700000000000003,766.7610319027965
1536,21.8,914.5406561414292
1536,21.900000000000002,852.5057712761222
1536,22.0,989.368528763304
1536,22.1,1081.423276740924
1536,22.200000000000003,978.7187040270559
1536,22.3,613.5299436218788
1536,22.400000000000002,579.1329927602532
1536,22.5,853.0780063004651
1536,22.6,931.5910755502906
1536,22.700000000000003,1053.2598880934445
1536,22.8,839.1417583310093
1536,22.900000000000002,667.9492758423822
1536,23.0,430.28567225956374
1536,23.1,921.726197755716
1536,23.200000000000003,975.3484706110241
1536,23.3,1057.1272572766834
1536,23.400000000000002,851.411636271421
1536,23.5,585.5653643060983
1536,23.6,865.2344567246981
1536,23.700000000000003,1062.5177649498717
1536,23.8,713.8497364136381
1536,23.900000000000002,722.590152836987
1536,24.0,634.7002220441005
1536,24.1,670.106788773273
1536,24.200000000000003,876.1944631970682
1536,24.3,791.243969888611
1536,24.400000000000002,1084.1531270955477
1536,24.5,1090.033938592586
1536,24.6,876.3129478116095
1536,24.700000000000003,745.3803652345774
1536,24.8,745.4938126168148
1536,24.900000000000002,1038.156643854912
1536,25.0,886.7125420313735
1536,25.1,749.933772221177
1536,25.200000000000003,321.5917550047443
1536,25.3,481.7735095928426
1536,25.400000000000002,914.5482843526622
1536,25.5,920.5242400419162
1536,25.6,736.5070659287389
1536,25.700000000000003,739.4406046250534
1536,25.8,1023.5382739084472
1536,25.900000000000002,880.5817736833017
1536,26.0,931.2668250856839
1536,26.1,945.2018136471637
1536,26.200000000000003,1064.4630148570416
1536,26.3,1055.5360128290793
1536,26.400000000000002,889.3761201501811
1536,26.5,808.8548557182924
1536,26.6,710.0196957498943
1536,26.700000000000003,851.5896226232126
1536,26.8,892.5339424968863
1536,26.900000000000002,1094.037748937139
1536,27.0,962.938733052815
1536,27.1,849.5091190851647
1536,27.200000000000003,757.415289113029
1536,27.3,725.5595097795064
1536,27.400000000000002,940.7735405482582
1536,27.5,1042.5510239595092
1536,27.6,876.8243544253108
1536,27.700000000000003,940.8209028111659
1536,27.8,821.0131802221921
1536,27.900000000000002,690.929384650711
1536,28.0,808.1096946184812
1536,28.1,1004.4856059043848
1536,28.200000000000003,746.4091419800717
1536,28.3,899.133371956902
1536,28.400000000000002,1044.2249637574664
1536,28.5,1061.3460876829006
1536,28.6,991.3927870711772
1536,28.700000000000003,979.9469139788538
1536,28.8,1067.9033325012333
1536,28.900000000000002,925.5458994206845
1536,29.0,698.4204523857057
1536,29.1,975.3975547232783
1536,29.200000000000003,1111.843141772061
1536,29.3,1106.7748923454767
1536,29.400000000000002,964.8673464258949
1536,29.5,501.46792924068933
1536,29.6,304.69829447790477
1536,29.700000000000003,849.6495361498614
1536,29.8,1061.1057801831748
1536,29.900000000000002,892.3236151513086
1536,30.0,556.9743063977545
1536,30.1,452.2640094916032
1536,30.200000000000003,788.0939935501655
1536,30.3,1007.1757033875846
1536,30.400000000000002,883.0509613443129
1536,30.5,892.8218196263663
1536,30.6,1072.4641688359961
1536,30.700000000000003,508.36165819315084
1536,30.8,388.76582136754365
1536,30.900000000000002,422.20700972172426
1536,31.0,529.3745374861253
1536,31.1,946.0240607264983
1536,31.200000000000003,1084.4118074056091
1536,31.3,1092.2020279881954
1536,31.400000000000002,939.5651866680906
1536,31.5,859.1616520034543
1536,31.6,644.7511678579615
1536,31.700000000000003,762.2883858419682
1536,31.8,1017.5351370849887
1536,31.900000000000002,832.3429661305498
1536,32.0,666.7838081376668
1536,32.1,981.2062902048757
1536,32.2,949.6155509539777
1536,32.300000000000004,1009.4292968916524
1536,32.4,1144.6964535386248
1536,32.5,1097.9164882271139
1536,32.6,840.0865026135485
1536,32.7,545.0098712622345
1536,32.800000000000004,627.8476743971867
1536,32.9,953.0317412998653
1536,33.0,1024.325832369062
1536,33.1,1016.3415763958557
1536,33.2,1011.7552750420322
1536,33.300000000000004,784.4143504457845
1536,33.4,659.6336873956931
1536,33.5,700.8047942340278
1536,33.6,610.0826111606542
1536,33.7,745.3545150681958
1536,33.800000000000004,519.8419339933687
1536,33.9,527.0079235952172
1536,34.0,810.6736878117451
1536,34.1,1033.908981811692
1536,34.2,975.0785324894106
1536,34.300000000000004,735.7012613357479
1536,34.4,641.3622685338197
1536,34.5,502.3607577252575
1536,34.6,368.64443297021444
1536,34.7,385.8406452653282
1536,34.800000000000004,625.5841317920433
1536,34.9,716.3012514299729
1536,35.0,940.5807811638041
1536,35.1,857.5635859920154
1536,35.2,712.4516283387363
1536,35.300000000000004,724.0118997298542
1536,35.4,735.4713969971397
1536,35.5,921.5400659553645
1536,35.6,1069.7200166819707
1536,35.7,825.6707602153458
1536,35.800000000000004,916.7441978165232
1536,35.9,940.9312186684997
1536,36.0,746.1218144279567
1536,36.1,708.1071309462227
1536,36.2,538.4103832269964
1536,36.300000000000004,386.00751437198625
1536,36.4,315.54596229306827
1536,36.5,332.54540744003964
1536,36.6,505.2513315184643
1536,36.7,399.17907739593926
1536,36.800000000000004,476.7932057906907
1536,36.9,667.7997916928036
1536,37.0,816.4208110140578
1536,37.1,1055.6836164037925
1536,37.2,1068.2574262459668
1536,37.300000000000004,1043.159161823089
1536,37.4,778.2406712329104
1536,37.5,622.2259722609207
1536,37.6,749.1784319150167
1536,37.7,886.7769282382483
1536,37.800000000000004,1015.7191057981823
1536,37.9,988.9769157466044
1536,38.0,929.3135467808709
1536,38.1,910.9827273231492
1536,38.2,825.9997643531407
1536,38.300000000000004,738.3424330637687
1536,38.400000000000006,542.9310943317466
1536,38.5,544.068530516443
1536,38.6,862.816517036506
1536,38.7,1076.7554947187273
1536,38.800000000000004,1067.0218403019037
1536,38.900000000000006,1043.3166418352714
1536,39.0,1085.5888544361217
1536,39.1,739.9656221370929
1536,39.2,639.4448089999407
1536,39.300000000000004,979.8399067428907
1536,39.400000000000006,1103.0450648906883
1536,39.5,1009.5843280273667
1536,39.6,868.2513238037862
1536,39.7,765.8229218678329
1536,39.800000000000004,908.7115955958982
1536,39.900000000000006,1026.8731560103286
1536,40.0,1009.65667851043
1536,40.1,1014.8304935341976
1536,40.2,1026.5578648828005
1536,40.300000000000004,1081.009815635776
1536,40.400000000000006,1005.8007919651949
1536,40.5,924.6838367012938
1536,40.6,1025.5104474903528
1536,40.7,1113.162586109748
1536,40.800000000000004,919.9279363159088
1536,40.900000000000006,704.4273405941599
1536,41.0,739.3151313462629
1536,41.1,890.3721826107662
1536,41.2,1017.7636390483405
1536,41.300000000000004,835.2485184891599
1536,41.400000000000006,818.7764972755285
1536,41.5,1076.1335458852407
1536,41.6,904.7668540414502
1536,41.7,769.17660504205
1536,41.800000000000004,853.3189772179023
1536,41.900000000000006,659.8049597744281
1536,42.0,606.6281588281051
1536,42.1,757.8106080129808
1536,42.2,585.8362464307982
1536,42.300000000000004,693.3404758057138
1536,42.400000000000006,1063.5603469482764
1536,42.5,1099.1664497382847
1536,42.6,670.5843752654981
1536,42.7,299.02038626478094
1536,42.800000000000004,498.99649273955964
1536,42.900000000000006,611.4568813536882
1536,43.0,802.376049787881
1536,43.1,1031.1979195397273
1536,43.2,1069.7299590345897
1536,43.300000000000004,1052.816864885408
1536,43.400000000000006,1063.3351641355873
1536,43.5,1104.660777178903
1536,43.6,1139.013461589392
1536,43.7,1094.5666128499472
1536,43.800000000000004,1092.4949966045158
1536,43.900000000000006,1104.1703924942358
1536,44.0,1023.8842903059073
1536,44.1,918.933115736865
1536,44.2,880.9880016950593
1536,44.300000000000004,990.6389314342086
1536,44.400000000000006,865.0651409646613
1536,44.5,950.1230378403092
1536,44.6,1041.671944524811
1536,44.7,1035.514592312545
1536,44.800000000000004,1035.7953209692607
1536,44.900000000000006,1087.2474188468304
1536,45.0,1011.7925208088191
1536,45.1,808.5507844835267
1536,45.2,727.2685338630906
1536,45.300000000000004,757.4362842605897
1536,45.400000000000006,702.8472147030959
1536,45.5,793.099889427514
1536,45.6,1108.6199607508702
1536,45.7,1118.3359747488462
1536,45.800000000000004,1094.6124789703088
1536,45.900000000000006,968.6644240388229
1536,46.0,747.1826013607805
1536,46.1,447.5977988814384
1536,46.2,448.47528546602683
1536,46.300000000000004,540.6748739511919
1536,46.400000000000006,479.60440875303374
1536,46.5,821.4118844208685
1536,46.6,920.2998404876148
1536,46.7,1028.6880689846014
1536,46.800000000000004,804.0222859059506
1536,46.900000000000006,569.157610351556
1536,47.0,386.3600937977886
1536,47.1,653.3678149952572
1536,47.2,848.9180844063256
1536,47.300000000000004,586.5623462683391
1536,47.400000000000006,667.8994784978836
1536,47.5,943.9669993378272
1536,47.6,957.29866469784
1536,47.7,929.4218290908407
1536,47.800000000000004,987.1586150451985
1536,47.900000000000006,1087.6671733124745
1536,48.0,1006.7637022349041
1536,48.1,747.1939275877824
1536,48.2,702.593299389935
1536,48.300000000000004,871.5636301695939
1536,48.400000000000006,1106.5571586626602
1536,48.5,1020.1733895897927
1536,48.6,1070.7925420430822
1536,48.7,1111.5278558904536
1536,48.800000000000004,1054.4482201184835
1536,48.900000000000006,700.4169097273873
1536,49.0,261.8289670835904
1536,49.1,513.7898418747122
1536,49.2,913.8366250926674
1536,49.300000000000004,1007.6062759176898
1536,49.400000000000006,766.7745413528796
1536,49.5,831.4752549453369
1536,49.6,964.606074839281
1536,49.7,706.0294737835769
1536,49.800000000000004,702.2573471801396
1536,49.900000000000006,837.2468134547249
1536,50.0,1067.2218888910024
1536,50.1,1020.3732824126588
1536,50.2,984.5705101255194
1536,50.300000000000004,711.2608299191487
1536,50.400000000000006,543.5095757495995
1536,50.5,479.0620144008613
1536,50.6,694.0267802244457
1536,50.7,989.9531329232615
1536,50.800000000000004,1044.4306343604424
1536,50.900000000000006,1072.9296181291547
1536,51.0,1070.4347392427485
1536,51.1,1085.2333042922335
1536,51.2,1083.1200393890992
1536,51.300000000000004,1110.0665146375482
1536,51.400000000000006,1061.9846101071153
1536,51.5,974.8235818707394
1536,51.6,956.9274461172985
1536,51.7,1022.2551019337708
1536,51.800000000000004,1059.880682205419
1536,51.900000000000006,981.7850803561533
1536,52.0,694.6784059974515
1536,52.1,450.7603810622287
1536,52.2,858.268476201835
1536,52.300000000000004,796.1263752670433
1536,52.400000000000006,921.7140463645258
1536,52.5,700.3661947349132
1536,52.6,1022.2042796034348
1536,52.7,991.4873903879014
1536,52.800000000000004,850.5597806466353
1536,52.900000000000006,387.3971826899101
1536,53.0,663.2477571983723
1536,53.1,915.7754595153601
1536,53.2,1079.5442527498271
1536,53.300000000000004,1011.2819111236811
1536,53.400000000000006,977.0682106477512
1536,53.5,988.6299554789545
1536,53.6,799.1177417445423
1536,53.7,460.97774231509123
1536,53.800000000000004,749.9724303572159
1536,53.900000000000006,260.1213711339597
1536,54.0,348.4586550535751
1536,54.1,552.9193515249569
1536,54.2,685.0798409356876
1536,54.300000000000004,613.162830639992
1536,54.400000000000006,738.9302131511164
1536,54.5,706.773754647299
1536,54.6,764.8091187132045
1536,54.7,789.7118568449937
1536,54.800000000000004,832.135400095759
1536,54.900000000000006,929.5924767865961
1536,55.0,888.6861592260806
1536,55.1,1083.7862226049206
1536,55.2,1093.2821417130847
1536,55.300000000000004,1028.3925264779089
1536,55.400000000000006,918.4728501844029
1536,55.5,429.1802619498
1536,55.6,1152.426264227227
1536,55.7,1086.722725334067
1536,55.800000000000004,896.8976813529109
1536,55.900000000000006,468.54612458469467
1536,56.0,452.1736608779913
1536,56.1,341.4605508904469
1536,56.2,415.1125884721836
1536,56.300000000000004,761.9711655257449
1536,56.400000000000006,368.45442509597586
1536,56.5,466.95301196011553
1536,56.6,712.9433090098963
1536,56.7,619.4087694882099
1536,56.800000000000004,449.30618503026426
1536,56.900000000000006,793.149150124452
1536,57.0,257.2725322731614
1536,57.1,296.7843874040685
1536,57.2,326.3029092509085
1536,57.300000000000004,390.51918968114586
1536,57.400000000000006,451.46909361263016
1536,57.5,640.2266747161924
1536,57.6,781.879984632387
1536,57.7,800.1196919486905
1536,57.800000000000004,790.1372112729293
1536,57.900000000000006,393.5028696173134
1536,58.0,456.32159178868056
1536,58.1,438.5935371323405
1536,58.2,654.1776724311655
1536,58.300000000000004,779.3806659790356
1536,58.400000000000006,812.7058207135492
1536,58.5,811.8955154922062
1536,58.6,1052.2737180169559
1536,58.7,854.4209674642037
1536,58.800000000000004,1068.0138267742007
1536,58.900000000000006,1082.675801556655
1536,59.0,1044.3489514935848
1536,59.1,1055.3719347206925
1536,59.2,1062.9025913752973
1536,59.300000000000004,812.1920755614705
1536,59.400000000000006,942.8437637794528
1536,59.5,803.439787601109
1536,59.6,610.6111301789357
1536,59.7,592.805072375569
1536,59.800000000000004,1086.6338758957017
1536,59.900000000000006,933.3926994643032
1536,60.0,301.6387432878272
1536,60.1,334.35576020624524
1536,60.2,323.1030953617493
1536,60.300000000000004,300.75806689393374
1536,60.400000000000006,373.68663059170854
1536,60.5,659.4421245152591
1536,60.6,432.7186447564836
1536,60.7,472.8168333017981
1536,60.800000000000004,752.8858518827084
1536,60.900000000000006,1069.7435188694294
1536,61.0,1122.139350824053
1536,61.1,1042.742455846038
1536,61.2,1107.3888427791958
1536,61.300000000000004,917.970106829151
1536,61.400000000000006,776.6905371066329
1536,61.5,402.2848479790806
1536,61.6,678.0978665773949
1536,61.7,706.6010992210664
1536,61.800000000000004,771.3191708972367
1536,61.900000000000006,990.5658653242184
1536,62.0,1111.5092987309936
1536,62.1,1109.5099258335665
1536,62.2,1035.7935885399352
1536,62.300000000000004,589.0014780668077
1536,62.400000000000006,322.64725521294747
1536,62.5,1106.2677779336354
1536,62.6,234.67238703798972
1536,62.7,205.76722033493928
1536,62.800000000000004,380.024861985646
1536,62.900000000000006,846.3097559007563
1536,63.0,901.6435719789725
1536,63.1,1057.0444441669092
1536,63.2,1067.7118549439942
1536,63.300000000000004,994.6031738837967
1536,63.400000000000006,436.9865371360565
1536,63.5,407.05248042421334
1536,63.6,373.66216955495446
1536,63.7,793.9520614903943
1536,63.800000000000004,1065.8244051480997
1536,63.900000000000006,1080.9475494114872
1536,64.0,1020.7648810721502
1536,64.10000000000001,1009.3027276074606
1536,64.2,602.2153477866835
1536,64.3,292.76036992853676
1536,64.4,288.3278427529218
1536,64.5,359.5628189535867
1536,64.60000000000001,637.6089816885099
1536,64.7,935.8992786005405
1536,64.8,1011.4670316916238
1536,64.9,981.4249799080537
1536,65.0,641.6766522396589
1536,65.10000000000001,941.0654792039857
1536,65.2,458.6721068677075
1536,65.3,389.98573799481136
1536,65.4,696.7114818062256
1536,65.5,1026.5520519201907
1536,65.60000000000001,307.3784827819101
1536,65.7,397.47131681720833
1536,65.8,796.1965936727388
1536,65.9,1089.4567490520535
1536,66.0,408.53434337224564
1536,66.10000000000001,452.53389565664065
1536,66.2,490.3593651751742
1536,66.3,646.8799892137188
1536,66.4,1085.9662862426235
1536,66.5,990.8287136051651
1536,66.60000000000001,990.7099031995317
1536,66.7,935.018408804315
1536,66.8,878.303854045558
1536,66.9,1047.1135797659208
1536,67.0,380.9730159822673
1536,67.10000000000001,614.635233540647
1536,67.2,370.00759965842644
1536,67.3,439.830110836191
1536,67.4,606.3144738060174
1536,67.5,1044.9432319996195
1536,67.60000000000001,800.0264255693805
1536,67.7,981.7839617327764
1536,67.8,961.3687903309428
1536,67.9,1087.4561089879392
1536,68.0,781.7242565250932
1536,68.10000000000001,410.46334048548044
1536,68.2,286.20216600621677
1536,68.3,248.60297457065337
1536,68.4,566.5324326544729
1536,68.5,720.9658944168602
1536,68.60000000000001,1009.1197710745188
1536,68.7,1092.7599501509153
1536,68.8,1073.722595850436
1536,68.9,1065.0305296673603
1536,69.0,1045.7073704994855
1536,69.10000000000001,803.2987799740342
1536,69.2,357.1627209643374
1536,69.3,1019.3845687156872
1536,69.4,1054.2803696812975
1536,69.5,1082.2122618226117
1536,69.60000000000001,839.0566158306513
1536,69.7,998.8416136509117
1536,69.8,1007.3392295694878
1536,69.9,1003.1578926218211
1536,70.0,1022.3691623662905
1536,70.10000000000001,908.3574754272029
1536,70.2,756.8126232381054
1536,70.3,391.3657150160733
1536,70.4,654.7507300284283
1536,70.5,820.7728828862288
1536,70.60000000000001,683.8390284485235
1536,70.7,749.1815702931762
1536,70.8,725.2371008468455
1536,70.9,973.4199258332975
1536,71.0,1087.9680814482217
1536,71.10000000000001,1119.370646784798
1536,71.2,975.4241893130223
1536,71.3,525.1527788015841
1536,71.4,326.3689520594257
1536,71.5,272.21607556739843
1536,71.60000000000001,571.9516724847109
1536,71.7,1010.7016058269784
1536,71.8,1074.478289306566
1536,71.9,464.5502274104462
1536,72.0,540.9786714858063
1536,72.10000000000001,910.1767339901746
1536,72.2,427.01259547861633
1536,72.3,703.7189522416955
1536,72.4,456.73739187573466
1536,72.5,313.3522334431306
1536,72.60000000000001,686.2960115686178
1536,72.7,799.2057968851884
1536,72.8,638.929808129383
1536,72.9,750.9642584196886
1536,73.0,772.3024582230246
1536,73.10000000000001,1008.5333062350695
1536,73.2,1129.1550355387128
1536,73.3,1035.0455543474854
1536,73.4,1059.5500381442566
1536,73.5,1031.1232090245237
1536,73.60000000000001,700.4777275230099
1536,73.7,339.9202232083428
1536,73.8,383.6632883030458
1536,73.9,651.1331120334924
1536,74.0,500.01726514987394
1536,74.10000000000001,310.11196721032496
1536,74.2,519.2587009583609
1536,74.3,387.28231664223927
1536,74.4,491.24875592481123
1536,74.5,967.1187359297978
1536,74.60000000000001,1013.1662533632982
1536,74.7,1056.7919767115206
1536,74.8,1057.8961348500193
1536,74.9,1014.3888414586557
1536,75.0,983.98165534221
1536,75.10000000000001,502.3379751885693
1536,75.2,693.0624789489389
1536,75.3,466.92656211927834
1536,75.4,736.604620695675
1536,75.5,1114.2522364318465
1536,75.60000000000001,832.1404022230072
1536,75.7,851.1648724613189
1536,75.8,1071.8417450981553
1536,75.9,970.8870007354168
1536,76.0,463.6854536083211
1536,76.10000000000001,796.6676215961046
1536,76.2,837.6342694490246
1536,76.3,816.8238912402838
1536,76.4,569.4388904083148
1536,76.5,356.63369396271446
1536,76.60000000000001,500.6615892764813
1536,76.7,650.4044864741605
1536,76.80000000000001,992.8959991693665
1536,76.9,823.9695129197225
1536,77.0,943.7909676182959
1536,77.10000000000001,829.6023347247813
1536,77.2,566.1080339228878
1536,77.30000000000001,450.95508877877324
1536,77.4,609.1507819270822
1536,77.5,582.486660045449
1536,77.60000000000001,910.0468885710136
1536,77.7,1053.2284823126429
1536,77.80000000000001,1041.528067235173
1536,77.9,1033.942312366635
1536,78.0,1045.8273485814598
1536,78.10000000000001,1026.9960476975866
1536,78.2,654.5380853046453
1536,78.30000000000001,704.2187740832093
1536,78.4,580.3289825469915
1536,78.5,455.54257455757426
1536,78.60000000000001,532.1289304601013
1536,78.7,832.4623267285917
1536,78.80000000000001,1053.9140800477417
1536,78.9,1082.66275018966
1536,79.0,1094.17334059487
1536,79.10000000000001,1117.960519463824
1536,79.2,903.3624883206886
1536,79.30000000000001,612.328078441224
1536,79.4,670.3363867865722
1536,79.5,723.5154846949707
1536,79.60000000000001,892.1195320711887
1536,79.7,752.9047341463288
1536,79.80000000000001,766.8034958110276
1536,79.9,894.7397740035059
1536,80.0,839.0407385548815
1536,80.10000000000001,1055.8076719749254
1536,80.2,708.8594373694011
1536,80.30000000000001,456.91442710069515
1536,80.4,573.2809107534976
1536,80.5,874.11538959054
1536,80.60000000000001,978.8060496627479
1536,80.7,1046.0035646597807
1536,80.80000000000001,1049.4214412193453
1536,80.9,950.0756992684566
1536,81.0,857.8776522385288
1536,81.10000000000001,729.2505786756549
1536,81.2,836.9716241103945
1536,81.30000000000001,1038.3988282587914
1536,81.4,1116.8604550918765
1536,81.5,1114.3823475877064
1536,81.60000000000001,857.3651365672197
1536,81.7,576.2116313254801
1536,81.80000000000001,397.8822781731368
1536,81.9,580.1125563880078
1536,82.0,877.2465375005652
1536,82.10000000000001,1018.0779235931367
1536,82.2,1060.675965910209
1536,82.30000000000001,920.5676102063642
1536,82.4,816.9450404020404
1536,82.5,565.7335642146569
1536,82.60000000000001,344.2619052557286
1536,82.7,655.4052593077557
1536,82.80000000000001,994.3791604248889
1536,82.9,955.0321360074125
1536,83.0,897.2425286250296
1536,83.10000000000001,934.0650709930883
1536,83.2,1049.9300291434242
1536,83.30000000000001,1069.848821865665
1536,83.4,1056.4793607281915
1536,83.5,920.6915730799499
1536,83.60000000000001,617.378559248486
1536,83.7,506.2887062132019
1536,83.80000000000001,415.0168665113807
1536,83.9,303.72449397690457
1536,84.0,581.220658395608
1536,84.10000000000001,846.9736538744776
1536,84.2,841.2568623268535
1536,84.30000000000001,827.1669278911436
1536,84.4,731.9670461599848
1536,84.5,776.2651121642745
1536,84.60000000000001,949.0532918250461
1536,84.7,884.9711576835924
1536,84.80000000000001,671.088463993218
1536,84.9,797.0663220482613
1536,85.0,1056.1016266594695
1536,85.10000000000001,1036.2169439490656
1536,85.2,1046.3681703267466
1536,85.30000000000001,1078.292165309703
1536,85.4,1076.362809025555
1536,85.5,1082.4453585574174
1536,85.60000000000001,1030.162236033809
1536,85.7,1024.8390828755887
1536,85.80000000000001,1056.3105031928185
1536,85.9,1034.0804777446647
1536,86.0,998.8657744180408
1536,86.10000000000001,908.0103431744155
1536,86.2,867.5558275724406
1536,86.30000000000001,667.1553430718527
1536,86.4,557.1067881940593
1536,86.5,840.3062794416111
1536,86.60000000000001,660.481414145015
1536,86.7,403.62734491021223
1536,86.80000000000001,310.74224817816696
1536,86.9,708.2863312455554
1536,87.0,826.6719014561802
1536,87.10000000000001,537.3817044986029
1536,87.2,711.2873699965029
1536,87.30000000000001,599.2791487871234
1536,87.4,492.3632266139107
1536,87.5,802.5574566024075
1536,87.60000000000001,1036.2329232574457
1536,87.7,735.6403883031322
1536,87.80000000000001,340.41636267470096
1536,87.9,591.989985343186
1536,88.0,744.6766421638001
1536,88.10000000000001,561.6981387490821
1536,88.2,542.1584682234376
1536,88.30000000000001,493.2423089834851
1536,88.4,428.78072515066617
1536,88.5,437.5187696098231
1536,88.60000000000001,484.925987235113
1536,88.7,677.268195121509
1536,88.80000000000001,670.6698122593218
1536,88.9,346.4809464863576
1536,89.0,442.82121989052615
1536,89.10000000000001,842.3918645463935
1536,89.2,1141.2539744452126
1536,89.30000000000001,911.2173841048739
1536,89.4,890.5816012041996
1536,89.5,1067.1616654579004
1536,89.60000000000001,1002.4440449983921
1536,89.7,977.0874516769885
1536,89.80000000000001,983.564212843036
1536,89.9,946.4873127278793
1536,90.0,771.6110423993964
1536,90.10000000000001,761.6464273316333
1536,90.2,703.1838378034145
1536,90.30000000000001,495.65144050062037
1536,90.4,433.41946774371576
1536,90.5,751.6572765468009
1536,90.60000000000001,849.922748601104
1536,90.7,903.6927908044586
1536,90.80000000000001,1108.0584157970359
1536,90.9,1077.855128475245
1536,91.0,719.8990674986427
1536,91.10000000000001,265.9988509116817
1536,91.2,405.86325967507577
1536,91.30000000000001,605.362306217528
1536,91.4,684.3335264554574
1536,91.5,855.1198428470336
1536,91.60000000000001,1104.9439809453868
1536,91.7,1049.2688458814887
1536,91.80000000000001,1076.739735863213
1536,91.9,1118.9908868394741
1536,92.0,1073.5898474055252
1536,92.10000000000001,1075.0423719285968
1536,92.2,991.4462399978019
1536,92.30000000000001,883.5704880143207
1536,92.4,1091.3844934650333
1536,92.5,968.8404972300847
1536,92.60000000000001,684.7976259198581
1536,92.7,672.1405566017615
1536,92.80000000000001,578.2446685283451
1536,92.9,532.1418814243335
1536,93.0,1038.8389267738148
1536,93.10000000000001,678.4710046791771
1536,93.2,848.8040309574351
1536,93.30000000000001,1157.4093621841014
1536,93.4,1035.5176386235412
1536,93.5,900.6840566864823
1536,93.60000000000001,816.9716662648252
1536,93.7,549.9585177172546
1536,93.80000000000001,304.09411365529024
1536,93.9,347.00354317098885
1536,94.0,472.2349620561028
1536,94.10000000000001,806.596802594784
1536,94.2,370.492965760835
1536,94.30000000000001,373.6266044157411
1536,94.4,376.11004056339556
1536,94.5,412.6846963210098
1536,94.60000000000001,341.2348625617894
1536,94.7,371.426776210504
1536,94.80000000000001,438.82744203596303
1536,94.9,412.84353226919876
1536,95.0,480.53310869829204
1536,95.10000000000001,701.493986823865
1536,95.2,443.74900818524964
1536,95.30000000000001,538.8369114196772
1536,95.4,611.5332783469044
1536,95.5,719.4130540288011
1536,95.60000000000001,679.3972472259032
1536,95.7,555.6889988608209
1536,95.80000000000001,666.7260120122847
1536,95.9,662.7240888182921
1536,96.0,677.9433254973866
1536,96.10000000000001,850.1747779776717
1536,96.2,1119.9581540955764
1536,96.30000000000001,862.381355939489
1536,96.4,1148.5514319673607
1536,96.5,1070.655325678646
1536,96.60000000000001,882.6560006558738
1536,96.7,413.92314477740194
1536,96.80000000000001,517.5329957605785
1536,96.9,753.6440722754147
1536,97.0,738.1786328399127
1536,97.10000000000001,644.0537840790062
1536,97.2,513.1778138389241
1536,97.30000000000001,472.555966134367
1536,97.4,451.58282862818265
1536,97.5,486.64052947470543
1536,97.60000000000001,502.80616245296096
1536,97.7,483.9547311649945
1536,97.80000000000001,429.8567538947825
1536,97.9,551.8252343092292
1536,98.0,865.6014546656187
1536,98.10000000000001,820.0835214719657
1536,98.2,752.3808362602398
1536,98.30000000000001,854.4838879463149
1536,98.4,881.409396502563
1536,98.5,864.1523470549419
1536,98.60000000000001,905.1612687796613
1536,98.7,1108.7165292445663
1536,98.80000000000001,919.4799416846073
1536,98.9,664.6592013770928
1536,99.0,741.5139515465561
1536,99.10000000000001,463.0548564663736
1536,99.2,960.4961848624824
1536,99.30000000000001,896.5524374938941
1536,99.4,353.59671714139694
1536,99.5,327.5497356147142
1536,99.60000000000001,324.3682934867847
1536,99.7,322.53196479404056
1536,99.80000000000001,437.029993525786
1536,99.9,319.9302341942969
1536,100.0,498.62374847585284
1536,100.10000000000001,408.24382470511966
1536,100.2,891.3531513476039
1536,100.30000000000001,419.2493023162232
1536,100.4,517.225920625116
1536,100.5,1034.9227424601804
1536,100.60000000000001,789.8981338458199
1536,100.7,588.5441295698129
1536,100.80000000000001,274.2044914947892
1536,100.9,377.1819765465586
1536,101.0,394.79856105934283
1536,101.10000000000001,695.2819363819052
1536,101.2,325.92458750861357
1536,101.30000000000001,614.1991166873786
1536,101.4,322.66358068504667
1536,101.5,546.4812301349325
1536,101.60000000000001,321.5420396026032
1536,101.7,297.09347819295107
1536,101.80000000000001,538.6718552150651
1536,101.9,323.9999731269292
1536,102.0,326.3168663440538
1536,102.10000000000001,794.1002449071007
1536,102.2,850.5873570307019
1536,102.30000000000001,942.0787143569577
1536,102.4,639.4254589001793
1536,102.5,654.1384726334039
1536,102.60000000000001,691.4807414862443
1536,102.7,784.8480370761762
1536,102.80000000000001,718.1293847116974
1536,102.9,698.3861416089305
1536,103.0,611.377447090013
1536,103.10000000000001,716.1709053173169
1536,103.2,838.3989156504173
1536,103.30000000000001,1173.3709631430966
1536,103.4,858.1323382515778
1536,103.5,691.4036470101445
1536,103.60000000000001,872.8113788311348
1536,103.7,855.2226399963845
1536,103.80000000000001,920.7618399149408
1536,103.9,1021.9296701726519
1536,104.0,744.2461565560885
1536,104.10000000000001,1070.0103064882019
1536,104.2,876.4542503633493
1536,104.30000000000001,917.2032718946717
1536,104.4,1145.060054032094
1536,104.5,908.2019485404926
1536,104.60000000000001,1130.71998510839
1536,104.7,1072.1796461622628
1536,104.80000000000001,875.4434282303329
1536,104.9,1116.962281446382
1536,105.0,1034.66626619212
1536,105.10000000000001,976.9635169337158
1536,105.2,918.9115966014633
1536,105.30000000000001,795.0388208530837
1536,105.4,1016.3037837121119
1536,105.5,972.6913373685236
1536,105.60000000000001,514.5416971403295
1536,105.7,561.1264037353753
1536,105.80000000000001,1163.4053244677832
1536,105.9,766.4280897745584
1536,106.0,1026.2003485949435
1536,106.10000000000001,795.4656268664205
1536,106.2,919.6601522078337
1536,106.30000000000001,814.0157131916482
1536,106.4,1140.584759012224
1536,106.5,1147.499675427601
1536,106.60000000000001,852.4726830336525
1536,106.7,924.8994216432524
1536,106.80000000000001,1108.9170423372555
1536,106.9,1009.6655996900973
1536,107.0,1120.0790101604812
1536,107.10000000000001,1084.1204927749088
1536,107.2,1167.2349761814885
1536,107.30000000000001,997.496909201999
1536,107.4,936.9494942439064
1536,107.5,870.8844823455023
1536,107.60000000000001,298.3136318726936
1536,107.7,324.8076501774957
1536,107.80000000000001,810.0041169645797
1536,107.9,662.7554948928322
1536,108.0,575.5995779592362
1536,108.10000000000001,358.7913836332445
1536,108.2,344.57951474941405
1536,108.30000000000001,659.7766302407243
1536,108.4,687.9643896199285
1536,108.5,408.0339939379244
1536,108.60000000000001,988.2945442418436
1536,108.7,874.5493134242753
1536,108.80000000000001,947.4677447100241
1536,108.9,1139.26423352136
1536,109.0,697.0942121592872
1536,109.10000000000001,1069.9446682055539
1536,109.2,1075.348228423895
1536,109.30000000000001,1068.8496054453105
1536,109.4,1057.7532441071314
1536,109.5,1090.2681831330742
1536,109.60000000000001,1223.4540462004634
1536,109.7,1070.0764872052316
1536,109.80000000000001,1051.594752042878
1536,109.9,1053.7678417059585
1536,110.0,265.37050416063335
1536,110.10000000000001,250.60625091802368
1536,110.2,320.03322477796763
1536,110.30000000000001,480.6884893769392
1536,110.4,350.38106516634514
1536,110.5,289.3687015798462
1536,110.60000000000001,717.3438561381096
1536,110.7,405.27652902519225
1536,110.80000000000001,335.6121234716753
1536,110.9,388.9803919582828
1536,111.0,926.4952711095978
1536,111.10000000000001,599.9631203559525
1536,111.2,959.8566159597749
1536,111.30000000000001,655.8439269821791
1536,111.4,286.2512413721971
1536,111.5,726.4554887970954
1536,111.60000000000001,389.5125410902859
1536,111.7,270.3882023155402
1536,111.80000000000001,637.070123286225
1536,111.9,472.5610907578442
1536,112.0,376.2949730121411
1536,112.10000000000001,987.8615412774399
1536,112.2,737.7113329311665
1536,112.30000000000001,1150.878175144115
1536,112.4,1080.8142777412097
1536,112.5,759.0304797473987
1536,112.60000000000001,1066.0566499144304
1536,112.7,1113.1293677857616
1536,112.80000000000001,977.6309258683663
1536,112.9,1049.2835101090968
1536,113.0,1050.012374615075
1536,113.10000000000001,1014.2227211338013
1536,113.2,927.3335882304791
1536,113.30000000000001,891.0549171012698
